[CANVAS_UPDATE] recompositing (frameDirty=1 canvasDirty=1)
[CANVAS_UPDATE] sample pixel (207,154): rgba=(0,0,0,0)
[MOUSE_BTN] x=505.0 y=154.0 btn=0 pressed=1 tool=0 drawing=0 moving=0
[CANVAS_CLICK] tool=0 pos=(505.0,154.0)
[PUSH_UNDO] layer=Layer 0 size=512x512 nonZeroPixels=0
[handleDrawing] tool=0 brushType=0 eraserSize=12.0 eraserOp=1.00 layer=0x5e2e67ee0d30
[stampHardRound] cx=161 cy=72 r=6 color=(255,101,50,255) layerW=512 layerH=512
[CANVAS_UPDATE] recompositing (frameDirty=1 canvasDirty=0)
[CANVAS_UPDATE] sample pixel (207,154): rgba=(0,0,0,0)
[MOUSE_MOVE] drawing=true tool=0 drawing at (504.0,154.0)
[handleDrawing] tool=0 brushType=0 eraserSize=12.0 eraserOp=1.00 layer=0x5e2e67ee0d30
[stampHardRound] cx=161 cy=72 r=6 color=(255,101,50,255) layerW=512 layerH=512
[stampHardRound] cx=160 cy=72 r=6 color=(255,101,50,255) layerW=512 layerH=512
[stampHardRound] cx=160 cy=72 r=6 color=(255,101,50,255) layerW=512 layerH=512
[MOUSE_MOVE] drawing=true tool=0 drawing at (503.0,154.0)
[handleDrawing] tool=0 brushType=0 eraserSize=12.0 eraserOp=1.00 layer=0x5e2e67ee0d30
[stampHardRound] cx=160 cy=72 r=6 color=(255,101,50,255) layerW=512 layerH=512
[stampHardRound] cx=159 cy=72 r=6 color=(255,101,50,255) layerW=512 layerH=512
[stampHardRound] cx=159 cy=72 r=6 color=(255,101,50,255) layerW=512 layerH=512
[CANVAS_UPDATE] recompositing (frameDirty=1 canvasDirty=0)
[CANVAS_UPDATE] sample pixel (207,154): rgba=(0,0,0,0)
[MOUSE_MOVE] drawing=true tool=0 drawing at (502.0,155.0)
[handleDrawing] tool=0 brushType=0 eraserSize=12.0 eraserOp=1.00 layer=0x5e2e67ee0d30
[stampHardRound] cx=159 cy=72 r=6 color=(255,101,50,255) layerW=512 layerH=512
[stampHardRound] cx=158 cy=73 r=6 color=(255,101,50,255) layerW=512 layerH=512
[stampHardRound] cx=158 cy=73 r=6 color=(255,101,50,255) layerW=512 layerH=512
[CANVAS_UPDATE] recompositing (frameDirty=1 canvasDirty=0)
[CANVAS_UPDATE] sample pixel (207,154): rgba=(0,0,0,0)
[MOUSE_MOVE] drawing=true tool=0 drawing at (501.0,156.0)
[handleDrawing] tool=0 brushType=0 eraserSize=12.0 eraserOp=1.00 layer=0x5e2e67ee0d30
[stampHardRound] cx=158 cy=73 r=6 color=(255,101,50,255) layerW=512 layerH=512
[stampHardRound] cx=157 cy=74 r=6 color=(255,101,50,255) layerW=512 layerH=512
[stampHardRound] cx=157 cy=74 r=6 color=(255,101,50,255) layerW=512 layerH=512
[MOUSE_MOVE] drawing=true tool=0 drawing at (500.0,157.0)
[handleDrawing] tool=0 brushType=0 eraserSize=12.0 eraserOp=1.00 layer=0x5e2e67ee0d30
[stampHardRound] cx=157 cy=74 r=6 color=(255,101,50,255) layerW=512 layerH=512
[stampHardRound] cx=156 cy=75 r=6 color=(255,101,50,255) layerW=512 layerH=512
[stampHardRound] cx=156 cy=75 r=6 color=(255,101,50,255) layerW=512 layerH=512
[CANVAS_UPDATE] recompositing (frameDirty=1 canvasDirty=0)
[CANVAS_UPDATE] sample pixel (207,154): rgba=(0,0,0,0)
[MOUSE_MOVE] drawing=true tool=0 drawing at (500.0,158.0)
[handleDrawing] tool=0 brushType=0 eraserSize=12.0 eraserOp=1.00 layer=0x5e2e67ee0d30
[stampHardRound] cx=156 cy=75 r=6 color=(255,101,50,255) layerW=512 layerH=512
[stampHardRound] cx=156 cy=76 r=6 color=(255,101,50,255) layerW=512 layerH=512
[stampHardRound] cx=156 cy=76 r=6 color=(255,101,50,255) layerW=512 layerH=512
[CANVAS_UPDATE] recompositing (frameDirty=1 canvasDirty=0)
[CANVAS_UPDATE] sample pixel (207,154): rgba=(0,0,0,0)
[MOUSE_MOVE] drawing=true tool=0 drawing at (500.0,159.0)
[handleDrawing] tool=0 brushType=0 eraserSize=12.0 eraserOp=1.00 layer=0x5e2e67ee0d30
[stampHardRound] cx=156 cy=76 r=6 color=(255,101,50,255) layerW=512 layerH=512
[stampHardRound] cx=156 cy=77 r=6 color=(255,101,50,255) layerW=512 layerH=512
[stampHardRound] cx=156 cy=77 r=6 color=(255,101,50,255) layerW=512 layerH=512
[CANVAS_UPDATE] recompositing (frameDirty=1 canvasDirty=0)
[CANVAS_UPDATE] sample pixel (207,154): rgba=(0,0,0,0)
[MOUSE_MOVE] drawing=true tool=0 drawing at (500.0,160.0)
[handleDrawing] tool=0 brushType=0 eraserSize=12.0 eraserOp=1.00 layer=0x5e2e67ee0d30
[stampHardRound] cx=156 cy=77 r=6 color=(255,101,50,255) layerW=512 layerH=512
[stampHardRound] cx=156 cy=78 r=6 color=(255,101,50,255) layerW=512 layerH=512
[stampHardRound] cx=156 cy=78 r=6 color=(255,101,50,255) layerW=512 layerH=512
[MOUSE_MOVE] drawing=true tool=0 drawing at (501.0,161.0)
[handleDrawing] tool=0 brushType=0 eraserSize=12.0 eraserOp=1.00 layer=0x5e2e67ee0d30
[stampHardRound] cx=156 cy=78 r=6 color=(255,101,50,255) layerW=512 layerH=512
[stampHardRound] cx=157 cy=79 r=6 color=(255,101,50,255) layerW=512 layerH=512
[stampHardRound] cx=157 cy=79 r=6 color=(255,101,50,255) layerW=512 layerH=512
[CANVAS_UPDATE] recompositing (frameDirty=1 canvasDirty=0)
[CANVAS_UPDATE] sample pixel (207,154): rgba=(0,0,0,0)
[MOUSE_MOVE] drawing=true tool=0 drawing at (502.0,162.0)
[handleDrawing] tool=0 brushType=0 eraserSize=12.0 eraserOp=1.00 layer=0x5e2e67ee0d30
[stampHardRound] cx=157 cy=79 r=6 color=(255,101,50,255) layerW=512 layerH=512
[stampHardRound] cx=158 cy=80 r=6 color=(255,101,50,255) layerW=512 layerH=512
[stampHardRound] cx=158 cy=80 r=6 color=(255,101,50,255) layerW=512 layerH=512
[MOUSE_MOVE] drawing=true tool=0 drawing at (504.0,163.0)
[handleDrawing] tool=0 brushType=0 eraserSize=12.0 eraserOp=1.00 layer=0x5e2e67ee0d30
[stampHardRound] cx=158 cy=80 r=6 color=(255,101,50,255) layerW=512 layerH=512
[stampHardRound] cx=160 cy=81 r=6 color=(255,101,50,255) layerW=512 layerH=512
[stampHardRound] cx=160 cy=81 r=6 color=(255,101,50,255) layerW=512 layerH=512
[MOUSE_MOVE] drawing=true tool=0 drawing at (505.0,163.0)
[handleDrawing] tool=0 brushType=0 eraserSize=12.0 eraserOp=1.00 layer=0x5e2e67ee0d30
[stampHardRound] cx=160 cy=81 r=6 color=(255,101,50,255) layerW=512 layerH=512
[stampHardRound] cx=161 cy=81 r=6 color=(255,101,50,255) layerW=512 layerH=512
[stampHardRound] cx=161 cy=81 r=6 color=(255,101,50,255) layerW=512 layerH=512
[MOUSE_MOVE] drawing=true tool=0 drawing at (506.0,164.0)
[handleDrawing] tool=0 brushType=0 eraserSize=12.0 eraserOp=1.00 layer=0x5e2e67ee0d30
[stampHardRound] cx=161 cy=81 r=6 color=(255,101,50,255) layerW=512 layerH=512
[stampHardRound] cx=162 cy=82 r=6 color=(255,101,50,255) layerW=512 layerH=512
[stampHardRound] cx=162 cy=82 r=6 color=(255,101,50,255) layerW=512 layerH=512
[MOUSE_MOVE] drawing=true tool=0 drawing at (507.0,165.0)
[handleDrawing] tool=0 brushType=0 eraserSize=12.0 eraserOp=1.00 layer=0x5e2e67ee0d30
[stampHardRound] cx=162 cy=82 r=6 color=(255,101,50,255) layerW=512 layerH=512
[stampHardRound] cx=163 cy=83 r=6 color=(255,101,50,255) layerW=512 layerH=512
[stampHardRound] cx=163 cy=83 r=6 color=(255,101,50,255) layerW=512 layerH=512
[MOUSE_MOVE] drawing=true tool=0 drawing at (508.0,166.0)
[handleDrawing] tool=0 brushType=0 eraserSize=12.0 eraserOp=1.00 layer=0x5e2e67ee0d30
[stampHardRound] cx=163 cy=83 r=6 color=(255,101,50,255) layerW=512 layerH=512
[stampHardRound] cx=164 cy=84 r=6 color=(255,101,50,255) layerW=512 layerH=512
[stampHardRound] cx=164 cy=84 r=6 color=(255,101,50,255) layerW=512 layerH=512
[CANVAS_UPDATE] recompositing (frameDirty=1 canvasDirty=0)
[CANVAS_UPDATE] sample pixel (207,154): rgba=(0,0,0,0)
[MOUSE_MOVE] drawing=true tool=0 drawing at (511.0,166.0)
[handleDrawing] tool=0 brushType=0 eraserSize=12.0 eraserOp=1.00 layer=0x5e2e67ee0d30
[stampHardRound] cx=164 cy=84 r=6 color=(255,101,50,255) layerW=512 layerH=512
[stampHardRound] cx=167 cy=84 r=6 color=(255,101,50,255) layerW=512 layerH=512
[stampHardRound] cx=167 cy=84 r=6 color=(255,101,50,255) layerW=512 layerH=512
[MOUSE_MOVE] drawing=true tool=0 drawing at (514.0,168.0)
[handleDrawing] tool=0 brushType=0 eraserSize=12.0 eraserOp=1.00 layer=0x5e2e67ee0d30
[stampHardRound] cx=167 cy=84 r=6 color=(255,101,50,255) layerW=512 layerH=512
[stampHardRound] cx=169 cy=85 r=6 color=(255,101,50,255) layerW=512 layerH=512
[stampHardRound] cx=170 cy=86 r=6 color=(255,101,50,255) layerW=512 layerH=512
[stampHardRound] cx=170 cy=86 r=6 color=(255,101,50,255) layerW=512 layerH=512
[MOUSE_MOVE] drawing=true tool=0 drawing at (515.0,168.0)
[handleDrawing] tool=0 brushType=0 eraserSize=12.0 eraserOp=1.00 layer=0x5e2e67ee0d30
[stampHardRound] cx=170 cy=86 r=6 color=(255,101,50,255) layerW=512 layerH=512
[stampHardRound] cx=171 cy=86 r=6 color=(255,101,50,255) layerW=512 layerH=512
[stampHardRound] cx=171 cy=86 r=6 color=(255,101,50,255) layerW=512 layerH=512
[MOUSE_MOVE] drawing=true tool=0 drawing at (516.0,169.0)
[handleDrawing] tool=0 brushType=0 eraserSize=12.0 eraserOp=1.00 layer=0x5e2e67ee0d30
[stampHardRound] cx=171 cy=86 r=6 color=(255,101,50,255) layerW=512 layerH=512
[stampHardRound] cx=172 cy=87 r=6 color=(255,101,50,255) layerW=512 layerH=512
[stampHardRound] cx=172 cy=87 r=6 color=(255,101,50,255) layerW=512 layerH=512
[MOUSE_MOVE] drawing=true tool=0 drawing at (517.0,169.0)
[handleDrawing] tool=0 brushType=0 eraserSize=12.0 eraserOp=1.00 layer=0x5e2e67ee0d30
[stampHardRound] cx=172 cy=87 r=6 color=(255,101,50,255) layerW=512 layerH=512
[stampHardRound] cx=173 cy=87 r=6 color=(255,101,50,255) layerW=512 layerH=512
[stampHardRound] cx=173 cy=87 r=6 color=(255,101,50,255) layerW=512 layerH=512
[MOUSE_MOVE] drawing=true tool=0 drawing at (518.0,169.0)
[handleDrawing] tool=0 brushType=0 eraserSize=12.0 eraserOp=1.00 layer=0x5e2e67ee0d30
[stampHardRound] cx=173 cy=87 r=6 color=(255,101,50,255) layerW=512 layerH=512
[stampHardRound] cx=174 cy=87 r=6 color=(255,101,50,255) layerW=512 layerH=512
[stampHardRound] cx=174 cy=87 r=6 color=(255,101,50,255) layerW=512 layerH=512
[MOUSE_MOVE] drawing=true tool=0 drawing at (521.0,170.0)
[handleDrawing] tool=0 brushType=0 eraserSize=12.0 eraserOp=1.00 layer=0x5e2e67ee0d30
[stampHardRound] cx=174 cy=87 r=6 color=(255,101,50,255) layerW=512 layerH=512
[stampHardRound] cx=176 cy=88 r=6 color=(255,101,50,255) layerW=512 layerH=512
[stampHardRound] cx=177 cy=88 r=6 color=(255,101,50,255) layerW=512 layerH=512
[stampHardRound] cx=177 cy=88 r=6 color=(255,101,50,255) layerW=512 layerH=512
[CANVAS_UPDATE] recompositing (frameDirty=1 canvasDirty=0)
[CANVAS_UPDATE] sample pixel (207,154): rgba=(0,0,0,0)
[MOUSE_MOVE] drawing=true tool=0 drawing at (523.0,170.0)
[handleDrawing] tool=0 brushType=0 eraserSize=12.0 eraserOp=1.00 layer=0x5e2e67ee0d30
[stampHardRound] cx=177 cy=88 r=6 color=(255,101,50,255) layerW=512 layerH=512
[stampHardRound] cx=179 cy=88 r=6 color=(255,101,50,255) layerW=512 layerH=512
[stampHardRound] cx=179 cy=88 r=6 color=(255,101,50,255) layerW=512 layerH=512
[MOUSE_MOVE] drawing=true tool=0 drawing at (524.0,170.0)
[handleDrawing] tool=0 brushType=0 eraserSize=12.0 eraserOp=1.00 layer=0x5e2e67ee0d30
[stampHardRound] cx=179 cy=88 r=6 color=(255,101,50,255) layerW=512 layerH=512
[stampHardRound] cx=180 cy=88 r=6 color=(255,101,50,255) layerW=512 layerH=512
[stampHardRound] cx=180 cy=88 r=6 color=(255,101,50,255) layerW=512 layerH=512
[MOUSE_MOVE] drawing=true tool=0 drawing at (527.0,172.0)
[handleDrawing] tool=0 brushType=0 eraserSize=12.0 eraserOp=1.00 layer=0x5e2e67ee0d30
[stampHardRound] cx=180 cy=88 r=6 color=(255,101,50,255) layerW=512 layerH=512
[stampHardRound] cx=182 cy=89 r=6 color=(255,101,50,255) layerW=512 layerH=512
[stampHardRound] cx=183 cy=90 r=6 color=(255,101,50,255) layerW=512 layerH=512
[stampHardRound] cx=183 cy=90 r=6 color=(255,101,50,255) layerW=512 layerH=512
[MOUSE_MOVE] drawing=true tool=0 drawing at (528.0,172.0)
[handleDrawing] tool=0 brushType=0 eraserSize=12.0 eraserOp=1.00 layer=0x5e2e67ee0d30
[stampHardRound] cx=183 cy=90 r=6 color=(255,101,50,255) layerW=512 layerH=512
[stampHardRound] cx=184 cy=90 r=6 color=(255,101,50,255) layerW=512 layerH=512
[stampHardRound] cx=184 cy=90 r=6 color=(255,101,50,255) layerW=512 layerH=512
[MOUSE_MOVE] drawing=true tool=0 drawing at (529.0,172.0)
[handleDrawing] tool=0 brushType=0 eraserSize=12.0 eraserOp=1.00 layer=0x5e2e67ee0d30
[stampHardRound] cx=184 cy=90 r=6 color=(255,101,50,255) layerW=512 layerH=512
[stampHardRound] cx=185 cy=90 r=6 color=(255,101,50,255) layerW=512 layerH=512
[stampHardRound] cx=185 cy=90 r=6 color=(255,101,50,255) layerW=512 layerH=512
[MOUSE_MOVE] drawing=true tool=0 drawing at (532.0,172.0)
[handleDrawing] tool=0 brushType=0 eraserSize=12.0 eraserOp=1.00 layer=0x5e2e67ee0d30
[stampHardRound] cx=185 cy=90 r=6 color=(255,101,50,255) layerW=512 layerH=512
[stampHardRound] cx=188 cy=90 r=6 color=(255,101,50,255) layerW=512 layerH=512
[stampHardRound] cx=188 cy=90 r=6 color=(255,101,50,255) layerW=512 layerH=512
[MOUSE_MOVE] drawing=true tool=0 drawing at (535.0,172.0)
[handleDrawing] tool=0 brushType=0 eraserSize=12.0 eraserOp=1.00 layer=0x5e2e67ee0d30
[stampHardRound] cx=188 cy=90 r=6 color=(255,101,50,255) layerW=512 layerH=512
[stampHardRound] cx=191 cy=90 r=6 color=(255,101,50,255) layerW=512 layerH=512
[stampHardRound] cx=191 cy=90 r=6 color=(255,101,50,255) layerW=512 layerH=512
[MOUSE_MOVE] drawing=true tool=0 drawing at (535.0,173.0)
[handleDrawing] tool=0 brushType=0 eraserSize=12.0 eraserOp=1.00 layer=0x5e2e67ee0d30
[stampHardRound] cx=191 cy=90 r=6 color=(255,101,50,255) layerW=512 layerH=512
[stampHardRound] cx=191 cy=91 r=6 color=(255,101,50,255) layerW=512 layerH=512
[stampHardRound] cx=191 cy=91 r=6 color=(255,101,50,255) layerW=512 layerH=512
[MOUSE_MOVE] drawing=true tool=0 drawing at (538.0,173.0)
[handleDrawing] tool=0 brushType=0 eraserSize=12.0 eraserOp=1.00 layer=0x5e2e67ee0d30
[stampHardRound] cx=191 cy=91 r=6 color=(255,101,50,255) layerW=512 layerH=512
[stampHardRound] cx=194 cy=91 r=6 color=(255,101,50,255) layerW=512 layerH=512
[stampHardRound] cx=194 cy=91 r=6 color=(255,101,50,255) layerW=512 layerH=512
[CANVAS_UPDATE] recompositing (frameDirty=1 canvasDirty=0)
[CANVAS_UPDATE] sample pixel (207,154): rgba=(0,0,0,0)
[MOUSE_MOVE] drawing=true tool=0 drawing at (539.0,173.0)
[handleDrawing] tool=0 brushType=0 eraserSize=12.0 eraserOp=1.00 layer=0x5e2e67ee0d30
[stampHardRound] cx=194 cy=91 r=6 color=(255,101,50,255) layerW=512 layerH=512
[stampHardRound] cx=195 cy=91 r=6 color=(255,101,50,255) layerW=512 layerH=512
[stampHardRound] cx=195 cy=91 r=6 color=(255,101,50,255) layerW=512 layerH=512
[MOUSE_MOVE] drawing=true tool=0 drawing at (541.0,174.0)
[handleDrawing] tool=0 brushType=0 eraserSize=12.0 eraserOp=1.00 layer=0x5e2e67ee0d30
[stampHardRound] cx=195 cy=91 r=6 color=(255,101,50,255) layerW=512 layerH=512
[stampHardRound] cx=197 cy=92 r=6 color=(255,101,50,255) layerW=512 layerH=512
[stampHardRound] cx=197 cy=92 r=6 color=(255,101,50,255) layerW=512 layerH=512
[MOUSE_MOVE] drawing=true tool=0 drawing at (544.0,174.0)
[handleDrawing] tool=0 brushType=0 eraserSize=12.0 eraserOp=1.00 layer=0x5e2e67ee0d30
[stampHardRound] cx=197 cy=92 r=6 color=(255,101,50,255) layerW=512 layerH=512
[stampHardRound] cx=200 cy=92 r=6 color=(255,101,50,255) layerW=512 layerH=512
[stampHardRound] cx=200 cy=92 r=6 color=(255,101,50,255) layerW=512 layerH=512
[MOUSE_MOVE] drawing=true tool=0 drawing at (545.0,174.0)
[handleDrawing] tool=0 brushType=0 eraserSize=12.0 eraserOp=1.00 layer=0x5e2e67ee0d30
[stampHardRound] cx=200 cy=92 r=6 color=(255,101,50,255) layerW=512 layerH=512
[stampHardRound] cx=201 cy=92 r=6 color=(255,101,50,255) layerW=512 layerH=512
[stampHardRound] cx=201 cy=92 r=6 color=(255,101,50,255) layerW=512 layerH=512
[MOUSE_MOVE] drawing=true tool=0 drawing at (546.0,176.0)
[handleDrawing] tool=0 brushType=0 eraserSize=12.0 eraserOp=1.00 layer=0x5e2e67ee0d30
[stampHardRound] cx=201 cy=92 r=6 color=(255,101,50,255) layerW=512 layerH=512
[stampHardRound] cx=202 cy=94 r=6 color=(255,101,50,255) layerW=512 layerH=512
[stampHardRound] cx=202 cy=94 r=6 color=(255,101,50,255) layerW=512 layerH=512
[MOUSE_MOVE] drawing=true tool=0 drawing at (549.0,176.0)
[handleDrawing] tool=0 brushType=0 eraserSize=12.0 eraserOp=1.00 layer=0x5e2e67ee0d30
[stampHardRound] cx=202 cy=94 r=6 color=(255,101,50,255) layerW=512 layerH=512
[stampHardRound] cx=205 cy=94 r=6 color=(255,101,50,255) layerW=512 layerH=512
[stampHardRound] cx=205 cy=94 r=6 color=(255,101,50,255) layerW=512 layerH=512
[MOUSE_MOVE] drawing=true tool=0 drawing at (551.0,176.0)
[handleDrawing] tool=0 brushType=0 eraserSize=12.0 eraserOp=1.00 layer=0x5e2e67ee0d30
[stampHardRound] cx=205 cy=94 r=6 color=(255,101,50,255) layerW=512 layerH=512
[stampHardRound] cx=207 cy=94 r=6 color=(255,101,50,255) layerW=512 layerH=512
[stampHardRound] cx=207 cy=94 r=6 color=(255,101,50,255) layerW=512 layerH=512
[MOUSE_MOVE] drawing=true tool=0 drawing at (552.0,176.0)
[handleDrawing] tool=0 brushType=0 eraserSize=12.0 eraserOp=1.00 layer=0x5e2e67ee0d30
[stampHardRound] cx=207 cy=94 r=6 color=(255,101,50,255) layerW=512 layerH=512
[stampHardRound] cx=208 cy=94 r=6 color=(255,101,50,255) layerW=512 layerH=512
[stampHardRound] cx=208 cy=94 r=6 color=(255,101,50,255) layerW=512 layerH=512
[CANVAS_UPDATE] recompositing (frameDirty=1 canvasDirty=0)
[CANVAS_UPDATE] sample pixel (207,154): rgba=(0,0,0,0)
[MOUSE_MOVE] drawing=true tool=0 drawing at (553.0,176.0)
[handleDrawing] tool=0 brushType=0 eraserSize=12.0 eraserOp=1.00 layer=0x5e2e67ee0d30
[stampHardRound] cx=208 cy=94 r=6 color=(255,101,50,255) layerW=512 layerH=512
[stampHardRound] cx=209 cy=94 r=6 color=(255,101,50,255) layerW=512 layerH=512
[stampHardRound] cx=209 cy=94 r=6 color=(255,101,50,255) layerW=512 layerH=512
[MOUSE_MOVE] drawing=true tool=0 drawing at (556.0,177.0)
[handleDrawing] tool=0 brushType=0 eraserSize=12.0 eraserOp=1.00 layer=0x5e2e67ee0d30
[stampHardRound] cx=209 cy=94 r=6 color=(255,101,50,255) layerW=512 layerH=512
[stampHardRound] cx=211 cy=95 r=6 color=(255,101,50,255) layerW=512 layerH=512
[stampHardRound] cx=212 cy=95 r=6 color=(255,101,50,255) layerW=512 layerH=512
[stampHardRound] cx=212 cy=95 r=6 color=(255,101,50,255) layerW=512 layerH=512
[MOUSE_MOVE] drawing=true tool=0 drawing at (557.0,177.0)
[handleDrawing] tool=0 brushType=0 eraserSize=12.0 eraserOp=1.00 layer=0x5e2e67ee0d30
[stampHardRound] cx=212 cy=95 r=6 color=(255,101,50,255) layerW=512 layerH=512
[stampHardRound] cx=213 cy=95 r=6 color=(255,101,50,255) layerW=512 layerH=512
[stampHardRound] cx=213 cy=95 r=6 color=(255,101,50,255) layerW=512 layerH=512
[MOUSE_MOVE] drawing=true tool=0 drawing at (559.0,177.0)
[handleDrawing] tool=0 brushType=0 eraserSize=12.0 eraserOp=1.00 layer=0x5e2e67ee0d30
[stampHardRound] cx=213 cy=95 r=6 color=(255,101,50,255) layerW=512 layerH=512
[stampHardRound] cx=215 cy=95 r=6 color=(255,101,50,255) layerW=512 layerH=512
[stampHardRound] cx=215 cy=95 r=6 color=(255,101,50,255) layerW=512 layerH=512
[MOUSE_MOVE] drawing=true tool=0 drawing at (561.0,178.0)
[handleDrawing] tool=0 brushType=0 eraserSize=12.0 eraserOp=1.00 layer=0x5e2e67ee0d30
[stampHardRound] cx=215 cy=95 r=6 color=(255,101,50,255) layerW=512 layerH=512
[stampHardRound] cx=217 cy=96 r=6 color=(255,101,50,255) layerW=512 layerH=512
[stampHardRound] cx=217 cy=96 r=6 color=(255,101,50,255) layerW=512 layerH=512
[MOUSE_MOVE] drawing=true tool=0 drawing at (562.0,178.0)
[handleDrawing] tool=0 brushType=0 eraserSize=12.0 eraserOp=1.00 layer=0x5e2e67ee0d30
[stampHardRound] cx=217 cy=96 r=6 color=(255,101,50,255) layerW=512 layerH=512
[stampHardRound] cx=218 cy=96 r=6 color=(255,101,50,255) layerW=512 layerH=512
[stampHardRound] cx=218 cy=96 r=6 color=(255,101,50,255) layerW=512 layerH=512
[CANVAS_UPDATE] recompositing (frameDirty=1 canvasDirty=0)
[CANVAS_UPDATE] sample pixel (207,154): rgba=(0,0,0,0)
[MOUSE_MOVE] drawing=true tool=0 drawing at (563.0,178.0)
[handleDrawing] tool=0 brushType=0 eraserSize=12.0 eraserOp=1.00 layer=0x5e2e67ee0d30
[stampHardRound] cx=218 cy=96 r=6 color=(255,101,50,255) layerW=512 layerH=512
[stampHardRound] cx=219 cy=96 r=6 color=(255,101,50,255) layerW=512 layerH=512
[stampHardRound] cx=219 cy=96 r=6 color=(255,101,50,255) layerW=512 layerH=512
[MOUSE_MOVE] drawing=true tool=0 drawing at (564.0,178.0)
[handleDrawing] tool=0 brushType=0 eraserSize=12.0 eraserOp=1.00 layer=0x5e2e67ee0d30
[stampHardRound] cx=219 cy=96 r=6 color=(255,101,50,255) layerW=512 layerH=512
[stampHardRound] cx=220 cy=96 r=6 color=(255,101,50,255) layerW=512 layerH=512
[stampHardRound] cx=220 cy=96 r=6 color=(255,101,50,255) layerW=512 layerH=512
[MOUSE_MOVE] drawing=true tool=0 drawing at (565.0,178.0)
[handleDrawing] tool=0 brushType=0 eraserSize=12.0 eraserOp=1.00 layer=0x5e2e67ee0d30
[stampHardRound] cx=220 cy=96 r=6 color=(255,101,50,255) layerW=512 layerH=512
[stampHardRound] cx=221 cy=96 r=6 color=(255,101,50,255) layerW=512 layerH=512
[stampHardRound] cx=221 cy=96 r=6 color=(255,101,50,255) layerW=512 layerH=512
[MOUSE_MOVE] drawing=true tool=0 drawing at (566.0,178.0)
[handleDrawing] tool=0 brushType=0 eraserSize=12.0 eraserOp=1.00 layer=0x5e2e67ee0d30
[stampHardRound] cx=221 cy=96 r=6 color=(255,101,50,255) layerW=512 layerH=512
[stampHardRound] cx=222 cy=96 r=6 color=(255,101,50,255) layerW=512 layerH=512
[stampHardRound] cx=222 cy=96 r=6 color=(255,101,50,255) layerW=512 layerH=512
[CANVAS_UPDATE] recompositing (frameDirty=1 canvasDirty=0)
[CANVAS_UPDATE] sample pixel (207,154): rgba=(0,0,0,0)
[MOUSE_MOVE] drawing=true tool=0 drawing at (564.0,178.0)
[handleDrawing] tool=0 brushType=0 eraserSize=12.0 eraserOp=1.00 layer=0x5e2e67ee0d30
[stampHardRound] cx=222 cy=96 r=6 color=(255,101,50,255) layerW=512 layerH=512
[stampHardRound] cx=220 cy=96 r=6 color=(255,101,50,255) layerW=512 layerH=512
[stampHardRound] cx=220 cy=96 r=6 color=(255,101,50,255) layerW=512 layerH=512
[MOUSE_MOVE] drawing=true tool=0 drawing at (563.0,179.0)
[handleDrawing] tool=0 brushType=0 eraserSize=12.0 eraserOp=1.00 layer=0x5e2e67ee0d30
[stampHardRound] cx=220 cy=96 r=6 color=(255,101,50,255) layerW=512 layerH=512
[stampHardRound] cx=219 cy=97 r=6 color=(255,101,50,255) layerW=512 layerH=512
[stampHardRound] cx=219 cy=97 r=6 color=(255,101,50,255) layerW=512 layerH=512
[MOUSE_MOVE] drawing=true tool=0 drawing at (562.0,179.0)
[handleDrawing] tool=0 brushType=0 eraserSize=12.0 eraserOp=1.00 layer=0x5e2e67ee0d30
[stampHardRound] cx=219 cy=97 r=6 color=(255,101,50,255) layerW=512 layerH=512
[stampHardRound] cx=218 cy=97 r=6 color=(255,101,50,255) layerW=512 layerH=512
[stampHardRound] cx=218 cy=97 r=6 color=(255,101,50,255) layerW=512 layerH=512
[MOUSE_MOVE] drawing=true tool=0 drawing at (561.0,179.0)
[handleDrawing] tool=0 brushType=0 eraserSize=12.0 eraserOp=1.00 layer=0x5e2e67ee0d30
[stampHardRound] cx=218 cy=97 r=6 color=(255,101,50,255) layerW=512 layerH=512
[stampHardRound] cx=217 cy=97 r=6 color=(255,101,50,255) layerW=512 layerH=512
[stampHardRound] cx=217 cy=97 r=6 color=(255,101,50,255) layerW=512 layerH=512
[MOUSE_MOVE] drawing=true tool=0 drawing at (559.0,180.0)
[handleDrawing] tool=0 brushType=0 eraserSize=12.0 eraserOp=1.00 layer=0x5e2e67ee0d30
[stampHardRound] cx=217 cy=97 r=6 color=(255,101,50,255) layerW=512 layerH=512
[stampHardRound] cx=215 cy=98 r=6 color=(255,101,50,255) layerW=512 layerH=512
[stampHardRound] cx=215 cy=98 r=6 color=(255,101,50,255) layerW=512 layerH=512
[MOUSE_MOVE] drawing=true tool=0 drawing at (556.0,180.0)
[handleDrawing] tool=0 brushType=0 eraserSize=12.0 eraserOp=1.00 layer=0x5e2e67ee0d30
[stampHardRound] cx=215 cy=98 r=6 color=(255,101,50,255) layerW=512 layerH=512
[stampHardRound] cx=212 cy=98 r=6 color=(255,101,50,255) layerW=512 layerH=512
[stampHardRound] cx=212 cy=98 r=6 color=(255,101,50,255) layerW=512 layerH=512
[CANVAS_UPDATE] recompositing (frameDirty=1 canvasDirty=0)
[CANVAS_UPDATE] sample pixel (207,154): rgba=(0,0,0,0)
[MOUSE_MOVE] drawing=true tool=0 drawing at (555.0,182.0)
[handleDrawing] tool=0 brushType=0 eraserSize=12.0 eraserOp=1.00 layer=0x5e2e67ee0d30
[stampHardRound] cx=212 cy=98 r=6 color=(255,101,50,255) layerW=512 layerH=512
[stampHardRound] cx=211 cy=100 r=6 color=(255,101,50,255) layerW=512 layerH=512
[stampHardRound] cx=211 cy=100 r=6 color=(255,101,50,255) layerW=512 layerH=512
[MOUSE_MOVE] drawing=true tool=0 drawing at (554.0,182.0)
[handleDrawing] tool=0 brushType=0 eraserSize=12.0 eraserOp=1.00 layer=0x5e2e67ee0d30
[stampHardRound] cx=211 cy=100 r=6 color=(255,101,50,255) layerW=512 layerH=512
[stampHardRound] cx=210 cy=100 r=6 color=(255,101,50,255) layerW=512 layerH=512
[stampHardRound] cx=210 cy=100 r=6 color=(255,101,50,255) layerW=512 layerH=512
[MOUSE_MOVE] drawing=true tool=0 drawing at (551.0,182.0)
[handleDrawing] tool=0 brushType=0 eraserSize=12.0 eraserOp=1.00 layer=0x5e2e67ee0d30
[stampHardRound] cx=210 cy=100 r=6 color=(255,101,50,255) layerW=512 layerH=512
[stampHardRound] cx=207 cy=100 r=6 color=(255,101,50,255) layerW=512 layerH=512
[stampHardRound] cx=207 cy=100 r=6 color=(255,101,50,255) layerW=512 layerH=512
[MOUSE_MOVE] drawing=true tool=0 drawing at (549.0,183.0)
[handleDrawing] tool=0 brushType=0 eraserSize=12.0 eraserOp=1.00 layer=0x5e2e67ee0d30
[stampHardRound] cx=207 cy=100 r=6 color=(255,101,50,255) layerW=512 layerH=512
[stampHardRound] cx=205 cy=101 r=6 color=(255,101,50,255) layerW=512 layerH=512
[stampHardRound] cx=205 cy=101 r=6 color=(255,101,50,255) layerW=512 layerH=512
[MOUSE_MOVE] drawing=true tool=0 drawing at (546.0,183.0)
[handleDrawing] tool=0 brushType=0 eraserSize=12.0 eraserOp=1.00 layer=0x5e2e67ee0d30
[stampHardRound] cx=205 cy=101 r=6 color=(255,101,50,255) layerW=512 layerH=512
[stampHardRound] cx=202 cy=101 r=6 color=(255,101,50,255) layerW=512 layerH=512
[stampHardRound] cx=202 cy=101 r=6 color=(255,101,50,255) layerW=512 layerH=512
[MOUSE_MOVE] drawing=true tool=0 drawing at (543.0,183.0)
[handleDrawing] tool=0 brushType=0 eraserSize=12.0 eraserOp=1.00 layer=0x5e2e67ee0d30
[stampHardRound] cx=202 cy=101 r=6 color=(255,101,50,255) layerW=512 layerH=512
[stampHardRound] cx=199 cy=101 r=6 color=(255,101,50,255) layerW=512 layerH=512
[stampHardRound] cx=199 cy=101 r=6 color=(255,101,50,255) layerW=512 layerH=512
[MOUSE_MOVE] drawing=true tool=0 drawing at (541.0,185.0)
[handleDrawing] tool=0 brushType=0 eraserSize=12.0 eraserOp=1.00 layer=0x5e2e67ee0d30
[stampHardRound] cx=199 cy=101 r=6 color=(255,101,50,255) layerW=512 layerH=512
[stampHardRound] cx=197 cy=103 r=6 color=(255,101,50,255) layerW=512 layerH=512
[stampHardRound] cx=197 cy=103 r=6 color=(255,101,50,255) layerW=512 layerH=512
[MOUSE_MOVE] drawing=true tool=0 drawing at (540.0,185.0)
[handleDrawing] tool=0 brushType=0 eraserSize=12.0 eraserOp=1.00 layer=0x5e2e67ee0d30
[stampHardRound] cx=197 cy=103 r=6 color=(255,101,50,255) layerW=512 layerH=512
[stampHardRound] cx=196 cy=103 r=6 color=(255,101,50,255) layerW=512 layerH=512
[stampHardRound] cx=196 cy=103 r=6 color=(255,101,50,255) layerW=512 layerH=512
[CANVAS_UPDATE] recompositing (frameDirty=1 canvasDirty=0)
[CANVAS_UPDATE] sample pixel (207,154): rgba=(0,0,0,0)
[MOUSE_MOVE] drawing=true tool=0 drawing at (535.0,187.0)
[handleDrawing] tool=0 brushType=0 eraserSize=12.0 eraserOp=1.00 layer=0x5e2e67ee0d30
[stampHardRound] cx=196 cy=103 r=6 color=(255,101,50,255) layerW=512 layerH=512
[stampHardRound] cx=194 cy=104 r=6 color=(255,101,50,255) layerW=512 layerH=512
[stampHardRound] cx=191 cy=105 r=6 color=(255,101,50,255) layerW=512 layerH=512
[stampHardRound] cx=191 cy=105 r=6 color=(255,101,50,255) layerW=512 layerH=512
[MOUSE_MOVE] drawing=true tool=0 drawing at (534.0,187.0)
[handleDrawing] tool=0 brushType=0 eraserSize=12.0 eraserOp=1.00 layer=0x5e2e67ee0d30
[stampHardRound] cx=191 cy=105 r=6 color=(255,101,50,255) layerW=512 layerH=512
[stampHardRound] cx=190 cy=105 r=6 color=(255,101,50,255) layerW=512 layerH=512
[stampHardRound] cx=190 cy=105 r=6 color=(255,101,50,255) layerW=512 layerH=512
[MOUSE_MOVE] drawing=true tool=0 drawing at (533.0,187.0)
[handleDrawing] tool=0 brushType=0 eraserSize=12.0 eraserOp=1.00 layer=0x5e2e67ee0d30
[stampHardRound] cx=190 cy=105 r=6 color=(255,101,50,255) layerW=512 layerH=512
[stampHardRound] cx=189 cy=105 r=6 color=(255,101,50,255) layerW=512 layerH=512
[stampHardRound] cx=189 cy=105 r=6 color=(255,101,50,255) layerW=512 layerH=512
[MOUSE_MOVE] drawing=true tool=0 drawing at (528.0,188.0)
[handleDrawing] tool=0 brushType=0 eraserSize=12.0 eraserOp=1.00 layer=0x5e2e67ee0d30
[stampHardRound] cx=189 cy=105 r=6 color=(255,101,50,255) layerW=512 layerH=512
[stampHardRound] cx=187 cy=106 r=6 color=(255,101,50,255) layerW=512 layerH=512
[stampHardRound] cx=184 cy=106 r=6 color=(255,101,50,255) layerW=512 layerH=512
[stampHardRound] cx=184 cy=106 r=6 color=(255,101,50,255) layerW=512 layerH=512
[MOUSE_MOVE] drawing=true tool=0 drawing at (526.0,188.0)
[handleDrawing] tool=0 brushType=0 eraserSize=12.0 eraserOp=1.00 layer=0x5e2e67ee0d30
[stampHardRound] cx=184 cy=106 r=6 color=(255,101,50,255) layerW=512 layerH=512
[stampHardRound] cx=182 cy=106 r=6 color=(255,101,50,255) layerW=512 layerH=512
[stampHardRound] cx=182 cy=106 r=6 color=(255,101,50,255) layerW=512 layerH=512
[MOUSE_MOVE] drawing=true tool=0 drawing at (523.0,188.0)
[handleDrawing] tool=0 brushType=0 eraserSize=12.0 eraserOp=1.00 layer=0x5e2e67ee0d30
[stampHardRound] cx=182 cy=106 r=6 color=(255,101,50,255) layerW=512 layerH=512
[stampHardRound] cx=179 cy=106 r=6 color=(255,101,50,255) layerW=512 layerH=512
[stampHardRound] cx=179 cy=106 r=6 color=(255,101,50,255) layerW=512 layerH=512
[MOUSE_MOVE] drawing=true tool=0 drawing at (522.0,188.0)
[handleDrawing] tool=0 brushType=0 eraserSize=12.0 eraserOp=1.00 layer=0x5e2e67ee0d30
[stampHardRound] cx=179 cy=106 r=6 color=(255,101,50,255) layerW=512 layerH=512
[stampHardRound] cx=178 cy=106 r=6 color=(255,101,50,255) layerW=512 layerH=512
[stampHardRound] cx=178 cy=106 r=6 color=(255,101,50,255) layerW=512 layerH=512
[MOUSE_MOVE] drawing=true tool=0 drawing at (517.0,190.0)
[handleDrawing] tool=0 brushType=0 eraserSize=12.0 eraserOp=1.00 layer=0x5e2e67ee0d30
[stampHardRound] cx=178 cy=106 r=6 color=(255,101,50,255) layerW=512 layerH=512
[stampHardRound] cx=176 cy=107 r=6 color=(255,101,50,255) layerW=512 layerH=512
[stampHardRound] cx=173 cy=108 r=6 color=(255,101,50,255) layerW=512 layerH=512
[stampHardRound] cx=173 cy=108 r=6 color=(255,101,50,255) layerW=512 layerH=512
[CANVAS_UPDATE] recompositing (frameDirty=1 canvasDirty=0)
[CANVAS_UPDATE] sample pixel (207,154): rgba=(0,0,0,0)
[MOUSE_MOVE] drawing=true tool=0 drawing at (513.0,192.0)
[handleDrawing] tool=0 brushType=0 eraserSize=12.0 eraserOp=1.00 layer=0x5e2e67ee0d30
[stampHardRound] cx=173 cy=108 r=6 color=(255,101,50,255) layerW=512 layerH=512
[stampHardRound] cx=171 cy=109 r=6 color=(255,101,50,255) layerW=512 layerH=512
[stampHardRound] cx=169 cy=110 r=6 color=(255,101,50,255) layerW=512 layerH=512
[stampHardRound] cx=169 cy=110 r=6 color=(255,101,50,255) layerW=512 layerH=512
[MOUSE_MOVE] drawing=true tool=0 drawing at (511.0,192.0)
[handleDrawing] tool=0 brushType=0 eraserSize=12.0 eraserOp=1.00 layer=0x5e2e67ee0d30
[stampHardRound] cx=169 cy=110 r=6 color=(255,101,50,255) layerW=512 layerH=512
[stampHardRound] cx=167 cy=110 r=6 color=(255,101,50,255) layerW=512 layerH=512
[stampHardRound] cx=167 cy=110 r=6 color=(255,101,50,255) layerW=512 layerH=512
[MOUSE_MOVE] drawing=true tool=0 drawing at (506.0,194.0)
[handleDrawing] tool=0 brushType=0 eraserSize=12.0 eraserOp=1.00 layer=0x5e2e67ee0d30
[stampHardRound] cx=167 cy=110 r=6 color=(255,101,50,255) layerW=512 layerH=512
[stampHardRound] cx=165 cy=111 r=6 color=(255,101,50,255) layerW=512 layerH=512
[stampHardRound] cx=162 cy=112 r=6 color=(255,101,50,255) layerW=512 layerH=512
[stampHardRound] cx=162 cy=112 r=6 color=(255,101,50,255) layerW=512 layerH=512
[MOUSE_MOVE] drawing=true tool=0 drawing at (503.0,196.0)
[handleDrawing] tool=0 brushType=0 eraserSize=12.0 eraserOp=1.00 layer=0x5e2e67ee0d30
[stampHardRound] cx=162 cy=112 r=6 color=(255,101,50,255) layerW=512 layerH=512
[stampHardRound] cx=161 cy=113 r=6 color=(255,101,50,255) layerW=512 layerH=512
[stampHardRound] cx=159 cy=114 r=6 color=(255,101,50,255) layerW=512 layerH=512
[stampHardRound] cx=159 cy=114 r=6 color=(255,101,50,255) layerW=512 layerH=512
[MOUSE_MOVE] drawing=true tool=0 drawing at (501.0,196.0)
[handleDrawing] tool=0 brushType=0 eraserSize=12.0 eraserOp=1.00 layer=0x5e2e67ee0d30
[stampHardRound] cx=159 cy=114 r=6 color=(255,101,50,255) layerW=512 layerH=512
[stampHardRound] cx=157 cy=114 r=6 color=(255,101,50,255) layerW=512 layerH=512
[stampHardRound] cx=157 cy=114 r=6 color=(255,101,50,255) layerW=512 layerH=512
[MOUSE_MOVE] drawing=true tool=0 drawing at (498.0,197.0)
[handleDrawing] tool=0 brushType=0 eraserSize=12.0 eraserOp=1.00 layer=0x5e2e67ee0d30
[stampHardRound] cx=157 cy=114 r=6 color=(255,101,50,255) layerW=512 layerH=512
[stampHardRound] cx=156 cy=115 r=6 color=(255,101,50,255) layerW=512 layerH=512
[stampHardRound] cx=154 cy=115 r=6 color=(255,101,50,255) layerW=512 layerH=512
[stampHardRound] cx=154 cy=115 r=6 color=(255,101,50,255) layerW=512 layerH=512
[MOUSE_MOVE] drawing=true tool=0 drawing at (495.0,199.0)
[handleDrawing] tool=0 brushType=0 eraserSize=12.0 eraserOp=1.00 layer=0x5e2e67ee0d30
[stampHardRound] cx=154 cy=115 r=6 color=(255,101,50,255) layerW=512 layerH=512
[stampHardRound] cx=153 cy=116 r=6 color=(255,101,50,255) layerW=512 layerH=512
[stampHardRound] cx=151 cy=117 r=6 color=(255,101,50,255) layerW=512 layerH=512
[stampHardRound] cx=151 cy=117 r=6 color=(255,101,50,255) layerW=512 layerH=512
[MOUSE_MOVE] drawing=true tool=0 drawing at (493.0,199.0)
[handleDrawing] tool=0 brushType=0 eraserSize=12.0 eraserOp=1.00 layer=0x5e2e67ee0d30
[stampHardRound] cx=151 cy=117 r=6 color=(255,101,50,255) layerW=512 layerH=512
[stampHardRound] cx=149 cy=117 r=6 color=(255,101,50,255) layerW=512 layerH=512
[stampHardRound] cx=149 cy=117 r=6 color=(255,101,50,255) layerW=512 layerH=512
[MOUSE_MOVE] drawing=true tool=0 drawing at (490.0,200.0)
[handleDrawing] tool=0 brushType=0 eraserSize=12.0 eraserOp=1.00 layer=0x5e2e67ee0d30
[stampHardRound] cx=149 cy=117 r=6 color=(255,101,50,255) layerW=512 layerH=512
[stampHardRound] cx=148 cy=118 r=6 color=(255,101,50,255) layerW=512 layerH=512
[stampHardRound] cx=146 cy=118 r=6 color=(255,101,50,255) layerW=512 layerH=512
[stampHardRound] cx=146 cy=118 r=6 color=(255,101,50,255) layerW=512 layerH=512
[CANVAS_UPDATE] recompositing (frameDirty=1 canvasDirty=0)
[CANVAS_UPDATE] sample pixel (207,154): rgba=(0,0,0,0)
[MOUSE_MOVE] drawing=true tool=0 drawing at (489.0,202.0)
[handleDrawing] tool=0 brushType=0 eraserSize=12.0 eraserOp=1.00 layer=0x5e2e67ee0d30
[stampHardRound] cx=146 cy=118 r=6 color=(255,101,50,255) layerW=512 layerH=512
[stampHardRound] cx=145 cy=120 r=6 color=(255,101,50,255) layerW=512 layerH=512
[stampHardRound] cx=145 cy=120 r=6 color=(255,101,50,255) layerW=512 layerH=512
[MOUSE_MOVE] drawing=true tool=0 drawing at (488.0,202.0)
[handleDrawing] tool=0 brushType=0 eraserSize=12.0 eraserOp=1.00 layer=0x5e2e67ee0d30
[stampHardRound] cx=145 cy=120 r=6 color=(255,101,50,255) layerW=512 layerH=512
[stampHardRound] cx=144 cy=120 r=6 color=(255,101,50,255) layerW=512 layerH=512
[stampHardRound] cx=144 cy=120 r=6 color=(255,101,50,255) layerW=512 layerH=512
[MOUSE_MOVE] drawing=true tool=0 drawing at (486.0,203.0)
[handleDrawing] tool=0 brushType=0 eraserSize=12.0 eraserOp=1.00 layer=0x5e2e67ee0d30
[stampHardRound] cx=144 cy=120 r=6 color=(255,101,50,255) layerW=512 layerH=512
[stampHardRound] cx=142 cy=121 r=6 color=(255,101,50,255) layerW=512 layerH=512
[stampHardRound] cx=142 cy=121 r=6 color=(255,101,50,255) layerW=512 layerH=512
[MOUSE_MOVE] drawing=true tool=0 drawing at (485.0,204.0)
[handleDrawing] tool=0 brushType=0 eraserSize=12.0 eraserOp=1.00 layer=0x5e2e67ee0d30
[stampHardRound] cx=142 cy=121 r=6 color=(255,101,50,255) layerW=512 layerH=512
[stampHardRound] cx=141 cy=122 r=6 color=(255,101,50,255) layerW=512 layerH=512
[stampHardRound] cx=141 cy=122 r=6 color=(255,101,50,255) layerW=512 layerH=512
[MOUSE_MOVE] drawing=true tool=0 drawing at (484.0,204.0)
[handleDrawing] tool=0 brushType=0 eraserSize=12.0 eraserOp=1.00 layer=0x5e2e67ee0d30
[stampHardRound] cx=141 cy=122 r=6 color=(255,101,50,255) layerW=512 layerH=512
[stampHardRound] cx=140 cy=122 r=6 color=(255,101,50,255) layerW=512 layerH=512
[stampHardRound] cx=140 cy=122 r=6 color=(255,101,50,255) layerW=512 layerH=512
[MOUSE_MOVE] drawing=true tool=0 drawing at (483.0,204.0)
[handleDrawing] tool=0 brushType=0 eraserSize=12.0 eraserOp=1.00 layer=0x5e2e67ee0d30
[stampHardRound] cx=140 cy=122 r=6 color=(255,101,50,255) layerW=512 layerH=512
[stampHardRound] cx=139 cy=122 r=6 color=(255,101,50,255) layerW=512 layerH=512
[stampHardRound] cx=139 cy=122 r=6 color=(255,101,50,255) layerW=512 layerH=512
[MOUSE_MOVE] drawing=true tool=0 drawing at (481.0,206.0)
[handleDrawing] tool=0 brushType=0 eraserSize=12.0 eraserOp=1.00 layer=0x5e2e67ee0d30
[stampHardRound] cx=139 cy=122 r=6 color=(255,101,50,255) layerW=512 layerH=512
[stampHardRound] cx=137 cy=124 r=6 color=(255,101,50,255) layerW=512 layerH=512
[stampHardRound] cx=137 cy=124 r=6 color=(255,101,50,255) layerW=512 layerH=512
[MOUSE_MOVE] drawing=true tool=0 drawing at (480.0,206.0)
[handleDrawing] tool=0 brushType=0 eraserSize=12.0 eraserOp=1.00 layer=0x5e2e67ee0d30
[stampHardRound] cx=137 cy=124 r=6 color=(255,101,50,255) layerW=512 layerH=512
[stampHardRound] cx=136 cy=124 r=6 color=(255,101,50,255) layerW=512 layerH=512
[stampHardRound] cx=136 cy=124 r=6 color=(255,101,50,255) layerW=512 layerH=512
[CANVAS_UPDATE] recompositing (frameDirty=1 canvasDirty=0)
[CANVAS_UPDATE] sample pixel (207,154): rgba=(0,0,0,0)
[MOUSE_MOVE] drawing=true tool=0 drawing at (479.0,207.0)
[handleDrawing] tool=0 brushType=0 eraserSize=12.0 eraserOp=1.00 layer=0x5e2e67ee0d30
[stampHardRound] cx=136 cy=124 r=6 color=(255,101,50,255) layerW=512 layerH=512
[stampHardRound] cx=135 cy=125 r=6 color=(255,101,50,255) layerW=512 layerH=512
[stampHardRound] cx=135 cy=125 r=6 color=(255,101,50,255) layerW=512 layerH=512
[CANVAS_UPDATE] recompositing (frameDirty=1 canvasDirty=0)
[CANVAS_UPDATE] sample pixel (207,154): rgba=(0,0,0,0)
[MOUSE_MOVE] drawing=true tool=0 drawing at (480.0,207.0)
[handleDrawing] tool=0 brushType=0 eraserSize=12.0 eraserOp=1.00 layer=0x5e2e67ee0d30
[stampHardRound] cx=135 cy=125 r=6 color=(255,101,50,255) layerW=512 layerH=512
[stampHardRound] cx=136 cy=125 r=6 color=(255,101,50,255) layerW=512 layerH=512
[stampHardRound] cx=136 cy=125 r=6 color=(255,101,50,255) layerW=512 layerH=512
[MOUSE_MOVE] drawing=true tool=0 drawing at (483.0,207.0)
[handleDrawing] tool=0 brushType=0 eraserSize=12.0 eraserOp=1.00 layer=0x5e2e67ee0d30
[stampHardRound] cx=136 cy=125 r=6 color=(255,101,50,255) layerW=512 layerH=512
[stampHardRound] cx=139 cy=125 r=6 color=(255,101,50,255) layerW=512 layerH=512
[stampHardRound] cx=139 cy=125 r=6 color=(255,101,50,255) layerW=512 layerH=512
[MOUSE_MOVE] drawing=true tool=0 drawing at (484.0,207.0)
[handleDrawing] tool=0 brushType=0 eraserSize=12.0 eraserOp=1.00 layer=0x5e2e67ee0d30
[stampHardRound] cx=139 cy=125 r=6 color=(255,101,50,255) layerW=512 layerH=512
[stampHardRound] cx=140 cy=125 r=6 color=(255,101,50,255) layerW=512 layerH=512
[stampHardRound] cx=140 cy=125 r=6 color=(255,101,50,255) layerW=512 layerH=512
[MOUSE_MOVE] drawing=true tool=0 drawing at (485.0,207.0)
[handleDrawing] tool=0 brushType=0 eraserSize=12.0 eraserOp=1.00 layer=0x5e2e67ee0d30
[stampHardRound] cx=140 cy=125 r=6 color=(255,101,50,255) layerW=512 layerH=512
[stampHardRound] cx=141 cy=125 r=6 color=(255,101,50,255) layerW=512 layerH=512
[stampHardRound] cx=141 cy=125 r=6 color=(255,101,50,255) layerW=512 layerH=512
[CANVAS_UPDATE] recompositing (frameDirty=1 canvasDirty=0)
[CANVAS_UPDATE] sample pixel (207,154): rgba=(0,0,0,0)
[MOUSE_MOVE] drawing=true tool=0 drawing at (488.0,207.0)
[handleDrawing] tool=0 brushType=0 eraserSize=12.0 eraserOp=1.00 layer=0x5e2e67ee0d30
[stampHardRound] cx=141 cy=125 r=6 color=(255,101,50,255) layerW=512 layerH=512
[stampHardRound] cx=144 cy=125 r=6 color=(255,101,50,255) layerW=512 layerH=512
[stampHardRound] cx=144 cy=125 r=6 color=(255,101,50,255) layerW=512 layerH=512
[MOUSE_MOVE] drawing=true tool=0 drawing at (491.0,207.0)
[handleDrawing] tool=0 brushType=0 eraserSize=12.0 eraserOp=1.00 layer=0x5e2e67ee0d30
[stampHardRound] cx=144 cy=125 r=6 color=(255,101,50,255) layerW=512 layerH=512
[stampHardRound] cx=147 cy=125 r=6 color=(255,101,50,255) layerW=512 layerH=512
[stampHardRound] cx=147 cy=125 r=6 color=(255,101,50,255) layerW=512 layerH=512
[MOUSE_MOVE] drawing=true tool=0 drawing at (493.0,207.0)
[handleDrawing] tool=0 brushType=0 eraserSize=12.0 eraserOp=1.00 layer=0x5e2e67ee0d30
[stampHardRound] cx=147 cy=125 r=6 color=(255,101,50,255) layerW=512 layerH=512
[stampHardRound] cx=149 cy=125 r=6 color=(255,101,50,255) layerW=512 layerH=512
[stampHardRound] cx=149 cy=125 r=6 color=(255,101,50,255) layerW=512 layerH=512
[MOUSE_MOVE] drawing=true tool=0 drawing at (495.0,207.0)
[handleDrawing] tool=0 brushType=0 eraserSize=12.0 eraserOp=1.00 layer=0x5e2e67ee0d30
[stampHardRound] cx=149 cy=125 r=6 color=(255,101,50,255) layerW=512 layerH=512
[stampHardRound] cx=151 cy=125 r=6 color=(255,101,50,255) layerW=512 layerH=512
[stampHardRound] cx=151 cy=125 r=6 color=(255,101,50,255) layerW=512 layerH=512
[MOUSE_MOVE] drawing=true tool=0 drawing at (499.0,207.0)
[handleDrawing] tool=0 brushType=0 eraserSize=12.0 eraserOp=1.00 layer=0x5e2e67ee0d30
[stampHardRound] cx=151 cy=125 r=6 color=(255,101,50,255) layerW=512 layerH=512
[stampHardRound] cx=153 cy=125 r=6 color=(255,101,50,255) layerW=512 layerH=512
[stampHardRound] cx=155 cy=125 r=6 color=(255,101,50,255) layerW=512 layerH=512
[stampHardRound] cx=155 cy=125 r=6 color=(255,101,50,255) layerW=512 layerH=512
[MOUSE_MOVE] drawing=true tool=0 drawing at (500.0,207.0)
[handleDrawing] tool=0 brushType=0 eraserSize=12.0 eraserOp=1.00 layer=0x5e2e67ee0d30
[stampHardRound] cx=155 cy=125 r=6 color=(255,101,50,255) layerW=512 layerH=512
[stampHardRound] cx=156 cy=125 r=6 color=(255,101,50,255) layerW=512 layerH=512
[stampHardRound] cx=156 cy=125 r=6 color=(255,101,50,255) layerW=512 layerH=512
[MOUSE_MOVE] drawing=true tool=0 drawing at (505.0,207.0)
[handleDrawing] tool=0 brushType=0 eraserSize=12.0 eraserOp=1.00 layer=0x5e2e67ee0d30
[stampHardRound] cx=156 cy=125 r=6 color=(255,101,50,255) layerW=512 layerH=512
[stampHardRound] cx=159 cy=125 r=6 color=(255,101,50,255) layerW=512 layerH=512
[stampHardRound] cx=161 cy=125 r=6 color=(255,101,50,255) layerW=512 layerH=512
[stampHardRound] cx=161 cy=125 r=6 color=(255,101,50,255) layerW=512 layerH=512
[MOUSE_MOVE] drawing=true tool=0 drawing at (509.0,207.0)
[handleDrawing] tool=0 brushType=0 eraserSize=12.0 eraserOp=1.00 layer=0x5e2e67ee0d30
[stampHardRound] cx=161 cy=125 r=6 color=(255,101,50,255) layerW=512 layerH=512
[stampHardRound] cx=163 cy=125 r=6 color=(255,101,50,255) layerW=512 layerH=512
[stampHardRound] cx=165 cy=125 r=6 color=(255,101,50,255) layerW=512 layerH=512
[stampHardRound] cx=165 cy=125 r=6 color=(255,101,50,255) layerW=512 layerH=512
[MOUSE_MOVE] drawing=true tool=0 drawing at (512.0,207.0)
[handleDrawing] tool=0 brushType=0 eraserSize=12.0 eraserOp=1.00 layer=0x5e2e67ee0d30
[stampHardRound] cx=165 cy=125 r=6 color=(255,101,50,255) layerW=512 layerH=512
[stampHardRound] cx=168 cy=125 r=6 color=(255,101,50,255) layerW=512 layerH=512
[stampHardRound] cx=168 cy=125 r=6 color=(255,101,50,255) layerW=512 layerH=512
[CANVAS_UPDATE] recompositing (frameDirty=1 canvasDirty=0)
[CANVAS_UPDATE] sample pixel (207,154): rgba=(0,0,0,0)
[MOUSE_MOVE] drawing=true tool=0 drawing at (518.0,207.0)
[handleDrawing] tool=0 brushType=0 eraserSize=12.0 eraserOp=1.00 layer=0x5e2e67ee0d30
[stampHardRound] cx=168 cy=125 r=6 color=(255,101,50,255) layerW=512 layerH=512
[stampHardRound] cx=171 cy=125 r=6 color=(255,101,50,255) layerW=512 layerH=512
[stampHardRound] cx=174 cy=125 r=6 color=(255,101,50,255) layerW=512 layerH=512
[stampHardRound] cx=174 cy=125 r=6 color=(255,101,50,255) layerW=512 layerH=512
[MOUSE_MOVE] drawing=true tool=0 drawing at (522.0,207.0)
[handleDrawing] tool=0 brushType=0 eraserSize=12.0 eraserOp=1.00 layer=0x5e2e67ee0d30
[stampHardRound] cx=174 cy=125 r=6 color=(255,101,50,255) layerW=512 layerH=512
[stampHardRound] cx=176 cy=125 r=6 color=(255,101,50,255) layerW=512 layerH=512
[stampHardRound] cx=178 cy=125 r=6 color=(255,101,50,255) layerW=512 layerH=512
[stampHardRound] cx=178 cy=125 r=6 color=(255,101,50,255) layerW=512 layerH=512
[MOUSE_MOVE] drawing=true tool=0 drawing at (525.0,207.0)
[handleDrawing] tool=0 brushType=0 eraserSize=12.0 eraserOp=1.00 layer=0x5e2e67ee0d30
[stampHardRound] cx=178 cy=125 r=6 color=(255,101,50,255) layerW=512 layerH=512
[stampHardRound] cx=181 cy=125 r=6 color=(255,101,50,255) layerW=512 layerH=512
[stampHardRound] cx=181 cy=125 r=6 color=(255,101,50,255) layerW=512 layerH=512
[MOUSE_MOVE] drawing=true tool=0 drawing at (528.0,207.0)
[handleDrawing] tool=0 brushType=0 eraserSize=12.0 eraserOp=1.00 layer=0x5e2e67ee0d30
[stampHardRound] cx=181 cy=125 r=6 color=(255,101,50,255) layerW=512 layerH=512
[stampHardRound] cx=184 cy=125 r=6 color=(255,101,50,255) layerW=512 layerH=512
[stampHardRound] cx=184 cy=125 r=6 color=(255,101,50,255) layerW=512 layerH=512
[MOUSE_MOVE] drawing=true tool=0 drawing at (532.0,207.0)
[handleDrawing] tool=0 brushType=0 eraserSize=12.0 eraserOp=1.00 layer=0x5e2e67ee0d30
[stampHardRound] cx=184 cy=125 r=6 color=(255,101,50,255) layerW=512 layerH=512
[stampHardRound] cx=186 cy=125 r=6 color=(255,101,50,255) layerW=512 layerH=512
[stampHardRound] cx=188 cy=125 r=6 color=(255,101,50,255) layerW=512 layerH=512
[stampHardRound] cx=188 cy=125 r=6 color=(255,101,50,255) layerW=512 layerH=512
[MOUSE_MOVE] drawing=true tool=0 drawing at (535.0,207.0)
[handleDrawing] tool=0 brushType=0 eraserSize=12.0 eraserOp=1.00 layer=0x5e2e67ee0d30
[stampHardRound] cx=188 cy=125 r=6 color=(255,101,50,255) layerW=512 layerH=512
[stampHardRound] cx=191 cy=125 r=6 color=(255,101,50,255) layerW=512 layerH=512
[stampHardRound] cx=191 cy=125 r=6 color=(255,101,50,255) layerW=512 layerH=512
[MOUSE_MOVE] drawing=true tool=0 drawing at (541.0,205.0)
[handleDrawing] tool=0 brushType=0 eraserSize=12.0 eraserOp=1.00 layer=0x5e2e67ee0d30
[stampHardRound] cx=191 cy=125 r=6 color=(255,101,50,255) layerW=512 layerH=512
[stampHardRound] cx=193 cy=124 r=6 color=(255,101,50,255) layerW=512 layerH=512
[stampHardRound] cx=195 cy=124 r=6 color=(255,101,50,255) layerW=512 layerH=512
[stampHardRound] cx=197 cy=123 r=6 color=(255,101,50,255) layerW=512 layerH=512
[stampHardRound] cx=197 cy=123 r=6 color=(255,101,50,255) layerW=512 layerH=512
[MOUSE_MOVE] drawing=true tool=0 drawing at (545.0,205.0)
[handleDrawing] tool=0 brushType=0 eraserSize=12.0 eraserOp=1.00 layer=0x5e2e67ee0d30
[stampHardRound] cx=197 cy=123 r=6 color=(255,101,50,255) layerW=512 layerH=512
[stampHardRound] cx=199 cy=123 r=6 color=(255,101,50,255) layerW=512 layerH=512
[stampHardRound] cx=201 cy=123 r=6 color=(255,101,50,255) layerW=512 layerH=512
[stampHardRound] cx=201 cy=123 r=6 color=(255,101,50,255) layerW=512 layerH=512
[CANVAS_UPDATE] recompositing (frameDirty=1 canvasDirty=0)
[CANVAS_UPDATE] sample pixel (207,154): rgba=(0,0,0,0)
[MOUSE_MOVE] drawing=true tool=0 drawing at (548.0,205.0)
[handleDrawing] tool=0 brushType=0 eraserSize=12.0 eraserOp=1.00 layer=0x5e2e67ee0d30
[stampHardRound] cx=201 cy=123 r=6 color=(255,101,50,255) layerW=512 layerH=512
[stampHardRound] cx=204 cy=123 r=6 color=(255,101,50,255) layerW=512 layerH=512
[stampHardRound] cx=204 cy=123 r=6 color=(255,101,50,255) layerW=512 layerH=512
[MOUSE_MOVE] drawing=true tool=0 drawing at (556.0,205.0)
[handleDrawing] tool=0 brushType=0 eraserSize=12.0 eraserOp=1.00 layer=0x5e2e67ee0d30
[stampHardRound] cx=204 cy=123 r=6 color=(255,101,50,255) layerW=512 layerH=512
[stampHardRound] cx=207 cy=123 r=6 color=(255,101,50,255) layerW=512 layerH=512
[stampHardRound] cx=209 cy=123 r=6 color=(255,101,50,255) layerW=512 layerH=512
[stampHardRound] cx=212 cy=123 r=6 color=(255,101,50,255) layerW=512 layerH=512
[stampHardRound] cx=212 cy=123 r=6 color=(255,101,50,255) layerW=512 layerH=512
[MOUSE_MOVE] drawing=true tool=0 drawing at (562.0,205.0)
[handleDrawing] tool=0 brushType=0 eraserSize=12.0 eraserOp=1.00 layer=0x5e2e67ee0d30
[stampHardRound] cx=212 cy=123 r=6 color=(255,101,50,255) layerW=512 layerH=512
[stampHardRound] cx=215 cy=123 r=6 color=(255,101,50,255) layerW=512 layerH=512
[stampHardRound] cx=218 cy=123 r=6 color=(255,101,50,255) layerW=512 layerH=512
[stampHardRound] cx=218 cy=123 r=6 color=(255,101,50,255) layerW=512 layerH=512
[MOUSE_MOVE] drawing=true tool=0 drawing at (565.0,205.0)
[handleDrawing] tool=0 brushType=0 eraserSize=12.0 eraserOp=1.00 layer=0x5e2e67ee0d30
[stampHardRound] cx=218 cy=123 r=6 color=(255,101,50,255) layerW=512 layerH=512
[stampHardRound] cx=221 cy=123 r=6 color=(255,101,50,255) layerW=512 layerH=512
[stampHardRound] cx=221 cy=123 r=6 color=(255,101,50,255) layerW=512 layerH=512
[MOUSE_MOVE] drawing=true tool=0 drawing at (573.0,203.0)
[handleDrawing] tool=0 brushType=0 eraserSize=12.0 eraserOp=1.00 layer=0x5e2e67ee0d30
[stampHardRound] cx=221 cy=123 r=6 color=(255,101,50,255) layerW=512 layerH=512
[stampHardRound] cx=224 cy=122 r=6 color=(255,101,50,255) layerW=512 layerH=512
[stampHardRound] cx=226 cy=122 r=6 color=(255,101,50,255) layerW=512 layerH=512
[stampHardRound] cx=229 cy=121 r=6 color=(255,101,50,255) layerW=512 layerH=512
[stampHardRound] cx=229 cy=121 r=6 color=(255,101,50,255) layerW=512 layerH=512
[MOUSE_MOVE] drawing=true tool=0 drawing at (579.0,203.0)
[handleDrawing] tool=0 brushType=0 eraserSize=12.0 eraserOp=1.00 layer=0x5e2e67ee0d30
[stampHardRound] cx=229 cy=121 r=6 color=(255,101,50,255) layerW=512 layerH=512
[stampHardRound] cx=232 cy=121 r=6 color=(255,101,50,255) layerW=512 layerH=512
[stampHardRound] cx=235 cy=121 r=6 color=(255,101,50,255) layerW=512 layerH=512
[stampHardRound] cx=235 cy=121 r=6 color=(255,101,50,255) layerW=512 layerH=512
[MOUSE_MOVE] drawing=true tool=0 drawing at (581.0,203.0)
[handleDrawing] tool=0 brushType=0 eraserSize=12.0 eraserOp=1.00 layer=0x5e2e67ee0d30
[stampHardRound] cx=235 cy=121 r=6 color=(255,101,50,255) layerW=512 layerH=512
[stampHardRound] cx=237 cy=121 r=6 color=(255,101,50,255) layerW=512 layerH=512
[stampHardRound] cx=237 cy=121 r=6 color=(255,101,50,255) layerW=512 layerH=512
[MOUSE_MOVE] drawing=true tool=0 drawing at (584.0,203.0)
[handleDrawing] tool=0 brushType=0 eraserSize=12.0 eraserOp=1.00 layer=0x5e2e67ee0d30
[stampHardRound] cx=237 cy=121 r=6 color=(255,101,50,255) layerW=512 layerH=512
[stampHardRound] cx=240 cy=121 r=6 color=(255,101,50,255) layerW=512 layerH=512
[stampHardRound] cx=240 cy=121 r=6 color=(255,101,50,255) layerW=512 layerH=512
[CANVAS_UPDATE] recompositing (frameDirty=1 canvasDirty=0)
[CANVAS_UPDATE] sample pixel (207,154): rgba=(0,0,0,0)
[MOUSE_MOVE] drawing=true tool=0 drawing at (585.0,203.0)
[handleDrawing] tool=0 brushType=0 eraserSize=12.0 eraserOp=1.00 layer=0x5e2e67ee0d30
[stampHardRound] cx=240 cy=121 r=6 color=(255,101,50,255) layerW=512 layerH=512
[stampHardRound] cx=241 cy=121 r=6 color=(255,101,50,255) layerW=512 layerH=512
[stampHardRound] cx=241 cy=121 r=6 color=(255,101,50,255) layerW=512 layerH=512
[MOUSE_MOVE] drawing=true tool=0 drawing at (588.0,203.0)
[handleDrawing] tool=0 brushType=0 eraserSize=12.0 eraserOp=1.00 layer=0x5e2e67ee0d30
[stampHardRound] cx=241 cy=121 r=6 color=(255,101,50,255) layerW=512 layerH=512
[stampHardRound] cx=244 cy=121 r=6 color=(255,101,50,255) layerW=512 layerH=512
[stampHardRound] cx=244 cy=121 r=6 color=(255,101,50,255) layerW=512 layerH=512
[MOUSE_MOVE] drawing=true tool=0 drawing at (591.0,203.0)
[handleDrawing] tool=0 brushType=0 eraserSize=12.0 eraserOp=1.00 layer=0x5e2e67ee0d30
[stampHardRound] cx=244 cy=121 r=6 color=(255,101,50,255) layerW=512 layerH=512
[stampHardRound] cx=247 cy=121 r=6 color=(255,101,50,255) layerW=512 layerH=512
[stampHardRound] cx=247 cy=121 r=6 color=(255,101,50,255) layerW=512 layerH=512
[MOUSE_MOVE] drawing=true tool=0 drawing at (592.0,203.0)
[handleDrawing] tool=0 brushType=0 eraserSize=12.0 eraserOp=1.00 layer=0x5e2e67ee0d30
[stampHardRound] cx=247 cy=121 r=6 color=(255,101,50,255) layerW=512 layerH=512
[stampHardRound] cx=248 cy=121 r=6 color=(255,101,50,255) layerW=512 layerH=512
[stampHardRound] cx=248 cy=121 r=6 color=(255,101,50,255) layerW=512 layerH=512
[MOUSE_MOVE] drawing=true tool=0 drawing at (595.0,203.0)
[handleDrawing] tool=0 brushType=0 eraserSize=12.0 eraserOp=1.00 layer=0x5e2e67ee0d30
[stampHardRound] cx=248 cy=121 r=6 color=(255,101,50,255) layerW=512 layerH=512
[stampHardRound] cx=251 cy=121 r=6 color=(255,101,50,255) layerW=512 layerH=512
[stampHardRound] cx=251 cy=121 r=6 color=(255,101,50,255) layerW=512 layerH=512
[MOUSE_MOVE] drawing=true tool=0 drawing at (599.0,203.0)
[handleDrawing] tool=0 brushType=0 eraserSize=12.0 eraserOp=1.00 layer=0x5e2e67ee0d30
[stampHardRound] cx=251 cy=121 r=6 color=(255,101,50,255) layerW=512 layerH=512
[stampHardRound] cx=253 cy=121 r=6 color=(255,101,50,255) layerW=512 layerH=512
[stampHardRound] cx=255 cy=121 r=6 color=(255,101,50,255) layerW=512 layerH=512
[stampHardRound] cx=255 cy=121 r=6 color=(255,101,50,255) layerW=512 layerH=512
[MOUSE_MOVE] drawing=true tool=0 drawing at (600.0,203.0)
[handleDrawing] tool=0 brushType=0 eraserSize=12.0 eraserOp=1.00 layer=0x5e2e67ee0d30
[stampHardRound] cx=255 cy=121 r=6 color=(255,101,50,255) layerW=512 layerH=512
[stampHardRound] cx=256 cy=121 r=6 color=(255,101,50,255) layerW=512 layerH=512
[stampHardRound] cx=256 cy=121 r=6 color=(255,101,50,255) layerW=512 layerH=512
[MOUSE_MOVE] drawing=true tool=0 drawing at (601.0,203.0)
[handleDrawing] tool=0 brushType=0 eraserSize=12.0 eraserOp=1.00 layer=0x5e2e67ee0d30
[stampHardRound] cx=256 cy=121 r=6 color=(255,101,50,255) layerW=512 layerH=512
[stampHardRound] cx=257 cy=121 r=6 color=(255,101,50,255) layerW=512 layerH=512
[stampHardRound] cx=257 cy=121 r=6 color=(255,101,50,255) layerW=512 layerH=512
[MOUSE_MOVE] drawing=true tool=0 drawing at (602.0,203.0)
[handleDrawing] tool=0 brushType=0 eraserSize=12.0 eraserOp=1.00 layer=0x5e2e67ee0d30
[stampHardRound] cx=257 cy=121 r=6 color=(255,101,50,255) layerW=512 layerH=512
[stampHardRound] cx=258 cy=121 r=6 color=(255,101,50,255) layerW=512 layerH=512
[stampHardRound] cx=258 cy=121 r=6 color=(255,101,50,255) layerW=512 layerH=512
[CANVAS_UPDATE] recompositing (frameDirty=1 canvasDirty=0)
[CANVAS_UPDATE] sample pixel (207,154): rgba=(0,0,0,0)
[MOUSE_MOVE] drawing=true tool=0 drawing at (603.0,203.0)
[handleDrawing] tool=0 brushType=0 eraserSize=12.0 eraserOp=1.00 layer=0x5e2e67ee0d30
[stampHardRound] cx=258 cy=121 r=6 color=(255,101,50,255) layerW=512 layerH=512
[stampHardRound] cx=259 cy=121 r=6 color=(255,101,50,255) layerW=512 layerH=512
[stampHardRound] cx=259 cy=121 r=6 color=(255,101,50,255) layerW=512 layerH=512
[CANVAS_UPDATE] recompositing (frameDirty=1 canvasDirty=0)
[CANVAS_UPDATE] sample pixel (207,154): rgba=(0,0,0,0)
[MOUSE_MOVE] drawing=true tool=0 drawing at (602.0,203.0)
[handleDrawing] tool=0 brushType=0 eraserSize=12.0 eraserOp=1.00 layer=0x5e2e67ee0d30
[stampHardRound] cx=259 cy=121 r=6 color=(255,101,50,255) layerW=512 layerH=512
[stampHardRound] cx=258 cy=121 r=6 color=(255,101,50,255) layerW=512 layerH=512
[stampHardRound] cx=258 cy=121 r=6 color=(255,101,50,255) layerW=512 layerH=512
[CANVAS_UPDATE] recompositing (frameDirty=1 canvasDirty=0)
[CANVAS_UPDATE] sample pixel (207,154): rgba=(0,0,0,0)
[MOUSE_MOVE] drawing=true tool=0 drawing at (601.0,203.0)
[handleDrawing] tool=0 brushType=0 eraserSize=12.0 eraserOp=1.00 layer=0x5e2e67ee0d30
[stampHardRound] cx=258 cy=121 r=6 color=(255,101,50,255) layerW=512 layerH=512
[stampHardRound] cx=257 cy=121 r=6 color=(255,101,50,255) layerW=512 layerH=512
[stampHardRound] cx=257 cy=121 r=6 color=(255,101,50,255) layerW=512 layerH=512
[MOUSE_MOVE] drawing=true tool=0 drawing at (600.0,203.0)
[handleDrawing] tool=0 brushType=0 eraserSize=12.0 eraserOp=1.00 layer=0x5e2e67ee0d30
[stampHardRound] cx=257 cy=121 r=6 color=(255,101,50,255) layerW=512 layerH=512
[stampHardRound] cx=256 cy=121 r=6 color=(255,101,50,255) layerW=512 layerH=512
[stampHardRound] cx=256 cy=121 r=6 color=(255,101,50,255) layerW=512 layerH=512
[MOUSE_MOVE] drawing=true tool=0 drawing at (598.0,203.0)
[handleDrawing] tool=0 brushType=0 eraserSize=12.0 eraserOp=1.00 layer=0x5e2e67ee0d30
[stampHardRound] cx=256 cy=121 r=6 color=(255,101,50,255) layerW=512 layerH=512
[stampHardRound] cx=254 cy=121 r=6 color=(255,101,50,255) layerW=512 layerH=512
[stampHardRound] cx=254 cy=121 r=6 color=(255,101,50,255) layerW=512 layerH=512
[MOUSE_MOVE] drawing=true tool=0 drawing at (597.0,203.0)
[handleDrawing] tool=0 brushType=0 eraserSize=12.0 eraserOp=1.00 layer=0x5e2e67ee0d30
[stampHardRound] cx=254 cy=121 r=6 color=(255,101,50,255) layerW=512 layerH=512
[stampHardRound] cx=253 cy=121 r=6 color=(255,101,50,255) layerW=512 layerH=512
[stampHardRound] cx=253 cy=121 r=6 color=(255,101,50,255) layerW=512 layerH=512
[CANVAS_UPDATE] recompositing (frameDirty=1 canvasDirty=0)
[CANVAS_UPDATE] sample pixel (207,154): rgba=(0,0,0,0)
[MOUSE_MOVE] drawing=true tool=0 drawing at (595.0,203.0)
[handleDrawing] tool=0 brushType=0 eraserSize=12.0 eraserOp=1.00 layer=0x5e2e67ee0d30
[stampHardRound] cx=253 cy=121 r=6 color=(255,101,50,255) layerW=512 layerH=512
[stampHardRound] cx=251 cy=121 r=6 color=(255,101,50,255) layerW=512 layerH=512
[stampHardRound] cx=251 cy=121 r=6 color=(255,101,50,255) layerW=512 layerH=512
[MOUSE_MOVE] drawing=true tool=0 drawing at (594.0,203.0)
[handleDrawing] tool=0 brushType=0 eraserSize=12.0 eraserOp=1.00 layer=0x5e2e67ee0d30
[stampHardRound] cx=251 cy=121 r=6 color=(255,101,50,255) layerW=512 layerH=512
[stampHardRound] cx=250 cy=121 r=6 color=(255,101,50,255) layerW=512 layerH=512
[stampHardRound] cx=250 cy=121 r=6 color=(255,101,50,255) layerW=512 layerH=512
[MOUSE_MOVE] drawing=true tool=0 drawing at (593.0,203.0)
[handleDrawing] tool=0 brushType=0 eraserSize=12.0 eraserOp=1.00 layer=0x5e2e67ee0d30
[stampHardRound] cx=250 cy=121 r=6 color=(255,101,50,255) layerW=512 layerH=512
[stampHardRound] cx=249 cy=121 r=6 color=(255,101,50,255) layerW=512 layerH=512
[stampHardRound] cx=249 cy=121 r=6 color=(255,101,50,255) layerW=512 layerH=512
[MOUSE_MOVE] drawing=true tool=0 drawing at (591.0,203.0)
[handleDrawing] tool=0 brushType=0 eraserSize=12.0 eraserOp=1.00 layer=0x5e2e67ee0d30
[stampHardRound] cx=249 cy=121 r=6 color=(255,101,50,255) layerW=512 layerH=512
[stampHardRound] cx=247 cy=121 r=6 color=(255,101,50,255) layerW=512 layerH=512
[stampHardRound] cx=247 cy=121 r=6 color=(255,101,50,255) layerW=512 layerH=512
[MOUSE_MOVE] drawing=true tool=0 drawing at (589.0,203.0)
[handleDrawing] tool=0 brushType=0 eraserSize=12.0 eraserOp=1.00 layer=0x5e2e67ee0d30
[stampHardRound] cx=247 cy=121 r=6 color=(255,101,50,255) layerW=512 layerH=512
[stampHardRound] cx=245 cy=121 r=6 color=(255,101,50,255) layerW=512 layerH=512
[stampHardRound] cx=245 cy=121 r=6 color=(255,101,50,255) layerW=512 layerH=512
[MOUSE_MOVE] drawing=true tool=0 drawing at (587.0,203.0)
[handleDrawing] tool=0 brushType=0 eraserSize=12.0 eraserOp=1.00 layer=0x5e2e67ee0d30
[stampHardRound] cx=245 cy=121 r=6 color=(255,101,50,255) layerW=512 layerH=512
[stampHardRound] cx=243 cy=121 r=6 color=(255,101,50,255) layerW=512 layerH=512
[stampHardRound] cx=243 cy=121 r=6 color=(255,101,50,255) layerW=512 layerH=512
[MOUSE_MOVE] drawing=true tool=0 drawing at (586.0,203.0)
[handleDrawing] tool=0 brushType=0 eraserSize=12.0 eraserOp=1.00 layer=0x5e2e67ee0d30
[stampHardRound] cx=243 cy=121 r=6 color=(255,101,50,255) layerW=512 layerH=512
[stampHardRound] cx=242 cy=121 r=6 color=(255,101,50,255) layerW=512 layerH=512
[stampHardRound] cx=242 cy=121 r=6 color=(255,101,50,255) layerW=512 layerH=512
[MOUSE_MOVE] drawing=true tool=0 drawing at (583.0,203.0)
[handleDrawing] tool=0 brushType=0 eraserSize=12.0 eraserOp=1.00 layer=0x5e2e67ee0d30
[stampHardRound] cx=242 cy=121 r=6 color=(255,101,50,255) layerW=512 layerH=512
[stampHardRound] cx=239 cy=121 r=6 color=(255,101,50,255) layerW=512 layerH=512
[stampHardRound] cx=239 cy=121 r=6 color=(255,101,50,255) layerW=512 layerH=512
[MOUSE_MOVE] drawing=true tool=0 drawing at (582.0,203.0)
[handleDrawing] tool=0 brushType=0 eraserSize=12.0 eraserOp=1.00 layer=0x5e2e67ee0d30
[stampHardRound] cx=239 cy=121 r=6 color=(255,101,50,255) layerW=512 layerH=512
[stampHardRound] cx=238 cy=121 r=6 color=(255,101,50,255) layerW=512 layerH=512
[stampHardRound] cx=238 cy=121 r=6 color=(255,101,50,255) layerW=512 layerH=512
[CANVAS_UPDATE] recompositing (frameDirty=1 canvasDirty=0)
[CANVAS_UPDATE] sample pixel (207,154): rgba=(0,0,0,0)
[MOUSE_MOVE] drawing=true tool=0 drawing at (581.0,203.0)
[handleDrawing] tool=0 brushType=0 eraserSize=12.0 eraserOp=1.00 layer=0x5e2e67ee0d30
[stampHardRound] cx=238 cy=121 r=6 color=(255,101,50,255) layerW=512 layerH=512
[stampHardRound] cx=237 cy=121 r=6 color=(255,101,50,255) layerW=512 layerH=512
[stampHardRound] cx=237 cy=121 r=6 color=(255,101,50,255) layerW=512 layerH=512
[MOUSE_MOVE] drawing=true tool=0 drawing at (578.0,203.0)
[handleDrawing] tool=0 brushType=0 eraserSize=12.0 eraserOp=1.00 layer=0x5e2e67ee0d30
[stampHardRound] cx=237 cy=121 r=6 color=(255,101,50,255) layerW=512 layerH=512
[stampHardRound] cx=234 cy=121 r=6 color=(255,101,50,255) layerW=512 layerH=512
[stampHardRound] cx=234 cy=121 r=6 color=(255,101,50,255) layerW=512 layerH=512
[MOUSE_MOVE] drawing=true tool=0 drawing at (577.0,203.0)
[handleDrawing] tool=0 brushType=0 eraserSize=12.0 eraserOp=1.00 layer=0x5e2e67ee0d30
[stampHardRound] cx=234 cy=121 r=6 color=(255,101,50,255) layerW=512 layerH=512
[stampHardRound] cx=233 cy=121 r=6 color=(255,101,50,255) layerW=512 layerH=512
[stampHardRound] cx=233 cy=121 r=6 color=(255,101,50,255) layerW=512 layerH=512
[MOUSE_MOVE] drawing=true tool=0 drawing at (576.0,203.0)
[handleDrawing] tool=0 brushType=0 eraserSize=12.0 eraserOp=1.00 layer=0x5e2e67ee0d30
[stampHardRound] cx=233 cy=121 r=6 color=(255,101,50,255) layerW=512 layerH=512
[stampHardRound] cx=232 cy=121 r=6 color=(255,101,50,255) layerW=512 layerH=512
[stampHardRound] cx=232 cy=121 r=6 color=(255,101,50,255) layerW=512 layerH=512
[MOUSE_MOVE] drawing=true tool=0 drawing at (573.0,203.0)
[handleDrawing] tool=0 brushType=0 eraserSize=12.0 eraserOp=1.00 layer=0x5e2e67ee0d30
[stampHardRound] cx=232 cy=121 r=6 color=(255,101,50,255) layerW=512 layerH=512
[stampHardRound] cx=229 cy=121 r=6 color=(255,101,50,255) layerW=512 layerH=512
[stampHardRound] cx=229 cy=121 r=6 color=(255,101,50,255) layerW=512 layerH=512
[MOUSE_MOVE] drawing=true tool=0 drawing at (571.0,203.0)
[handleDrawing] tool=0 brushType=0 eraserSize=12.0 eraserOp=1.00 layer=0x5e2e67ee0d30
[stampHardRound] cx=229 cy=121 r=6 color=(255,101,50,255) layerW=512 layerH=512
[stampHardRound] cx=227 cy=121 r=6 color=(255,101,50,255) layerW=512 layerH=512
[stampHardRound] cx=227 cy=121 r=6 color=(255,101,50,255) layerW=512 layerH=512
[MOUSE_MOVE] drawing=true tool=0 drawing at (569.0,204.0)
[handleDrawing] tool=0 brushType=0 eraserSize=12.0 eraserOp=1.00 layer=0x5e2e67ee0d30
[stampHardRound] cx=227 cy=121 r=6 color=(255,101,50,255) layerW=512 layerH=512
[stampHardRound] cx=225 cy=122 r=6 color=(255,101,50,255) layerW=512 layerH=512
[stampHardRound] cx=225 cy=122 r=6 color=(255,101,50,255) layerW=512 layerH=512
[MOUSE_MOVE] drawing=true tool=0 drawing at (567.0,204.0)
[handleDrawing] tool=0 brushType=0 eraserSize=12.0 eraserOp=1.00 layer=0x5e2e67ee0d30
[stampHardRound] cx=225 cy=122 r=6 color=(255,101,50,255) layerW=512 layerH=512
[stampHardRound] cx=223 cy=122 r=6 color=(255,101,50,255) layerW=512 layerH=512
[stampHardRound] cx=223 cy=122 r=6 color=(255,101,50,255) layerW=512 layerH=512
[CANVAS_UPDATE] recompositing (frameDirty=1 canvasDirty=0)
[CANVAS_UPDATE] sample pixel (207,154): rgba=(0,0,0,0)
[MOUSE_MOVE] drawing=true tool=0 drawing at (564.0,204.0)
[handleDrawing] tool=0 brushType=0 eraserSize=12.0 eraserOp=1.00 layer=0x5e2e67ee0d30
[stampHardRound] cx=223 cy=122 r=6 color=(255,101,50,255) layerW=512 layerH=512
[stampHardRound] cx=220 cy=122 r=6 color=(255,101,50,255) layerW=512 layerH=512
[stampHardRound] cx=220 cy=122 r=6 color=(255,101,50,255) layerW=512 layerH=512
[MOUSE_MOVE] drawing=true tool=0 drawing at (563.0,206.0)
[handleDrawing] tool=0 brushType=0 eraserSize=12.0 eraserOp=1.00 layer=0x5e2e67ee0d30
[stampHardRound] cx=220 cy=122 r=6 color=(255,101,50,255) layerW=512 layerH=512
[stampHardRound] cx=219 cy=124 r=6 color=(255,101,50,255) layerW=512 layerH=512
[stampHardRound] cx=219 cy=124 r=6 color=(255,101,50,255) layerW=512 layerH=512
[MOUSE_MOVE] drawing=true tool=0 drawing at (562.0,206.0)
[handleDrawing] tool=0 brushType=0 eraserSize=12.0 eraserOp=1.00 layer=0x5e2e67ee0d30
[stampHardRound] cx=219 cy=124 r=6 color=(255,101,50,255) layerW=512 layerH=512
[stampHardRound] cx=218 cy=124 r=6 color=(255,101,50,255) layerW=512 layerH=512
[stampHardRound] cx=218 cy=124 r=6 color=(255,101,50,255) layerW=512 layerH=512
[MOUSE_MOVE] drawing=true tool=0 drawing at (557.0,207.0)
[handleDrawing] tool=0 brushType=0 eraserSize=12.0 eraserOp=1.00 layer=0x5e2e67ee0d30
[stampHardRound] cx=218 cy=124 r=6 color=(255,101,50,255) layerW=512 layerH=512
[stampHardRound] cx=216 cy=125 r=6 color=(255,101,50,255) layerW=512 layerH=512
[stampHardRound] cx=213 cy=125 r=6 color=(255,101,50,255) layerW=512 layerH=512
[stampHardRound] cx=213 cy=125 r=6 color=(255,101,50,255) layerW=512 layerH=512
[MOUSE_MOVE] drawing=true tool=0 drawing at (555.0,207.0)
[handleDrawing] tool=0 brushType=0 eraserSize=12.0 eraserOp=1.00 layer=0x5e2e67ee0d30
[stampHardRound] cx=213 cy=125 r=6 color=(255,101,50,255) layerW=512 layerH=512
[stampHardRound] cx=211 cy=125 r=6 color=(255,101,50,255) layerW=512 layerH=512
[stampHardRound] cx=211 cy=125 r=6 color=(255,101,50,255) layerW=512 layerH=512
[MOUSE_MOVE] drawing=true tool=0 drawing at (554.0,207.0)
[handleDrawing] tool=0 brushType=0 eraserSize=12.0 eraserOp=1.00 layer=0x5e2e67ee0d30
[stampHardRound] cx=211 cy=125 r=6 color=(255,101,50,255) layerW=512 layerH=512
[stampHardRound] cx=210 cy=125 r=6 color=(255,101,50,255) layerW=512 layerH=512
[stampHardRound] cx=210 cy=125 r=6 color=(255,101,50,255) layerW=512 layerH=512
[MOUSE_MOVE] drawing=true tool=0 drawing at (549.0,209.0)
[handleDrawing] tool=0 brushType=0 eraserSize=12.0 eraserOp=1.00 layer=0x5e2e67ee0d30
[stampHardRound] cx=210 cy=125 r=6 color=(255,101,50,255) layerW=512 layerH=512
[stampHardRound] cx=208 cy=126 r=6 color=(255,101,50,255) layerW=512 layerH=512
[stampHardRound] cx=205 cy=127 r=6 color=(255,101,50,255) layerW=512 layerH=512
[stampHardRound] cx=205 cy=127 r=6 color=(255,101,50,255) layerW=512 layerH=512
[MOUSE_MOVE] drawing=true tool=0 drawing at (547.0,211.0)
[handleDrawing] tool=0 brushType=0 eraserSize=12.0 eraserOp=1.00 layer=0x5e2e67ee0d30
[stampHardRound] cx=205 cy=127 r=6 color=(255,101,50,255) layerW=512 layerH=512
[stampHardRound] cx=203 cy=129 r=6 color=(255,101,50,255) layerW=512 layerH=512
[stampHardRound] cx=203 cy=129 r=6 color=(255,101,50,255) layerW=512 layerH=512
[MOUSE_MOVE] drawing=true tool=0 drawing at (546.0,211.0)
[handleDrawing] tool=0 brushType=0 eraserSize=12.0 eraserOp=1.00 layer=0x5e2e67ee0d30
[stampHardRound] cx=203 cy=129 r=6 color=(255,101,50,255) layerW=512 layerH=512
[stampHardRound] cx=202 cy=129 r=6 color=(255,101,50,255) layerW=512 layerH=512
[stampHardRound] cx=202 cy=129 r=6 color=(255,101,50,255) layerW=512 layerH=512
[CANVAS_UPDATE] recompositing (frameDirty=1 canvasDirty=0)
[CANVAS_UPDATE] sample pixel (207,154): rgba=(0,0,0,0)
[MOUSE_MOVE] drawing=true tool=0 drawing at (543.0,212.0)
[handleDrawing] tool=0 brushType=0 eraserSize=12.0 eraserOp=1.00 layer=0x5e2e67ee0d30
[stampHardRound] cx=202 cy=129 r=6 color=(255,101,50,255) layerW=512 layerH=512
[stampHardRound] cx=201 cy=130 r=6 color=(255,101,50,255) layerW=512 layerH=512
[stampHardRound] cx=199 cy=130 r=6 color=(255,101,50,255) layerW=512 layerH=512
[stampHardRound] cx=199 cy=130 r=6 color=(255,101,50,255) layerW=512 layerH=512
[MOUSE_MOVE] drawing=true tool=0 drawing at (541.0,214.0)
[handleDrawing] tool=0 brushType=0 eraserSize=12.0 eraserOp=1.00 layer=0x5e2e67ee0d30
[stampHardRound] cx=199 cy=130 r=6 color=(255,101,50,255) layerW=512 layerH=512
[stampHardRound] cx=197 cy=132 r=6 color=(255,101,50,255) layerW=512 layerH=512
[stampHardRound] cx=197 cy=132 r=6 color=(255,101,50,255) layerW=512 layerH=512
[MOUSE_MOVE] drawing=true tool=0 drawing at (540.0,214.0)
[handleDrawing] tool=0 brushType=0 eraserSize=12.0 eraserOp=1.00 layer=0x5e2e67ee0d30
[stampHardRound] cx=197 cy=132 r=6 color=(255,101,50,255) layerW=512 layerH=512
[stampHardRound] cx=196 cy=132 r=6 color=(255,101,50,255) layerW=512 layerH=512
[stampHardRound] cx=196 cy=132 r=6 color=(255,101,50,255) layerW=512 layerH=512
[MOUSE_MOVE] drawing=true tool=0 drawing at (539.0,214.0)
[handleDrawing] tool=0 brushType=0 eraserSize=12.0 eraserOp=1.00 layer=0x5e2e67ee0d30
[stampHardRound] cx=196 cy=132 r=6 color=(255,101,50,255) layerW=512 layerH=512
[stampHardRound] cx=195 cy=132 r=6 color=(255,101,50,255) layerW=512 layerH=512
[stampHardRound] cx=195 cy=132 r=6 color=(255,101,50,255) layerW=512 layerH=512
[MOUSE_MOVE] drawing=true tool=0 drawing at (536.0,215.0)
[handleDrawing] tool=0 brushType=0 eraserSize=12.0 eraserOp=1.00 layer=0x5e2e67ee0d30
[stampHardRound] cx=195 cy=132 r=6 color=(255,101,50,255) layerW=512 layerH=512
[stampHardRound] cx=194 cy=133 r=6 color=(255,101,50,255) layerW=512 layerH=512
[stampHardRound] cx=192 cy=133 r=6 color=(255,101,50,255) layerW=512 layerH=512
[stampHardRound] cx=192 cy=133 r=6 color=(255,101,50,255) layerW=512 layerH=512
[MOUSE_MOVE] drawing=true tool=0 drawing at (535.0,215.0)
[handleDrawing] tool=0 brushType=0 eraserSize=12.0 eraserOp=1.00 layer=0x5e2e67ee0d30
[stampHardRound] cx=192 cy=133 r=6 color=(255,101,50,255) layerW=512 layerH=512
[stampHardRound] cx=191 cy=133 r=6 color=(255,101,50,255) layerW=512 layerH=512
[stampHardRound] cx=191 cy=133 r=6 color=(255,101,50,255) layerW=512 layerH=512
[MOUSE_MOVE] drawing=true tool=0 drawing at (534.0,216.0)
[handleDrawing] tool=0 brushType=0 eraserSize=12.0 eraserOp=1.00 layer=0x5e2e67ee0d30
[stampHardRound] cx=191 cy=133 r=6 color=(255,101,50,255) layerW=512 layerH=512
[stampHardRound] cx=190 cy=134 r=6 color=(255,101,50,255) layerW=512 layerH=512
[stampHardRound] cx=190 cy=134 r=6 color=(255,101,50,255) layerW=512 layerH=512
[MOUSE_MOVE] drawing=true tool=0 drawing at (530.0,218.0)
[handleDrawing] tool=0 brushType=0 eraserSize=12.0 eraserOp=1.00 layer=0x5e2e67ee0d30
[stampHardRound] cx=190 cy=134 r=6 color=(255,101,50,255) layerW=512 layerH=512
[stampHardRound] cx=188 cy=135 r=6 color=(255,101,50,255) layerW=512 layerH=512
[stampHardRound] cx=186 cy=136 r=6 color=(255,101,50,255) layerW=512 layerH=512
[stampHardRound] cx=186 cy=136 r=6 color=(255,101,50,255) layerW=512 layerH=512
[CANVAS_UPDATE] recompositing (frameDirty=1 canvasDirty=0)
[CANVAS_UPDATE] sample pixel (207,154): rgba=(0,0,0,0)
[MOUSE_MOVE] drawing=true tool=0 drawing at (529.0,218.0)
[handleDrawing] tool=0 brushType=0 eraserSize=12.0 eraserOp=1.00 layer=0x5e2e67ee0d30
[stampHardRound] cx=186 cy=136 r=6 color=(255,101,50,255) layerW=512 layerH=512
[stampHardRound] cx=185 cy=136 r=6 color=(255,101,50,255) layerW=512 layerH=512
[stampHardRound] cx=185 cy=136 r=6 color=(255,101,50,255) layerW=512 layerH=512
[MOUSE_MOVE] drawing=true tool=0 drawing at (528.0,219.0)
[handleDrawing] tool=0 brushType=0 eraserSize=12.0 eraserOp=1.00 layer=0x5e2e67ee0d30
[stampHardRound] cx=185 cy=136 r=6 color=(255,101,50,255) layerW=512 layerH=512
[stampHardRound] cx=184 cy=137 r=6 color=(255,101,50,255) layerW=512 layerH=512
[stampHardRound] cx=184 cy=137 r=6 color=(255,101,50,255) layerW=512 layerH=512
[MOUSE_MOVE] drawing=true tool=0 drawing at (525.0,221.0)
[handleDrawing] tool=0 brushType=0 eraserSize=12.0 eraserOp=1.00 layer=0x5e2e67ee0d30
[stampHardRound] cx=184 cy=137 r=6 color=(255,101,50,255) layerW=512 layerH=512
[stampHardRound] cx=183 cy=138 r=6 color=(255,101,50,255) layerW=512 layerH=512
[stampHardRound] cx=181 cy=139 r=6 color=(255,101,50,255) layerW=512 layerH=512
[stampHardRound] cx=181 cy=139 r=6 color=(255,101,50,255) layerW=512 layerH=512
[MOUSE_MOVE] drawing=true tool=0 drawing at (523.0,221.0)
[handleDrawing] tool=0 brushType=0 eraserSize=12.0 eraserOp=1.00 layer=0x5e2e67ee0d30
[stampHardRound] cx=181 cy=139 r=6 color=(255,101,50,255) layerW=512 layerH=512
[stampHardRound] cx=179 cy=139 r=6 color=(255,101,50,255) layerW=512 layerH=512
[stampHardRound] cx=179 cy=139 r=6 color=(255,101,50,255) layerW=512 layerH=512
[MOUSE_MOVE] drawing=true tool=0 drawing at (522.0,222.0)
[handleDrawing] tool=0 brushType=0 eraserSize=12.0 eraserOp=1.00 layer=0x5e2e67ee0d30
[stampHardRound] cx=179 cy=139 r=6 color=(255,101,50,255) layerW=512 layerH=512
[stampHardRound] cx=178 cy=140 r=6 color=(255,101,50,255) layerW=512 layerH=512
[stampHardRound] cx=178 cy=140 r=6 color=(255,101,50,255) layerW=512 layerH=512
[MOUSE_MOVE] drawing=true tool=0 drawing at (521.0,223.0)
[handleDrawing] tool=0 brushType=0 eraserSize=12.0 eraserOp=1.00 layer=0x5e2e67ee0d30
[stampHardRound] cx=178 cy=140 r=6 color=(255,101,50,255) layerW=512 layerH=512
[stampHardRound] cx=177 cy=141 r=6 color=(255,101,50,255) layerW=512 layerH=512
[stampHardRound] cx=177 cy=141 r=6 color=(255,101,50,255) layerW=512 layerH=512
[CANVAS_UPDATE] recompositing (frameDirty=1 canvasDirty=0)
[CANVAS_UPDATE] sample pixel (207,154): rgba=(0,0,0,0)
[MOUSE_MOVE] drawing=true tool=0 drawing at (521.0,224.0)
[handleDrawing] tool=0 brushType=0 eraserSize=12.0 eraserOp=1.00 layer=0x5e2e67ee0d30
[stampHardRound] cx=177 cy=141 r=6 color=(255,101,50,255) layerW=512 layerH=512
[stampHardRound] cx=177 cy=142 r=6 color=(255,101,50,255) layerW=512 layerH=512
[stampHardRound] cx=177 cy=142 r=6 color=(255,101,50,255) layerW=512 layerH=512
[CANVAS_UPDATE] recompositing (frameDirty=1 canvasDirty=0)
[CANVAS_UPDATE] sample pixel (207,154): rgba=(0,0,0,0)
[MOUSE_MOVE] drawing=true tool=0 drawing at (522.0,225.0)
[handleDrawing] tool=0 brushType=0 eraserSize=12.0 eraserOp=1.00 layer=0x5e2e67ee0d30
[stampHardRound] cx=177 cy=142 r=6 color=(255,101,50,255) layerW=512 layerH=512
[stampHardRound] cx=178 cy=143 r=6 color=(255,101,50,255) layerW=512 layerH=512
[stampHardRound] cx=178 cy=143 r=6 color=(255,101,50,255) layerW=512 layerH=512
[MOUSE_MOVE] drawing=true tool=0 drawing at (524.0,226.0)
[handleDrawing] tool=0 brushType=0 eraserSize=12.0 eraserOp=1.00 layer=0x5e2e67ee0d30
[stampHardRound] cx=178 cy=143 r=6 color=(255,101,50,255) layerW=512 layerH=512
[stampHardRound] cx=180 cy=144 r=6 color=(255,101,50,255) layerW=512 layerH=512
[stampHardRound] cx=180 cy=144 r=6 color=(255,101,50,255) layerW=512 layerH=512
[MOUSE_MOVE] drawing=true tool=0 drawing at (525.0,227.0)
[handleDrawing] tool=0 brushType=0 eraserSize=12.0 eraserOp=1.00 layer=0x5e2e67ee0d30
[stampHardRound] cx=180 cy=144 r=6 color=(255,101,50,255) layerW=512 layerH=512
[stampHardRound] cx=181 cy=145 r=6 color=(255,101,50,255) layerW=512 layerH=512
[stampHardRound] cx=181 cy=145 r=6 color=(255,101,50,255) layerW=512 layerH=512
[MOUSE_MOVE] drawing=true tool=0 drawing at (528.0,227.0)
[handleDrawing] tool=0 brushType=0 eraserSize=12.0 eraserOp=1.00 layer=0x5e2e67ee0d30
[stampHardRound] cx=181 cy=145 r=6 color=(255,101,50,255) layerW=512 layerH=512
[stampHardRound] cx=184 cy=145 r=6 color=(255,101,50,255) layerW=512 layerH=512
[stampHardRound] cx=184 cy=145 r=6 color=(255,101,50,255) layerW=512 layerH=512
[CANVAS_UPDATE] recompositing (frameDirty=1 canvasDirty=0)
[CANVAS_UPDATE] sample pixel (207,154): rgba=(0,0,0,0)
[MOUSE_MOVE] drawing=true tool=0 drawing at (530.0,229.0)
[handleDrawing] tool=0 brushType=0 eraserSize=12.0 eraserOp=1.00 layer=0x5e2e67ee0d30
[stampHardRound] cx=184 cy=145 r=6 color=(255,101,50,255) layerW=512 layerH=512
[stampHardRound] cx=186 cy=147 r=6 color=(255,101,50,255) layerW=512 layerH=512
[stampHardRound] cx=186 cy=147 r=6 color=(255,101,50,255) layerW=512 layerH=512
[MOUSE_MOVE] drawing=true tool=0 drawing at (531.0,229.0)
[handleDrawing] tool=0 brushType=0 eraserSize=12.0 eraserOp=1.00 layer=0x5e2e67ee0d30
[stampHardRound] cx=186 cy=147 r=6 color=(255,101,50,255) layerW=512 layerH=512
[stampHardRound] cx=187 cy=147 r=6 color=(255,101,50,255) layerW=512 layerH=512
[stampHardRound] cx=187 cy=147 r=6 color=(255,101,50,255) layerW=512 layerH=512
[MOUSE_MOVE] drawing=true tool=0 drawing at (536.0,230.0)
[handleDrawing] tool=0 brushType=0 eraserSize=12.0 eraserOp=1.00 layer=0x5e2e67ee0d30
[stampHardRound] cx=187 cy=147 r=6 color=(255,101,50,255) layerW=512 layerH=512
[stampHardRound] cx=190 cy=148 r=6 color=(255,101,50,255) layerW=512 layerH=512
[stampHardRound] cx=192 cy=148 r=6 color=(255,101,50,255) layerW=512 layerH=512
[stampHardRound] cx=192 cy=148 r=6 color=(255,101,50,255) layerW=512 layerH=512
[MOUSE_MOVE] drawing=true tool=0 drawing at (538.0,232.0)
[handleDrawing] tool=0 brushType=0 eraserSize=12.0 eraserOp=1.00 layer=0x5e2e67ee0d30
[stampHardRound] cx=192 cy=148 r=6 color=(255,101,50,255) layerW=512 layerH=512
[stampHardRound] cx=194 cy=150 r=6 color=(255,101,50,255) layerW=512 layerH=512
[stampHardRound] cx=194 cy=150 r=6 color=(255,101,50,255) layerW=512 layerH=512
[MOUSE_MOVE] drawing=true tool=0 drawing at (541.0,234.0)
[handleDrawing] tool=0 brushType=0 eraserSize=12.0 eraserOp=1.00 layer=0x5e2e67ee0d30
[stampHardRound] cx=194 cy=150 r=6 color=(255,101,50,255) layerW=512 layerH=512
[stampHardRound] cx=196 cy=151 r=6 color=(255,101,50,255) layerW=512 layerH=512
[stampHardRound] cx=197 cy=152 r=6 color=(255,101,50,255) layerW=512 layerH=512
[stampHardRound] cx=197 cy=152 r=6 color=(255,101,50,255) layerW=512 layerH=512
[MOUSE_MOVE] drawing=true tool=0 drawing at (547.0,234.0)
[handleDrawing] tool=0 brushType=0 eraserSize=12.0 eraserOp=1.00 layer=0x5e2e67ee0d30
[stampHardRound] cx=197 cy=152 r=6 color=(255,101,50,255) layerW=512 layerH=512
[stampHardRound] cx=200 cy=152 r=6 color=(255,101,50,255) layerW=512 layerH=512
[stampHardRound] cx=203 cy=152 r=6 color=(255,101,50,255) layerW=512 layerH=512
[stampHardRound] cx=203 cy=152 r=6 color=(255,101,50,255) layerW=512 layerH=512
[MOUSE_MOVE] drawing=true tool=0 drawing at (551.0,235.0)
[handleDrawing] tool=0 brushType=0 eraserSize=12.0 eraserOp=1.00 layer=0x5e2e67ee0d30
[stampHardRound] cx=203 cy=152 r=6 color=(255,101,50,255) layerW=512 layerH=512
[stampHardRound] cx=205 cy=153 r=6 color=(255,101,50,255) layerW=512 layerH=512
[stampHardRound] cx=207 cy=153 r=6 color=(255,101,50,255) layerW=512 layerH=512
[stampHardRound] cx=207 cy=153 r=6 color=(255,101,50,255) layerW=512 layerH=512
[MOUSE_MOVE] drawing=true tool=0 drawing at (552.0,235.0)
[handleDrawing] tool=0 brushType=0 eraserSize=12.0 eraserOp=1.00 layer=0x5e2e67ee0d30
[stampHardRound] cx=207 cy=153 r=6 color=(255,101,50,255) layerW=512 layerH=512
[stampHardRound] cx=208 cy=153 r=6 color=(255,101,50,255) layerW=512 layerH=512
[stampHardRound] cx=208 cy=153 r=6 color=(255,101,50,255) layerW=512 layerH=512
[MOUSE_MOVE] drawing=true tool=0 drawing at (555.0,235.0)
[handleDrawing] tool=0 brushType=0 eraserSize=12.0 eraserOp=1.00 layer=0x5e2e67ee0d30
[stampHardRound] cx=208 cy=153 r=6 color=(255,101,50,255) layerW=512 layerH=512
[stampHardRound] cx=211 cy=153 r=6 color=(255,101,50,255) layerW=512 layerH=512
[stampHardRound] cx=211 cy=153 r=6 color=(255,101,50,255) layerW=512 layerH=512
[CANVAS_UPDATE] recompositing (frameDirty=1 canvasDirty=0)
[CANVAS_UPDATE] sample pixel (207,154): rgba=(255,101,50,255)
[MOUSE_MOVE] drawing=true tool=0 drawing at (556.0,235.0)
[handleDrawing] tool=0 brushType=0 eraserSize=12.0 eraserOp=1.00 layer=0x5e2e67ee0d30
[stampHardRound] cx=211 cy=153 r=6 color=(255,101,50,255) layerW=512 layerH=512
[stampHardRound] cx=212 cy=153 r=6 color=(255,101,50,255) layerW=512 layerH=512
[stampHardRound] cx=212 cy=153 r=6 color=(255,101,50,255) layerW=512 layerH=512
[MOUSE_MOVE] drawing=true tool=0 drawing at (558.0,235.0)
[handleDrawing] tool=0 brushType=0 eraserSize=12.0 eraserOp=1.00 layer=0x5e2e67ee0d30
[stampHardRound] cx=212 cy=153 r=6 color=(255,101,50,255) layerW=512 layerH=512
[stampHardRound] cx=214 cy=153 r=6 color=(255,101,50,255) layerW=512 layerH=512
[stampHardRound] cx=214 cy=153 r=6 color=(255,101,50,255) layerW=512 layerH=512
[MOUSE_MOVE] drawing=true tool=0 drawing at (561.0,235.0)
[handleDrawing] tool=0 brushType=0 eraserSize=12.0 eraserOp=1.00 layer=0x5e2e67ee0d30
[stampHardRound] cx=214 cy=153 r=6 color=(255,101,50,255) layerW=512 layerH=512
[stampHardRound] cx=217 cy=153 r=6 color=(255,101,50,255) layerW=512 layerH=512
[stampHardRound] cx=217 cy=153 r=6 color=(255,101,50,255) layerW=512 layerH=512
[MOUSE_MOVE] drawing=true tool=0 drawing at (565.0,235.0)
[handleDrawing] tool=0 brushType=0 eraserSize=12.0 eraserOp=1.00 layer=0x5e2e67ee0d30
[stampHardRound] cx=217 cy=153 r=6 color=(255,101,50,255) layerW=512 layerH=512
[stampHardRound] cx=219 cy=153 r=6 color=(255,101,50,255) layerW=512 layerH=512
[stampHardRound] cx=221 cy=153 r=6 color=(255,101,50,255) layerW=512 layerH=512
[stampHardRound] cx=221 cy=153 r=6 color=(255,101,50,255) layerW=512 layerH=512
[MOUSE_MOVE] drawing=true tool=0 drawing at (568.0,237.0)
[handleDrawing] tool=0 brushType=0 eraserSize=12.0 eraserOp=1.00 layer=0x5e2e67ee0d30
[stampHardRound] cx=221 cy=153 r=6 color=(255,101,50,255) layerW=512 layerH=512
[stampHardRound] cx=223 cy=154 r=6 color=(255,101,50,255) layerW=512 layerH=512
[stampHardRound] cx=224 cy=155 r=6 color=(255,101,50,255) layerW=512 layerH=512
[stampHardRound] cx=224 cy=155 r=6 color=(255,101,50,255) layerW=512 layerH=512
[MOUSE_MOVE] drawing=true tool=0 drawing at (572.0,237.0)
[handleDrawing] tool=0 brushType=0 eraserSize=12.0 eraserOp=1.00 layer=0x5e2e67ee0d30
[stampHardRound] cx=224 cy=155 r=6 color=(255,101,50,255) layerW=512 layerH=512
[stampHardRound] cx=226 cy=155 r=6 color=(255,101,50,255) layerW=512 layerH=512
[stampHardRound] cx=228 cy=155 r=6 color=(255,101,50,255) layerW=512 layerH=512
[stampHardRound] cx=228 cy=155 r=6 color=(255,101,50,255) layerW=512 layerH=512
[MOUSE_MOVE] drawing=true tool=0 drawing at (575.0,237.0)
[handleDrawing] tool=0 brushType=0 eraserSize=12.0 eraserOp=1.00 layer=0x5e2e67ee0d30
[stampHardRound] cx=228 cy=155 r=6 color=(255,101,50,255) layerW=512 layerH=512
[stampHardRound] cx=231 cy=155 r=6 color=(255,101,50,255) layerW=512 layerH=512
[stampHardRound] cx=231 cy=155 r=6 color=(255,101,50,255) layerW=512 layerH=512
[CANVAS_UPDATE] recompositing (frameDirty=1 canvasDirty=0)
[CANVAS_UPDATE] sample pixel (207,154): rgba=(255,101,50,255)
[MOUSE_MOVE] drawing=true tool=0 drawing at (578.0,239.0)
[handleDrawing] tool=0 brushType=0 eraserSize=12.0 eraserOp=1.00 layer=0x5e2e67ee0d30
[stampHardRound] cx=231 cy=155 r=6 color=(255,101,50,255) layerW=512 layerH=512
[stampHardRound] cx=233 cy=156 r=6 color=(255,101,50,255) layerW=512 layerH=512
[stampHardRound] cx=234 cy=157 r=6 color=(255,101,50,255) layerW=512 layerH=512
[stampHardRound] cx=234 cy=157 r=6 color=(255,101,50,255) layerW=512 layerH=512
[MOUSE_MOVE] drawing=true tool=0 drawing at (584.0,239.0)
[handleDrawing] tool=0 brushType=0 eraserSize=12.0 eraserOp=1.00 layer=0x5e2e67ee0d30
[stampHardRound] cx=234 cy=157 r=6 color=(255,101,50,255) layerW=512 layerH=512
[stampHardRound] cx=237 cy=157 r=6 color=(255,101,50,255) layerW=512 layerH=512
[stampHardRound] cx=240 cy=157 r=6 color=(255,101,50,255) layerW=512 layerH=512
[stampHardRound] cx=240 cy=157 r=6 color=(255,101,50,255) layerW=512 layerH=512
[MOUSE_MOVE] drawing=true tool=0 drawing at (586.0,239.0)
[handleDrawing] tool=0 brushType=0 eraserSize=12.0 eraserOp=1.00 layer=0x5e2e67ee0d30
[stampHardRound] cx=240 cy=157 r=6 color=(255,101,50,255) layerW=512 layerH=512
[stampHardRound] cx=242 cy=157 r=6 color=(255,101,50,255) layerW=512 layerH=512
[stampHardRound] cx=242 cy=157 r=6 color=(255,101,50,255) layerW=512 layerH=512
[MOUSE_MOVE] drawing=true tool=0 drawing at (589.0,239.0)
[handleDrawing] tool=0 brushType=0 eraserSize=12.0 eraserOp=1.00 layer=0x5e2e67ee0d30
[stampHardRound] cx=242 cy=157 r=6 color=(255,101,50,255) layerW=512 layerH=512
[stampHardRound] cx=245 cy=157 r=6 color=(255,101,50,255) layerW=512 layerH=512
[stampHardRound] cx=245 cy=157 r=6 color=(255,101,50,255) layerW=512 layerH=512
[MOUSE_MOVE] drawing=true tool=0 drawing at (592.0,239.0)
[handleDrawing] tool=0 brushType=0 eraserSize=12.0 eraserOp=1.00 layer=0x5e2e67ee0d30
[stampHardRound] cx=245 cy=157 r=6 color=(255,101,50,255) layerW=512 layerH=512
[stampHardRound] cx=248 cy=157 r=6 color=(255,101,50,255) layerW=512 layerH=512
[stampHardRound] cx=248 cy=157 r=6 color=(255,101,50,255) layerW=512 layerH=512
[MOUSE_MOVE] drawing=true tool=0 drawing at (595.0,239.0)
[handleDrawing] tool=0 brushType=0 eraserSize=12.0 eraserOp=1.00 layer=0x5e2e67ee0d30
[stampHardRound] cx=248 cy=157 r=6 color=(255,101,50,255) layerW=512 layerH=512
[stampHardRound] cx=251 cy=157 r=6 color=(255,101,50,255) layerW=512 layerH=512
[stampHardRound] cx=251 cy=157 r=6 color=(255,101,50,255) layerW=512 layerH=512
[MOUSE_MOVE] drawing=true tool=0 drawing at (599.0,239.0)
[handleDrawing] tool=0 brushType=0 eraserSize=12.0 eraserOp=1.00 layer=0x5e2e67ee0d30
[stampHardRound] cx=251 cy=157 r=6 color=(255,101,50,255) layerW=512 layerH=512
[stampHardRound] cx=253 cy=157 r=6 color=(255,101,50,255) layerW=512 layerH=512
[stampHardRound] cx=255 cy=157 r=6 color=(255,101,50,255) layerW=512 layerH=512
[stampHardRound] cx=255 cy=157 r=6 color=(255,101,50,255) layerW=512 layerH=512
[MOUSE_MOVE] drawing=true tool=0 drawing at (604.0,239.0)
[handleDrawing] tool=0 brushType=0 eraserSize=12.0 eraserOp=1.00 layer=0x5e2e67ee0d30
[stampHardRound] cx=255 cy=157 r=6 color=(255,101,50,255) layerW=512 layerH=512
[stampHardRound] cx=258 cy=157 r=6 color=(255,101,50,255) layerW=512 layerH=512
[stampHardRound] cx=260 cy=157 r=6 color=(255,101,50,255) layerW=512 layerH=512
[stampHardRound] cx=260 cy=157 r=6 color=(255,101,50,255) layerW=512 layerH=512
[CANVAS_UPDATE] recompositing (frameDirty=1 canvasDirty=0)
[CANVAS_UPDATE] sample pixel (207,154): rgba=(255,101,50,255)
[MOUSE_MOVE] drawing=true tool=0 drawing at (606.0,239.0)
[handleDrawing] tool=0 brushType=0 eraserSize=12.0 eraserOp=1.00 layer=0x5e2e67ee0d30
[stampHardRound] cx=260 cy=157 r=6 color=(255,101,50,255) layerW=512 layerH=512
[stampHardRound] cx=262 cy=157 r=6 color=(255,101,50,255) layerW=512 layerH=512
[stampHardRound] cx=262 cy=157 r=6 color=(255,101,50,255) layerW=512 layerH=512
[MOUSE_MOVE] drawing=true tool=0 drawing at (609.0,239.0)
[handleDrawing] tool=0 brushType=0 eraserSize=12.0 eraserOp=1.00 layer=0x5e2e67ee0d30
[stampHardRound] cx=262 cy=157 r=6 color=(255,101,50,255) layerW=512 layerH=512
[stampHardRound] cx=265 cy=157 r=6 color=(255,101,50,255) layerW=512 layerH=512
[stampHardRound] cx=265 cy=157 r=6 color=(255,101,50,255) layerW=512 layerH=512
[MOUSE_MOVE] drawing=true tool=0 drawing at (614.0,239.0)
[handleDrawing] tool=0 brushType=0 eraserSize=12.0 eraserOp=1.00 layer=0x5e2e67ee0d30
[stampHardRound] cx=265 cy=157 r=6 color=(255,101,50,255) layerW=512 layerH=512
[stampHardRound] cx=268 cy=157 r=6 color=(255,101,50,255) layerW=512 layerH=512
[stampHardRound] cx=270 cy=157 r=6 color=(255,101,50,255) layerW=512 layerH=512
[stampHardRound] cx=270 cy=157 r=6 color=(255,101,50,255) layerW=512 layerH=512
[MOUSE_MOVE] drawing=true tool=0 drawing at (616.0,239.0)
[handleDrawing] tool=0 brushType=0 eraserSize=12.0 eraserOp=1.00 layer=0x5e2e67ee0d30
[stampHardRound] cx=270 cy=157 r=6 color=(255,101,50,255) layerW=512 layerH=512
[stampHardRound] cx=272 cy=157 r=6 color=(255,101,50,255) layerW=512 layerH=512
[stampHardRound] cx=272 cy=157 r=6 color=(255,101,50,255) layerW=512 layerH=512
[MOUSE_MOVE] drawing=true tool=0 drawing at (617.0,239.0)
[handleDrawing] tool=0 brushType=0 eraserSize=12.0 eraserOp=1.00 layer=0x5e2e67ee0d30
[stampHardRound] cx=272 cy=157 r=6 color=(255,101,50,255) layerW=512 layerH=512
[stampHardRound] cx=273 cy=157 r=6 color=(255,101,50,255) layerW=512 layerH=512
[stampHardRound] cx=273 cy=157 r=6 color=(255,101,50,255) layerW=512 layerH=512
[MOUSE_MOVE] drawing=true tool=0 drawing at (618.0,239.0)
[handleDrawing] tool=0 brushType=0 eraserSize=12.0 eraserOp=1.00 layer=0x5e2e67ee0d30
[stampHardRound] cx=273 cy=157 r=6 color=(255,101,50,255) layerW=512 layerH=512
[stampHardRound] cx=274 cy=157 r=6 color=(255,101,50,255) layerW=512 layerH=512
[stampHardRound] cx=274 cy=157 r=6 color=(255,101,50,255) layerW=512 layerH=512
[MOUSE_MOVE] drawing=true tool=0 drawing at (621.0,240.0)
[handleDrawing] tool=0 brushType=0 eraserSize=12.0 eraserOp=1.00 layer=0x5e2e67ee0d30
[stampHardRound] cx=274 cy=157 r=6 color=(255,101,50,255) layerW=512 layerH=512
[stampHardRound] cx=276 cy=158 r=6 color=(255,101,50,255) layerW=512 layerH=512
[stampHardRound] cx=277 cy=158 r=6 color=(255,101,50,255) layerW=512 layerH=512
[stampHardRound] cx=277 cy=158 r=6 color=(255,101,50,255) layerW=512 layerH=512
[MOUSE_MOVE] drawing=true tool=0 drawing at (623.0,240.0)
[handleDrawing] tool=0 brushType=0 eraserSize=12.0 eraserOp=1.00 layer=0x5e2e67ee0d30
[stampHardRound] cx=277 cy=158 r=6 color=(255,101,50,255) layerW=512 layerH=512
[stampHardRound] cx=279 cy=158 r=6 color=(255,101,50,255) layerW=512 layerH=512
[stampHardRound] cx=279 cy=158 r=6 color=(255,101,50,255) layerW=512 layerH=512
[MOUSE_MOVE] drawing=true tool=0 drawing at (624.0,240.0)
[handleDrawing] tool=0 brushType=0 eraserSize=12.0 eraserOp=1.00 layer=0x5e2e67ee0d30
[stampHardRound] cx=279 cy=158 r=6 color=(255,101,50,255) layerW=512 layerH=512
[stampHardRound] cx=280 cy=158 r=6 color=(255,101,50,255) layerW=512 layerH=512
[stampHardRound] cx=280 cy=158 r=6 color=(255,101,50,255) layerW=512 layerH=512
[CANVAS_UPDATE] recompositing (frameDirty=1 canvasDirty=0)
[CANVAS_UPDATE] sample pixel (207,154): rgba=(255,101,50,255)
[MOUSE_MOVE] drawing=true tool=0 drawing at (625.0,240.0)
[handleDrawing] tool=0 brushType=0 eraserSize=12.0 eraserOp=1.00 layer=0x5e2e67ee0d30
[stampHardRound] cx=280 cy=158 r=6 color=(255,101,50,255) layerW=512 layerH=512
[stampHardRound] cx=281 cy=158 r=6 color=(255,101,50,255) layerW=512 layerH=512
[stampHardRound] cx=281 cy=158 r=6 color=(255,101,50,255) layerW=512 layerH=512
[CANVAS_UPDATE] recompositing (frameDirty=1 canvasDirty=0)
[CANVAS_UPDATE] sample pixel (207,154): rgba=(255,101,50,255)
[MOUSE_MOVE] drawing=true tool=0 drawing at (624.0,241.0)
[handleDrawing] tool=0 brushType=0 eraserSize=12.0 eraserOp=1.00 layer=0x5e2e67ee0d30
[stampHardRound] cx=281 cy=158 r=6 color=(255,101,50,255) layerW=512 layerH=512
[stampHardRound] cx=280 cy=159 r=6 color=(255,101,50,255) layerW=512 layerH=512
[stampHardRound] cx=280 cy=159 r=6 color=(255,101,50,255) layerW=512 layerH=512
[MOUSE_MOVE] drawing=true tool=0 drawing at (623.0,241.0)
[handleDrawing] tool=0 brushType=0 eraserSize=12.0 eraserOp=1.00 layer=0x5e2e67ee0d30
[stampHardRound] cx=280 cy=159 r=6 color=(255,101,50,255) layerW=512 layerH=512
[stampHardRound] cx=279 cy=159 r=6 color=(255,101,50,255) layerW=512 layerH=512
[stampHardRound] cx=279 cy=159 r=6 color=(255,101,50,255) layerW=512 layerH=512
[CANVAS_UPDATE] recompositing (frameDirty=1 canvasDirty=0)
[CANVAS_UPDATE] sample pixel (207,154): rgba=(255,101,50,255)
[MOUSE_MOVE] drawing=true tool=0 drawing at (622.0,243.0)
[handleDrawing] tool=0 brushType=0 eraserSize=12.0 eraserOp=1.00 layer=0x5e2e67ee0d30
[stampHardRound] cx=279 cy=159 r=6 color=(255,101,50,255) layerW=512 layerH=512
[stampHardRound] cx=278 cy=161 r=6 color=(255,101,50,255) layerW=512 layerH=512
[stampHardRound] cx=278 cy=161 r=6 color=(255,101,50,255) layerW=512 layerH=512
[MOUSE_MOVE] drawing=true tool=0 drawing at (620.0,244.0)
[handleDrawing] tool=0 brushType=0 eraserSize=12.0 eraserOp=1.00 layer=0x5e2e67ee0d30
[stampHardRound] cx=278 cy=161 r=6 color=(255,101,50,255) layerW=512 layerH=512
[stampHardRound] cx=276 cy=162 r=6 color=(255,101,50,255) layerW=512 layerH=512
[stampHardRound] cx=276 cy=162 r=6 color=(255,101,50,255) layerW=512 layerH=512
[MOUSE_MOVE] drawing=true tool=0 drawing at (619.0,244.0)
[handleDrawing] tool=0 brushType=0 eraserSize=12.0 eraserOp=1.00 layer=0x5e2e67ee0d30
[stampHardRound] cx=276 cy=162 r=6 color=(255,101,50,255) layerW=512 layerH=512
[stampHardRound] cx=275 cy=162 r=6 color=(255,101,50,255) layerW=512 layerH=512
[stampHardRound] cx=275 cy=162 r=6 color=(255,101,50,255) layerW=512 layerH=512
[MOUSE_MOVE] drawing=true tool=0 drawing at (618.0,244.0)
[handleDrawing] tool=0 brushType=0 eraserSize=12.0 eraserOp=1.00 layer=0x5e2e67ee0d30
[stampHardRound] cx=275 cy=162 r=6 color=(255,101,50,255) layerW=512 layerH=512
[stampHardRound] cx=274 cy=162 r=6 color=(255,101,50,255) layerW=512 layerH=512
[stampHardRound] cx=274 cy=162 r=6 color=(255,101,50,255) layerW=512 layerH=512
[MOUSE_MOVE] drawing=true tool=0 drawing at (617.0,245.0)
[handleDrawing] tool=0 brushType=0 eraserSize=12.0 eraserOp=1.00 layer=0x5e2e67ee0d30
[stampHardRound] cx=274 cy=162 r=6 color=(255,101,50,255) layerW=512 layerH=512
[stampHardRound] cx=273 cy=163 r=6 color=(255,101,50,255) layerW=512 layerH=512
[stampHardRound] cx=273 cy=163 r=6 color=(255,101,50,255) layerW=512 layerH=512
[MOUSE_MOVE] drawing=true tool=0 drawing at (616.0,245.0)
[handleDrawing] tool=0 brushType=0 eraserSize=12.0 eraserOp=1.00 layer=0x5e2e67ee0d30
[stampHardRound] cx=273 cy=163 r=6 color=(255,101,50,255) layerW=512 layerH=512
[stampHardRound] cx=272 cy=163 r=6 color=(255,101,50,255) layerW=512 layerH=512
[stampHardRound] cx=272 cy=163 r=6 color=(255,101,50,255) layerW=512 layerH=512
[MOUSE_MOVE] drawing=true tool=0 drawing at (613.0,246.0)
[handleDrawing] tool=0 brushType=0 eraserSize=12.0 eraserOp=1.00 layer=0x5e2e67ee0d30
[stampHardRound] cx=272 cy=163 r=6 color=(255,101,50,255) layerW=512 layerH=512
[stampHardRound] cx=271 cy=164 r=6 color=(255,101,50,255) layerW=512 layerH=512
[stampHardRound] cx=269 cy=164 r=6 color=(255,101,50,255) layerW=512 layerH=512
[stampHardRound] cx=269 cy=164 r=6 color=(255,101,50,255) layerW=512 layerH=512
[CANVAS_UPDATE] recompositing (frameDirty=1 canvasDirty=0)
[CANVAS_UPDATE] sample pixel (207,154): rgba=(255,101,50,255)
[MOUSE_MOVE] drawing=true tool=0 drawing at (611.0,248.0)
[handleDrawing] tool=0 brushType=0 eraserSize=12.0 eraserOp=1.00 layer=0x5e2e67ee0d30
[stampHardRound] cx=269 cy=164 r=6 color=(255,101,50,255) layerW=512 layerH=512
[stampHardRound] cx=267 cy=166 r=6 color=(255,101,50,255) layerW=512 layerH=512
[stampHardRound] cx=267 cy=166 r=6 color=(255,101,50,255) layerW=512 layerH=512
[MOUSE_MOVE] drawing=true tool=0 drawing at (610.0,249.0)
[handleDrawing] tool=0 brushType=0 eraserSize=12.0 eraserOp=1.00 layer=0x5e2e67ee0d30
[stampHardRound] cx=267 cy=166 r=6 color=(255,101,50,255) layerW=512 layerH=512
[stampHardRound] cx=266 cy=167 r=6 color=(255,101,50,255) layerW=512 layerH=512
[stampHardRound] cx=266 cy=167 r=6 color=(255,101,50,255) layerW=512 layerH=512
[MOUSE_MOVE] drawing=true tool=0 drawing at (605.0,251.0)
[handleDrawing] tool=0 brushType=0 eraserSize=12.0 eraserOp=1.00 layer=0x5e2e67ee0d30
[stampHardRound] cx=266 cy=167 r=6 color=(255,101,50,255) layerW=512 layerH=512
[stampHardRound] cx=264 cy=168 r=6 color=(255,101,50,255) layerW=512 layerH=512
[stampHardRound] cx=261 cy=169 r=6 color=(255,101,50,255) layerW=512 layerH=512
[stampHardRound] cx=261 cy=169 r=6 color=(255,101,50,255) layerW=512 layerH=512
[MOUSE_MOVE] drawing=true tool=0 drawing at (603.0,253.0)
[handleDrawing] tool=0 brushType=0 eraserSize=12.0 eraserOp=1.00 layer=0x5e2e67ee0d30
[stampHardRound] cx=261 cy=169 r=6 color=(255,101,50,255) layerW=512 layerH=512
[stampHardRound] cx=259 cy=171 r=6 color=(255,101,50,255) layerW=512 layerH=512
[stampHardRound] cx=259 cy=171 r=6 color=(255,101,50,255) layerW=512 layerH=512
[MOUSE_MOVE] drawing=true tool=0 drawing at (602.0,253.0)
[handleDrawing] tool=0 brushType=0 eraserSize=12.0 eraserOp=1.00 layer=0x5e2e67ee0d30
[stampHardRound] cx=259 cy=171 r=6 color=(255,101,50,255) layerW=512 layerH=512
[stampHardRound] cx=258 cy=171 r=6 color=(255,101,50,255) layerW=512 layerH=512
[stampHardRound] cx=258 cy=171 r=6 color=(255,101,50,255) layerW=512 layerH=512
[MOUSE_MOVE] drawing=true tool=0 drawing at (597.0,254.0)
[handleDrawing] tool=0 brushType=0 eraserSize=12.0 eraserOp=1.00 layer=0x5e2e67ee0d30
[stampHardRound] cx=258 cy=171 r=6 color=(255,101,50,255) layerW=512 layerH=512
[stampHardRound] cx=256 cy=172 r=6 color=(255,101,50,255) layerW=512 layerH=512
[stampHardRound] cx=253 cy=172 r=6 color=(255,101,50,255) layerW=512 layerH=512
[stampHardRound] cx=253 cy=172 r=6 color=(255,101,50,255) layerW=512 layerH=512
[MOUSE_MOVE] drawing=true tool=0 drawing at (595.0,256.0)
[handleDrawing] tool=0 brushType=0 eraserSize=12.0 eraserOp=1.00 layer=0x5e2e67ee0d30
[stampHardRound] cx=253 cy=172 r=6 color=(255,101,50,255) layerW=512 layerH=512
[stampHardRound] cx=251 cy=174 r=6 color=(255,101,50,255) layerW=512 layerH=512
[stampHardRound] cx=251 cy=174 r=6 color=(255,101,50,255) layerW=512 layerH=512
[MOUSE_MOVE] drawing=true tool=0 drawing at (594.0,256.0)
[handleDrawing] tool=0 brushType=0 eraserSize=12.0 eraserOp=1.00 layer=0x5e2e67ee0d30
[stampHardRound] cx=251 cy=174 r=6 color=(255,101,50,255) layerW=512 layerH=512
[stampHardRound] cx=250 cy=174 r=6 color=(255,101,50,255) layerW=512 layerH=512
[stampHardRound] cx=250 cy=174 r=6 color=(255,101,50,255) layerW=512 layerH=512
[MOUSE_MOVE] drawing=true tool=0 drawing at (591.0,258.0)
[handleDrawing] tool=0 brushType=0 eraserSize=12.0 eraserOp=1.00 layer=0x5e2e67ee0d30
[stampHardRound] cx=250 cy=174 r=6 color=(255,101,50,255) layerW=512 layerH=512
[stampHardRound] cx=249 cy=175 r=6 color=(255,101,50,255) layerW=512 layerH=512
[stampHardRound] cx=247 cy=176 r=6 color=(255,101,50,255) layerW=512 layerH=512
[stampHardRound] cx=247 cy=176 r=6 color=(255,101,50,255) layerW=512 layerH=512
[CANVAS_UPDATE] recompositing (frameDirty=1 canvasDirty=0)
[CANVAS_UPDATE] sample pixel (207,154): rgba=(255,101,50,255)
[MOUSE_MOVE] drawing=true tool=0 drawing at (587.0,259.0)
[handleDrawing] tool=0 brushType=0 eraserSize=12.0 eraserOp=1.00 layer=0x5e2e67ee0d30
[stampHardRound] cx=247 cy=176 r=6 color=(255,101,50,255) layerW=512 layerH=512
[stampHardRound] cx=245 cy=177 r=6 color=(255,101,50,255) layerW=512 layerH=512
[stampHardRound] cx=243 cy=177 r=6 color=(255,101,50,255) layerW=512 layerH=512
[stampHardRound] cx=243 cy=177 r=6 color=(255,101,50,255) layerW=512 layerH=512
[MOUSE_MOVE] drawing=true tool=0 drawing at (586.0,259.0)
[handleDrawing] tool=0 brushType=0 eraserSize=12.0 eraserOp=1.00 layer=0x5e2e67ee0d30
[stampHardRound] cx=243 cy=177 r=6 color=(255,101,50,255) layerW=512 layerH=512
[stampHardRound] cx=242 cy=177 r=6 color=(255,101,50,255) layerW=512 layerH=512
[stampHardRound] cx=242 cy=177 r=6 color=(255,101,50,255) layerW=512 layerH=512
[MOUSE_MOVE] drawing=true tool=0 drawing at (583.0,261.0)
[handleDrawing] tool=0 brushType=0 eraserSize=12.0 eraserOp=1.00 layer=0x5e2e67ee0d30
[stampHardRound] cx=242 cy=177 r=6 color=(255,101,50,255) layerW=512 layerH=512
[stampHardRound] cx=241 cy=178 r=6 color=(255,101,50,255) layerW=512 layerH=512
[stampHardRound] cx=239 cy=179 r=6 color=(255,101,50,255) layerW=512 layerH=512
[stampHardRound] cx=239 cy=179 r=6 color=(255,101,50,255) layerW=512 layerH=512
[MOUSE_MOVE] drawing=true tool=0 drawing at (577.0,263.0)
[handleDrawing] tool=0 brushType=0 eraserSize=12.0 eraserOp=1.00 layer=0x5e2e67ee0d30
[stampHardRound] cx=239 cy=179 r=6 color=(255,101,50,255) layerW=512 layerH=512
[stampHardRound] cx=237 cy=180 r=6 color=(255,101,50,255) layerW=512 layerH=512
[stampHardRound] cx=235 cy=180 r=6 color=(255,101,50,255) layerW=512 layerH=512
[stampHardRound] cx=233 cy=181 r=6 color=(255,101,50,255) layerW=512 layerH=512
[stampHardRound] cx=233 cy=181 r=6 color=(255,101,50,255) layerW=512 layerH=512
[MOUSE_MOVE] drawing=true tool=0 drawing at (575.0,265.0)
[handleDrawing] tool=0 brushType=0 eraserSize=12.0 eraserOp=1.00 layer=0x5e2e67ee0d30
[stampHardRound] cx=233 cy=181 r=6 color=(255,101,50,255) layerW=512 layerH=512
[stampHardRound] cx=231 cy=183 r=6 color=(255,101,50,255) layerW=512 layerH=512
[stampHardRound] cx=231 cy=183 r=6 color=(255,101,50,255) layerW=512 layerH=512
[MOUSE_MOVE] drawing=true tool=0 drawing at (572.0,266.0)
[handleDrawing] tool=0 brushType=0 eraserSize=12.0 eraserOp=1.00 layer=0x5e2e67ee0d30
[stampHardRound] cx=231 cy=183 r=6 color=(255,101,50,255) layerW=512 layerH=512
[stampHardRound] cx=230 cy=184 r=6 color=(255,101,50,255) layerW=512 layerH=512
[stampHardRound] cx=228 cy=184 r=6 color=(255,101,50,255) layerW=512 layerH=512
[stampHardRound] cx=228 cy=184 r=6 color=(255,101,50,255) layerW=512 layerH=512
[MOUSE_MOVE] drawing=true tool=0 drawing at (566.0,268.0)
[handleDrawing] tool=0 brushType=0 eraserSize=12.0 eraserOp=1.00 layer=0x5e2e67ee0d30
[stampHardRound] cx=228 cy=184 r=6 color=(255,101,50,255) layerW=512 layerH=512
[stampHardRound] cx=226 cy=185 r=6 color=(255,101,50,255) layerW=512 layerH=512
[stampHardRound] cx=224 cy=185 r=6 color=(255,101,50,255) layerW=512 layerH=512
[stampHardRound] cx=222 cy=186 r=6 color=(255,101,50,255) layerW=512 layerH=512
[stampHardRound] cx=222 cy=186 r=6 color=(255,101,50,255) layerW=512 layerH=512
[MOUSE_MOVE] drawing=true tool=0 drawing at (565.0,270.0)
[handleDrawing] tool=0 brushType=0 eraserSize=12.0 eraserOp=1.00 layer=0x5e2e67ee0d30
[stampHardRound] cx=222 cy=186 r=6 color=(255,101,50,255) layerW=512 layerH=512
[stampHardRound] cx=221 cy=188 r=6 color=(255,101,50,255) layerW=512 layerH=512
[stampHardRound] cx=221 cy=188 r=6 color=(255,101,50,255) layerW=512 layerH=512
[CANVAS_UPDATE] recompositing (frameDirty=1 canvasDirty=0)
[CANVAS_UPDATE] sample pixel (207,154): rgba=(255,101,50,255)
[MOUSE_MOVE] drawing=true tool=0 drawing at (561.0,271.0)
[handleDrawing] tool=0 brushType=0 eraserSize=12.0 eraserOp=1.00 layer=0x5e2e67ee0d30
[stampHardRound] cx=221 cy=188 r=6 color=(255,101,50,255) layerW=512 layerH=512
[stampHardRound] cx=219 cy=189 r=6 color=(255,101,50,255) layerW=512 layerH=512
[stampHardRound] cx=217 cy=189 r=6 color=(255,101,50,255) layerW=512 layerH=512
[stampHardRound] cx=217 cy=189 r=6 color=(255,101,50,255) layerW=512 layerH=512
[MOUSE_MOVE] drawing=true tool=0 drawing at (556.0,275.0)
[handleDrawing] tool=0 brushType=0 eraserSize=12.0 eraserOp=1.00 layer=0x5e2e67ee0d30
[stampHardRound] cx=217 cy=189 r=6 color=(255,101,50,255) layerW=512 layerH=512
[stampHardRound] cx=215 cy=190 r=6 color=(255,101,50,255) layerW=512 layerH=512
[stampHardRound] cx=214 cy=192 r=6 color=(255,101,50,255) layerW=512 layerH=512
[stampHardRound] cx=212 cy=193 r=6 color=(255,101,50,255) layerW=512 layerH=512
[stampHardRound] cx=212 cy=193 r=6 color=(255,101,50,255) layerW=512 layerH=512
[MOUSE_MOVE] drawing=true tool=0 drawing at (554.0,275.0)
[handleDrawing] tool=0 brushType=0 eraserSize=12.0 eraserOp=1.00 layer=0x5e2e67ee0d30
[stampHardRound] cx=212 cy=193 r=6 color=(255,101,50,255) layerW=512 layerH=512
[stampHardRound] cx=210 cy=193 r=6 color=(255,101,50,255) layerW=512 layerH=512
[stampHardRound] cx=210 cy=193 r=6 color=(255,101,50,255) layerW=512 layerH=512
[MOUSE_MOVE] drawing=true tool=0 drawing at (551.0,277.0)
[handleDrawing] tool=0 brushType=0 eraserSize=12.0 eraserOp=1.00 layer=0x5e2e67ee0d30
[stampHardRound] cx=210 cy=193 r=6 color=(255,101,50,255) layerW=512 layerH=512
[stampHardRound] cx=209 cy=194 r=6 color=(255,101,50,255) layerW=512 layerH=512
[stampHardRound] cx=207 cy=195 r=6 color=(255,101,50,255) layerW=512 layerH=512
[stampHardRound] cx=207 cy=195 r=6 color=(255,101,50,255) layerW=512 layerH=512
[MOUSE_MOVE] drawing=true tool=0 drawing at (549.0,278.0)
[handleDrawing] tool=0 brushType=0 eraserSize=12.0 eraserOp=1.00 layer=0x5e2e67ee0d30
[stampHardRound] cx=207 cy=195 r=6 color=(255,101,50,255) layerW=512 layerH=512
[stampHardRound] cx=205 cy=196 r=6 color=(255,101,50,255) layerW=512 layerH=512
[stampHardRound] cx=205 cy=196 r=6 color=(255,101,50,255) layerW=512 layerH=512
[MOUSE_MOVE] drawing=true tool=0 drawing at (546.0,282.0)
[handleDrawing] tool=0 brushType=0 eraserSize=12.0 eraserOp=1.00 layer=0x5e2e67ee0d30
[stampHardRound] cx=205 cy=196 r=6 color=(255,101,50,255) layerW=512 layerH=512
[stampHardRound] cx=204 cy=198 r=6 color=(255,101,50,255) layerW=512 layerH=512
[stampHardRound] cx=202 cy=200 r=6 color=(255,101,50,255) layerW=512 layerH=512
[stampHardRound] cx=202 cy=200 r=6 color=(255,101,50,255) layerW=512 layerH=512
[MOUSE_MOVE] drawing=true tool=0 drawing at (544.0,284.0)
[handleDrawing] tool=0 brushType=0 eraserSize=12.0 eraserOp=1.00 layer=0x5e2e67ee0d30
[stampHardRound] cx=202 cy=200 r=6 color=(255,101,50,255) layerW=512 layerH=512
[stampHardRound] cx=200 cy=202 r=6 color=(255,101,50,255) layerW=512 layerH=512
[stampHardRound] cx=200 cy=202 r=6 color=(255,101,50,255) layerW=512 layerH=512
[MOUSE_MOVE] drawing=true tool=0 drawing at (543.0,284.0)
[handleDrawing] tool=0 brushType=0 eraserSize=12.0 eraserOp=1.00 layer=0x5e2e67ee0d30
[stampHardRound] cx=200 cy=202 r=6 color=(255,101,50,255) layerW=512 layerH=512
[stampHardRound] cx=199 cy=202 r=6 color=(255,101,50,255) layerW=512 layerH=512
[stampHardRound] cx=199 cy=202 r=6 color=(255,101,50,255) layerW=512 layerH=512
[MOUSE_MOVE] drawing=true tool=0 drawing at (540.0,285.0)
[handleDrawing] tool=0 brushType=0 eraserSize=12.0 eraserOp=1.00 layer=0x5e2e67ee0d30
[stampHardRound] cx=199 cy=202 r=6 color=(255,101,50,255) layerW=512 layerH=512
[stampHardRound] cx=198 cy=203 r=6 color=(255,101,50,255) layerW=512 layerH=512
[stampHardRound] cx=196 cy=203 r=6 color=(255,101,50,255) layerW=512 layerH=512
[stampHardRound] cx=196 cy=203 r=6 color=(255,101,50,255) layerW=512 layerH=512
[CANVAS_UPDATE] recompositing (frameDirty=1 canvasDirty=0)
[CANVAS_UPDATE] sample pixel (207,154): rgba=(255,101,50,255)
[MOUSE_MOVE] drawing=true tool=0 drawing at (539.0,287.0)
[handleDrawing] tool=0 brushType=0 eraserSize=12.0 eraserOp=1.00 layer=0x5e2e67ee0d30
[stampHardRound] cx=196 cy=203 r=6 color=(255,101,50,255) layerW=512 layerH=512
[stampHardRound] cx=195 cy=205 r=6 color=(255,101,50,255) layerW=512 layerH=512
[stampHardRound] cx=195 cy=205 r=6 color=(255,101,50,255) layerW=512 layerH=512
[MOUSE_MOVE] drawing=true tool=0 drawing at (537.0,288.0)
[handleDrawing] tool=0 brushType=0 eraserSize=12.0 eraserOp=1.00 layer=0x5e2e67ee0d30
[stampHardRound] cx=195 cy=205 r=6 color=(255,101,50,255) layerW=512 layerH=512
[stampHardRound] cx=193 cy=206 r=6 color=(255,101,50,255) layerW=512 layerH=512
[stampHardRound] cx=193 cy=206 r=6 color=(255,101,50,255) layerW=512 layerH=512
[MOUSE_MOVE] drawing=true tool=0 drawing at (536.0,289.0)
[handleDrawing] tool=0 brushType=0 eraserSize=12.0 eraserOp=1.00 layer=0x5e2e67ee0d30
[stampHardRound] cx=193 cy=206 r=6 color=(255,101,50,255) layerW=512 layerH=512
[stampHardRound] cx=192 cy=207 r=6 color=(255,101,50,255) layerW=512 layerH=512
[stampHardRound] cx=192 cy=207 r=6 color=(255,101,50,255) layerW=512 layerH=512
[MOUSE_MOVE] drawing=true tool=0 drawing at (535.0,291.0)
[handleDrawing] tool=0 brushType=0 eraserSize=12.0 eraserOp=1.00 layer=0x5e2e67ee0d30
[stampHardRound] cx=192 cy=207 r=6 color=(255,101,50,255) layerW=512 layerH=512
[stampHardRound] cx=191 cy=209 r=6 color=(255,101,50,255) layerW=512 layerH=512
[stampHardRound] cx=191 cy=209 r=6 color=(255,101,50,255) layerW=512 layerH=512
[MOUSE_MOVE] drawing=true tool=0 drawing at (533.0,292.0)
[handleDrawing] tool=0 brushType=0 eraserSize=12.0 eraserOp=1.00 layer=0x5e2e67ee0d30
[stampHardRound] cx=191 cy=209 r=6 color=(255,101,50,255) layerW=512 layerH=512
[stampHardRound] cx=189 cy=210 r=6 color=(255,101,50,255) layerW=512 layerH=512
[stampHardRound] cx=189 cy=210 r=6 color=(255,101,50,255) layerW=512 layerH=512
[MOUSE_MOVE] drawing=true tool=0 drawing at (532.0,293.0)
[handleDrawing] tool=0 brushType=0 eraserSize=12.0 eraserOp=1.00 layer=0x5e2e67ee0d30
[stampHardRound] cx=189 cy=210 r=6 color=(255,101,50,255) layerW=512 layerH=512
[stampHardRound] cx=188 cy=211 r=6 color=(255,101,50,255) layerW=512 layerH=512
[stampHardRound] cx=188 cy=211 r=6 color=(255,101,50,255) layerW=512 layerH=512
[CANVAS_UPDATE] recompositing (frameDirty=1 canvasDirty=0)
[CANVAS_UPDATE] sample pixel (207,154): rgba=(255,101,50,255)
[MOUSE_MOVE] drawing=true tool=0 drawing at (532.0,294.0)
[handleDrawing] tool=0 brushType=0 eraserSize=12.0 eraserOp=1.00 layer=0x5e2e67ee0d30
[stampHardRound] cx=188 cy=211 r=6 color=(255,101,50,255) layerW=512 layerH=512
[stampHardRound] cx=188 cy=212 r=6 color=(255,101,50,255) layerW=512 layerH=512
[stampHardRound] cx=188 cy=212 r=6 color=(255,101,50,255) layerW=512 layerH=512
[MOUSE_MOVE] drawing=true tool=0 drawing at (532.0,295.0)
[handleDrawing] tool=0 brushType=0 eraserSize=12.0 eraserOp=1.00 layer=0x5e2e67ee0d30
[stampHardRound] cx=188 cy=212 r=6 color=(255,101,50,255) layerW=512 layerH=512
[stampHardRound] cx=188 cy=213 r=6 color=(255,101,50,255) layerW=512 layerH=512
[stampHardRound] cx=188 cy=213 r=6 color=(255,101,50,255) layerW=512 layerH=512
[MOUSE_MOVE] drawing=true tool=0 drawing at (532.0,296.0)
[handleDrawing] tool=0 brushType=0 eraserSize=12.0 eraserOp=1.00 layer=0x5e2e67ee0d30
[stampHardRound] cx=188 cy=213 r=6 color=(255,101,50,255) layerW=512 layerH=512
[stampHardRound] cx=188 cy=214 r=6 color=(255,101,50,255) layerW=512 layerH=512
[stampHardRound] cx=188 cy=214 r=6 color=(255,101,50,255) layerW=512 layerH=512
[CANVAS_UPDATE] recompositing (frameDirty=1 canvasDirty=0)
[CANVAS_UPDATE] sample pixel (207,154): rgba=(255,101,50,255)
[MOUSE_MOVE] drawing=true tool=0 drawing at (532.0,297.0)
[handleDrawing] tool=0 brushType=0 eraserSize=12.0 eraserOp=1.00 layer=0x5e2e67ee0d30
[stampHardRound] cx=188 cy=214 r=6 color=(255,101,50,255) layerW=512 layerH=512
[stampHardRound] cx=188 cy=215 r=6 color=(255,101,50,255) layerW=512 layerH=512
[stampHardRound] cx=188 cy=215 r=6 color=(255,101,50,255) layerW=512 layerH=512
[CANVAS_UPDATE] recompositing (frameDirty=1 canvasDirty=0)
[CANVAS_UPDATE] sample pixel (207,154): rgba=(255,101,50,255)
[MOUSE_MOVE] drawing=true tool=0 drawing at (532.0,298.0)
[handleDrawing] tool=0 brushType=0 eraserSize=12.0 eraserOp=1.00 layer=0x5e2e67ee0d30
[stampHardRound] cx=188 cy=215 r=6 color=(255,101,50,255) layerW=512 layerH=512
[stampHardRound] cx=188 cy=216 r=6 color=(255,101,50,255) layerW=512 layerH=512
[stampHardRound] cx=188 cy=216 r=6 color=(255,101,50,255) layerW=512 layerH=512
[CANVAS_UPDATE] recompositing (frameDirty=1 canvasDirty=0)
[CANVAS_UPDATE] sample pixel (207,154): rgba=(255,101,50,255)
[MOUSE_MOVE] drawing=true tool=0 drawing at (532.0,299.0)
[handleDrawing] tool=0 brushType=0 eraserSize=12.0 eraserOp=1.00 layer=0x5e2e67ee0d30
[stampHardRound] cx=188 cy=216 r=6 color=(255,101,50,255) layerW=512 layerH=512
[stampHardRound] cx=188 cy=217 r=6 color=(255,101,50,255) layerW=512 layerH=512
[stampHardRound] cx=188 cy=217 r=6 color=(255,101,50,255) layerW=512 layerH=512
[MOUSE_MOVE] drawing=true tool=0 drawing at (533.0,299.0)
[handleDrawing] tool=0 brushType=0 eraserSize=12.0 eraserOp=1.00 layer=0x5e2e67ee0d30
[stampHardRound] cx=188 cy=217 r=6 color=(255,101,50,255) layerW=512 layerH=512
[stampHardRound] cx=189 cy=217 r=6 color=(255,101,50,255) layerW=512 layerH=512
[stampHardRound] cx=189 cy=217 r=6 color=(255,101,50,255) layerW=512 layerH=512
[MOUSE_MOVE] drawing=true tool=0 drawing at (533.0,300.0)
[handleDrawing] tool=0 brushType=0 eraserSize=12.0 eraserOp=1.00 layer=0x5e2e67ee0d30
[stampHardRound] cx=189 cy=217 r=6 color=(255,101,50,255) layerW=512 layerH=512
[stampHardRound] cx=189 cy=218 r=6 color=(255,101,50,255) layerW=512 layerH=512
[stampHardRound] cx=189 cy=218 r=6 color=(255,101,50,255) layerW=512 layerH=512
[CANVAS_UPDATE] recompositing (frameDirty=1 canvasDirty=0)
[CANVAS_UPDATE] sample pixel (207,154): rgba=(255,101,50,255)
[MOUSE_BTN] x=533.0 y=300.0 btn=0 pressed=0 tool=0 drawing=1 moving=0
[MOUSE_UP_CLEANUP] drawing=false
[MOUSE_BTN] x=64.0 y=46.0 btn=0 pressed=1 tool=0 drawing=0 moving=0
[SIDEBAR] Selected tool=1
[MOUSE_BTN] x=64.0 y=46.0 btn=0 pressed=0 tool=1 drawing=0 moving=0
[MOUSE_UP_CLEANUP] drawing=false
[MOUSE_BTN] x=534.0 y=306.0 btn=0 pressed=1 tool=1 drawing=0 moving=0
[CANVAS_CLICK] tool=1 pos=(534.0,306.0)
[PUSH_UNDO] layer=Layer 0 size=512x512 nonZeroPixels=0
[handleDrawing] tool=1 brushType=4 eraserSize=12.0 eraserOp=1.00 layer=0x5e2e67ee0d30
[BrushEngine::stampEraser] cx=190.0 cy=224.0 m_eraser=0x5e2e38fafc58
[GradualEraser::stamp] cx=190.0 cy=224.0 r=6 total=113 skipped_zero=69 erased=44
[GradualEraser::verify] center(190,224) rgba=(0,0,0,0)
[MOUSE_MOVE] drawing=true tool=1 drawing at (534.0,305.0)
[handleDrawing] tool=1 brushType=4 eraserSize=12.0 eraserOp=1.00 layer=0x5e2e67ee0d30
[BrushEngine::stampEraser] cx=190.0 cy=224.0 m_eraser=0x5e2e38fafc58
[GradualEraser::stamp] cx=190.0 cy=224.0 r=6 total=113 skipped_zero=113 erased=0
[GradualEraser::verify] center(190,224) rgba=(0,0,0,0)
[BrushEngine::stampEraser] cx=190.0 cy=223.0 m_eraser=0x5e2e38fafc58
[GradualEraser::stamp] cx=190.0 cy=223.0 r=6 total=113 skipped_zero=103 erased=10
[GradualEraser::verify] center(190,223) rgba=(0,0,0,0)
[BrushEngine::stampEraser] cx=190.0 cy=223.0 m_eraser=0x5e2e38fafc58
[GradualEraser::stamp] cx=190.0 cy=223.0 r=6 total=113 skipped_zero=113 erased=0
[GradualEraser::verify] center(190,223) rgba=(0,0,0,0)
[CANVAS_UPDATE] recompositing (frameDirty=1 canvasDirty=0)
[CANVAS_UPDATE] sample pixel (207,154): rgba=(255,101,50,255)
[MOUSE_MOVE] drawing=true tool=1 drawing at (533.0,303.0)
[handleDrawing] tool=1 brushType=4 eraserSize=12.0 eraserOp=1.00 layer=0x5e2e67ee0d30
[BrushEngine::stampEraser] cx=190.0 cy=223.0 m_eraser=0x5e2e38fafc58
[GradualEraser::stamp] cx=190.0 cy=223.0 r=6 total=113 skipped_zero=113 erased=0
[GradualEraser::verify] center(190,223) rgba=(0,0,0,0)
[BrushEngine::stampEraser] cx=189.0 cy=221.0 m_eraser=0x5e2e38fafc58
[GradualEraser::stamp] cx=189.0 cy=221.0 r=6 total=113 skipped_zero=89 erased=24
[GradualEraser::verify] center(189,221) rgba=(0,0,0,0)
[BrushEngine::stampEraser] cx=189.0 cy=221.0 m_eraser=0x5e2e38fafc58
[GradualEraser::stamp] cx=189.0 cy=221.0 r=6 total=113 skipped_zero=113 erased=0
[GradualEraser::verify] center(189,221) rgba=(0,0,0,0)
[MOUSE_MOVE] drawing=true tool=1 drawing at (533.0,302.0)
[handleDrawing] tool=1 brushType=4 eraserSize=12.0 eraserOp=1.00 layer=0x5e2e67ee0d30
[BrushEngine::stampEraser] cx=189.0 cy=221.0 m_eraser=0x5e2e38fafc58
[GradualEraser::stamp] cx=189.0 cy=221.0 r=6 total=113 skipped_zero=113 erased=0
[GradualEraser::verify] center(189,221) rgba=(0,0,0,0)
[BrushEngine::stampEraser] cx=189.0 cy=220.0 m_eraser=0x5e2e38fafc58
[GradualEraser::stamp] cx=189.0 cy=220.0 r=6 total=113 skipped_zero=101 erased=12
[GradualEraser::verify] center(189,220) rgba=(0,0,0,0)
[BrushEngine::stampEraser] cx=189.0 cy=220.0 m_eraser=0x5e2e38fafc58
[GradualEraser::stamp] cx=189.0 cy=220.0 r=6 total=113 skipped_zero=113 erased=0
[GradualEraser::verify] center(189,220) rgba=(0,0,0,0)
[MOUSE_MOVE] drawing=true tool=1 drawing at (533.0,301.0)
[handleDrawing] tool=1 brushType=4 eraserSize=12.0 eraserOp=1.00 layer=0x5e2e67ee0d30
[BrushEngine::stampEraser] cx=189.0 cy=220.0 m_eraser=0x5e2e38fafc58
[GradualEraser::stamp] cx=189.0 cy=220.0 r=6 total=113 skipped_zero=113 erased=0
[GradualEraser::verify] center(189,220) rgba=(0,0,0,0)
[BrushEngine::stampEraser] cx=189.0 cy=219.0 m_eraser=0x5e2e38fafc58
[GradualEraser::stamp] cx=189.0 cy=219.0 r=6 total=113 skipped_zero=101 erased=12
[GradualEraser::verify] center(189,219) rgba=(0,0,0,0)
[BrushEngine::stampEraser] cx=189.0 cy=219.0 m_eraser=0x5e2e38fafc58
[GradualEraser::stamp] cx=189.0 cy=219.0 r=6 total=113 skipped_zero=113 erased=0
[GradualEraser::verify] center(189,219) rgba=(0,0,0,0)
[MOUSE_MOVE] drawing=true tool=1 drawing at (533.0,300.0)
[handleDrawing] tool=1 brushType=4 eraserSize=12.0 eraserOp=1.00 layer=0x5e2e67ee0d30
[BrushEngine::stampEraser] cx=189.0 cy=219.0 m_eraser=0x5e2e38fafc58
[GradualEraser::stamp] cx=189.0 cy=219.0 r=6 total=113 skipped_zero=113 erased=0
[GradualEraser::verify] center(189,219) rgba=(0,0,0,0)
[BrushEngine::stampEraser] cx=189.0 cy=218.0 m_eraser=0x5e2e38fafc58
[GradualEraser::stamp] cx=189.0 cy=218.0 r=6 total=113 skipped_zero=100 erased=13
[GradualEraser::verify] center(189,218) rgba=(0,0,0,0)
[BrushEngine::stampEraser] cx=189.0 cy=218.0 m_eraser=0x5e2e38fafc58
[GradualEraser::stamp] cx=189.0 cy=218.0 r=6 total=113 skipped_zero=113 erased=0
[GradualEraser::verify] center(189,218) rgba=(0,0,0,0)
[MOUSE_MOVE] drawing=true tool=1 drawing at (533.0,299.0)
[handleDrawing] tool=1 brushType=4 eraserSize=12.0 eraserOp=1.00 layer=0x5e2e67ee0d30
[BrushEngine::stampEraser] cx=189.0 cy=218.0 m_eraser=0x5e2e38fafc58
[GradualEraser::stamp] cx=189.0 cy=218.0 r=6 total=113 skipped_zero=113 erased=0
[GradualEraser::verify] center(189,218) rgba=(0,0,0,0)
[BrushEngine::stampEraser] cx=189.0 cy=217.0 m_eraser=0x5e2e38fafc58
[GradualEraser::stamp] cx=189.0 cy=217.0 r=6 total=113 skipped_zero=100 erased=13
[GradualEraser::verify] center(189,217) rgba=(0,0,0,0)
[BrushEngine::stampEraser] cx=189.0 cy=217.0 m_eraser=0x5e2e38fafc58
[GradualEraser::stamp] cx=189.0 cy=217.0 r=6 total=113 skipped_zero=113 erased=0
[GradualEraser::verify] center(189,217) rgba=(0,0,0,0)
[CANVAS_UPDATE] recompositing (frameDirty=1 canvasDirty=0)
[CANVAS_UPDATE] sample pixel (207,154): rgba=(255,101,50,255)
[MOUSE_MOVE] drawing=true tool=1 drawing at (533.0,298.0)
[handleDrawing] tool=1 brushType=4 eraserSize=12.0 eraserOp=1.00 layer=0x5e2e67ee0d30
[BrushEngine::stampEraser] cx=189.0 cy=217.0 m_eraser=0x5e2e38fafc58
[GradualEraser::stamp] cx=189.0 cy=217.0 r=6 total=113 skipped_zero=113 erased=0
[GradualEraser::verify] center(189,217) rgba=(0,0,0,0)
[BrushEngine::stampEraser] cx=189.0 cy=216.0 m_eraser=0x5e2e38fafc58
[GradualEraser::stamp] cx=189.0 cy=216.0 r=6 total=113 skipped_zero=101 erased=12
[GradualEraser::verify] center(189,216) rgba=(0,0,0,0)
[BrushEngine::stampEraser] cx=189.0 cy=216.0 m_eraser=0x5e2e38fafc58
[GradualEraser::stamp] cx=189.0 cy=216.0 r=6 total=113 skipped_zero=113 erased=0
[GradualEraser::verify] center(189,216) rgba=(0,0,0,0)
[MOUSE_MOVE] drawing=true tool=1 drawing at (533.0,297.0)
[handleDrawing] tool=1 brushType=4 eraserSize=12.0 eraserOp=1.00 layer=0x5e2e67ee0d30
[BrushEngine::stampEraser] cx=189.0 cy=216.0 m_eraser=0x5e2e38fafc58
[GradualEraser::stamp] cx=189.0 cy=216.0 r=6 total=113 skipped_zero=113 erased=0
[GradualEraser::verify] center(189,216) rgba=(0,0,0,0)
[BrushEngine::stampEraser] cx=189.0 cy=215.0 m_eraser=0x5e2e38fafc58
[GradualEraser::stamp] cx=189.0 cy=215.0 r=6 total=113 skipped_zero=101 erased=12
[GradualEraser::verify] center(189,215) rgba=(0,0,0,0)
[BrushEngine::stampEraser] cx=189.0 cy=215.0 m_eraser=0x5e2e38fafc58
[GradualEraser::stamp] cx=189.0 cy=215.0 r=6 total=113 skipped_zero=113 erased=0
[GradualEraser::verify] center(189,215) rgba=(0,0,0,0)
[MOUSE_MOVE] drawing=true tool=1 drawing at (533.0,295.0)
[handleDrawing] tool=1 brushType=4 eraserSize=12.0 eraserOp=1.00 layer=0x5e2e67ee0d30
[BrushEngine::stampEraser] cx=189.0 cy=215.0 m_eraser=0x5e2e38fafc58
[GradualEraser::stamp] cx=189.0 cy=215.0 r=6 total=113 skipped_zero=113 erased=0
[GradualEraser::verify] center(189,215) rgba=(0,0,0,0)
[BrushEngine::stampEraser] cx=189.0 cy=213.0 m_eraser=0x5e2e38fafc58
[GradualEraser::stamp] cx=189.0 cy=213.0 r=6 total=113 skipped_zero=89 erased=24
[GradualEraser::verify] center(189,213) rgba=(0,0,0,0)
[BrushEngine::stampEraser] cx=189.0 cy=213.0 m_eraser=0x5e2e38fafc58
[GradualEraser::stamp] cx=189.0 cy=213.0 r=6 total=113 skipped_zero=113 erased=0
[GradualEraser::verify] center(189,213) rgba=(0,0,0,0)
[MOUSE_MOVE] drawing=true tool=1 drawing at (533.0,294.0)
[handleDrawing] tool=1 brushType=4 eraserSize=12.0 eraserOp=1.00 layer=0x5e2e67ee0d30
[BrushEngine::stampEraser] cx=189.0 cy=213.0 m_eraser=0x5e2e38fafc58
[GradualEraser::stamp] cx=189.0 cy=213.0 r=6 total=113 skipped_zero=113 erased=0
[GradualEraser::verify] center(189,213) rgba=(0,0,0,0)
[BrushEngine::stampEraser] cx=189.0 cy=212.0 m_eraser=0x5e2e38fafc58
[GradualEraser::stamp] cx=189.0 cy=212.0 r=6 total=113 skipped_zero=100 erased=13
[GradualEraser::verify] center(189,212) rgba=(0,0,0,0)
[BrushEngine::stampEraser] cx=189.0 cy=212.0 m_eraser=0x5e2e38fafc58
[GradualEraser::stamp] cx=189.0 cy=212.0 r=6 total=113 skipped_zero=113 erased=0
[GradualEraser::verify] center(189,212) rgba=(0,0,0,0)
[MOUSE_MOVE] drawing=true tool=1 drawing at (533.0,293.0)
[handleDrawing] tool=1 brushType=4 eraserSize=12.0 eraserOp=1.00 layer=0x5e2e67ee0d30
[BrushEngine::stampEraser] cx=189.0 cy=212.0 m_eraser=0x5e2e38fafc58
[GradualEraser::stamp] cx=189.0 cy=212.0 r=6 total=113 skipped_zero=113 erased=0
[GradualEraser::verify] center(189,212) rgba=(0,0,0,0)
[BrushEngine::stampEraser] cx=189.0 cy=211.0 m_eraser=0x5e2e38fafc58
[GradualEraser::stamp] cx=189.0 cy=211.0 r=6 total=113 skipped_zero=100 erased=13
[GradualEraser::verify] center(189,211) rgba=(0,0,0,0)
[BrushEngine::stampEraser] cx=189.0 cy=211.0 m_eraser=0x5e2e38fafc58
[GradualEraser::stamp] cx=189.0 cy=211.0 r=6 total=113 skipped_zero=113 erased=0
[GradualEraser::verify] center(189,211) rgba=(0,0,0,0)
[MOUSE_MOVE] drawing=true tool=1 drawing at (533.0,292.0)
[handleDrawing] tool=1 brushType=4 eraserSize=12.0 eraserOp=1.00 layer=0x5e2e67ee0d30
[BrushEngine::stampEraser] cx=189.0 cy=211.0 m_eraser=0x5e2e38fafc58
[GradualEraser::stamp] cx=189.0 cy=211.0 r=6 total=113 skipped_zero=113 erased=0
[GradualEraser::verify] center(189,211) rgba=(0,0,0,0)
[BrushEngine::stampEraser] cx=189.0 cy=210.0 m_eraser=0x5e2e38fafc58
[GradualEraser::stamp] cx=189.0 cy=210.0 r=6 total=113 skipped_zero=100 erased=13
[GradualEraser::verify] center(189,210) rgba=(0,0,0,0)
[BrushEngine::stampEraser] cx=189.0 cy=210.0 m_eraser=0x5e2e38fafc58
[GradualEraser::stamp] cx=189.0 cy=210.0 r=6 total=113 skipped_zero=113 erased=0
[GradualEraser::verify] center(189,210) rgba=(0,0,0,0)
[MOUSE_MOVE] drawing=true tool=1 drawing at (533.0,291.0)
[handleDrawing] tool=1 brushType=4 eraserSize=12.0 eraserOp=1.00 layer=0x5e2e67ee0d30
[BrushEngine::stampEraser] cx=189.0 cy=210.0 m_eraser=0x5e2e38fafc58
[GradualEraser::stamp] cx=189.0 cy=210.0 r=6 total=113 skipped_zero=113 erased=0
[GradualEraser::verify] center(189,210) rgba=(0,0,0,0)
[BrushEngine::stampEraser] cx=189.0 cy=209.0 m_eraser=0x5e2e38fafc58
[GradualEraser::stamp] cx=189.0 cy=209.0 r=6 total=113 skipped_zero=103 erased=10
[GradualEraser::verify] center(189,209) rgba=(0,0,0,0)
[BrushEngine::stampEraser] cx=189.0 cy=209.0 m_eraser=0x5e2e38fafc58
[GradualEraser::stamp] cx=189.0 cy=209.0 r=6 total=113 skipped_zero=113 erased=0
[GradualEraser::verify] center(189,209) rgba=(0,0,0,0)
[CANVAS_UPDATE] recompositing (frameDirty=1 canvasDirty=0)
[CANVAS_UPDATE] sample pixel (207,154): rgba=(255,101,50,255)
[MOUSE_MOVE] drawing=true tool=1 drawing at (533.0,290.0)
[handleDrawing] tool=1 brushType=4 eraserSize=12.0 eraserOp=1.00 layer=0x5e2e67ee0d30
[BrushEngine::stampEraser] cx=189.0 cy=209.0 m_eraser=0x5e2e38fafc58
[GradualEraser::stamp] cx=189.0 cy=209.0 r=6 total=113 skipped_zero=113 erased=0
[GradualEraser::verify] center(189,209) rgba=(0,0,0,0)
[BrushEngine::stampEraser] cx=189.0 cy=208.0 m_eraser=0x5e2e38fafc58
[GradualEraser::stamp] cx=189.0 cy=208.0 r=6 total=113 skipped_zero=104 erased=9
[GradualEraser::verify] center(189,208) rgba=(0,0,0,0)
[BrushEngine::stampEraser] cx=189.0 cy=208.0 m_eraser=0x5e2e38fafc58
[GradualEraser::stamp] cx=189.0 cy=208.0 r=6 total=113 skipped_zero=113 erased=0
[GradualEraser::verify] center(189,208) rgba=(0,0,0,0)
[MOUSE_MOVE] drawing=true tool=1 drawing at (533.0,289.0)
[handleDrawing] tool=1 brushType=4 eraserSize=12.0 eraserOp=1.00 layer=0x5e2e67ee0d30
[BrushEngine::stampEraser] cx=189.0 cy=208.0 m_eraser=0x5e2e38fafc58
[GradualEraser::stamp] cx=189.0 cy=208.0 r=6 total=113 skipped_zero=113 erased=0
[GradualEraser::verify] center(189,208) rgba=(0,0,0,0)
[BrushEngine::stampEraser] cx=189.0 cy=207.0 m_eraser=0x5e2e38fafc58
[GradualEraser::stamp] cx=189.0 cy=207.0 r=6 total=113 skipped_zero=107 erased=6
[GradualEraser::verify] center(189,207) rgba=(0,0,0,0)
[BrushEngine::stampEraser] cx=189.0 cy=207.0 m_eraser=0x5e2e38fafc58
[GradualEraser::stamp] cx=189.0 cy=207.0 r=6 total=113 skipped_zero=113 erased=0
[GradualEraser::verify] center(189,207) rgba=(0,0,0,0)
[MOUSE_MOVE] drawing=true tool=1 drawing at (533.0,288.0)
[handleDrawing] tool=1 brushType=4 eraserSize=12.0 eraserOp=1.00 layer=0x5e2e67ee0d30
[BrushEngine::stampEraser] cx=189.0 cy=207.0 m_eraser=0x5e2e38fafc58
[GradualEraser::stamp] cx=189.0 cy=207.0 r=6 total=113 skipped_zero=113 erased=0
[GradualEraser::verify] center(189,207) rgba=(0,0,0,0)
[BrushEngine::stampEraser] cx=189.0 cy=206.0 m_eraser=0x5e2e38fafc58
[GradualEraser::stamp] cx=189.0 cy=206.0 r=6 total=113 skipped_zero=107 erased=6
[GradualEraser::verify] center(189,206) rgba=(0,0,0,0)
[BrushEngine::stampEraser] cx=189.0 cy=206.0 m_eraser=0x5e2e38fafc58
[GradualEraser::stamp] cx=189.0 cy=206.0 r=6 total=113 skipped_zero=113 erased=0
[GradualEraser::verify] center(189,206) rgba=(0,0,0,0)
[MOUSE_MOVE] drawing=true tool=1 drawing at (533.0,287.0)
[handleDrawing] tool=1 brushType=4 eraserSize=12.0 eraserOp=1.00 layer=0x5e2e67ee0d30
[BrushEngine::stampEraser] cx=189.0 cy=206.0 m_eraser=0x5e2e38fafc58
[GradualEraser::stamp] cx=189.0 cy=206.0 r=6 total=113 skipped_zero=113 erased=0
[GradualEraser::verify] center(189,206) rgba=(0,0,0,0)
[BrushEngine::stampEraser] cx=189.0 cy=205.0 m_eraser=0x5e2e38fafc58
[GradualEraser::stamp] cx=189.0 cy=205.0 r=6 total=113 skipped_zero=108 erased=5
[GradualEraser::verify] center(189,205) rgba=(0,0,0,0)
[BrushEngine::stampEraser] cx=189.0 cy=205.0 m_eraser=0x5e2e38fafc58
[GradualEraser::stamp] cx=189.0 cy=205.0 r=6 total=113 skipped_zero=113 erased=0
[GradualEraser::verify] center(189,205) rgba=(0,0,0,0)
[CANVAS_UPDATE] recompositing (frameDirty=1 canvasDirty=0)
[CANVAS_UPDATE] sample pixel (207,154): rgba=(255,101,50,255)
[MOUSE_MOVE] drawing=true tool=1 drawing at (533.0,286.0)
[handleDrawing] tool=1 brushType=4 eraserSize=12.0 eraserOp=1.00 layer=0x5e2e67ee0d30
[BrushEngine::stampEraser] cx=189.0 cy=205.0 m_eraser=0x5e2e38fafc58
[GradualEraser::stamp] cx=189.0 cy=205.0 r=6 total=113 skipped_zero=113 erased=0
[GradualEraser::verify] center(189,205) rgba=(0,0,0,0)
[BrushEngine::stampEraser] cx=189.0 cy=204.0 m_eraser=0x5e2e38fafc58
[GradualEraser::stamp] cx=189.0 cy=204.0 r=6 total=113 skipped_zero=109 erased=4
[GradualEraser::verify] center(189,204) rgba=(0,0,0,0)
[BrushEngine::stampEraser] cx=189.0 cy=204.0 m_eraser=0x5e2e38fafc58
[GradualEraser::stamp] cx=189.0 cy=204.0 r=6 total=113 skipped_zero=113 erased=0
[GradualEraser::verify] center(189,204) rgba=(0,0,0,0)
[CANVAS_UPDATE] recompositing (frameDirty=1 canvasDirty=0)
[CANVAS_UPDATE] sample pixel (207,154): rgba=(255,101,50,255)
[MOUSE_MOVE] drawing=true tool=1 drawing at (533.0,285.0)
[handleDrawing] tool=1 brushType=4 eraserSize=12.0 eraserOp=1.00 layer=0x5e2e67ee0d30
[BrushEngine::stampEraser] cx=189.0 cy=204.0 m_eraser=0x5e2e38fafc58
[GradualEraser::stamp] cx=189.0 cy=204.0 r=6 total=113 skipped_zero=113 erased=0
[GradualEraser::verify] center(189,204) rgba=(0,0,0,0)
[BrushEngine::stampEraser] cx=189.0 cy=203.0 m_eraser=0x5e2e38fafc58
[GradualEraser::stamp] cx=189.0 cy=203.0 r=6 total=113 skipped_zero=110 erased=3
[GradualEraser::verify] center(189,203) rgba=(0,0,0,0)
[BrushEngine::stampEraser] cx=189.0 cy=203.0 m_eraser=0x5e2e38fafc58
[GradualEraser::stamp] cx=189.0 cy=203.0 r=6 total=113 skipped_zero=113 erased=0
[GradualEraser::verify] center(189,203) rgba=(0,0,0,0)
[CANVAS_UPDATE] recompositing (frameDirty=1 canvasDirty=0)
[CANVAS_UPDATE] sample pixel (207,154): rgba=(255,101,50,255)
[MOUSE_MOVE] drawing=true tool=1 drawing at (533.0,286.0)
[handleDrawing] tool=1 brushType=4 eraserSize=12.0 eraserOp=1.00 layer=0x5e2e67ee0d30
[BrushEngine::stampEraser] cx=189.0 cy=203.0 m_eraser=0x5e2e38fafc58
[GradualEraser::stamp] cx=189.0 cy=203.0 r=6 total=113 skipped_zero=113 erased=0
[GradualEraser::verify] center(189,203) rgba=(0,0,0,0)
[BrushEngine::stampEraser] cx=189.0 cy=204.0 m_eraser=0x5e2e38fafc58
[GradualEraser::stamp] cx=189.0 cy=204.0 r=6 total=113 skipped_zero=113 erased=0
[GradualEraser::verify] center(189,204) rgba=(0,0,0,0)
[BrushEngine::stampEraser] cx=189.0 cy=204.0 m_eraser=0x5e2e38fafc58
[GradualEraser::stamp] cx=189.0 cy=204.0 r=6 total=113 skipped_zero=113 erased=0
[GradualEraser::verify] center(189,204) rgba=(0,0,0,0)
[CANVAS_UPDATE] recompositing (frameDirty=1 canvasDirty=0)
[CANVAS_UPDATE] sample pixel (207,154): rgba=(255,101,50,255)
[MOUSE_MOVE] drawing=true tool=1 drawing at (533.0,286.0)
[handleDrawing] tool=1 brushType=4 eraserSize=12.0 eraserOp=1.00 layer=0x5e2e67ee0d30
[BrushEngine::stampEraser] cx=189.0 cy=204.0 m_eraser=0x5e2e38fafc58
[GradualEraser::stamp] cx=189.0 cy=204.0 r=6 total=113 skipped_zero=113 erased=0
[GradualEraser::verify] center(189,204) rgba=(0,0,0,0)
[BrushEngine::stampEraser] cx=189.0 cy=204.0 m_eraser=0x5e2e38fafc58
[GradualEraser::stamp] cx=189.0 cy=204.0 r=6 total=113 skipped_zero=113 erased=0
[GradualEraser::verify] center(189,204) rgba=(0,0,0,0)
[BrushEngine::stampEraser] cx=189.0 cy=204.0 m_eraser=0x5e2e38fafc58
[GradualEraser::stamp] cx=189.0 cy=204.0 r=6 total=113 skipped_zero=113 erased=0
[GradualEraser::verify] center(189,204) rgba=(0,0,0,0)
[MOUSE_MOVE] drawing=true tool=1 drawing at (532.0,286.0)
[handleDrawing] tool=1 brushType=4 eraserSize=12.0 eraserOp=1.00 layer=0x5e2e67ee0d30
[BrushEngine::stampEraser] cx=189.0 cy=204.0 m_eraser=0x5e2e38fafc58
[GradualEraser::stamp] cx=189.0 cy=204.0 r=6 total=113 skipped_zero=113 erased=0
[GradualEraser::verify] center(189,204) rgba=(0,0,0,0)
[BrushEngine::stampEraser] cx=188.0 cy=204.0 m_eraser=0x5e2e38fafc58
[GradualEraser::stamp] cx=188.0 cy=204.0 r=6 total=113 skipped_zero=113 erased=0
[GradualEraser::verify] center(188,204) rgba=(0,0,0,0)
[BrushEngine::stampEraser] cx=188.0 cy=204.0 m_eraser=0x5e2e38fafc58
[GradualEraser::stamp] cx=188.0 cy=204.0 r=6 total=113 skipped_zero=113 erased=0
[GradualEraser::verify] center(188,204) rgba=(0,0,0,0)
[MOUSE_MOVE] drawing=true tool=1 drawing at (532.0,289.0)
[handleDrawing] tool=1 brushType=4 eraserSize=12.0 eraserOp=1.00 layer=0x5e2e67ee0d30
[BrushEngine::stampEraser] cx=188.0 cy=204.0 m_eraser=0x5e2e38fafc58
[GradualEraser::stamp] cx=188.0 cy=204.0 r=6 total=113 skipped_zero=113 erased=0
[GradualEraser::verify] center(188,204) rgba=(0,0,0,0)
[BrushEngine::stampEraser] cx=188.0 cy=207.0 m_eraser=0x5e2e38fafc58
[GradualEraser::stamp] cx=188.0 cy=207.0 r=6 total=113 skipped_zero=113 erased=0
[GradualEraser::verify] center(188,207) rgba=(0,0,0,0)
[BrushEngine::stampEraser] cx=188.0 cy=207.0 m_eraser=0x5e2e38fafc58
[GradualEraser::stamp] cx=188.0 cy=207.0 r=6 total=113 skipped_zero=113 erased=0
[GradualEraser::verify] center(188,207) rgba=(0,0,0,0)
[CANVAS_UPDATE] recompositing (frameDirty=1 canvasDirty=0)
[CANVAS_UPDATE] sample pixel (207,154): rgba=(255,101,50,255)
[MOUSE_MOVE] drawing=true tool=1 drawing at (532.0,291.0)
[handleDrawing] tool=1 brushType=4 eraserSize=12.0 eraserOp=1.00 layer=0x5e2e67ee0d30
[BrushEngine::stampEraser] cx=188.0 cy=207.0 m_eraser=0x5e2e38fafc58
[GradualEraser::stamp] cx=188.0 cy=207.0 r=6 total=113 skipped_zero=113 erased=0
[GradualEraser::verify] center(188,207) rgba=(0,0,0,0)
[BrushEngine::stampEraser] cx=188.0 cy=209.0 m_eraser=0x5e2e38fafc58
[GradualEraser::stamp] cx=188.0 cy=209.0 r=6 total=113 skipped_zero=113 erased=0
[GradualEraser::verify] center(188,209) rgba=(0,0,0,0)
[BrushEngine::stampEraser] cx=188.0 cy=209.0 m_eraser=0x5e2e38fafc58
[GradualEraser::stamp] cx=188.0 cy=209.0 r=6 total=113 skipped_zero=113 erased=0
[GradualEraser::verify] center(188,209) rgba=(0,0,0,0)
[MOUSE_MOVE] drawing=true tool=1 drawing at (532.0,292.0)
[handleDrawing] tool=1 brushType=4 eraserSize=12.0 eraserOp=1.00 layer=0x5e2e67ee0d30
[BrushEngine::stampEraser] cx=188.0 cy=209.0 m_eraser=0x5e2e38fafc58
[GradualEraser::stamp] cx=188.0 cy=209.0 r=6 total=113 skipped_zero=113 erased=0
[GradualEraser::verify] center(188,209) rgba=(0,0,0,0)
[BrushEngine::stampEraser] cx=188.0 cy=210.0 m_eraser=0x5e2e38fafc58
[GradualEraser::stamp] cx=188.0 cy=210.0 r=6 total=113 skipped_zero=113 erased=0
[GradualEraser::verify] center(188,210) rgba=(0,0,0,0)
[BrushEngine::stampEraser] cx=188.0 cy=210.0 m_eraser=0x5e2e38fafc58
[GradualEraser::stamp] cx=188.0 cy=210.0 r=6 total=113 skipped_zero=113 erased=0
[GradualEraser::verify] center(188,210) rgba=(0,0,0,0)
[MOUSE_MOVE] drawing=true tool=1 drawing at (532.0,293.0)
[handleDrawing] tool=1 brushType=4 eraserSize=12.0 eraserOp=1.00 layer=0x5e2e67ee0d30
[BrushEngine::stampEraser] cx=188.0 cy=210.0 m_eraser=0x5e2e38fafc58
[GradualEraser::stamp] cx=188.0 cy=210.0 r=6 total=113 skipped_zero=113 erased=0
[GradualEraser::verify] center(188,210) rgba=(0,0,0,0)
[BrushEngine::stampEraser] cx=188.0 cy=211.0 m_eraser=0x5e2e38fafc58
[GradualEraser::stamp] cx=188.0 cy=211.0 r=6 total=113 skipped_zero=111 erased=2
[GradualEraser::verify] center(188,211) rgba=(0,0,0,0)
[BrushEngine::stampEraser] cx=188.0 cy=211.0 m_eraser=0x5e2e38fafc58
[GradualEraser::stamp] cx=188.0 cy=211.0 r=6 total=113 skipped_zero=113 erased=0
[GradualEraser::verify] center(188,211) rgba=(0,0,0,0)
[MOUSE_MOVE] drawing=true tool=1 drawing at (532.0,294.0)
[handleDrawing] tool=1 brushType=4 eraserSize=12.0 eraserOp=1.00 layer=0x5e2e67ee0d30
[BrushEngine::stampEraser] cx=188.0 cy=211.0 m_eraser=0x5e2e38fafc58
[GradualEraser::stamp] cx=188.0 cy=211.0 r=6 total=113 skipped_zero=113 erased=0
[GradualEraser::verify] center(188,211) rgba=(0,0,0,0)
[BrushEngine::stampEraser] cx=188.0 cy=212.0 m_eraser=0x5e2e38fafc58
[GradualEraser::stamp] cx=188.0 cy=212.0 r=6 total=113 skipped_zero=112 erased=1
[GradualEraser::verify] center(188,212) rgba=(0,0,0,0)
[BrushEngine::stampEraser] cx=188.0 cy=212.0 m_eraser=0x5e2e38fafc58
[GradualEraser::stamp] cx=188.0 cy=212.0 r=6 total=113 skipped_zero=113 erased=0
[GradualEraser::verify] center(188,212) rgba=(0,0,0,0)
[MOUSE_MOVE] drawing=true tool=1 drawing at (532.0,295.0)
[handleDrawing] tool=1 brushType=4 eraserSize=12.0 eraserOp=1.00 layer=0x5e2e67ee0d30
[BrushEngine::stampEraser] cx=188.0 cy=212.0 m_eraser=0x5e2e38fafc58
[GradualEraser::stamp] cx=188.0 cy=212.0 r=6 total=113 skipped_zero=113 erased=0
[GradualEraser::verify] center(188,212) rgba=(0,0,0,0)
[BrushEngine::stampEraser] cx=188.0 cy=213.0 m_eraser=0x5e2e38fafc58
[GradualEraser::stamp] cx=188.0 cy=213.0 r=6 total=113 skipped_zero=112 erased=1
[GradualEraser::verify] center(188,213) rgba=(0,0,0,0)
[BrushEngine::stampEraser] cx=188.0 cy=213.0 m_eraser=0x5e2e38fafc58
[GradualEraser::stamp] cx=188.0 cy=213.0 r=6 total=113 skipped_zero=113 erased=0
[GradualEraser::verify] center(188,213) rgba=(0,0,0,0)
[MOUSE_MOVE] drawing=true tool=1 drawing at (532.0,296.0)
[handleDrawing] tool=1 brushType=4 eraserSize=12.0 eraserOp=1.00 layer=0x5e2e67ee0d30
[BrushEngine::stampEraser] cx=188.0 cy=213.0 m_eraser=0x5e2e38fafc58
[GradualEraser::stamp] cx=188.0 cy=213.0 r=6 total=113 skipped_zero=113 erased=0
[GradualEraser::verify] center(188,213) rgba=(0,0,0,0)
[BrushEngine::stampEraser] cx=188.0 cy=214.0 m_eraser=0x5e2e38fafc58
[GradualEraser::stamp] cx=188.0 cy=214.0 r=6 total=113 skipped_zero=112 erased=1
[GradualEraser::verify] center(188,214) rgba=(0,0,0,0)
[BrushEngine::stampEraser] cx=188.0 cy=214.0 m_eraser=0x5e2e38fafc58
[GradualEraser::stamp] cx=188.0 cy=214.0 r=6 total=113 skipped_zero=113 erased=0
[GradualEraser::verify] center(188,214) rgba=(0,0,0,0)
[CANVAS_UPDATE] recompositing (frameDirty=1 canvasDirty=0)
[CANVAS_UPDATE] sample pixel (207,154): rgba=(255,101,50,255)
[MOUSE_MOVE] drawing=true tool=1 drawing at (532.0,297.0)
[handleDrawing] tool=1 brushType=4 eraserSize=12.0 eraserOp=1.00 layer=0x5e2e67ee0d30
[BrushEngine::stampEraser] cx=188.0 cy=214.0 m_eraser=0x5e2e38fafc58
[GradualEraser::stamp] cx=188.0 cy=214.0 r=6 total=113 skipped_zero=113 erased=0
[GradualEraser::verify] center(188,214) rgba=(0,0,0,0)
[BrushEngine::stampEraser] cx=188.0 cy=215.0 m_eraser=0x5e2e38fafc58
[GradualEraser::stamp] cx=188.0 cy=215.0 r=6 total=113 skipped_zero=112 erased=1
[GradualEraser::verify] center(188,215) rgba=(0,0,0,0)
[BrushEngine::stampEraser] cx=188.0 cy=215.0 m_eraser=0x5e2e38fafc58
[GradualEraser::stamp] cx=188.0 cy=215.0 r=6 total=113 skipped_zero=113 erased=0
[GradualEraser::verify] center(188,215) rgba=(0,0,0,0)
[MOUSE_MOVE] drawing=true tool=1 drawing at (532.0,298.0)
[handleDrawing] tool=1 brushType=4 eraserSize=12.0 eraserOp=1.00 layer=0x5e2e67ee0d30
[BrushEngine::stampEraser] cx=188.0 cy=215.0 m_eraser=0x5e2e38fafc58
[GradualEraser::stamp] cx=188.0 cy=215.0 r=6 total=113 skipped_zero=113 erased=0
[GradualEraser::verify] center(188,215) rgba=(0,0,0,0)
[BrushEngine::stampEraser] cx=188.0 cy=216.0 m_eraser=0x5e2e38fafc58
[GradualEraser::stamp] cx=188.0 cy=216.0 r=6 total=113 skipped_zero=112 erased=1
[GradualEraser::verify] center(188,216) rgba=(0,0,0,0)
[BrushEngine::stampEraser] cx=188.0 cy=216.0 m_eraser=0x5e2e38fafc58
[GradualEraser::stamp] cx=188.0 cy=216.0 r=6 total=113 skipped_zero=113 erased=0
[GradualEraser::verify] center(188,216) rgba=(0,0,0,0)
[MOUSE_MOVE] drawing=true tool=1 drawing at (532.0,299.0)
[handleDrawing] tool=1 brushType=4 eraserSize=12.0 eraserOp=1.00 layer=0x5e2e67ee0d30
[BrushEngine::stampEraser] cx=188.0 cy=216.0 m_eraser=0x5e2e38fafc58
[GradualEraser::stamp] cx=188.0 cy=216.0 r=6 total=113 skipped_zero=113 erased=0
[GradualEraser::verify] center(188,216) rgba=(0,0,0,0)
[BrushEngine::stampEraser] cx=188.0 cy=217.0 m_eraser=0x5e2e38fafc58
[GradualEraser::stamp] cx=188.0 cy=217.0 r=6 total=113 skipped_zero=112 erased=1
[GradualEraser::verify] center(188,217) rgba=(0,0,0,0)
[BrushEngine::stampEraser] cx=188.0 cy=217.0 m_eraser=0x5e2e38fafc58
[GradualEraser::stamp] cx=188.0 cy=217.0 r=6 total=113 skipped_zero=113 erased=0
[GradualEraser::verify] center(188,217) rgba=(0,0,0,0)
[MOUSE_MOVE] drawing=true tool=1 drawing at (532.0,300.0)
[handleDrawing] tool=1 brushType=4 eraserSize=12.0 eraserOp=1.00 layer=0x5e2e67ee0d30
[BrushEngine::stampEraser] cx=188.0 cy=217.0 m_eraser=0x5e2e38fafc58
[GradualEraser::stamp] cx=188.0 cy=217.0 r=6 total=113 skipped_zero=113 erased=0
[GradualEraser::verify] center(188,217) rgba=(0,0,0,0)
[BrushEngine::stampEraser] cx=188.0 cy=218.0 m_eraser=0x5e2e38fafc58
[GradualEraser::stamp] cx=188.0 cy=218.0 r=6 total=113 skipped_zero=113 erased=0
[GradualEraser::verify] center(188,218) rgba=(0,0,0,0)
[BrushEngine::stampEraser] cx=188.0 cy=218.0 m_eraser=0x5e2e38fafc58
[GradualEraser::stamp] cx=188.0 cy=218.0 r=6 total=113 skipped_zero=113 erased=0
[GradualEraser::verify] center(188,218) rgba=(0,0,0,0)
[MOUSE_MOVE] drawing=true tool=1 drawing at (532.0,301.0)
[handleDrawing] tool=1 brushType=4 eraserSize=12.0 eraserOp=1.00 layer=0x5e2e67ee0d30
[BrushEngine::stampEraser] cx=188.0 cy=218.0 m_eraser=0x5e2e38fafc58
[GradualEraser::stamp] cx=188.0 cy=218.0 r=6 total=113 skipped_zero=113 erased=0
[GradualEraser::verify] center(188,218) rgba=(0,0,0,0)
[BrushEngine::stampEraser] cx=188.0 cy=219.0 m_eraser=0x5e2e38fafc58
[GradualEraser::stamp] cx=188.0 cy=219.0 r=6 total=113 skipped_zero=113 erased=0
[GradualEraser::verify] center(188,219) rgba=(0,0,0,0)
[BrushEngine::stampEraser] cx=188.0 cy=219.0 m_eraser=0x5e2e38fafc58
[GradualEraser::stamp] cx=188.0 cy=219.0 r=6 total=113 skipped_zero=113 erased=0
[GradualEraser::verify] center(188,219) rgba=(0,0,0,0)
[CANVAS_UPDATE] recompositing (frameDirty=1 canvasDirty=0)
[CANVAS_UPDATE] sample pixel (207,154): rgba=(255,101,50,255)
[MOUSE_MOVE] drawing=true tool=1 drawing at (532.0,302.0)
[handleDrawing] tool=1 brushType=4 eraserSize=12.0 eraserOp=1.00 layer=0x5e2e67ee0d30
[BrushEngine::stampEraser] cx=188.0 cy=219.0 m_eraser=0x5e2e38fafc58
[GradualEraser::stamp] cx=188.0 cy=219.0 r=6 total=113 skipped_zero=113 erased=0
[GradualEraser::verify] center(188,219) rgba=(0,0,0,0)
[BrushEngine::stampEraser] cx=188.0 cy=220.0 m_eraser=0x5e2e38fafc58
[GradualEraser::stamp] cx=188.0 cy=220.0 r=6 total=113 skipped_zero=113 erased=0
[GradualEraser::verify] center(188,220) rgba=(0,0,0,0)
[BrushEngine::stampEraser] cx=188.0 cy=220.0 m_eraser=0x5e2e38fafc58
[GradualEraser::stamp] cx=188.0 cy=220.0 r=6 total=113 skipped_zero=113 erased=0
[GradualEraser::verify] center(188,220) rgba=(0,0,0,0)
[MOUSE_MOVE] drawing=true tool=1 drawing at (531.0,303.0)
[handleDrawing] tool=1 brushType=4 eraserSize=12.0 eraserOp=1.00 layer=0x5e2e67ee0d30
[BrushEngine::stampEraser] cx=188.0 cy=220.0 m_eraser=0x5e2e38fafc58
[GradualEraser::stamp] cx=188.0 cy=220.0 r=6 total=113 skipped_zero=113 erased=0
[GradualEraser::verify] center(188,220) rgba=(0,0,0,0)
[BrushEngine::stampEraser] cx=187.0 cy=221.0 m_eraser=0x5e2e38fafc58
[GradualEraser::stamp] cx=187.0 cy=221.0 r=6 total=113 skipped_zero=113 erased=0
[GradualEraser::verify] center(187,221) rgba=(0,0,0,0)
[BrushEngine::stampEraser] cx=187.0 cy=221.0 m_eraser=0x5e2e38fafc58
[GradualEraser::stamp] cx=187.0 cy=221.0 r=6 total=113 skipped_zero=113 erased=0
[GradualEraser::verify] center(187,221) rgba=(0,0,0,0)
[CANVAS_UPDATE] recompositing (frameDirty=1 canvasDirty=0)
[CANVAS_UPDATE] sample pixel (207,154): rgba=(255,101,50,255)
[MOUSE_MOVE] drawing=true tool=1 drawing at (531.0,304.0)
[handleDrawing] tool=1 brushType=4 eraserSize=12.0 eraserOp=1.00 layer=0x5e2e67ee0d30
[BrushEngine::stampEraser] cx=187.0 cy=221.0 m_eraser=0x5e2e38fafc58
[GradualEraser::stamp] cx=187.0 cy=221.0 r=6 total=113 skipped_zero=113 erased=0
[GradualEraser::verify] center(187,221) rgba=(0,0,0,0)
[BrushEngine::stampEraser] cx=187.0 cy=222.0 m_eraser=0x5e2e38fafc58
[GradualEraser::stamp] cx=187.0 cy=222.0 r=6 total=113 skipped_zero=113 erased=0
[GradualEraser::verify] center(187,222) rgba=(0,0,0,0)
[BrushEngine::stampEraser] cx=187.0 cy=222.0 m_eraser=0x5e2e38fafc58
[GradualEraser::stamp] cx=187.0 cy=222.0 r=6 total=113 skipped_zero=113 erased=0
[GradualEraser::verify] center(187,222) rgba=(0,0,0,0)
[MOUSE_MOVE] drawing=true tool=1 drawing at (531.0,305.0)
[handleDrawing] tool=1 brushType=4 eraserSize=12.0 eraserOp=1.00 layer=0x5e2e67ee0d30
[BrushEngine::stampEraser] cx=187.0 cy=222.0 m_eraser=0x5e2e38fafc58
[GradualEraser::stamp] cx=187.0 cy=222.0 r=6 total=113 skipped_zero=113 erased=0
[GradualEraser::verify] center(187,222) rgba=(0,0,0,0)
[BrushEngine::stampEraser] cx=187.0 cy=223.0 m_eraser=0x5e2e38fafc58
[GradualEraser::stamp] cx=187.0 cy=223.0 r=6 total=113 skipped_zero=113 erased=0
[GradualEraser::verify] center(187,223) rgba=(0,0,0,0)
[BrushEngine::stampEraser] cx=187.0 cy=223.0 m_eraser=0x5e2e38fafc58
[GradualEraser::stamp] cx=187.0 cy=223.0 r=6 total=113 skipped_zero=113 erased=0
[GradualEraser::verify] center(187,223) rgba=(0,0,0,0)
[CANVAS_UPDATE] recompositing (frameDirty=1 canvasDirty=0)
[CANVAS_UPDATE] sample pixel (207,154): rgba=(255,101,50,255)
[MOUSE_MOVE] drawing=true tool=1 drawing at (531.0,306.0)
[handleDrawing] tool=1 brushType=4 eraserSize=12.0 eraserOp=1.00 layer=0x5e2e67ee0d30
[BrushEngine::stampEraser] cx=187.0 cy=223.0 m_eraser=0x5e2e38fafc58
[GradualEraser::stamp] cx=187.0 cy=223.0 r=6 total=113 skipped_zero=113 erased=0
[GradualEraser::verify] center(187,223) rgba=(0,0,0,0)
[BrushEngine::stampEraser] cx=187.0 cy=224.0 m_eraser=0x5e2e38fafc58
[GradualEraser::stamp] cx=187.0 cy=224.0 r=6 total=113 skipped_zero=113 erased=0
[GradualEraser::verify] center(187,224) rgba=(0,0,0,0)
[BrushEngine::stampEraser] cx=187.0 cy=224.0 m_eraser=0x5e2e38fafc58
[GradualEraser::stamp] cx=187.0 cy=224.0 r=6 total=113 skipped_zero=113 erased=0
[GradualEraser::verify] center(187,224) rgba=(0,0,0,0)
[CANVAS_UPDATE] recompositing (frameDirty=1 canvasDirty=0)
[CANVAS_UPDATE] sample pixel (207,154): rgba=(255,101,50,255)
[MOUSE_MOVE] drawing=true tool=1 drawing at (532.0,305.0)
[handleDrawing] tool=1 brushType=4 eraserSize=12.0 eraserOp=1.00 layer=0x5e2e67ee0d30
[BrushEngine::stampEraser] cx=187.0 cy=224.0 m_eraser=0x5e2e38fafc58
[GradualEraser::stamp] cx=187.0 cy=224.0 r=6 total=113 skipped_zero=113 erased=0
[GradualEraser::verify] center(187,224) rgba=(0,0,0,0)
[BrushEngine::stampEraser] cx=188.0 cy=223.0 m_eraser=0x5e2e38fafc58
[GradualEraser::stamp] cx=188.0 cy=223.0 r=6 total=113 skipped_zero=113 erased=0
[GradualEraser::verify] center(188,223) rgba=(0,0,0,0)
[BrushEngine::stampEraser] cx=188.0 cy=223.0 m_eraser=0x5e2e38fafc58
[GradualEraser::stamp] cx=188.0 cy=223.0 r=6 total=113 skipped_zero=113 erased=0
[GradualEraser::verify] center(188,223) rgba=(0,0,0,0)
[MOUSE_MOVE] drawing=true tool=1 drawing at (533.0,304.0)
[handleDrawing] tool=1 brushType=4 eraserSize=12.0 eraserOp=1.00 layer=0x5e2e67ee0d30
[BrushEngine::stampEraser] cx=188.0 cy=223.0 m_eraser=0x5e2e38fafc58
[GradualEraser::stamp] cx=188.0 cy=223.0 r=6 total=113 skipped_zero=113 erased=0
[GradualEraser::verify] center(188,223) rgba=(0,0,0,0)
[BrushEngine::stampEraser] cx=189.0 cy=222.0 m_eraser=0x5e2e38fafc58
[GradualEraser::stamp] cx=189.0 cy=222.0 r=6 total=113 skipped_zero=113 erased=0
[GradualEraser::verify] center(189,222) rgba=(0,0,0,0)
[BrushEngine::stampEraser] cx=189.0 cy=222.0 m_eraser=0x5e2e38fafc58
[GradualEraser::stamp] cx=189.0 cy=222.0 r=6 total=113 skipped_zero=113 erased=0
[GradualEraser::verify] center(189,222) rgba=(0,0,0,0)
[MOUSE_MOVE] drawing=true tool=1 drawing at (533.0,303.0)
[handleDrawing] tool=1 brushType=4 eraserSize=12.0 eraserOp=1.00 layer=0x5e2e67ee0d30
[BrushEngine::stampEraser] cx=189.0 cy=222.0 m_eraser=0x5e2e38fafc58
[GradualEraser::stamp] cx=189.0 cy=222.0 r=6 total=113 skipped_zero=113 erased=0
[GradualEraser::verify] center(189,222) rgba=(0,0,0,0)
[BrushEngine::stampEraser] cx=189.0 cy=221.0 m_eraser=0x5e2e38fafc58
[GradualEraser::stamp] cx=189.0 cy=221.0 r=6 total=113 skipped_zero=113 erased=0
[GradualEraser::verify] center(189,221) rgba=(0,0,0,0)
[BrushEngine::stampEraser] cx=189.0 cy=221.0 m_eraser=0x5e2e38fafc58
[GradualEraser::stamp] cx=189.0 cy=221.0 r=6 total=113 skipped_zero=113 erased=0
[GradualEraser::verify] center(189,221) rgba=(0,0,0,0)
[CANVAS_UPDATE] recompositing (frameDirty=1 canvasDirty=0)
[CANVAS_UPDATE] sample pixel (207,154): rgba=(255,101,50,255)
[MOUSE_MOVE] drawing=true tool=1 drawing at (534.0,302.0)
[handleDrawing] tool=1 brushType=4 eraserSize=12.0 eraserOp=1.00 layer=0x5e2e67ee0d30
[BrushEngine::stampEraser] cx=189.0 cy=221.0 m_eraser=0x5e2e38fafc58
[GradualEraser::stamp] cx=189.0 cy=221.0 r=6 total=113 skipped_zero=113 erased=0
[GradualEraser::verify] center(189,221) rgba=(0,0,0,0)
[BrushEngine::stampEraser] cx=190.0 cy=220.0 m_eraser=0x5e2e38fafc58
[GradualEraser::stamp] cx=190.0 cy=220.0 r=6 total=113 skipped_zero=113 erased=0
[GradualEraser::verify] center(190,220) rgba=(0,0,0,0)
[BrushEngine::stampEraser] cx=190.0 cy=220.0 m_eraser=0x5e2e38fafc58
[GradualEraser::stamp] cx=190.0 cy=220.0 r=6 total=113 skipped_zero=113 erased=0
[GradualEraser::verify] center(190,220) rgba=(0,0,0,0)
[MOUSE_MOVE] drawing=true tool=1 drawing at (534.0,301.0)
[handleDrawing] tool=1 brushType=4 eraserSize=12.0 eraserOp=1.00 layer=0x5e2e67ee0d30
[BrushEngine::stampEraser] cx=190.0 cy=220.0 m_eraser=0x5e2e38fafc58
[GradualEraser::stamp] cx=190.0 cy=220.0 r=6 total=113 skipped_zero=113 erased=0
[GradualEraser::verify] center(190,220) rgba=(0,0,0,0)
[BrushEngine::stampEraser] cx=190.0 cy=219.0 m_eraser=0x5e2e38fafc58
[GradualEraser::stamp] cx=190.0 cy=219.0 r=6 total=113 skipped_zero=113 erased=0
[GradualEraser::verify] center(190,219) rgba=(0,0,0,0)
[BrushEngine::stampEraser] cx=190.0 cy=219.0 m_eraser=0x5e2e38fafc58
[GradualEraser::stamp] cx=190.0 cy=219.0 r=6 total=113 skipped_zero=113 erased=0
[GradualEraser::verify] center(190,219) rgba=(0,0,0,0)
[MOUSE_MOVE] drawing=true tool=1 drawing at (536.0,297.0)
[handleDrawing] tool=1 brushType=4 eraserSize=12.0 eraserOp=1.00 layer=0x5e2e67ee0d30
[BrushEngine::stampEraser] cx=190.0 cy=219.0 m_eraser=0x5e2e38fafc58
[GradualEraser::stamp] cx=190.0 cy=219.0 r=6 total=113 skipped_zero=113 erased=0
[GradualEraser::verify] center(190,219) rgba=(0,0,0,0)
[BrushEngine::stampEraser] cx=191.0 cy=217.0 m_eraser=0x5e2e38fafc58
[GradualEraser::stamp] cx=191.0 cy=217.0 r=6 total=113 skipped_zero=113 erased=0
[GradualEraser::verify] center(191,217) rgba=(0,0,0,0)
[BrushEngine::stampEraser] cx=192.0 cy=215.0 m_eraser=0x5e2e38fafc58
[GradualEraser::stamp] cx=192.0 cy=215.0 r=6 total=113 skipped_zero=111 erased=2
[GradualEraser::verify] center(192,215) rgba=(0,0,0,0)
[BrushEngine::stampEraser] cx=192.0 cy=215.0 m_eraser=0x5e2e38fafc58
[GradualEraser::stamp] cx=192.0 cy=215.0 r=6 total=113 skipped_zero=113 erased=0
[GradualEraser::verify] center(192,215) rgba=(0,0,0,0)
[MOUSE_MOVE] drawing=true tool=1 drawing at (538.0,294.0)
[handleDrawing] tool=1 brushType=4 eraserSize=12.0 eraserOp=1.00 layer=0x5e2e67ee0d30
[BrushEngine::stampEraser] cx=192.0 cy=215.0 m_eraser=0x5e2e38fafc58
[GradualEraser::stamp] cx=192.0 cy=215.0 r=6 total=113 skipped_zero=113 erased=0
[GradualEraser::verify] center(192,215) rgba=(0,0,0,0)
[BrushEngine::stampEraser] cx=193.0 cy=213.5 m_eraser=0x5e2e38fafc58
[GradualEraser::stamp] cx=193.0 cy=213.5 r=6 total=113 skipped_zero=110 erased=3
[GradualEraser::verify] center(193,214) rgba=(0,0,0,0)
[BrushEngine::stampEraser] cx=194.0 cy=212.0 m_eraser=0x5e2e38fafc58
[GradualEraser::stamp] cx=194.0 cy=212.0 r=6 total=113 skipped_zero=104 erased=9
[GradualEraser::verify] center(194,212) rgba=(0,0,0,0)
[BrushEngine::stampEraser] cx=194.0 cy=212.0 m_eraser=0x5e2e38fafc58
[GradualEraser::stamp] cx=194.0 cy=212.0 r=6 total=113 skipped_zero=113 erased=0
[GradualEraser::verify] center(194,212) rgba=(0,0,0,0)
[MOUSE_MOVE] drawing=true tool=1 drawing at (538.0,292.0)
[handleDrawing] tool=1 brushType=4 eraserSize=12.0 eraserOp=1.00 layer=0x5e2e67ee0d30
[BrushEngine::stampEraser] cx=194.0 cy=212.0 m_eraser=0x5e2e38fafc58
[GradualEraser::stamp] cx=194.0 cy=212.0 r=6 total=113 skipped_zero=113 erased=0
[GradualEraser::verify] center(194,212) rgba=(0,0,0,0)
[BrushEngine::stampEraser] cx=194.0 cy=210.0 m_eraser=0x5e2e38fafc58
[GradualEraser::stamp] cx=194.0 cy=210.0 r=6 total=113 skipped_zero=105 erased=8
[GradualEraser::verify] center(194,210) rgba=(0,0,0,0)
[BrushEngine::stampEraser] cx=194.0 cy=210.0 m_eraser=0x5e2e38fafc58
[GradualEraser::stamp] cx=194.0 cy=210.0 r=6 total=113 skipped_zero=113 erased=0
[GradualEraser::verify] center(194,210) rgba=(0,0,0,0)
[MOUSE_MOVE] drawing=true tool=1 drawing at (539.0,290.0)
[handleDrawing] tool=1 brushType=4 eraserSize=12.0 eraserOp=1.00 layer=0x5e2e67ee0d30
[BrushEngine::stampEraser] cx=194.0 cy=210.0 m_eraser=0x5e2e38fafc58
[GradualEraser::stamp] cx=194.0 cy=210.0 r=6 total=113 skipped_zero=113 erased=0
[GradualEraser::verify] center(194,210) rgba=(0,0,0,0)
[BrushEngine::stampEraser] cx=195.0 cy=208.0 m_eraser=0x5e2e38fafc58
[GradualEraser::stamp] cx=195.0 cy=208.0 r=6 total=113 skipped_zero=97 erased=16
[GradualEraser::verify] center(195,208) rgba=(0,0,0,0)
[BrushEngine::stampEraser] cx=195.0 cy=208.0 m_eraser=0x5e2e38fafc58
[GradualEraser::stamp] cx=195.0 cy=208.0 r=6 total=113 skipped_zero=113 erased=0
[GradualEraser::verify] center(195,208) rgba=(0,0,0,0)
[CANVAS_UPDATE] recompositing (frameDirty=1 canvasDirty=0)
[CANVAS_UPDATE] sample pixel (207,154): rgba=(255,101,50,255)
[MOUSE_MOVE] drawing=true tool=1 drawing at (540.0,289.0)
[handleDrawing] tool=1 brushType=4 eraserSize=12.0 eraserOp=1.00 layer=0x5e2e67ee0d30
[BrushEngine::stampEraser] cx=195.0 cy=208.0 m_eraser=0x5e2e38fafc58
[GradualEraser::stamp] cx=195.0 cy=208.0 r=6 total=113 skipped_zero=113 erased=0
[GradualEraser::verify] center(195,208) rgba=(0,0,0,0)
[BrushEngine::stampEraser] cx=196.0 cy=207.0 m_eraser=0x5e2e38fafc58
[GradualEraser::stamp] cx=196.0 cy=207.0 r=6 total=113 skipped_zero=100 erased=13
[GradualEraser::verify] center(196,207) rgba=(0,0,0,0)
[BrushEngine::stampEraser] cx=196.0 cy=207.0 m_eraser=0x5e2e38fafc58
[GradualEraser::stamp] cx=196.0 cy=207.0 r=6 total=113 skipped_zero=113 erased=0
[GradualEraser::verify] center(196,207) rgba=(0,0,0,0)
[MOUSE_MOVE] drawing=true tool=1 drawing at (541.0,286.0)
[handleDrawing] tool=1 brushType=4 eraserSize=12.0 eraserOp=1.00 layer=0x5e2e67ee0d30
[BrushEngine::stampEraser] cx=196.0 cy=207.0 m_eraser=0x5e2e38fafc58
[GradualEraser::stamp] cx=196.0 cy=207.0 r=6 total=113 skipped_zero=113 erased=0
[GradualEraser::verify] center(196,207) rgba=(0,0,0,0)
[BrushEngine::stampEraser] cx=196.5 cy=205.5 m_eraser=0x5e2e38fafc58
[GradualEraser::stamp] cx=196.5 cy=205.5 r=6 total=113 skipped_zero=99 erased=14
[GradualEraser::verify] center(197,206) rgba=(0,0,0,0)
[BrushEngine::stampEraser] cx=197.0 cy=204.0 m_eraser=0x5e2e38fafc58
[GradualEraser::stamp] cx=197.0 cy=204.0 r=6 total=113 skipped_zero=95 erased=18
[GradualEraser::verify] center(197,204) rgba=(0,0,0,0)
[BrushEngine::stampEraser] cx=197.0 cy=204.0 m_eraser=0x5e2e38fafc58
[GradualEraser::stamp] cx=197.0 cy=204.0 r=6 total=113 skipped_zero=113 erased=0
[GradualEraser::verify] center(197,204) rgba=(0,0,0,0)
[MOUSE_MOVE] drawing=true tool=1 drawing at (541.0,285.0)
[handleDrawing] tool=1 brushType=4 eraserSize=12.0 eraserOp=1.00 layer=0x5e2e67ee0d30
[BrushEngine::stampEraser] cx=197.0 cy=204.0 m_eraser=0x5e2e38fafc58
[GradualEraser::stamp] cx=197.0 cy=204.0 r=6 total=113 skipped_zero=113 erased=0
[GradualEraser::verify] center(197,204) rgba=(0,0,0,0)
[BrushEngine::stampEraser] cx=197.0 cy=203.0 m_eraser=0x5e2e38fafc58
[GradualEraser::stamp] cx=197.0 cy=203.0 r=6 total=113 skipped_zero=103 erased=10
[GradualEraser::verify] center(197,203) rgba=(0,0,0,0)
[BrushEngine::stampEraser] cx=197.0 cy=203.0 m_eraser=0x5e2e38fafc58
[GradualEraser::stamp] cx=197.0 cy=203.0 r=6 total=113 skipped_zero=113 erased=0
[GradualEraser::verify] center(197,203) rgba=(0,0,0,0)
[MOUSE_MOVE] drawing=true tool=1 drawing at (543.0,285.0)
[handleDrawing] tool=1 brushType=4 eraserSize=12.0 eraserOp=1.00 layer=0x5e2e67ee0d30
[BrushEngine::stampEraser] cx=197.0 cy=203.0 m_eraser=0x5e2e38fafc58
[GradualEraser::stamp] cx=197.0 cy=203.0 r=6 total=113 skipped_zero=113 erased=0
[GradualEraser::verify] center(197,203) rgba=(0,0,0,0)
[BrushEngine::stampEraser] cx=199.0 cy=203.0 m_eraser=0x5e2e38fafc58
[GradualEraser::stamp] cx=199.0 cy=203.0 r=6 total=113 skipped_zero=95 erased=18
[GradualEraser::verify] center(199,203) rgba=(0,0,0,0)
[BrushEngine::stampEraser] cx=199.0 cy=203.0 m_eraser=0x5e2e38fafc58
[GradualEraser::stamp] cx=199.0 cy=203.0 r=6 total=113 skipped_zero=113 erased=0
[GradualEraser::verify] center(199,203) rgba=(0,0,0,0)
[MOUSE_MOVE] drawing=true tool=1 drawing at (543.0,282.0)
[handleDrawing] tool=1 brushType=4 eraserSize=12.0 eraserOp=1.00 layer=0x5e2e67ee0d30
[BrushEngine::stampEraser] cx=199.0 cy=203.0 m_eraser=0x5e2e38fafc58
[GradualEraser::stamp] cx=199.0 cy=203.0 r=6 total=113 skipped_zero=113 erased=0
[GradualEraser::verify] center(199,203) rgba=(0,0,0,0)
[BrushEngine::stampEraser] cx=199.0 cy=200.0 m_eraser=0x5e2e38fafc58
[GradualEraser::stamp] cx=199.0 cy=200.0 r=6 total=113 skipped_zero=92 erased=21
[GradualEraser::verify] center(199,200) rgba=(0,0,0,0)
[BrushEngine::stampEraser] cx=199.0 cy=200.0 m_eraser=0x5e2e38fafc58
[GradualEraser::stamp] cx=199.0 cy=200.0 r=6 total=113 skipped_zero=113 erased=0
[GradualEraser::verify] center(199,200) rgba=(0,0,0,0)
[MOUSE_MOVE] drawing=true tool=1 drawing at (544.0,280.0)
[handleDrawing] tool=1 brushType=4 eraserSize=12.0 eraserOp=1.00 layer=0x5e2e67ee0d30
[BrushEngine::stampEraser] cx=199.0 cy=200.0 m_eraser=0x5e2e38fafc58
[GradualEraser::stamp] cx=199.0 cy=200.0 r=6 total=113 skipped_zero=113 erased=0
[GradualEraser::verify] center(199,200) rgba=(0,0,0,0)
[BrushEngine::stampEraser] cx=200.0 cy=198.0 m_eraser=0x5e2e38fafc58
[GradualEraser::stamp] cx=200.0 cy=198.0 r=6 total=113 skipped_zero=94 erased=19
[GradualEraser::verify] center(200,198) rgba=(0,0,0,0)
[BrushEngine::stampEraser] cx=200.0 cy=198.0 m_eraser=0x5e2e38fafc58
[GradualEraser::stamp] cx=200.0 cy=198.0 r=6 total=113 skipped_zero=113 erased=0
[GradualEraser::verify] center(200,198) rgba=(0,0,0,0)
[MOUSE_MOVE] drawing=true tool=1 drawing at (544.0,279.0)
[handleDrawing] tool=1 brushType=4 eraserSize=12.0 eraserOp=1.00 layer=0x5e2e67ee0d30
[BrushEngine::stampEraser] cx=200.0 cy=198.0 m_eraser=0x5e2e38fafc58
[GradualEraser::stamp] cx=200.0 cy=198.0 r=6 total=113 skipped_zero=113 erased=0
[GradualEraser::verify] center(200,198) rgba=(0,0,0,0)
[BrushEngine::stampEraser] cx=200.0 cy=197.0 m_eraser=0x5e2e38fafc58
[GradualEraser::stamp] cx=200.0 cy=197.0 r=6 total=113 skipped_zero=107 erased=6
[GradualEraser::verify] center(200,197) rgba=(0,0,0,0)
[BrushEngine::stampEraser] cx=200.0 cy=197.0 m_eraser=0x5e2e38fafc58
[GradualEraser::stamp] cx=200.0 cy=197.0 r=6 total=113 skipped_zero=113 erased=0
[GradualEraser::verify] center(200,197) rgba=(0,0,0,0)
[MOUSE_MOVE] drawing=true tool=1 drawing at (545.0,278.0)
[handleDrawing] tool=1 brushType=4 eraserSize=12.0 eraserOp=1.00 layer=0x5e2e67ee0d30
[BrushEngine::stampEraser] cx=200.0 cy=197.0 m_eraser=0x5e2e38fafc58
[GradualEraser::stamp] cx=200.0 cy=197.0 r=6 total=113 skipped_zero=113 erased=0
[GradualEraser::verify] center(200,197) rgba=(0,0,0,0)
[BrushEngine::stampEraser] cx=201.0 cy=196.0 m_eraser=0x5e2e38fafc58
[GradualEraser::stamp] cx=201.0 cy=196.0 r=6 total=113 skipped_zero=101 erased=12
[GradualEraser::verify] center(201,196) rgba=(0,0,0,0)
[BrushEngine::stampEraser] cx=201.0 cy=196.0 m_eraser=0x5e2e38fafc58
[GradualEraser::stamp] cx=201.0 cy=196.0 r=6 total=113 skipped_zero=113 erased=0
[GradualEraser::verify] center(201,196) rgba=(0,0,0,0)
[CANVAS_UPDATE] recompositing (frameDirty=1 canvasDirty=0)
[CANVAS_UPDATE] sample pixel (207,154): rgba=(255,101,50,255)
[MOUSE_MOVE] drawing=true tool=1 drawing at (545.0,277.0)
[handleDrawing] tool=1 brushType=4 eraserSize=12.0 eraserOp=1.00 layer=0x5e2e67ee0d30
[BrushEngine::stampEraser] cx=201.0 cy=196.0 m_eraser=0x5e2e38fafc58
[GradualEraser::stamp] cx=201.0 cy=196.0 r=6 total=113 skipped_zero=113 erased=0
[GradualEraser::verify] center(201,196) rgba=(0,0,0,0)
[BrushEngine::stampEraser] cx=201.0 cy=195.0 m_eraser=0x5e2e38fafc58
[GradualEraser::stamp] cx=201.0 cy=195.0 r=6 total=113 skipped_zero=109 erased=4
[GradualEraser::verify] center(201,195) rgba=(0,0,0,0)
[BrushEngine::stampEraser] cx=201.0 cy=195.0 m_eraser=0x5e2e38fafc58
[GradualEraser::stamp] cx=201.0 cy=195.0 r=6 total=113 skipped_zero=113 erased=0
[GradualEraser::verify] center(201,195) rgba=(0,0,0,0)
[MOUSE_MOVE] drawing=true tool=1 drawing at (545.0,276.0)
[handleDrawing] tool=1 brushType=4 eraserSize=12.0 eraserOp=1.00 layer=0x5e2e67ee0d30
[BrushEngine::stampEraser] cx=201.0 cy=195.0 m_eraser=0x5e2e38fafc58
[GradualEraser::stamp] cx=201.0 cy=195.0 r=6 total=113 skipped_zero=113 erased=0
[GradualEraser::verify] center(201,195) rgba=(0,0,0,0)
[BrushEngine::stampEraser] cx=201.0 cy=194.0 m_eraser=0x5e2e38fafc58
[GradualEraser::stamp] cx=201.0 cy=194.0 r=6 total=113 skipped_zero=110 erased=3
[GradualEraser::verify] center(201,194) rgba=(0,0,0,0)
[BrushEngine::stampEraser] cx=201.0 cy=194.0 m_eraser=0x5e2e38fafc58
[GradualEraser::stamp] cx=201.0 cy=194.0 r=6 total=113 skipped_zero=113 erased=0
[GradualEraser::verify] center(201,194) rgba=(0,0,0,0)
[MOUSE_MOVE] drawing=true tool=1 drawing at (547.0,274.0)
[handleDrawing] tool=1 brushType=4 eraserSize=12.0 eraserOp=1.00 layer=0x5e2e67ee0d30
[BrushEngine::stampEraser] cx=201.0 cy=194.0 m_eraser=0x5e2e38fafc58
[GradualEraser::stamp] cx=201.0 cy=194.0 r=6 total=113 skipped_zero=113 erased=0
[GradualEraser::verify] center(201,194) rgba=(0,0,0,0)
[BrushEngine::stampEraser] cx=203.0 cy=192.0 m_eraser=0x5e2e38fafc58
[GradualEraser::stamp] cx=203.0 cy=192.0 r=6 total=113 skipped_zero=97 erased=16
[GradualEraser::verify] center(203,192) rgba=(0,0,0,0)
[BrushEngine::stampEraser] cx=203.0 cy=192.0 m_eraser=0x5e2e38fafc58
[GradualEraser::stamp] cx=203.0 cy=192.0 r=6 total=113 skipped_zero=113 erased=0
[GradualEraser::verify] center(203,192) rgba=(0,0,0,0)
[MOUSE_MOVE] drawing=true tool=1 drawing at (548.0,273.0)
[handleDrawing] tool=1 brushType=4 eraserSize=12.0 eraserOp=1.00 layer=0x5e2e67ee0d30
[BrushEngine::stampEraser] cx=203.0 cy=192.0 m_eraser=0x5e2e38fafc58
[GradualEraser::stamp] cx=203.0 cy=192.0 r=6 total=113 skipped_zero=113 erased=0
[GradualEraser::verify] center(203,192) rgba=(0,0,0,0)
[BrushEngine::stampEraser] cx=204.0 cy=191.0 m_eraser=0x5e2e38fafc58
[GradualEraser::stamp] cx=204.0 cy=191.0 r=6 total=113 skipped_zero=105 erased=8
[GradualEraser::verify] center(204,191) rgba=(0,0,0,0)
[BrushEngine::stampEraser] cx=204.0 cy=191.0 m_eraser=0x5e2e38fafc58
[GradualEraser::stamp] cx=204.0 cy=191.0 r=6 total=113 skipped_zero=113 erased=0
[GradualEraser::verify] center(204,191) rgba=(0,0,0,0)
[MOUSE_MOVE] drawing=true tool=1 drawing at (548.0,272.0)
[handleDrawing] tool=1 brushType=4 eraserSize=12.0 eraserOp=1.00 layer=0x5e2e67ee0d30
[BrushEngine::stampEraser] cx=204.0 cy=191.0 m_eraser=0x5e2e38fafc58
[GradualEraser::stamp] cx=204.0 cy=191.0 r=6 total=113 skipped_zero=113 erased=0
[GradualEraser::verify] center(204,191) rgba=(0,0,0,0)
[BrushEngine::stampEraser] cx=204.0 cy=190.0 m_eraser=0x5e2e38fafc58
[GradualEraser::stamp] cx=204.0 cy=190.0 r=6 total=113 skipped_zero=112 erased=1
[GradualEraser::verify] center(204,190) rgba=(0,0,0,0)
[BrushEngine::stampEraser] cx=204.0 cy=190.0 m_eraser=0x5e2e38fafc58
[GradualEraser::stamp] cx=204.0 cy=190.0 r=6 total=113 skipped_zero=113 erased=0
[GradualEraser::verify] center(204,190) rgba=(0,0,0,0)
[MOUSE_MOVE] drawing=true tool=1 drawing at (549.0,271.0)
[handleDrawing] tool=1 brushType=4 eraserSize=12.0 eraserOp=1.00 layer=0x5e2e67ee0d30
[BrushEngine::stampEraser] cx=204.0 cy=190.0 m_eraser=0x5e2e38fafc58
[GradualEraser::stamp] cx=204.0 cy=190.0 r=6 total=113 skipped_zero=113 erased=0
[GradualEraser::verify] center(204,190) rgba=(0,0,0,0)
[BrushEngine::stampEraser] cx=205.0 cy=189.0 m_eraser=0x5e2e38fafc58
[GradualEraser::stamp] cx=205.0 cy=189.0 r=6 total=113 skipped_zero=108 erased=5
[GradualEraser::verify] center(205,189) rgba=(0,0,0,0)
[BrushEngine::stampEraser] cx=205.0 cy=189.0 m_eraser=0x5e2e38fafc58
[GradualEraser::stamp] cx=205.0 cy=189.0 r=6 total=113 skipped_zero=113 erased=0
[GradualEraser::verify] center(205,189) rgba=(0,0,0,0)
[MOUSE_MOVE] drawing=true tool=1 drawing at (551.0,267.0)
[handleDrawing] tool=1 brushType=4 eraserSize=12.0 eraserOp=1.00 layer=0x5e2e67ee0d30
[BrushEngine::stampEraser] cx=205.0 cy=189.0 m_eraser=0x5e2e38fafc58
[GradualEraser::stamp] cx=205.0 cy=189.0 r=6 total=113 skipped_zero=113 erased=0
[GradualEraser::verify] center(205,189) rgba=(0,0,0,0)
[BrushEngine::stampEraser] cx=206.0 cy=187.0 m_eraser=0x5e2e38fafc58
[GradualEraser::stamp] cx=206.0 cy=187.0 r=6 total=113 skipped_zero=108 erased=5
[GradualEraser::verify] center(206,187) rgba=(0,0,0,0)
[BrushEngine::stampEraser] cx=207.0 cy=185.0 m_eraser=0x5e2e38fafc58
[GradualEraser::stamp] cx=207.0 cy=185.0 r=6 total=113 skipped_zero=109 erased=4
[GradualEraser::verify] center(207,185) rgba=(0,0,0,0)
[BrushEngine::stampEraser] cx=207.0 cy=185.0 m_eraser=0x5e2e38fafc58
[GradualEraser::stamp] cx=207.0 cy=185.0 r=6 total=113 skipped_zero=113 erased=0
[GradualEraser::verify] center(207,185) rgba=(0,0,0,0)
[CANVAS_UPDATE] recompositing (frameDirty=1 canvasDirty=0)
[CANVAS_UPDATE] sample pixel (207,154): rgba=(255,101,50,255)
[MOUSE_MOVE] drawing=true tool=1 drawing at (552.0,266.0)
[handleDrawing] tool=1 brushType=4 eraserSize=12.0 eraserOp=1.00 layer=0x5e2e67ee0d30
[BrushEngine::stampEraser] cx=207.0 cy=185.0 m_eraser=0x5e2e38fafc58
[GradualEraser::stamp] cx=207.0 cy=185.0 r=6 total=113 skipped_zero=113 erased=0
[GradualEraser::verify] center(207,185) rgba=(0,0,0,0)
[BrushEngine::stampEraser] cx=208.0 cy=184.0 m_eraser=0x5e2e38fafc58
[GradualEraser::stamp] cx=208.0 cy=184.0 r=6 total=113 skipped_zero=110 erased=3
[GradualEraser::verify] center(208,184) rgba=(0,0,0,0)
[BrushEngine::stampEraser] cx=208.0 cy=184.0 m_eraser=0x5e2e38fafc58
[GradualEraser::stamp] cx=208.0 cy=184.0 r=6 total=113 skipped_zero=113 erased=0
[GradualEraser::verify] center(208,184) rgba=(0,0,0,0)
[MOUSE_MOVE] drawing=true tool=1 drawing at (552.0,263.0)
[handleDrawing] tool=1 brushType=4 eraserSize=12.0 eraserOp=1.00 layer=0x5e2e67ee0d30
[BrushEngine::stampEraser] cx=208.0 cy=184.0 m_eraser=0x5e2e38fafc58
[GradualEraser::stamp] cx=208.0 cy=184.0 r=6 total=113 skipped_zero=113 erased=0
[GradualEraser::verify] center(208,184) rgba=(0,0,0,0)
[BrushEngine::stampEraser] cx=208.0 cy=181.0 m_eraser=0x5e2e38fafc58
[GradualEraser::stamp] cx=208.0 cy=181.0 r=6 total=113 skipped_zero=113 erased=0
[GradualEraser::verify] center(208,181) rgba=(0,0,0,0)
[BrushEngine::stampEraser] cx=208.0 cy=181.0 m_eraser=0x5e2e38fafc58
[GradualEraser::stamp] cx=208.0 cy=181.0 r=6 total=113 skipped_zero=113 erased=0
[GradualEraser::verify] center(208,181) rgba=(0,0,0,0)
[MOUSE_MOVE] drawing=true tool=1 drawing at (553.0,262.0)
[handleDrawing] tool=1 brushType=4 eraserSize=12.0 eraserOp=1.00 layer=0x5e2e67ee0d30
[BrushEngine::stampEraser] cx=208.0 cy=181.0 m_eraser=0x5e2e38fafc58
[GradualEraser::stamp] cx=208.0 cy=181.0 r=6 total=113 skipped_zero=113 erased=0
[GradualEraser::verify] center(208,181) rgba=(0,0,0,0)
[BrushEngine::stampEraser] cx=209.0 cy=180.0 m_eraser=0x5e2e38fafc58
[GradualEraser::stamp] cx=209.0 cy=180.0 r=6 total=113 skipped_zero=113 erased=0
[GradualEraser::verify] center(209,180) rgba=(0,0,0,0)
[BrushEngine::stampEraser] cx=209.0 cy=180.0 m_eraser=0x5e2e38fafc58
[GradualEraser::stamp] cx=209.0 cy=180.0 r=6 total=113 skipped_zero=113 erased=0
[GradualEraser::verify] center(209,180) rgba=(0,0,0,0)
[MOUSE_MOVE] drawing=true tool=1 drawing at (555.0,259.0)
[handleDrawing] tool=1 brushType=4 eraserSize=12.0 eraserOp=1.00 layer=0x5e2e67ee0d30
[BrushEngine::stampEraser] cx=209.0 cy=180.0 m_eraser=0x5e2e38fafc58
[GradualEraser::stamp] cx=209.0 cy=180.0 r=6 total=113 skipped_zero=113 erased=0
[GradualEraser::verify] center(209,180) rgba=(0,0,0,0)
[BrushEngine::stampEraser] cx=210.0 cy=178.5 m_eraser=0x5e2e38fafc58
[GradualEraser::stamp] cx=210.0 cy=178.5 r=6 total=113 skipped_zero=113 erased=0
[GradualEraser::verify] center(210,179) rgba=(0,0,0,0)
[BrushEngine::stampEraser] cx=211.0 cy=177.0 m_eraser=0x5e2e38fafc58
[GradualEraser::stamp] cx=211.0 cy=177.0 r=6 total=113 skipped_zero=113 erased=0
[GradualEraser::verify] center(211,177) rgba=(0,0,0,0)
[BrushEngine::stampEraser] cx=211.0 cy=177.0 m_eraser=0x5e2e38fafc58
[GradualEraser::stamp] cx=211.0 cy=177.0 r=6 total=113 skipped_zero=113 erased=0
[GradualEraser::verify] center(211,177) rgba=(0,0,0,0)
[MOUSE_MOVE] drawing=true tool=1 drawing at (555.0,258.0)
[handleDrawing] tool=1 brushType=4 eraserSize=12.0 eraserOp=1.00 layer=0x5e2e67ee0d30
[BrushEngine::stampEraser] cx=211.0 cy=177.0 m_eraser=0x5e2e38fafc58
[GradualEraser::stamp] cx=211.0 cy=177.0 r=6 total=113 skipped_zero=113 erased=0
[GradualEraser::verify] center(211,177) rgba=(0,0,0,0)
[BrushEngine::stampEraser] cx=211.0 cy=176.0 m_eraser=0x5e2e38fafc58
[GradualEraser::stamp] cx=211.0 cy=176.0 r=6 total=113 skipped_zero=113 erased=0
[GradualEraser::verify] center(211,176) rgba=(0,0,0,0)
[BrushEngine::stampEraser] cx=211.0 cy=176.0 m_eraser=0x5e2e38fafc58
[GradualEraser::stamp] cx=211.0 cy=176.0 r=6 total=113 skipped_zero=113 erased=0
[GradualEraser::verify] center(211,176) rgba=(0,0,0,0)
[MOUSE_MOVE] drawing=true tool=1 drawing at (556.0,258.0)
[handleDrawing] tool=1 brushType=4 eraserSize=12.0 eraserOp=1.00 layer=0x5e2e67ee0d30
[BrushEngine::stampEraser] cx=211.0 cy=176.0 m_eraser=0x5e2e38fafc58
[GradualEraser::stamp] cx=211.0 cy=176.0 r=6 total=113 skipped_zero=113 erased=0
[GradualEraser::verify] center(211,176) rgba=(0,0,0,0)
[BrushEngine::stampEraser] cx=212.0 cy=176.0 m_eraser=0x5e2e38fafc58
[GradualEraser::stamp] cx=212.0 cy=176.0 r=6 total=113 skipped_zero=113 erased=0
[GradualEraser::verify] center(212,176) rgba=(0,0,0,0)
[BrushEngine::stampEraser] cx=212.0 cy=176.0 m_eraser=0x5e2e38fafc58
[GradualEraser::stamp] cx=212.0 cy=176.0 r=6 total=113 skipped_zero=113 erased=0
[GradualEraser::verify] center(212,176) rgba=(0,0,0,0)
[CANVAS_UPDATE] recompositing (frameDirty=1 canvasDirty=0)
[CANVAS_UPDATE] sample pixel (207,154): rgba=(255,101,50,255)
[MOUSE_MOVE] drawing=true tool=1 drawing at (556.0,257.0)
[handleDrawing] tool=1 brushType=4 eraserSize=12.0 eraserOp=1.00 layer=0x5e2e67ee0d30
[BrushEngine::stampEraser] cx=212.0 cy=176.0 m_eraser=0x5e2e38fafc58
[GradualEraser::stamp] cx=212.0 cy=176.0 r=6 total=113 skipped_zero=113 erased=0
[GradualEraser::verify] center(212,176) rgba=(0,0,0,0)
[BrushEngine::stampEraser] cx=212.0 cy=175.0 m_eraser=0x5e2e38fafc58
[GradualEraser::stamp] cx=212.0 cy=175.0 r=6 total=113 skipped_zero=113 erased=0
[GradualEraser::verify] center(212,175) rgba=(0,0,0,0)
[BrushEngine::stampEraser] cx=212.0 cy=175.0 m_eraser=0x5e2e38fafc58
[GradualEraser::stamp] cx=212.0 cy=175.0 r=6 total=113 skipped_zero=113 erased=0
[GradualEraser::verify] center(212,175) rgba=(0,0,0,0)
[MOUSE_MOVE] drawing=true tool=1 drawing at (556.0,256.0)
[handleDrawing] tool=1 brushType=4 eraserSize=12.0 eraserOp=1.00 layer=0x5e2e67ee0d30
[BrushEngine::stampEraser] cx=212.0 cy=175.0 m_eraser=0x5e2e38fafc58
[GradualEraser::stamp] cx=212.0 cy=175.0 r=6 total=113 skipped_zero=113 erased=0
[GradualEraser::verify] center(212,175) rgba=(0,0,0,0)
[BrushEngine::stampEraser] cx=212.0 cy=174.0 m_eraser=0x5e2e38fafc58
[GradualEraser::stamp] cx=212.0 cy=174.0 r=6 total=113 skipped_zero=113 erased=0
[GradualEraser::verify] center(212,174) rgba=(0,0,0,0)
[BrushEngine::stampEraser] cx=212.0 cy=174.0 m_eraser=0x5e2e38fafc58
[GradualEraser::stamp] cx=212.0 cy=174.0 r=6 total=113 skipped_zero=113 erased=0
[GradualEraser::verify] center(212,174) rgba=(0,0,0,0)
[CANVAS_UPDATE] recompositing (frameDirty=1 canvasDirty=0)
[CANVAS_UPDATE] sample pixel (207,154): rgba=(255,101,50,255)
[MOUSE_MOVE] drawing=true tool=1 drawing at (555.0,257.0)
[handleDrawing] tool=1 brushType=4 eraserSize=12.0 eraserOp=1.00 layer=0x5e2e67ee0d30
[BrushEngine::stampEraser] cx=212.0 cy=174.0 m_eraser=0x5e2e38fafc58
[GradualEraser::stamp] cx=212.0 cy=174.0 r=6 total=113 skipped_zero=113 erased=0
[GradualEraser::verify] center(212,174) rgba=(0,0,0,0)
[BrushEngine::stampEraser] cx=211.0 cy=175.0 m_eraser=0x5e2e38fafc58
[GradualEraser::stamp] cx=211.0 cy=175.0 r=6 total=113 skipped_zero=113 erased=0
[GradualEraser::verify] center(211,175) rgba=(0,0,0,0)
[BrushEngine::stampEraser] cx=211.0 cy=175.0 m_eraser=0x5e2e38fafc58
[GradualEraser::stamp] cx=211.0 cy=175.0 r=6 total=113 skipped_zero=113 erased=0
[GradualEraser::verify] center(211,175) rgba=(0,0,0,0)
[CANVAS_UPDATE] recompositing (frameDirty=1 canvasDirty=0)
[CANVAS_UPDATE] sample pixel (207,154): rgba=(255,101,50,255)
[MOUSE_MOVE] drawing=true tool=1 drawing at (554.0,258.0)
[handleDrawing] tool=1 brushType=4 eraserSize=12.0 eraserOp=1.00 layer=0x5e2e67ee0d30
[BrushEngine::stampEraser] cx=211.0 cy=175.0 m_eraser=0x5e2e38fafc58
[GradualEraser::stamp] cx=211.0 cy=175.0 r=6 total=113 skipped_zero=113 erased=0
[GradualEraser::verify] center(211,175) rgba=(0,0,0,0)
[BrushEngine::stampEraser] cx=210.0 cy=176.0 m_eraser=0x5e2e38fafc58
[GradualEraser::stamp] cx=210.0 cy=176.0 r=6 total=113 skipped_zero=113 erased=0
[GradualEraser::verify] center(210,176) rgba=(0,0,0,0)
[BrushEngine::stampEraser] cx=210.0 cy=176.0 m_eraser=0x5e2e38fafc58
[GradualEraser::stamp] cx=210.0 cy=176.0 r=6 total=113 skipped_zero=113 erased=0
[GradualEraser::verify] center(210,176) rgba=(0,0,0,0)
[MOUSE_MOVE] drawing=true tool=1 drawing at (554.0,259.0)
[handleDrawing] tool=1 brushType=4 eraserSize=12.0 eraserOp=1.00 layer=0x5e2e67ee0d30
[BrushEngine::stampEraser] cx=210.0 cy=176.0 m_eraser=0x5e2e38fafc58
[GradualEraser::stamp] cx=210.0 cy=176.0 r=6 total=113 skipped_zero=113 erased=0
[GradualEraser::verify] center(210,176) rgba=(0,0,0,0)
[BrushEngine::stampEraser] cx=210.0 cy=177.0 m_eraser=0x5e2e38fafc58
[GradualEraser::stamp] cx=210.0 cy=177.0 r=6 total=113 skipped_zero=113 erased=0
[GradualEraser::verify] center(210,177) rgba=(0,0,0,0)
[BrushEngine::stampEraser] cx=210.0 cy=177.0 m_eraser=0x5e2e38fafc58
[GradualEraser::stamp] cx=210.0 cy=177.0 r=6 total=113 skipped_zero=113 erased=0
[GradualEraser::verify] center(210,177) rgba=(0,0,0,0)
[MOUSE_MOVE] drawing=true tool=1 drawing at (553.0,260.0)
[handleDrawing] tool=1 brushType=4 eraserSize=12.0 eraserOp=1.00 layer=0x5e2e67ee0d30
[BrushEngine::stampEraser] cx=210.0 cy=177.0 m_eraser=0x5e2e38fafc58
[GradualEraser::stamp] cx=210.0 cy=177.0 r=6 total=113 skipped_zero=113 erased=0
[GradualEraser::verify] center(210,177) rgba=(0,0,0,0)
[BrushEngine::stampEraser] cx=209.0 cy=178.0 m_eraser=0x5e2e38fafc58
[GradualEraser::stamp] cx=209.0 cy=178.0 r=6 total=113 skipped_zero=113 erased=0
[GradualEraser::verify] center(209,178) rgba=(0,0,0,0)
[BrushEngine::stampEraser] cx=209.0 cy=178.0 m_eraser=0x5e2e38fafc58
[GradualEraser::stamp] cx=209.0 cy=178.0 r=6 total=113 skipped_zero=113 erased=0
[GradualEraser::verify] center(209,178) rgba=(0,0,0,0)
[MOUSE_MOVE] drawing=true tool=1 drawing at (553.0,261.0)
[handleDrawing] tool=1 brushType=4 eraserSize=12.0 eraserOp=1.00 layer=0x5e2e67ee0d30
[BrushEngine::stampEraser] cx=209.0 cy=178.0 m_eraser=0x5e2e38fafc58
[GradualEraser::stamp] cx=209.0 cy=178.0 r=6 total=113 skipped_zero=113 erased=0
[GradualEraser::verify] center(209,178) rgba=(0,0,0,0)
[BrushEngine::stampEraser] cx=209.0 cy=179.0 m_eraser=0x5e2e38fafc58
[GradualEraser::stamp] cx=209.0 cy=179.0 r=6 total=113 skipped_zero=113 erased=0
[GradualEraser::verify] center(209,179) rgba=(0,0,0,0)
[BrushEngine::stampEraser] cx=209.0 cy=179.0 m_eraser=0x5e2e38fafc58
[GradualEraser::stamp] cx=209.0 cy=179.0 r=6 total=113 skipped_zero=113 erased=0
[GradualEraser::verify] center(209,179) rgba=(0,0,0,0)
[MOUSE_MOVE] drawing=true tool=1 drawing at (552.0,262.0)
[handleDrawing] tool=1 brushType=4 eraserSize=12.0 eraserOp=1.00 layer=0x5e2e67ee0d30
[BrushEngine::stampEraser] cx=209.0 cy=179.0 m_eraser=0x5e2e38fafc58
[GradualEraser::stamp] cx=209.0 cy=179.0 r=6 total=113 skipped_zero=113 erased=0
[GradualEraser::verify] center(209,179) rgba=(0,0,0,0)
[BrushEngine::stampEraser] cx=208.0 cy=180.0 m_eraser=0x5e2e38fafc58
[GradualEraser::stamp] cx=208.0 cy=180.0 r=6 total=113 skipped_zero=113 erased=0
[GradualEraser::verify] center(208,180) rgba=(0,0,0,0)
[BrushEngine::stampEraser] cx=208.0 cy=180.0 m_eraser=0x5e2e38fafc58
[GradualEraser::stamp] cx=208.0 cy=180.0 r=6 total=113 skipped_zero=113 erased=0
[GradualEraser::verify] center(208,180) rgba=(0,0,0,0)
[CANVAS_UPDATE] recompositing (frameDirty=1 canvasDirty=0)
[CANVAS_UPDATE] sample pixel (207,154): rgba=(255,101,50,255)
[MOUSE_MOVE] drawing=true tool=1 drawing at (552.0,263.0)
[handleDrawing] tool=1 brushType=4 eraserSize=12.0 eraserOp=1.00 layer=0x5e2e67ee0d30
[BrushEngine::stampEraser] cx=208.0 cy=180.0 m_eraser=0x5e2e38fafc58
[GradualEraser::stamp] cx=208.0 cy=180.0 r=6 total=113 skipped_zero=113 erased=0
[GradualEraser::verify] center(208,180) rgba=(0,0,0,0)
[BrushEngine::stampEraser] cx=208.0 cy=181.0 m_eraser=0x5e2e38fafc58
[GradualEraser::stamp] cx=208.0 cy=181.0 r=6 total=113 skipped_zero=113 erased=0
[GradualEraser::verify] center(208,181) rgba=(0,0,0,0)
[BrushEngine::stampEraser] cx=208.0 cy=181.0 m_eraser=0x5e2e38fafc58
[GradualEraser::stamp] cx=208.0 cy=181.0 r=6 total=113 skipped_zero=113 erased=0
[GradualEraser::verify] center(208,181) rgba=(0,0,0,0)
[MOUSE_MOVE] drawing=true tool=1 drawing at (551.0,265.0)
[handleDrawing] tool=1 brushType=4 eraserSize=12.0 eraserOp=1.00 layer=0x5e2e67ee0d30
[BrushEngine::stampEraser] cx=208.0 cy=181.0 m_eraser=0x5e2e38fafc58
[GradualEraser::stamp] cx=208.0 cy=181.0 r=6 total=113 skipped_zero=113 erased=0
[GradualEraser::verify] center(208,181) rgba=(0,0,0,0)
[BrushEngine::stampEraser] cx=207.0 cy=183.0 m_eraser=0x5e2e38fafc58
[GradualEraser::stamp] cx=207.0 cy=183.0 r=6 total=113 skipped_zero=113 erased=0
[GradualEraser::verify] center(207,183) rgba=(0,0,0,0)
[BrushEngine::stampEraser] cx=207.0 cy=183.0 m_eraser=0x5e2e38fafc58
[GradualEraser::stamp] cx=207.0 cy=183.0 r=6 total=113 skipped_zero=113 erased=0
[GradualEraser::verify] center(207,183) rgba=(0,0,0,0)
[MOUSE_MOVE] drawing=true tool=1 drawing at (549.0,267.0)
[handleDrawing] tool=1 brushType=4 eraserSize=12.0 eraserOp=1.00 layer=0x5e2e67ee0d30
[BrushEngine::stampEraser] cx=207.0 cy=183.0 m_eraser=0x5e2e38fafc58
[GradualEraser::stamp] cx=207.0 cy=183.0 r=6 total=113 skipped_zero=113 erased=0
[GradualEraser::verify] center(207,183) rgba=(0,0,0,0)
[BrushEngine::stampEraser] cx=205.0 cy=185.0 m_eraser=0x5e2e38fafc58
[GradualEraser::stamp] cx=205.0 cy=185.0 r=6 total=113 skipped_zero=113 erased=0
[GradualEraser::verify] center(205,185) rgba=(0,0,0,0)
[BrushEngine::stampEraser] cx=205.0 cy=185.0 m_eraser=0x5e2e38fafc58
[GradualEraser::stamp] cx=205.0 cy=185.0 r=6 total=113 skipped_zero=113 erased=0
[GradualEraser::verify] center(205,185) rgba=(0,0,0,0)
[MOUSE_MOVE] drawing=true tool=1 drawing at (548.0,268.0)
[handleDrawing] tool=1 brushType=4 eraserSize=12.0 eraserOp=1.00 layer=0x5e2e67ee0d30
[BrushEngine::stampEraser] cx=205.0 cy=185.0 m_eraser=0x5e2e38fafc58
[GradualEraser::stamp] cx=205.0 cy=185.0 r=6 total=113 skipped_zero=113 erased=0
[GradualEraser::verify] center(205,185) rgba=(0,0,0,0)
[BrushEngine::stampEraser] cx=204.0 cy=186.0 m_eraser=0x5e2e38fafc58
[GradualEraser::stamp] cx=204.0 cy=186.0 r=6 total=113 skipped_zero=113 erased=0
[GradualEraser::verify] center(204,186) rgba=(0,0,0,0)
[BrushEngine::stampEraser] cx=204.0 cy=186.0 m_eraser=0x5e2e38fafc58
[GradualEraser::stamp] cx=204.0 cy=186.0 r=6 total=113 skipped_zero=113 erased=0
[GradualEraser::verify] center(204,186) rgba=(0,0,0,0)
[MOUSE_MOVE] drawing=true tool=1 drawing at (548.0,269.0)
[handleDrawing] tool=1 brushType=4 eraserSize=12.0 eraserOp=1.00 layer=0x5e2e67ee0d30
[BrushEngine::stampEraser] cx=204.0 cy=186.0 m_eraser=0x5e2e38fafc58
[GradualEraser::stamp] cx=204.0 cy=186.0 r=6 total=113 skipped_zero=113 erased=0
[GradualEraser::verify] center(204,186) rgba=(0,0,0,0)
[BrushEngine::stampEraser] cx=204.0 cy=187.0 m_eraser=0x5e2e38fafc58
[GradualEraser::stamp] cx=204.0 cy=187.0 r=6 total=113 skipped_zero=113 erased=0
[GradualEraser::verify] center(204,187) rgba=(0,0,0,0)
[BrushEngine::stampEraser] cx=204.0 cy=187.0 m_eraser=0x5e2e38fafc58
[GradualEraser::stamp] cx=204.0 cy=187.0 r=6 total=113 skipped_zero=113 erased=0
[GradualEraser::verify] center(204,187) rgba=(0,0,0,0)
[MOUSE_MOVE] drawing=true tool=1 drawing at (547.0,270.0)
[handleDrawing] tool=1 brushType=4 eraserSize=12.0 eraserOp=1.00 layer=0x5e2e67ee0d30
[BrushEngine::stampEraser] cx=204.0 cy=187.0 m_eraser=0x5e2e38fafc58
[GradualEraser::stamp] cx=204.0 cy=187.0 r=6 total=113 skipped_zero=113 erased=0
[GradualEraser::verify] center(204,187) rgba=(0,0,0,0)
[BrushEngine::stampEraser] cx=203.0 cy=188.0 m_eraser=0x5e2e38fafc58
[GradualEraser::stamp] cx=203.0 cy=188.0 r=6 total=113 skipped_zero=113 erased=0
[GradualEraser::verify] center(203,188) rgba=(0,0,0,0)
[BrushEngine::stampEraser] cx=203.0 cy=188.0 m_eraser=0x5e2e38fafc58
[GradualEraser::stamp] cx=203.0 cy=188.0 r=6 total=113 skipped_zero=113 erased=0
[GradualEraser::verify] center(203,188) rgba=(0,0,0,0)
[CANVAS_UPDATE] recompositing (frameDirty=1 canvasDirty=0)
[CANVAS_UPDATE] sample pixel (207,154): rgba=(255,101,50,255)
[MOUSE_MOVE] drawing=true tool=1 drawing at (547.0,271.0)
[handleDrawing] tool=1 brushType=4 eraserSize=12.0 eraserOp=1.00 layer=0x5e2e67ee0d30
[BrushEngine::stampEraser] cx=203.0 cy=188.0 m_eraser=0x5e2e38fafc58
[GradualEraser::stamp] cx=203.0 cy=188.0 r=6 total=113 skipped_zero=113 erased=0
[GradualEraser::verify] center(203,188) rgba=(0,0,0,0)
[BrushEngine::stampEraser] cx=203.0 cy=189.0 m_eraser=0x5e2e38fafc58
[GradualEraser::stamp] cx=203.0 cy=189.0 r=6 total=113 skipped_zero=113 erased=0
[GradualEraser::verify] center(203,189) rgba=(0,0,0,0)
[BrushEngine::stampEraser] cx=203.0 cy=189.0 m_eraser=0x5e2e38fafc58
[GradualEraser::stamp] cx=203.0 cy=189.0 r=6 total=113 skipped_zero=113 erased=0
[GradualEraser::verify] center(203,189) rgba=(0,0,0,0)
[MOUSE_MOVE] drawing=true tool=1 drawing at (546.0,272.0)
[handleDrawing] tool=1 brushType=4 eraserSize=12.0 eraserOp=1.00 layer=0x5e2e67ee0d30
[BrushEngine::stampEraser] cx=203.0 cy=189.0 m_eraser=0x5e2e38fafc58
[GradualEraser::stamp] cx=203.0 cy=189.0 r=6 total=113 skipped_zero=113 erased=0
[GradualEraser::verify] center(203,189) rgba=(0,0,0,0)
[BrushEngine::stampEraser] cx=202.0 cy=190.0 m_eraser=0x5e2e38fafc58
[GradualEraser::stamp] cx=202.0 cy=190.0 r=6 total=113 skipped_zero=113 erased=0
[GradualEraser::verify] center(202,190) rgba=(0,0,0,0)
[BrushEngine::stampEraser] cx=202.0 cy=190.0 m_eraser=0x5e2e38fafc58
[GradualEraser::stamp] cx=202.0 cy=190.0 r=6 total=113 skipped_zero=113 erased=0
[GradualEraser::verify] center(202,190) rgba=(0,0,0,0)
[MOUSE_MOVE] drawing=true tool=1 drawing at (545.0,273.0)
[handleDrawing] tool=1 brushType=4 eraserSize=12.0 eraserOp=1.00 layer=0x5e2e67ee0d30
[BrushEngine::stampEraser] cx=202.0 cy=190.0 m_eraser=0x5e2e38fafc58
[GradualEraser::stamp] cx=202.0 cy=190.0 r=6 total=113 skipped_zero=113 erased=0
[GradualEraser::verify] center(202,190) rgba=(0,0,0,0)
[BrushEngine::stampEraser] cx=201.0 cy=191.0 m_eraser=0x5e2e38fafc58
[GradualEraser::stamp] cx=201.0 cy=191.0 r=6 total=113 skipped_zero=113 erased=0
[GradualEraser::verify] center(201,191) rgba=(0,0,0,0)
[BrushEngine::stampEraser] cx=201.0 cy=191.0 m_eraser=0x5e2e38fafc58
[GradualEraser::stamp] cx=201.0 cy=191.0 r=6 total=113 skipped_zero=113 erased=0
[GradualEraser::verify] center(201,191) rgba=(0,0,0,0)
[MOUSE_MOVE] drawing=true tool=1 drawing at (545.0,275.0)
[handleDrawing] tool=1 brushType=4 eraserSize=12.0 eraserOp=1.00 layer=0x5e2e67ee0d30
[BrushEngine::stampEraser] cx=201.0 cy=191.0 m_eraser=0x5e2e38fafc58
[GradualEraser::stamp] cx=201.0 cy=191.0 r=6 total=113 skipped_zero=113 erased=0
[GradualEraser::verify] center(201,191) rgba=(0,0,0,0)
[BrushEngine::stampEraser] cx=201.0 cy=193.0 m_eraser=0x5e2e38fafc58
[GradualEraser::stamp] cx=201.0 cy=193.0 r=6 total=113 skipped_zero=113 erased=0
[GradualEraser::verify] center(201,193) rgba=(0,0,0,0)
[BrushEngine::stampEraser] cx=201.0 cy=193.0 m_eraser=0x5e2e38fafc58
[GradualEraser::stamp] cx=201.0 cy=193.0 r=6 total=113 skipped_zero=113 erased=0
[GradualEraser::verify] center(201,193) rgba=(0,0,0,0)
[MOUSE_MOVE] drawing=true tool=1 drawing at (544.0,276.0)
[handleDrawing] tool=1 brushType=4 eraserSize=12.0 eraserOp=1.00 layer=0x5e2e67ee0d30
[BrushEngine::stampEraser] cx=201.0 cy=193.0 m_eraser=0x5e2e38fafc58
[GradualEraser::stamp] cx=201.0 cy=193.0 r=6 total=113 skipped_zero=113 erased=0
[GradualEraser::verify] center(201,193) rgba=(0,0,0,0)
[BrushEngine::stampEraser] cx=200.0 cy=194.0 m_eraser=0x5e2e38fafc58
[GradualEraser::stamp] cx=200.0 cy=194.0 r=6 total=113 skipped_zero=113 erased=0
[GradualEraser::verify] center(200,194) rgba=(0,0,0,0)
[BrushEngine::stampEraser] cx=200.0 cy=194.0 m_eraser=0x5e2e38fafc58
[GradualEraser::stamp] cx=200.0 cy=194.0 r=6 total=113 skipped_zero=113 erased=0
[GradualEraser::verify] center(200,194) rgba=(0,0,0,0)
[MOUSE_MOVE] drawing=true tool=1 drawing at (544.0,277.0)
[handleDrawing] tool=1 brushType=4 eraserSize=12.0 eraserOp=1.00 layer=0x5e2e67ee0d30
[BrushEngine::stampEraser] cx=200.0 cy=194.0 m_eraser=0x5e2e38fafc58
[GradualEraser::stamp] cx=200.0 cy=194.0 r=6 total=113 skipped_zero=113 erased=0
[GradualEraser::verify] center(200,194) rgba=(0,0,0,0)
[BrushEngine::stampEraser] cx=200.0 cy=195.0 m_eraser=0x5e2e38fafc58
[GradualEraser::stamp] cx=200.0 cy=195.0 r=6 total=113 skipped_zero=113 erased=0
[GradualEraser::verify] center(200,195) rgba=(0,0,0,0)
[BrushEngine::stampEraser] cx=200.0 cy=195.0 m_eraser=0x5e2e38fafc58
[GradualEraser::stamp] cx=200.0 cy=195.0 r=6 total=113 skipped_zero=113 erased=0
[GradualEraser::verify] center(200,195) rgba=(0,0,0,0)
[MOUSE_MOVE] drawing=true tool=1 drawing at (542.0,278.0)
[handleDrawing] tool=1 brushType=4 eraserSize=12.0 eraserOp=1.00 layer=0x5e2e67ee0d30
[BrushEngine::stampEraser] cx=200.0 cy=195.0 m_eraser=0x5e2e38fafc58
[GradualEraser::stamp] cx=200.0 cy=195.0 r=6 total=113 skipped_zero=113 erased=0
[GradualEraser::verify] center(200,195) rgba=(0,0,0,0)
[BrushEngine::stampEraser] cx=198.0 cy=196.0 m_eraser=0x5e2e38fafc58
[GradualEraser::stamp] cx=198.0 cy=196.0 r=6 total=113 skipped_zero=112 erased=1
[GradualEraser::verify] center(198,196) rgba=(0,0,0,0)
[BrushEngine::stampEraser] cx=198.0 cy=196.0 m_eraser=0x5e2e38fafc58
[GradualEraser::stamp] cx=198.0 cy=196.0 r=6 total=113 skipped_zero=113 erased=0
[GradualEraser::verify] center(198,196) rgba=(0,0,0,0)
[CANVAS_UPDATE] recompositing (frameDirty=1 canvasDirty=0)
[CANVAS_UPDATE] sample pixel (207,154): rgba=(255,101,50,255)
[MOUSE_MOVE] drawing=true tool=1 drawing at (541.0,279.0)
[handleDrawing] tool=1 brushType=4 eraserSize=12.0 eraserOp=1.00 layer=0x5e2e67ee0d30
[BrushEngine::stampEraser] cx=198.0 cy=196.0 m_eraser=0x5e2e38fafc58
[GradualEraser::stamp] cx=198.0 cy=196.0 r=6 total=113 skipped_zero=113 erased=0
[GradualEraser::verify] center(198,196) rgba=(0,0,0,0)
[BrushEngine::stampEraser] cx=197.0 cy=197.0 m_eraser=0x5e2e38fafc58
[GradualEraser::stamp] cx=197.0 cy=197.0 r=6 total=113 skipped_zero=113 erased=0
[GradualEraser::verify] center(197,197) rgba=(0,0,0,0)
[BrushEngine::stampEraser] cx=197.0 cy=197.0 m_eraser=0x5e2e38fafc58
[GradualEraser::stamp] cx=197.0 cy=197.0 r=6 total=113 skipped_zero=113 erased=0
[GradualEraser::verify] center(197,197) rgba=(0,0,0,0)
[MOUSE_MOVE] drawing=true tool=1 drawing at (540.0,280.0)
[handleDrawing] tool=1 brushType=4 eraserSize=12.0 eraserOp=1.00 layer=0x5e2e67ee0d30
[BrushEngine::stampEraser] cx=197.0 cy=197.0 m_eraser=0x5e2e38fafc58
[GradualEraser::stamp] cx=197.0 cy=197.0 r=6 total=113 skipped_zero=113 erased=0
[GradualEraser::verify] center(197,197) rgba=(0,0,0,0)
[BrushEngine::stampEraser] cx=196.0 cy=198.0 m_eraser=0x5e2e38fafc58
[GradualEraser::stamp] cx=196.0 cy=198.0 r=6 total=113 skipped_zero=113 erased=0
[GradualEraser::verify] center(196,198) rgba=(0,0,0,0)
[BrushEngine::stampEraser] cx=196.0 cy=198.0 m_eraser=0x5e2e38fafc58
[GradualEraser::stamp] cx=196.0 cy=198.0 r=6 total=113 skipped_zero=113 erased=0
[GradualEraser::verify] center(196,198) rgba=(0,0,0,0)
[MOUSE_MOVE] drawing=true tool=1 drawing at (540.0,281.0)
[handleDrawing] tool=1 brushType=4 eraserSize=12.0 eraserOp=1.00 layer=0x5e2e67ee0d30
[BrushEngine::stampEraser] cx=196.0 cy=198.0 m_eraser=0x5e2e38fafc58
[GradualEraser::stamp] cx=196.0 cy=198.0 r=6 total=113 skipped_zero=113 erased=0
[GradualEraser::verify] center(196,198) rgba=(0,0,0,0)
[BrushEngine::stampEraser] cx=196.0 cy=199.0 m_eraser=0x5e2e38fafc58
[GradualEraser::stamp] cx=196.0 cy=199.0 r=6 total=113 skipped_zero=113 erased=0
[GradualEraser::verify] center(196,199) rgba=(0,0,0,0)
[BrushEngine::stampEraser] cx=196.0 cy=199.0 m_eraser=0x5e2e38fafc58
[GradualEraser::stamp] cx=196.0 cy=199.0 r=6 total=113 skipped_zero=113 erased=0
[GradualEraser::verify] center(196,199) rgba=(0,0,0,0)
[CANVAS_UPDATE] recompositing (frameDirty=1 canvasDirty=0)
[CANVAS_UPDATE] sample pixel (207,154): rgba=(255,101,50,255)
[MOUSE_MOVE] drawing=true tool=1 drawing at (540.0,282.0)
[handleDrawing] tool=1 brushType=4 eraserSize=12.0 eraserOp=1.00 layer=0x5e2e67ee0d30
[BrushEngine::stampEraser] cx=196.0 cy=199.0 m_eraser=0x5e2e38fafc58
[GradualEraser::stamp] cx=196.0 cy=199.0 r=6 total=113 skipped_zero=113 erased=0
[GradualEraser::verify] center(196,199) rgba=(0,0,0,0)
[BrushEngine::stampEraser] cx=196.0 cy=200.0 m_eraser=0x5e2e38fafc58
[GradualEraser::stamp] cx=196.0 cy=200.0 r=6 total=113 skipped_zero=113 erased=0
[GradualEraser::verify] center(196,200) rgba=(0,0,0,0)
[BrushEngine::stampEraser] cx=196.0 cy=200.0 m_eraser=0x5e2e38fafc58
[GradualEraser::stamp] cx=196.0 cy=200.0 r=6 total=113 skipped_zero=113 erased=0
[GradualEraser::verify] center(196,200) rgba=(0,0,0,0)
[CANVAS_UPDATE] recompositing (frameDirty=1 canvasDirty=0)
[CANVAS_UPDATE] sample pixel (207,154): rgba=(255,101,50,255)
[MOUSE_MOVE] drawing=true tool=1 drawing at (541.0,282.0)
[handleDrawing] tool=1 brushType=4 eraserSize=12.0 eraserOp=1.00 layer=0x5e2e67ee0d30
[BrushEngine::stampEraser] cx=196.0 cy=200.0 m_eraser=0x5e2e38fafc58
[GradualEraser::stamp] cx=196.0 cy=200.0 r=6 total=113 skipped_zero=113 erased=0
[GradualEraser::verify] center(196,200) rgba=(0,0,0,0)
[BrushEngine::stampEraser] cx=197.0 cy=200.0 m_eraser=0x5e2e38fafc58
[GradualEraser::stamp] cx=197.0 cy=200.0 r=6 total=113 skipped_zero=113 erased=0
[GradualEraser::verify] center(197,200) rgba=(0,0,0,0)
[BrushEngine::stampEraser] cx=197.0 cy=200.0 m_eraser=0x5e2e38fafc58
[GradualEraser::stamp] cx=197.0 cy=200.0 r=6 total=113 skipped_zero=113 erased=0
[GradualEraser::verify] center(197,200) rgba=(0,0,0,0)
[MOUSE_MOVE] drawing=true tool=1 drawing at (542.0,281.0)
[handleDrawing] tool=1 brushType=4 eraserSize=12.0 eraserOp=1.00 layer=0x5e2e67ee0d30
[BrushEngine::stampEraser] cx=197.0 cy=200.0 m_eraser=0x5e2e38fafc58
[GradualEraser::stamp] cx=197.0 cy=200.0 r=6 total=113 skipped_zero=113 erased=0
[GradualEraser::verify] center(197,200) rgba=(0,0,0,0)
[BrushEngine::stampEraser] cx=198.0 cy=199.0 m_eraser=0x5e2e38fafc58
[GradualEraser::stamp] cx=198.0 cy=199.0 r=6 total=113 skipped_zero=113 erased=0
[GradualEraser::verify] center(198,199) rgba=(0,0,0,0)
[BrushEngine::stampEraser] cx=198.0 cy=199.0 m_eraser=0x5e2e38fafc58
[GradualEraser::stamp] cx=198.0 cy=199.0 r=6 total=113 skipped_zero=113 erased=0
[GradualEraser::verify] center(198,199) rgba=(0,0,0,0)
[CANVAS_UPDATE] recompositing (frameDirty=1 canvasDirty=0)
[CANVAS_UPDATE] sample pixel (207,154): rgba=(255,101,50,255)
[MOUSE_MOVE] drawing=true tool=1 drawing at (543.0,281.0)
[handleDrawing] tool=1 brushType=4 eraserSize=12.0 eraserOp=1.00 layer=0x5e2e67ee0d30
[BrushEngine::stampEraser] cx=198.0 cy=199.0 m_eraser=0x5e2e38fafc58
[GradualEraser::stamp] cx=198.0 cy=199.0 r=6 total=113 skipped_zero=113 erased=0
[GradualEraser::verify] center(198,199) rgba=(0,0,0,0)
[BrushEngine::stampEraser] cx=199.0 cy=199.0 m_eraser=0x5e2e38fafc58
[GradualEraser::stamp] cx=199.0 cy=199.0 r=6 total=113 skipped_zero=113 erased=0
[GradualEraser::verify] center(199,199) rgba=(0,0,0,0)
[BrushEngine::stampEraser] cx=199.0 cy=199.0 m_eraser=0x5e2e38fafc58
[GradualEraser::stamp] cx=199.0 cy=199.0 r=6 total=113 skipped_zero=113 erased=0
[GradualEraser::verify] center(199,199) rgba=(0,0,0,0)
[MOUSE_MOVE] drawing=true tool=1 drawing at (546.0,280.0)
[handleDrawing] tool=1 brushType=4 eraserSize=12.0 eraserOp=1.00 layer=0x5e2e67ee0d30
[BrushEngine::stampEraser] cx=199.0 cy=199.0 m_eraser=0x5e2e38fafc58
[GradualEraser::stamp] cx=199.0 cy=199.0 r=6 total=113 skipped_zero=113 erased=0
[GradualEraser::verify] center(199,199) rgba=(0,0,0,0)
[BrushEngine::stampEraser] cx=200.5 cy=198.5 m_eraser=0x5e2e38fafc58
[GradualEraser::stamp] cx=200.5 cy=198.5 r=6 total=113 skipped_zero=108 erased=5
[GradualEraser::verify] center(201,199) rgba=(0,0,0,0)
[BrushEngine::stampEraser] cx=202.0 cy=198.0 m_eraser=0x5e2e38fafc58
[GradualEraser::stamp] cx=202.0 cy=198.0 r=6 total=113 skipped_zero=108 erased=5
[GradualEraser::verify] center(202,198) rgba=(0,0,0,0)
[BrushEngine::stampEraser] cx=202.0 cy=198.0 m_eraser=0x5e2e38fafc58
[GradualEraser::stamp] cx=202.0 cy=198.0 r=6 total=113 skipped_zero=113 erased=0
[GradualEraser::verify] center(202,198) rgba=(0,0,0,0)
[MOUSE_MOVE] drawing=true tool=1 drawing at (548.0,279.0)
[handleDrawing] tool=1 brushType=4 eraserSize=12.0 eraserOp=1.00 layer=0x5e2e67ee0d30
[BrushEngine::stampEraser] cx=202.0 cy=198.0 m_eraser=0x5e2e38fafc58
[GradualEraser::stamp] cx=202.0 cy=198.0 r=6 total=113 skipped_zero=113 erased=0
[GradualEraser::verify] center(202,198) rgba=(0,0,0,0)
[BrushEngine::stampEraser] cx=204.0 cy=197.0 m_eraser=0x5e2e38fafc58
[GradualEraser::stamp] cx=204.0 cy=197.0 r=6 total=113 skipped_zero=100 erased=13
[GradualEraser::verify] center(204,197) rgba=(0,0,0,0)
[BrushEngine::stampEraser] cx=204.0 cy=197.0 m_eraser=0x5e2e38fafc58
[GradualEraser::stamp] cx=204.0 cy=197.0 r=6 total=113 skipped_zero=113 erased=0
[GradualEraser::verify] center(204,197) rgba=(0,0,0,0)
[MOUSE_MOVE] drawing=true tool=1 drawing at (549.0,279.0)
[handleDrawing] tool=1 brushType=4 eraserSize=12.0 eraserOp=1.00 layer=0x5e2e67ee0d30
[BrushEngine::stampEraser] cx=204.0 cy=197.0 m_eraser=0x5e2e38fafc58
[GradualEraser::stamp] cx=204.0 cy=197.0 r=6 total=113 skipped_zero=113 erased=0
[GradualEraser::verify] center(204,197) rgba=(0,0,0,0)
[BrushEngine::stampEraser] cx=205.0 cy=197.0 m_eraser=0x5e2e38fafc58
[GradualEraser::stamp] cx=205.0 cy=197.0 r=6 total=113 skipped_zero=104 erased=9
[GradualEraser::verify] center(205,197) rgba=(0,0,0,0)
[BrushEngine::stampEraser] cx=205.0 cy=197.0 m_eraser=0x5e2e38fafc58
[GradualEraser::stamp] cx=205.0 cy=197.0 r=6 total=113 skipped_zero=113 erased=0
[GradualEraser::verify] center(205,197) rgba=(0,0,0,0)
[MOUSE_MOVE] drawing=true tool=1 drawing at (552.0,277.0)
[handleDrawing] tool=1 brushType=4 eraserSize=12.0 eraserOp=1.00 layer=0x5e2e67ee0d30
[BrushEngine::stampEraser] cx=205.0 cy=197.0 m_eraser=0x5e2e38fafc58
[GradualEraser::stamp] cx=205.0 cy=197.0 r=6 total=113 skipped_zero=113 erased=0
[GradualEraser::verify] center(205,197) rgba=(0,0,0,0)
[BrushEngine::stampEraser] cx=206.5 cy=196.0 m_eraser=0x5e2e38fafc58
[GradualEraser::stamp] cx=206.5 cy=196.0 r=6 total=113 skipped_zero=97 erased=16
[GradualEraser::verify] center(207,196) rgba=(0,0,0,0)
[BrushEngine::stampEraser] cx=208.0 cy=195.0 m_eraser=0x5e2e38fafc58
[GradualEraser::stamp] cx=208.0 cy=195.0 r=6 total=113 skipped_zero=103 erased=10
[GradualEraser::verify] center(208,195) rgba=(0,0,0,0)
[BrushEngine::stampEraser] cx=208.0 cy=195.0 m_eraser=0x5e2e38fafc58
[GradualEraser::stamp] cx=208.0 cy=195.0 r=6 total=113 skipped_zero=113 erased=0
[GradualEraser::verify] center(208,195) rgba=(0,0,0,0)
[MOUSE_MOVE] drawing=true tool=1 drawing at (553.0,277.0)
[handleDrawing] tool=1 brushType=4 eraserSize=12.0 eraserOp=1.00 layer=0x5e2e67ee0d30
[BrushEngine::stampEraser] cx=208.0 cy=195.0 m_eraser=0x5e2e38fafc58
[GradualEraser::stamp] cx=208.0 cy=195.0 r=6 total=113 skipped_zero=113 erased=0
[GradualEraser::verify] center(208,195) rgba=(0,0,0,0)
[BrushEngine::stampEraser] cx=209.0 cy=195.0 m_eraser=0x5e2e38fafc58
[GradualEraser::stamp] cx=209.0 cy=195.0 r=6 total=113 skipped_zero=104 erased=9
[GradualEraser::verify] center(209,195) rgba=(0,0,0,0)
[BrushEngine::stampEraser] cx=209.0 cy=195.0 m_eraser=0x5e2e38fafc58
[GradualEraser::stamp] cx=209.0 cy=195.0 r=6 total=113 skipped_zero=113 erased=0
[GradualEraser::verify] center(209,195) rgba=(0,0,0,0)
[MOUSE_MOVE] drawing=true tool=1 drawing at (556.0,276.0)
[handleDrawing] tool=1 brushType=4 eraserSize=12.0 eraserOp=1.00 layer=0x5e2e67ee0d30
[BrushEngine::stampEraser] cx=209.0 cy=195.0 m_eraser=0x5e2e38fafc58
[GradualEraser::stamp] cx=209.0 cy=195.0 r=6 total=113 skipped_zero=113 erased=0
[GradualEraser::verify] center(209,195) rgba=(0,0,0,0)
[BrushEngine::stampEraser] cx=210.5 cy=194.5 m_eraser=0x5e2e38fafc58
[GradualEraser::stamp] cx=210.5 cy=194.5 r=6 total=113 skipped_zero=96 erased=17
[GradualEraser::verify] center(211,195) rgba=(0,0,0,0)
[BrushEngine::stampEraser] cx=212.0 cy=194.0 m_eraser=0x5e2e38fafc58
[GradualEraser::stamp] cx=212.0 cy=194.0 r=6 total=113 skipped_zero=99 erased=14
[GradualEraser::verify] center(212,194) rgba=(0,0,0,0)
[BrushEngine::stampEraser] cx=212.0 cy=194.0 m_eraser=0x5e2e38fafc58
[GradualEraser::stamp] cx=212.0 cy=194.0 r=6 total=113 skipped_zero=113 erased=0
[GradualEraser::verify] center(212,194) rgba=(0,0,0,0)
[CANVAS_UPDATE] recompositing (frameDirty=1 canvasDirty=0)
[CANVAS_UPDATE] sample pixel (207,154): rgba=(255,101,50,255)
[MOUSE_MOVE] drawing=true tool=1 drawing at (560.0,274.0)
[handleDrawing] tool=1 brushType=4 eraserSize=12.0 eraserOp=1.00 layer=0x5e2e67ee0d30
[BrushEngine::stampEraser] cx=212.0 cy=194.0 m_eraser=0x5e2e38fafc58
[GradualEraser::stamp] cx=212.0 cy=194.0 r=6 total=113 skipped_zero=113 erased=0
[GradualEraser::verify] center(212,194) rgba=(0,0,0,0)
[BrushEngine::stampEraser] cx=214.0 cy=193.0 m_eraser=0x5e2e38fafc58
[GradualEraser::stamp] cx=214.0 cy=193.0 r=6 total=113 skipped_zero=90 erased=23
[GradualEraser::verify] center(214,193) rgba=(0,0,0,0)
[BrushEngine::stampEraser] cx=216.0 cy=192.0 m_eraser=0x5e2e38fafc58
[GradualEraser::stamp] cx=216.0 cy=192.0 r=6 total=113 skipped_zero=91 erased=22
[GradualEraser::verify] center(216,192) rgba=(0,0,0,0)
[BrushEngine::stampEraser] cx=216.0 cy=192.0 m_eraser=0x5e2e38fafc58
[GradualEraser::stamp] cx=216.0 cy=192.0 r=6 total=113 skipped_zero=113 erased=0
[GradualEraser::verify] center(216,192) rgba=(0,0,0,0)
[MOUSE_MOVE] drawing=true tool=1 drawing at (563.0,272.0)
[handleDrawing] tool=1 brushType=4 eraserSize=12.0 eraserOp=1.00 layer=0x5e2e67ee0d30
[BrushEngine::stampEraser] cx=216.0 cy=192.0 m_eraser=0x5e2e38fafc58
[GradualEraser::stamp] cx=216.0 cy=192.0 r=6 total=113 skipped_zero=113 erased=0
[GradualEraser::verify] center(216,192) rgba=(0,0,0,0)
[BrushEngine::stampEraser] cx=217.5 cy=191.0 m_eraser=0x5e2e38fafc58
[GradualEraser::stamp] cx=217.5 cy=191.0 r=6 total=113 skipped_zero=89 erased=24
[GradualEraser::verify] center(218,191) rgba=(0,0,0,0)
[BrushEngine::stampEraser] cx=219.0 cy=190.0 m_eraser=0x5e2e38fafc58
[GradualEraser::stamp] cx=219.0 cy=190.0 r=6 total=113 skipped_zero=96 erased=17
[GradualEraser::verify] center(219,190) rgba=(0,0,0,0)
[BrushEngine::stampEraser] cx=219.0 cy=190.0 m_eraser=0x5e2e38fafc58
[GradualEraser::stamp] cx=219.0 cy=190.0 r=6 total=113 skipped_zero=113 erased=0
[GradualEraser::verify] center(219,190) rgba=(0,0,0,0)
[MOUSE_MOVE] drawing=true tool=1 drawing at (565.0,272.0)
[handleDrawing] tool=1 brushType=4 eraserSize=12.0 eraserOp=1.00 layer=0x5e2e67ee0d30
[BrushEngine::stampEraser] cx=219.0 cy=190.0 m_eraser=0x5e2e38fafc58
[GradualEraser::stamp] cx=219.0 cy=190.0 r=6 total=113 skipped_zero=113 erased=0
[GradualEraser::verify] center(219,190) rgba=(0,0,0,0)
[BrushEngine::stampEraser] cx=221.0 cy=190.0 m_eraser=0x5e2e38fafc58
[GradualEraser::stamp] cx=221.0 cy=190.0 r=6 total=113 skipped_zero=97 erased=16
[GradualEraser::verify] center(221,190) rgba=(0,0,0,0)
[BrushEngine::stampEraser] cx=221.0 cy=190.0 m_eraser=0x5e2e38fafc58
[GradualEraser::stamp] cx=221.0 cy=190.0 r=6 total=113 skipped_zero=113 erased=0
[GradualEraser::verify] center(221,190) rgba=(0,0,0,0)
[MOUSE_MOVE] drawing=true tool=1 drawing at (568.0,272.0)
[handleDrawing] tool=1 brushType=4 eraserSize=12.0 eraserOp=1.00 layer=0x5e2e67ee0d30
[BrushEngine::stampEraser] cx=221.0 cy=190.0 m_eraser=0x5e2e38fafc58
[GradualEraser::stamp] cx=221.0 cy=190.0 r=6 total=113 skipped_zero=113 erased=0
[GradualEraser::verify] center(221,190) rgba=(0,0,0,0)
[BrushEngine::stampEraser] cx=224.0 cy=190.0 m_eraser=0x5e2e38fafc58
[GradualEraser::stamp] cx=224.0 cy=190.0 r=6 total=113 skipped_zero=94 erased=19
[GradualEraser::verify] center(224,190) rgba=(0,0,0,0)
[BrushEngine::stampEraser] cx=224.0 cy=190.0 m_eraser=0x5e2e38fafc58
[GradualEraser::stamp] cx=224.0 cy=190.0 r=6 total=113 skipped_zero=113 erased=0
[GradualEraser::verify] center(224,190) rgba=(0,0,0,0)
[MOUSE_MOVE] drawing=true tool=1 drawing at (569.0,271.0)
[handleDrawing] tool=1 brushType=4 eraserSize=12.0 eraserOp=1.00 layer=0x5e2e67ee0d30
[BrushEngine::stampEraser] cx=224.0 cy=190.0 m_eraser=0x5e2e38fafc58
[GradualEraser::stamp] cx=224.0 cy=190.0 r=6 total=113 skipped_zero=113 erased=0
[GradualEraser::verify] center(224,190) rgba=(0,0,0,0)
[BrushEngine::stampEraser] cx=225.0 cy=189.0 m_eraser=0x5e2e38fafc58
[GradualEraser::stamp] cx=225.0 cy=189.0 r=6 total=113 skipped_zero=98 erased=15
[GradualEraser::verify] center(225,189) rgba=(0,0,0,0)
[BrushEngine::stampEraser] cx=225.0 cy=189.0 m_eraser=0x5e2e38fafc58
[GradualEraser::stamp] cx=225.0 cy=189.0 r=6 total=113 skipped_zero=113 erased=0
[GradualEraser::verify] center(225,189) rgba=(0,0,0,0)
[MOUSE_MOVE] drawing=true tool=1 drawing at (572.0,271.0)
[handleDrawing] tool=1 brushType=4 eraserSize=12.0 eraserOp=1.00 layer=0x5e2e67ee0d30
[BrushEngine::stampEraser] cx=225.0 cy=189.0 m_eraser=0x5e2e38fafc58
[GradualEraser::stamp] cx=225.0 cy=189.0 r=6 total=113 skipped_zero=113 erased=0
[GradualEraser::verify] center(225,189) rgba=(0,0,0,0)
[BrushEngine::stampEraser] cx=228.0 cy=189.0 m_eraser=0x5e2e38fafc58
[GradualEraser::stamp] cx=228.0 cy=189.0 r=6 total=113 skipped_zero=95 erased=18
[GradualEraser::verify] center(228,189) rgba=(0,0,0,0)
[BrushEngine::stampEraser] cx=228.0 cy=189.0 m_eraser=0x5e2e38fafc58
[GradualEraser::stamp] cx=228.0 cy=189.0 r=6 total=113 skipped_zero=113 erased=0
[GradualEraser::verify] center(228,189) rgba=(0,0,0,0)
[MOUSE_MOVE] drawing=true tool=1 drawing at (576.0,269.0)
[handleDrawing] tool=1 brushType=4 eraserSize=12.0 eraserOp=1.00 layer=0x5e2e67ee0d30
[BrushEngine::stampEraser] cx=228.0 cy=189.0 m_eraser=0x5e2e38fafc58
[GradualEraser::stamp] cx=228.0 cy=189.0 r=6 total=113 skipped_zero=113 erased=0
[GradualEraser::verify] center(228,189) rgba=(0,0,0,0)
[BrushEngine::stampEraser] cx=230.0 cy=188.0 m_eraser=0x5e2e38fafc58
[GradualEraser::stamp] cx=230.0 cy=188.0 r=6 total=113 skipped_zero=95 erased=18
[GradualEraser::verify] center(230,188) rgba=(0,0,0,0)
[BrushEngine::stampEraser] cx=232.0 cy=187.0 m_eraser=0x5e2e38fafc58
[GradualEraser::stamp] cx=232.0 cy=187.0 r=6 total=113 skipped_zero=96 erased=17
[GradualEraser::verify] center(232,187) rgba=(0,0,0,0)
[BrushEngine::stampEraser] cx=232.0 cy=187.0 m_eraser=0x5e2e38fafc58
[GradualEraser::stamp] cx=232.0 cy=187.0 r=6 total=113 skipped_zero=113 erased=0
[GradualEraser::verify] center(232,187) rgba=(0,0,0,0)
[MOUSE_MOVE] drawing=true tool=1 drawing at (579.0,269.0)
[handleDrawing] tool=1 brushType=4 eraserSize=12.0 eraserOp=1.00 layer=0x5e2e67ee0d30
[BrushEngine::stampEraser] cx=232.0 cy=187.0 m_eraser=0x5e2e38fafc58
[GradualEraser::stamp] cx=232.0 cy=187.0 r=6 total=113 skipped_zero=113 erased=0
[GradualEraser::verify] center(232,187) rgba=(0,0,0,0)
[BrushEngine::stampEraser] cx=235.0 cy=187.0 m_eraser=0x5e2e38fafc58
[GradualEraser::stamp] cx=235.0 cy=187.0 r=6 total=113 skipped_zero=100 erased=13
[GradualEraser::verify] center(235,187) rgba=(0,0,0,0)
[BrushEngine::stampEraser] cx=235.0 cy=187.0 m_eraser=0x5e2e38fafc58
[GradualEraser::stamp] cx=235.0 cy=187.0 r=6 total=113 skipped_zero=113 erased=0
[GradualEraser::verify] center(235,187) rgba=(0,0,0,0)
[CANVAS_UPDATE] recompositing (frameDirty=1 canvasDirty=0)
[CANVAS_UPDATE] sample pixel (207,154): rgba=(255,101,50,255)
[MOUSE_MOVE] drawing=true tool=1 drawing at (582.0,267.0)
[handleDrawing] tool=1 brushType=4 eraserSize=12.0 eraserOp=1.00 layer=0x5e2e67ee0d30
[BrushEngine::stampEraser] cx=235.0 cy=187.0 m_eraser=0x5e2e38fafc58
[GradualEraser::stamp] cx=235.0 cy=187.0 r=6 total=113 skipped_zero=113 erased=0
[GradualEraser::verify] center(235,187) rgba=(0,0,0,0)
[BrushEngine::stampEraser] cx=236.5 cy=186.0 m_eraser=0x5e2e38fafc58
[GradualEraser::stamp] cx=236.5 cy=186.0 r=6 total=113 skipped_zero=98 erased=15
[GradualEraser::verify] center(237,186) rgba=(0,0,0,0)
[BrushEngine::stampEraser] cx=238.0 cy=185.0 m_eraser=0x5e2e38fafc58
[GradualEraser::stamp] cx=238.0 cy=185.0 r=6 total=113 skipped_zero=101 erased=12
[GradualEraser::verify] center(238,185) rgba=(0,0,0,0)
[BrushEngine::stampEraser] cx=238.0 cy=185.0 m_eraser=0x5e2e38fafc58
[GradualEraser::stamp] cx=238.0 cy=185.0 r=6 total=113 skipped_zero=113 erased=0
[GradualEraser::verify] center(238,185) rgba=(0,0,0,0)
[MOUSE_MOVE] drawing=true tool=1 drawing at (588.0,265.0)
[handleDrawing] tool=1 brushType=4 eraserSize=12.0 eraserOp=1.00 layer=0x5e2e67ee0d30
[BrushEngine::stampEraser] cx=238.0 cy=185.0 m_eraser=0x5e2e38fafc58
[GradualEraser::stamp] cx=238.0 cy=185.0 r=6 total=113 skipped_zero=113 erased=0
[GradualEraser::verify] center(238,185) rgba=(0,0,0,0)
[BrushEngine::stampEraser] cx=240.0 cy=184.3 m_eraser=0x5e2e38fafc58
[GradualEraser::stamp] cx=240.0 cy=184.3 r=6 total=113 skipped_zero=96 erased=17
[GradualEraser::verify] center(240,184) rgba=(0,0,0,0)
[BrushEngine::stampEraser] cx=242.0 cy=183.7 m_eraser=0x5e2e38fafc58
[GradualEraser::stamp] cx=242.0 cy=183.7 r=6 total=113 skipped_zero=104 erased=9
[GradualEraser::verify] center(242,184) rgba=(0,0,0,0)
[BrushEngine::stampEraser] cx=244.0 cy=183.0 m_eraser=0x5e2e38fafc58
[GradualEraser::stamp] cx=244.0 cy=183.0 r=6 total=113 skipped_zero=97 erased=16
[GradualEraser::verify] center(244,183) rgba=(0,0,0,0)
[BrushEngine::stampEraser] cx=244.0 cy=183.0 m_eraser=0x5e2e38fafc58
[GradualEraser::stamp] cx=244.0 cy=183.0 r=6 total=113 skipped_zero=113 erased=0
[GradualEraser::verify] center(244,183) rgba=(0,0,0,0)
[MOUSE_MOVE] drawing=true tool=1 drawing at (594.0,265.0)
[handleDrawing] tool=1 brushType=4 eraserSize=12.0 eraserOp=1.00 layer=0x5e2e67ee0d30
[BrushEngine::stampEraser] cx=244.0 cy=183.0 m_eraser=0x5e2e38fafc58
[GradualEraser::stamp] cx=244.0 cy=183.0 r=6 total=113 skipped_zero=113 erased=0
[GradualEraser::verify] center(244,183) rgba=(0,0,0,0)
[BrushEngine::stampEraser] cx=247.0 cy=183.0 m_eraser=0x5e2e38fafc58
[GradualEraser::stamp] cx=247.0 cy=183.0 r=6 total=113 skipped_zero=102 erased=11
[GradualEraser::verify] center(247,183) rgba=(0,0,0,0)
[BrushEngine::stampEraser] cx=250.0 cy=183.0 m_eraser=0x5e2e38fafc58
[GradualEraser::stamp] cx=250.0 cy=183.0 r=6 total=113 skipped_zero=106 erased=7
[GradualEraser::verify] center(250,183) rgba=(0,0,0,0)
[BrushEngine::stampEraser] cx=250.0 cy=183.0 m_eraser=0x5e2e38fafc58
[GradualEraser::stamp] cx=250.0 cy=183.0 r=6 total=113 skipped_zero=113 erased=0
[GradualEraser::verify] center(250,183) rgba=(0,0,0,0)
[MOUSE_MOVE] drawing=true tool=1 drawing at (600.0,263.0)
[handleDrawing] tool=1 brushType=4 eraserSize=12.0 eraserOp=1.00 layer=0x5e2e67ee0d30
[BrushEngine::stampEraser] cx=250.0 cy=183.0 m_eraser=0x5e2e38fafc58
[GradualEraser::stamp] cx=250.0 cy=183.0 r=6 total=113 skipped_zero=113 erased=0
[GradualEraser::verify] center(250,183) rgba=(0,0,0,0)
[BrushEngine::stampEraser] cx=252.0 cy=182.3 m_eraser=0x5e2e38fafc58
[GradualEraser::stamp] cx=252.0 cy=182.3 r=6 total=113 skipped_zero=103 erased=10
[GradualEraser::verify] center(252,182) rgba=(0,0,0,0)
[BrushEngine::stampEraser] cx=254.0 cy=181.7 m_eraser=0x5e2e38fafc58
[GradualEraser::stamp] cx=254.0 cy=181.7 r=6 total=113 skipped_zero=110 erased=3
[GradualEraser::verify] center(254,182) rgba=(0,0,0,0)
[BrushEngine::stampEraser] cx=256.0 cy=181.0 m_eraser=0x5e2e38fafc58
[GradualEraser::stamp] cx=256.0 cy=181.0 r=6 total=113 skipped_zero=104 erased=9
[GradualEraser::verify] center(256,181) rgba=(0,0,0,0)
[BrushEngine::stampEraser] cx=256.0 cy=181.0 m_eraser=0x5e2e38fafc58
[GradualEraser::stamp] cx=256.0 cy=181.0 r=6 total=113 skipped_zero=113 erased=0
[GradualEraser::verify] center(256,181) rgba=(0,0,0,0)
[MOUSE_MOVE] drawing=true tool=1 drawing at (608.0,261.0)
[handleDrawing] tool=1 brushType=4 eraserSize=12.0 eraserOp=1.00 layer=0x5e2e67ee0d30
[BrushEngine::stampEraser] cx=256.0 cy=181.0 m_eraser=0x5e2e38fafc58
[GradualEraser::stamp] cx=256.0 cy=181.0 r=6 total=113 skipped_zero=113 erased=0
[GradualEraser::verify] center(256,181) rgba=(0,0,0,0)
[BrushEngine::stampEraser] cx=258.7 cy=180.3 m_eraser=0x5e2e38fafc58
[GradualEraser::stamp] cx=258.7 cy=180.3 r=6 total=113 skipped_zero=103 erased=10
[GradualEraser::verify] center(259,180) rgba=(0,0,0,0)
[BrushEngine::stampEraser] cx=261.3 cy=179.7 m_eraser=0x5e2e38fafc58
[GradualEraser::stamp] cx=261.3 cy=179.7 r=6 total=113 skipped_zero=111 erased=2
[GradualEraser::verify] center(261,180) rgba=(0,0,0,0)
[BrushEngine::stampEraser] cx=264.0 cy=179.0 m_eraser=0x5e2e38fafc58
[GradualEraser::stamp] cx=264.0 cy=179.0 r=6 total=113 skipped_zero=109 erased=4
[GradualEraser::verify] center(264,179) rgba=(0,0,0,0)
[BrushEngine::stampEraser] cx=264.0 cy=179.0 m_eraser=0x5e2e38fafc58
[GradualEraser::stamp] cx=264.0 cy=179.0 r=6 total=113 skipped_zero=113 erased=0
[GradualEraser::verify] center(264,179) rgba=(0,0,0,0)
[MOUSE_MOVE] drawing=true tool=1 drawing at (614.0,261.0)
[handleDrawing] tool=1 brushType=4 eraserSize=12.0 eraserOp=1.00 layer=0x5e2e67ee0d30
[BrushEngine::stampEraser] cx=264.0 cy=179.0 m_eraser=0x5e2e38fafc58
[GradualEraser::stamp] cx=264.0 cy=179.0 r=6 total=113 skipped_zero=113 erased=0
[GradualEraser::verify] center(264,179) rgba=(0,0,0,0)
[BrushEngine::stampEraser] cx=267.0 cy=179.0 m_eraser=0x5e2e38fafc58
[GradualEraser::stamp] cx=267.0 cy=179.0 r=6 total=113 skipped_zero=112 erased=1
[GradualEraser::verify] center(267,179) rgba=(0,0,0,0)
[BrushEngine::stampEraser] cx=270.0 cy=179.0 m_eraser=0x5e2e38fafc58
[GradualEraser::stamp] cx=270.0 cy=179.0 r=6 total=113 skipped_zero=113 erased=0
[GradualEraser::verify] center(270,179) rgba=(0,0,0,0)
[BrushEngine::stampEraser] cx=270.0 cy=179.0 m_eraser=0x5e2e38fafc58
[GradualEraser::stamp] cx=270.0 cy=179.0 r=6 total=113 skipped_zero=113 erased=0
[GradualEraser::verify] center(270,179) rgba=(0,0,0,0)
[MOUSE_MOVE] drawing=true tool=1 drawing at (620.0,259.0)
[handleDrawing] tool=1 brushType=4 eraserSize=12.0 eraserOp=1.00 layer=0x5e2e67ee0d30
[BrushEngine::stampEraser] cx=270.0 cy=179.0 m_eraser=0x5e2e38fafc58
[GradualEraser::stamp] cx=270.0 cy=179.0 r=6 total=113 skipped_zero=113 erased=0
[GradualEraser::verify] center(270,179) rgba=(0,0,0,0)
[BrushEngine::stampEraser] cx=272.0 cy=178.3 m_eraser=0x5e2e38fafc58
[GradualEraser::stamp] cx=272.0 cy=178.3 r=6 total=113 skipped_zero=113 erased=0
[GradualEraser::verify] center(272,178) rgba=(0,0,0,0)
[BrushEngine::stampEraser] cx=274.0 cy=177.7 m_eraser=0x5e2e38fafc58
[GradualEraser::stamp] cx=274.0 cy=177.7 r=6 total=113 skipped_zero=113 erased=0
[GradualEraser::verify] center(274,178) rgba=(0,0,0,0)
[BrushEngine::stampEraser] cx=276.0 cy=177.0 m_eraser=0x5e2e38fafc58
[GradualEraser::stamp] cx=276.0 cy=177.0 r=6 total=113 skipped_zero=113 erased=0
[GradualEraser::verify] center(276,177) rgba=(0,0,0,0)
[BrushEngine::stampEraser] cx=276.0 cy=177.0 m_eraser=0x5e2e38fafc58
[GradualEraser::stamp] cx=276.0 cy=177.0 r=6 total=113 skipped_zero=113 erased=0
[GradualEraser::verify] center(276,177) rgba=(0,0,0,0)
[MOUSE_MOVE] drawing=true tool=1 drawing at (628.0,257.0)
[handleDrawing] tool=1 brushType=4 eraserSize=12.0 eraserOp=1.00 layer=0x5e2e67ee0d30
[BrushEngine::stampEraser] cx=276.0 cy=177.0 m_eraser=0x5e2e38fafc58
[GradualEraser::stamp] cx=276.0 cy=177.0 r=6 total=113 skipped_zero=113 erased=0
[GradualEraser::verify] center(276,177) rgba=(0,0,0,0)
[BrushEngine::stampEraser] cx=278.7 cy=176.3 m_eraser=0x5e2e38fafc58
[GradualEraser::stamp] cx=278.7 cy=176.3 r=6 total=113 skipped_zero=113 erased=0
[GradualEraser::verify] center(279,176) rgba=(0,0,0,0)
[BrushEngine::stampEraser] cx=281.3 cy=175.7 m_eraser=0x5e2e38fafc58
[GradualEraser::stamp] cx=281.3 cy=175.7 r=6 total=113 skipped_zero=113 erased=0
[GradualEraser::verify] center(281,176) rgba=(0,0,0,0)
[BrushEngine::stampEraser] cx=284.0 cy=175.0 m_eraser=0x5e2e38fafc58
[GradualEraser::stamp] cx=284.0 cy=175.0 r=6 total=113 skipped_zero=113 erased=0
[GradualEraser::verify] center(284,175) rgba=(0,0,0,0)
[BrushEngine::stampEraser] cx=284.0 cy=175.0 m_eraser=0x5e2e38fafc58
[GradualEraser::stamp] cx=284.0 cy=175.0 r=6 total=113 skipped_zero=113 erased=0
[GradualEraser::verify] center(284,175) rgba=(0,0,0,0)
[CANVAS_UPDATE] recompositing (frameDirty=1 canvasDirty=0)
[CANVAS_UPDATE] sample pixel (207,154): rgba=(255,101,50,255)
[MOUSE_MOVE] drawing=true tool=1 drawing at (636.0,257.0)
[handleDrawing] tool=1 brushType=4 eraserSize=12.0 eraserOp=1.00 layer=0x5e2e67ee0d30
[BrushEngine::stampEraser] cx=284.0 cy=175.0 m_eraser=0x5e2e38fafc58
[GradualEraser::stamp] cx=284.0 cy=175.0 r=6 total=113 skipped_zero=113 erased=0
[GradualEraser::verify] center(284,175) rgba=(0,0,0,0)
[BrushEngine::stampEraser] cx=286.7 cy=175.0 m_eraser=0x5e2e38fafc58
[GradualEraser::stamp] cx=286.7 cy=175.0 r=6 total=113 skipped_zero=113 erased=0
[GradualEraser::verify] center(287,175) rgba=(0,0,0,0)
[BrushEngine::stampEraser] cx=289.3 cy=175.0 m_eraser=0x5e2e38fafc58
[GradualEraser::stamp] cx=289.3 cy=175.0 r=6 total=113 skipped_zero=113 erased=0
[GradualEraser::verify] center(289,175) rgba=(0,0,0,0)
[BrushEngine::stampEraser] cx=292.0 cy=175.0 m_eraser=0x5e2e38fafc58
[GradualEraser::stamp] cx=292.0 cy=175.0 r=6 total=113 skipped_zero=113 erased=0
[GradualEraser::verify] center(292,175) rgba=(0,0,0,0)
[BrushEngine::stampEraser] cx=292.0 cy=175.0 m_eraser=0x5e2e38fafc58
[GradualEraser::stamp] cx=292.0 cy=175.0 r=6 total=113 skipped_zero=113 erased=0
[GradualEraser::verify] center(292,175) rgba=(0,0,0,0)
[MOUSE_MOVE] drawing=true tool=1 drawing at (642.0,257.0)
[handleDrawing] tool=1 brushType=4 eraserSize=12.0 eraserOp=1.00 layer=0x5e2e67ee0d30
[BrushEngine::stampEraser] cx=292.0 cy=175.0 m_eraser=0x5e2e38fafc58
[GradualEraser::stamp] cx=292.0 cy=175.0 r=6 total=113 skipped_zero=113 erased=0
[GradualEraser::verify] center(292,175) rgba=(0,0,0,0)
[BrushEngine::stampEraser] cx=295.0 cy=175.0 m_eraser=0x5e2e38fafc58
[GradualEraser::stamp] cx=295.0 cy=175.0 r=6 total=113 skipped_zero=113 erased=0
[GradualEraser::verify] center(295,175) rgba=(0,0,0,0)
[BrushEngine::stampEraser] cx=298.0 cy=175.0 m_eraser=0x5e2e38fafc58
[GradualEraser::stamp] cx=298.0 cy=175.0 r=6 total=113 skipped_zero=113 erased=0
[GradualEraser::verify] center(298,175) rgba=(0,0,0,0)
[BrushEngine::stampEraser] cx=298.0 cy=175.0 m_eraser=0x5e2e38fafc58
[GradualEraser::stamp] cx=298.0 cy=175.0 r=6 total=113 skipped_zero=113 erased=0
[GradualEraser::verify] center(298,175) rgba=(0,0,0,0)
[MOUSE_MOVE] drawing=true tool=1 drawing at (650.0,255.0)
[handleDrawing] tool=1 brushType=4 eraserSize=12.0 eraserOp=1.00 layer=0x5e2e67ee0d30
[BrushEngine::stampEraser] cx=298.0 cy=175.0 m_eraser=0x5e2e38fafc58
[GradualEraser::stamp] cx=298.0 cy=175.0 r=6 total=113 skipped_zero=113 erased=0
[GradualEraser::verify] center(298,175) rgba=(0,0,0,0)
[BrushEngine::stampEraser] cx=300.7 cy=174.3 m_eraser=0x5e2e38fafc58
[GradualEraser::stamp] cx=300.7 cy=174.3 r=6 total=113 skipped_zero=113 erased=0
[GradualEraser::verify] center(301,174) rgba=(0,0,0,0)
[BrushEngine::stampEraser] cx=303.3 cy=173.7 m_eraser=0x5e2e38fafc58
[GradualEraser::stamp] cx=303.3 cy=173.7 r=6 total=113 skipped_zero=113 erased=0
[GradualEraser::verify] center(303,174) rgba=(0,0,0,0)
[BrushEngine::stampEraser] cx=306.0 cy=173.0 m_eraser=0x5e2e38fafc58
[GradualEraser::stamp] cx=306.0 cy=173.0 r=6 total=113 skipped_zero=113 erased=0
[GradualEraser::verify] center(306,173) rgba=(0,0,0,0)
[BrushEngine::stampEraser] cx=306.0 cy=173.0 m_eraser=0x5e2e38fafc58
[GradualEraser::stamp] cx=306.0 cy=173.0 r=6 total=113 skipped_zero=113 erased=0
[GradualEraser::verify] center(306,173) rgba=(0,0,0,0)
[MOUSE_MOVE] drawing=true tool=1 drawing at (658.0,253.0)
[handleDrawing] tool=1 brushType=4 eraserSize=12.0 eraserOp=1.00 layer=0x5e2e67ee0d30
[BrushEngine::stampEraser] cx=306.0 cy=173.0 m_eraser=0x5e2e38fafc58
[GradualEraser::stamp] cx=306.0 cy=173.0 r=6 total=113 skipped_zero=113 erased=0
[GradualEraser::verify] center(306,173) rgba=(0,0,0,0)
[BrushEngine::stampEraser] cx=308.7 cy=172.3 m_eraser=0x5e2e38fafc58
[GradualEraser::stamp] cx=308.7 cy=172.3 r=6 total=113 skipped_zero=113 erased=0
[GradualEraser::verify] center(309,172) rgba=(0,0,0,0)
[BrushEngine::stampEraser] cx=311.3 cy=171.7 m_eraser=0x5e2e38fafc58
[GradualEraser::stamp] cx=311.3 cy=171.7 r=6 total=113 skipped_zero=113 erased=0
[GradualEraser::verify] center(311,172) rgba=(0,0,0,0)
[BrushEngine::stampEraser] cx=314.0 cy=171.0 m_eraser=0x5e2e38fafc58
[GradualEraser::stamp] cx=314.0 cy=171.0 r=6 total=113 skipped_zero=113 erased=0
[GradualEraser::verify] center(314,171) rgba=(0,0,0,0)
[BrushEngine::stampEraser] cx=314.0 cy=171.0 m_eraser=0x5e2e38fafc58
[GradualEraser::stamp] cx=314.0 cy=171.0 r=6 total=113 skipped_zero=113 erased=0
[GradualEraser::verify] center(314,171) rgba=(0,0,0,0)
[MOUSE_MOVE] drawing=true tool=1 drawing at (664.0,253.0)
[handleDrawing] tool=1 brushType=4 eraserSize=12.0 eraserOp=1.00 layer=0x5e2e67ee0d30
[BrushEngine::stampEraser] cx=314.0 cy=171.0 m_eraser=0x5e2e38fafc58
[GradualEraser::stamp] cx=314.0 cy=171.0 r=6 total=113 skipped_zero=113 erased=0
[GradualEraser::verify] center(314,171) rgba=(0,0,0,0)
[BrushEngine::stampEraser] cx=317.0 cy=171.0 m_eraser=0x5e2e38fafc58
[GradualEraser::stamp] cx=317.0 cy=171.0 r=6 total=113 skipped_zero=113 erased=0
[GradualEraser::verify] center(317,171) rgba=(0,0,0,0)
[BrushEngine::stampEraser] cx=320.0 cy=171.0 m_eraser=0x5e2e38fafc58
[GradualEraser::stamp] cx=320.0 cy=171.0 r=6 total=113 skipped_zero=113 erased=0
[GradualEraser::verify] center(320,171) rgba=(0,0,0,0)
[BrushEngine::stampEraser] cx=320.0 cy=171.0 m_eraser=0x5e2e38fafc58
[GradualEraser::stamp] cx=320.0 cy=171.0 r=6 total=113 skipped_zero=113 erased=0
[GradualEraser::verify] center(320,171) rgba=(0,0,0,0)
[MOUSE_MOVE] drawing=true tool=1 drawing at (672.0,251.0)
[handleDrawing] tool=1 brushType=4 eraserSize=12.0 eraserOp=1.00 layer=0x5e2e67ee0d30
[BrushEngine::stampEraser] cx=320.0 cy=171.0 m_eraser=0x5e2e38fafc58
[GradualEraser::stamp] cx=320.0 cy=171.0 r=6 total=113 skipped_zero=113 erased=0
[GradualEraser::verify] center(320,171) rgba=(0,0,0,0)
[BrushEngine::stampEraser] cx=322.7 cy=170.3 m_eraser=0x5e2e38fafc58
[GradualEraser::stamp] cx=322.7 cy=170.3 r=6 total=113 skipped_zero=113 erased=0
[GradualEraser::verify] center(323,170) rgba=(0,0,0,0)
[BrushEngine::stampEraser] cx=325.3 cy=169.7 m_eraser=0x5e2e38fafc58
[GradualEraser::stamp] cx=325.3 cy=169.7 r=6 total=113 skipped_zero=113 erased=0
[GradualEraser::verify] center(325,170) rgba=(0,0,0,0)
[BrushEngine::stampEraser] cx=328.0 cy=169.0 m_eraser=0x5e2e38fafc58
[GradualEraser::stamp] cx=328.0 cy=169.0 r=6 total=113 skipped_zero=113 erased=0
[GradualEraser::verify] center(328,169) rgba=(0,0,0,0)
[BrushEngine::stampEraser] cx=328.0 cy=169.0 m_eraser=0x5e2e38fafc58
[GradualEraser::stamp] cx=328.0 cy=169.0 r=6 total=113 skipped_zero=113 erased=0
[GradualEraser::verify] center(328,169) rgba=(0,0,0,0)
[MOUSE_MOVE] drawing=true tool=1 drawing at (678.0,249.0)
[handleDrawing] tool=1 brushType=4 eraserSize=12.0 eraserOp=1.00 layer=0x5e2e67ee0d30
[BrushEngine::stampEraser] cx=328.0 cy=169.0 m_eraser=0x5e2e38fafc58
[GradualEraser::stamp] cx=328.0 cy=169.0 r=6 total=113 skipped_zero=113 erased=0
[GradualEraser::verify] center(328,169) rgba=(0,0,0,0)
[BrushEngine::stampEraser] cx=330.0 cy=168.3 m_eraser=0x5e2e38fafc58
[GradualEraser::stamp] cx=330.0 cy=168.3 r=6 total=113 skipped_zero=113 erased=0
[GradualEraser::verify] center(330,168) rgba=(0,0,0,0)
[BrushEngine::stampEraser] cx=332.0 cy=167.7 m_eraser=0x5e2e38fafc58
[GradualEraser::stamp] cx=332.0 cy=167.7 r=6 total=113 skipped_zero=113 erased=0
[GradualEraser::verify] center(332,168) rgba=(0,0,0,0)
[BrushEngine::stampEraser] cx=334.0 cy=167.0 m_eraser=0x5e2e38fafc58
[GradualEraser::stamp] cx=334.0 cy=167.0 r=6 total=113 skipped_zero=113 erased=0
[GradualEraser::verify] center(334,167) rgba=(0,0,0,0)
[BrushEngine::stampEraser] cx=334.0 cy=167.0 m_eraser=0x5e2e38fafc58
[GradualEraser::stamp] cx=334.0 cy=167.0 r=6 total=113 skipped_zero=113 erased=0
[GradualEraser::verify] center(334,167) rgba=(0,0,0,0)
[MOUSE_MOVE] drawing=true tool=1 drawing at (684.0,249.0)
[handleDrawing] tool=1 brushType=4 eraserSize=12.0 eraserOp=1.00 layer=0x5e2e67ee0d30
[BrushEngine::stampEraser] cx=334.0 cy=167.0 m_eraser=0x5e2e38fafc58
[GradualEraser::stamp] cx=334.0 cy=167.0 r=6 total=113 skipped_zero=113 erased=0
[GradualEraser::verify] center(334,167) rgba=(0,0,0,0)
[BrushEngine::stampEraser] cx=337.0 cy=167.0 m_eraser=0x5e2e38fafc58
[GradualEraser::stamp] cx=337.0 cy=167.0 r=6 total=113 skipped_zero=113 erased=0
[GradualEraser::verify] center(337,167) rgba=(0,0,0,0)
[BrushEngine::stampEraser] cx=340.0 cy=167.0 m_eraser=0x5e2e38fafc58
[GradualEraser::stamp] cx=340.0 cy=167.0 r=6 total=113 skipped_zero=113 erased=0
[GradualEraser::verify] center(340,167) rgba=(0,0,0,0)
[BrushEngine::stampEraser] cx=340.0 cy=167.0 m_eraser=0x5e2e38fafc58
[GradualEraser::stamp] cx=340.0 cy=167.0 r=6 total=113 skipped_zero=113 erased=0
[GradualEraser::verify] center(340,167) rgba=(0,0,0,0)
[MOUSE_MOVE] drawing=true tool=1 drawing at (690.0,247.0)
[handleDrawing] tool=1 brushType=4 eraserSize=12.0 eraserOp=1.00 layer=0x5e2e67ee0d30
[BrushEngine::stampEraser] cx=340.0 cy=167.0 m_eraser=0x5e2e38fafc58
[GradualEraser::stamp] cx=340.0 cy=167.0 r=6 total=113 skipped_zero=113 erased=0
[GradualEraser::verify] center(340,167) rgba=(0,0,0,0)
[BrushEngine::stampEraser] cx=342.0 cy=166.3 m_eraser=0x5e2e38fafc58
[GradualEraser::stamp] cx=342.0 cy=166.3 r=6 total=113 skipped_zero=113 erased=0
[GradualEraser::verify] center(342,166) rgba=(0,0,0,0)
[BrushEngine::stampEraser] cx=344.0 cy=165.7 m_eraser=0x5e2e38fafc58
[GradualEraser::stamp] cx=344.0 cy=165.7 r=6 total=113 skipped_zero=113 erased=0
[GradualEraser::verify] center(344,166) rgba=(0,0,0,0)
[BrushEngine::stampEraser] cx=346.0 cy=165.0 m_eraser=0x5e2e38fafc58
[GradualEraser::stamp] cx=346.0 cy=165.0 r=6 total=113 skipped_zero=113 erased=0
[GradualEraser::verify] center(346,165) rgba=(0,0,0,0)
[BrushEngine::stampEraser] cx=346.0 cy=165.0 m_eraser=0x5e2e38fafc58
[GradualEraser::stamp] cx=346.0 cy=165.0 r=6 total=113 skipped_zero=113 erased=0
[GradualEraser::verify] center(346,165) rgba=(0,0,0,0)
[CANVAS_UPDATE] recompositing (frameDirty=1 canvasDirty=0)
[CANVAS_UPDATE] sample pixel (207,154): rgba=(255,101,50,255)
[MOUSE_MOVE] drawing=true tool=1 drawing at (692.0,247.0)
[handleDrawing] tool=1 brushType=4 eraserSize=12.0 eraserOp=1.00 layer=0x5e2e67ee0d30
[BrushEngine::stampEraser] cx=346.0 cy=165.0 m_eraser=0x5e2e38fafc58
[GradualEraser::stamp] cx=346.0 cy=165.0 r=6 total=113 skipped_zero=113 erased=0
[GradualEraser::verify] center(346,165) rgba=(0,0,0,0)
[BrushEngine::stampEraser] cx=348.0 cy=165.0 m_eraser=0x5e2e38fafc58
[GradualEraser::stamp] cx=348.0 cy=165.0 r=6 total=113 skipped_zero=113 erased=0
[GradualEraser::verify] center(348,165) rgba=(0,0,0,0)
[BrushEngine::stampEraser] cx=348.0 cy=165.0 m_eraser=0x5e2e38fafc58
[GradualEraser::stamp] cx=348.0 cy=165.0 r=6 total=113 skipped_zero=113 erased=0
[GradualEraser::verify] center(348,165) rgba=(0,0,0,0)
[MOUSE_MOVE] drawing=true tool=1 drawing at (695.0,246.0)
[handleDrawing] tool=1 brushType=4 eraserSize=12.0 eraserOp=1.00 layer=0x5e2e67ee0d30
[BrushEngine::stampEraser] cx=348.0 cy=165.0 m_eraser=0x5e2e38fafc58
[GradualEraser::stamp] cx=348.0 cy=165.0 r=6 total=113 skipped_zero=113 erased=0
[GradualEraser::verify] center(348,165) rgba=(0,0,0,0)
[BrushEngine::stampEraser] cx=349.5 cy=164.5 m_eraser=0x5e2e38fafc58
[GradualEraser::stamp] cx=349.5 cy=164.5 r=6 total=113 skipped_zero=113 erased=0
[GradualEraser::verify] center(350,165) rgba=(0,0,0,0)
[BrushEngine::stampEraser] cx=351.0 cy=164.0 m_eraser=0x5e2e38fafc58
[GradualEraser::stamp] cx=351.0 cy=164.0 r=6 total=113 skipped_zero=113 erased=0
[GradualEraser::verify] center(351,164) rgba=(0,0,0,0)
[BrushEngine::stampEraser] cx=351.0 cy=164.0 m_eraser=0x5e2e38fafc58
[GradualEraser::stamp] cx=351.0 cy=164.0 r=6 total=113 skipped_zero=113 erased=0
[GradualEraser::verify] center(351,164) rgba=(0,0,0,0)
[MOUSE_MOVE] drawing=true tool=1 drawing at (701.0,244.0)
[handleDrawing] tool=1 brushType=4 eraserSize=12.0 eraserOp=1.00 layer=0x5e2e67ee0d30
[BrushEngine::stampEraser] cx=351.0 cy=164.0 m_eraser=0x5e2e38fafc58
[GradualEraser::stamp] cx=351.0 cy=164.0 r=6 total=113 skipped_zero=113 erased=0
[GradualEraser::verify] center(351,164) rgba=(0,0,0,0)
[BrushEngine::stampEraser] cx=353.0 cy=163.3 m_eraser=0x5e2e38fafc58
[GradualEraser::stamp] cx=353.0 cy=163.3 r=6 total=113 skipped_zero=113 erased=0
[GradualEraser::verify] center(353,163) rgba=(0,0,0,0)
[BrushEngine::stampEraser] cx=355.0 cy=162.7 m_eraser=0x5e2e38fafc58
[GradualEraser::stamp] cx=355.0 cy=162.7 r=6 total=113 skipped_zero=113 erased=0
[GradualEraser::verify] center(355,163) rgba=(0,0,0,0)
[BrushEngine::stampEraser] cx=357.0 cy=162.0 m_eraser=0x5e2e38fafc58
[GradualEraser::stamp] cx=357.0 cy=162.0 r=6 total=113 skipped_zero=113 erased=0
[GradualEraser::verify] center(357,162) rgba=(0,0,0,0)
[BrushEngine::stampEraser] cx=357.0 cy=162.0 m_eraser=0x5e2e38fafc58
[GradualEraser::stamp] cx=357.0 cy=162.0 r=6 total=113 skipped_zero=113 erased=0
[GradualEraser::verify] center(357,162) rgba=(0,0,0,0)
[MOUSE_MOVE] drawing=true tool=1 drawing at (702.0,244.0)
[handleDrawing] tool=1 brushType=4 eraserSize=12.0 eraserOp=1.00 layer=0x5e2e67ee0d30
[BrushEngine::stampEraser] cx=357.0 cy=162.0 m_eraser=0x5e2e38fafc58
[GradualEraser::stamp] cx=357.0 cy=162.0 r=6 total=113 skipped_zero=113 erased=0
[GradualEraser::verify] center(357,162) rgba=(0,0,0,0)
[BrushEngine::stampEraser] cx=358.0 cy=162.0 m_eraser=0x5e2e38fafc58
[GradualEraser::stamp] cx=358.0 cy=162.0 r=6 total=113 skipped_zero=113 erased=0
[GradualEraser::verify] center(358,162) rgba=(0,0,0,0)
[BrushEngine::stampEraser] cx=358.0 cy=162.0 m_eraser=0x5e2e38fafc58
[GradualEraser::stamp] cx=358.0 cy=162.0 r=6 total=113 skipped_zero=113 erased=0
[GradualEraser::verify] center(358,162) rgba=(0,0,0,0)
[MOUSE_MOVE] drawing=true tool=1 drawing at (704.0,244.0)
[handleDrawing] tool=1 brushType=4 eraserSize=12.0 eraserOp=1.00 layer=0x5e2e67ee0d30
[BrushEngine::stampEraser] cx=358.0 cy=162.0 m_eraser=0x5e2e38fafc58
[GradualEraser::stamp] cx=358.0 cy=162.0 r=6 total=113 skipped_zero=113 erased=0
[GradualEraser::verify] center(358,162) rgba=(0,0,0,0)
[BrushEngine::stampEraser] cx=360.0 cy=162.0 m_eraser=0x5e2e38fafc58
[GradualEraser::stamp] cx=360.0 cy=162.0 r=6 total=113 skipped_zero=113 erased=0
[GradualEraser::verify] center(360,162) rgba=(0,0,0,0)
[BrushEngine::stampEraser] cx=360.0 cy=162.0 m_eraser=0x5e2e38fafc58
[GradualEraser::stamp] cx=360.0 cy=162.0 r=6 total=113 skipped_zero=113 erased=0
[GradualEraser::verify] center(360,162) rgba=(0,0,0,0)
[MOUSE_MOVE] drawing=true tool=1 drawing at (706.0,243.0)
[handleDrawing] tool=1 brushType=4 eraserSize=12.0 eraserOp=1.00 layer=0x5e2e67ee0d30
[BrushEngine::stampEraser] cx=360.0 cy=162.0 m_eraser=0x5e2e38fafc58
[GradualEraser::stamp] cx=360.0 cy=162.0 r=6 total=113 skipped_zero=113 erased=0
[GradualEraser::verify] center(360,162) rgba=(0,0,0,0)
[BrushEngine::stampEraser] cx=362.0 cy=161.0 m_eraser=0x5e2e38fafc58
[GradualEraser::stamp] cx=362.0 cy=161.0 r=6 total=113 skipped_zero=113 erased=0
[GradualEraser::verify] center(362,161) rgba=(0,0,0,0)
[BrushEngine::stampEraser] cx=362.0 cy=161.0 m_eraser=0x5e2e38fafc58
[GradualEraser::stamp] cx=362.0 cy=161.0 r=6 total=113 skipped_zero=113 erased=0
[GradualEraser::verify] center(362,161) rgba=(0,0,0,0)
[MOUSE_MOVE] drawing=true tool=1 drawing at (708.0,241.0)
[handleDrawing] tool=1 brushType=4 eraserSize=12.0 eraserOp=1.00 layer=0x5e2e67ee0d30
[BrushEngine::stampEraser] cx=362.0 cy=161.0 m_eraser=0x5e2e38fafc58
[GradualEraser::stamp] cx=362.0 cy=161.0 r=6 total=113 skipped_zero=113 erased=0
[GradualEraser::verify] center(362,161) rgba=(0,0,0,0)
[BrushEngine::stampEraser] cx=364.0 cy=159.0 m_eraser=0x5e2e38fafc58
[GradualEraser::stamp] cx=364.0 cy=159.0 r=6 total=113 skipped_zero=113 erased=0
[GradualEraser::verify] center(364,159) rgba=(0,0,0,0)
[BrushEngine::stampEraser] cx=364.0 cy=159.0 m_eraser=0x5e2e38fafc58
[GradualEraser::stamp] cx=364.0 cy=159.0 r=6 total=113 skipped_zero=113 erased=0
[GradualEraser::verify] center(364,159) rgba=(0,0,0,0)
[MOUSE_MOVE] drawing=true tool=1 drawing at (709.0,241.0)
[handleDrawing] tool=1 brushType=4 eraserSize=12.0 eraserOp=1.00 layer=0x5e2e67ee0d30
[BrushEngine::stampEraser] cx=364.0 cy=159.0 m_eraser=0x5e2e38fafc58
[GradualEraser::stamp] cx=364.0 cy=159.0 r=6 total=113 skipped_zero=113 erased=0
[GradualEraser::verify] center(364,159) rgba=(0,0,0,0)
[BrushEngine::stampEraser] cx=365.0 cy=159.0 m_eraser=0x5e2e38fafc58
[GradualEraser::stamp] cx=365.0 cy=159.0 r=6 total=113 skipped_zero=113 erased=0
[GradualEraser::verify] center(365,159) rgba=(0,0,0,0)
[BrushEngine::stampEraser] cx=365.0 cy=159.0 m_eraser=0x5e2e38fafc58
[GradualEraser::stamp] cx=365.0 cy=159.0 r=6 total=113 skipped_zero=113 erased=0
[GradualEraser::verify] center(365,159) rgba=(0,0,0,0)
[CANVAS_UPDATE] recompositing (frameDirty=1 canvasDirty=0)
[CANVAS_UPDATE] sample pixel (207,154): rgba=(255,101,50,255)
[MOUSE_MOVE] drawing=true tool=1 drawing at (710.0,240.0)
[handleDrawing] tool=1 brushType=4 eraserSize=12.0 eraserOp=1.00 layer=0x5e2e67ee0d30
[BrushEngine::stampEraser] cx=365.0 cy=159.0 m_eraser=0x5e2e38fafc58
[GradualEraser::stamp] cx=365.0 cy=159.0 r=6 total=113 skipped_zero=113 erased=0
[GradualEraser::verify] center(365,159) rgba=(0,0,0,0)
[BrushEngine::stampEraser] cx=366.0 cy=158.0 m_eraser=0x5e2e38fafc58
[GradualEraser::stamp] cx=366.0 cy=158.0 r=6 total=113 skipped_zero=113 erased=0
[GradualEraser::verify] center(366,158) rgba=(0,0,0,0)
[BrushEngine::stampEraser] cx=366.0 cy=158.0 m_eraser=0x5e2e38fafc58
[GradualEraser::stamp] cx=366.0 cy=158.0 r=6 total=113 skipped_zero=113 erased=0
[GradualEraser::verify] center(366,158) rgba=(0,0,0,0)
[CANVAS_UPDATE] recompositing (frameDirty=1 canvasDirty=0)
[CANVAS_UPDATE] sample pixel (207,154): rgba=(255,101,50,255)
[MOUSE_MOVE] drawing=true tool=1 drawing at (709.0,240.0)
[handleDrawing] tool=1 brushType=4 eraserSize=12.0 eraserOp=1.00 layer=0x5e2e67ee0d30
[BrushEngine::stampEraser] cx=366.0 cy=158.0 m_eraser=0x5e2e38fafc58
[GradualEraser::stamp] cx=366.0 cy=158.0 r=6 total=113 skipped_zero=113 erased=0
[GradualEraser::verify] center(366,158) rgba=(0,0,0,0)
[BrushEngine::stampEraser] cx=365.0 cy=158.0 m_eraser=0x5e2e38fafc58
[GradualEraser::stamp] cx=365.0 cy=158.0 r=6 total=113 skipped_zero=113 erased=0
[GradualEraser::verify] center(365,158) rgba=(0,0,0,0)
[BrushEngine::stampEraser] cx=365.0 cy=158.0 m_eraser=0x5e2e38fafc58
[GradualEraser::stamp] cx=365.0 cy=158.0 r=6 total=113 skipped_zero=113 erased=0
[GradualEraser::verify] center(365,158) rgba=(0,0,0,0)
[CANVAS_UPDATE] recompositing (frameDirty=1 canvasDirty=0)
[CANVAS_UPDATE] sample pixel (207,154): rgba=(255,101,50,255)
[MOUSE_MOVE] drawing=true tool=1 drawing at (709.0,240.0)
[handleDrawing] tool=1 brushType=4 eraserSize=12.0 eraserOp=1.00 layer=0x5e2e67ee0d30
[BrushEngine::stampEraser] cx=365.0 cy=158.0 m_eraser=0x5e2e38fafc58
[GradualEraser::stamp] cx=365.0 cy=158.0 r=6 total=113 skipped_zero=113 erased=0
[GradualEraser::verify] center(365,158) rgba=(0,0,0,0)
[BrushEngine::stampEraser] cx=365.0 cy=158.0 m_eraser=0x5e2e38fafc58
[GradualEraser::stamp] cx=365.0 cy=158.0 r=6 total=113 skipped_zero=113 erased=0
[GradualEraser::verify] center(365,158) rgba=(0,0,0,0)
[BrushEngine::stampEraser] cx=365.0 cy=158.0 m_eraser=0x5e2e38fafc58
[GradualEraser::stamp] cx=365.0 cy=158.0 r=6 total=113 skipped_zero=113 erased=0
[GradualEraser::verify] center(365,158) rgba=(0,0,0,0)
[MOUSE_MOVE] drawing=true tool=1 drawing at (707.0,240.0)
[handleDrawing] tool=1 brushType=4 eraserSize=12.0 eraserOp=1.00 layer=0x5e2e67ee0d30
[BrushEngine::stampEraser] cx=365.0 cy=158.0 m_eraser=0x5e2e38fafc58
[GradualEraser::stamp] cx=365.0 cy=158.0 r=6 total=113 skipped_zero=113 erased=0
[GradualEraser::verify] center(365,158) rgba=(0,0,0,0)
[BrushEngine::stampEraser] cx=363.0 cy=158.0 m_eraser=0x5e2e38fafc58
[GradualEraser::stamp] cx=363.0 cy=158.0 r=6 total=113 skipped_zero=113 erased=0
[GradualEraser::verify] center(363,158) rgba=(0,0,0,0)
[BrushEngine::stampEraser] cx=363.0 cy=158.0 m_eraser=0x5e2e38fafc58
[GradualEraser::stamp] cx=363.0 cy=158.0 r=6 total=113 skipped_zero=113 erased=0
[GradualEraser::verify] center(363,158) rgba=(0,0,0,0)
[MOUSE_MOVE] drawing=true tool=1 drawing at (706.0,240.0)
[handleDrawing] tool=1 brushType=4 eraserSize=12.0 eraserOp=1.00 layer=0x5e2e67ee0d30
[BrushEngine::stampEraser] cx=363.0 cy=158.0 m_eraser=0x5e2e38fafc58
[GradualEraser::stamp] cx=363.0 cy=158.0 r=6 total=113 skipped_zero=113 erased=0
[GradualEraser::verify] center(363,158) rgba=(0,0,0,0)
[BrushEngine::stampEraser] cx=362.0 cy=158.0 m_eraser=0x5e2e38fafc58
[GradualEraser::stamp] cx=362.0 cy=158.0 r=6 total=113 skipped_zero=113 erased=0
[GradualEraser::verify] center(362,158) rgba=(0,0,0,0)
[BrushEngine::stampEraser] cx=362.0 cy=158.0 m_eraser=0x5e2e38fafc58
[GradualEraser::stamp] cx=362.0 cy=158.0 r=6 total=113 skipped_zero=113 erased=0
[GradualEraser::verify] center(362,158) rgba=(0,0,0,0)
[MOUSE_MOVE] drawing=true tool=1 drawing at (705.0,240.0)
[handleDrawing] tool=1 brushType=4 eraserSize=12.0 eraserOp=1.00 layer=0x5e2e67ee0d30
[BrushEngine::stampEraser] cx=362.0 cy=158.0 m_eraser=0x5e2e38fafc58
[GradualEraser::stamp] cx=362.0 cy=158.0 r=6 total=113 skipped_zero=113 erased=0
[GradualEraser::verify] center(362,158) rgba=(0,0,0,0)
[BrushEngine::stampEraser] cx=361.0 cy=158.0 m_eraser=0x5e2e38fafc58
[GradualEraser::stamp] cx=361.0 cy=158.0 r=6 total=113 skipped_zero=113 erased=0
[GradualEraser::verify] center(361,158) rgba=(0,0,0,0)
[BrushEngine::stampEraser] cx=361.0 cy=158.0 m_eraser=0x5e2e38fafc58
[GradualEraser::stamp] cx=361.0 cy=158.0 r=6 total=113 skipped_zero=113 erased=0
[GradualEraser::verify] center(361,158) rgba=(0,0,0,0)
[MOUSE_MOVE] drawing=true tool=1 drawing at (704.0,240.0)
[handleDrawing] tool=1 brushType=4 eraserSize=12.0 eraserOp=1.00 layer=0x5e2e67ee0d30
[BrushEngine::stampEraser] cx=361.0 cy=158.0 m_eraser=0x5e2e38fafc58
[GradualEraser::stamp] cx=361.0 cy=158.0 r=6 total=113 skipped_zero=113 erased=0
[GradualEraser::verify] center(361,158) rgba=(0,0,0,0)
[BrushEngine::stampEraser] cx=360.0 cy=158.0 m_eraser=0x5e2e38fafc58
[GradualEraser::stamp] cx=360.0 cy=158.0 r=6 total=113 skipped_zero=113 erased=0
[GradualEraser::verify] center(360,158) rgba=(0,0,0,0)
[BrushEngine::stampEraser] cx=360.0 cy=158.0 m_eraser=0x5e2e38fafc58
[GradualEraser::stamp] cx=360.0 cy=158.0 r=6 total=113 skipped_zero=113 erased=0
[GradualEraser::verify] center(360,158) rgba=(0,0,0,0)
[MOUSE_MOVE] drawing=true tool=1 drawing at (703.0,240.0)
[handleDrawing] tool=1 brushType=4 eraserSize=12.0 eraserOp=1.00 layer=0x5e2e67ee0d30
[BrushEngine::stampEraser] cx=360.0 cy=158.0 m_eraser=0x5e2e38fafc58
[GradualEraser::stamp] cx=360.0 cy=158.0 r=6 total=113 skipped_zero=113 erased=0
[GradualEraser::verify] center(360,158) rgba=(0,0,0,0)
[BrushEngine::stampEraser] cx=359.0 cy=158.0 m_eraser=0x5e2e38fafc58
[GradualEraser::stamp] cx=359.0 cy=158.0 r=6 total=113 skipped_zero=113 erased=0
[GradualEraser::verify] center(359,158) rgba=(0,0,0,0)
[BrushEngine::stampEraser] cx=359.0 cy=158.0 m_eraser=0x5e2e38fafc58
[GradualEraser::stamp] cx=359.0 cy=158.0 r=6 total=113 skipped_zero=113 erased=0
[GradualEraser::verify] center(359,158) rgba=(0,0,0,0)
[CANVAS_UPDATE] recompositing (frameDirty=1 canvasDirty=0)
[CANVAS_UPDATE] sample pixel (207,154): rgba=(255,101,50,255)
[MOUSE_MOVE] drawing=true tool=1 drawing at (702.0,240.0)
[handleDrawing] tool=1 brushType=4 eraserSize=12.0 eraserOp=1.00 layer=0x5e2e67ee0d30
[BrushEngine::stampEraser] cx=359.0 cy=158.0 m_eraser=0x5e2e38fafc58
[GradualEraser::stamp] cx=359.0 cy=158.0 r=6 total=113 skipped_zero=113 erased=0
[GradualEraser::verify] center(359,158) rgba=(0,0,0,0)
[BrushEngine::stampEraser] cx=358.0 cy=158.0 m_eraser=0x5e2e38fafc58
[GradualEraser::stamp] cx=358.0 cy=158.0 r=6 total=113 skipped_zero=113 erased=0
[GradualEraser::verify] center(358,158) rgba=(0,0,0,0)
[BrushEngine::stampEraser] cx=358.0 cy=158.0 m_eraser=0x5e2e38fafc58
[GradualEraser::stamp] cx=358.0 cy=158.0 r=6 total=113 skipped_zero=113 erased=0
[GradualEraser::verify] center(358,158) rgba=(0,0,0,0)
[MOUSE_MOVE] drawing=true tool=1 drawing at (699.0,238.0)
[handleDrawing] tool=1 brushType=4 eraserSize=12.0 eraserOp=1.00 layer=0x5e2e67ee0d30
[BrushEngine::stampEraser] cx=358.0 cy=158.0 m_eraser=0x5e2e38fafc58
[GradualEraser::stamp] cx=358.0 cy=158.0 r=6 total=113 skipped_zero=113 erased=0
[GradualEraser::verify] center(358,158) rgba=(0,0,0,0)
[BrushEngine::stampEraser] cx=356.5 cy=157.0 m_eraser=0x5e2e38fafc58
[GradualEraser::stamp] cx=356.5 cy=157.0 r=6 total=113 skipped_zero=113 erased=0
[GradualEraser::verify] center(357,157) rgba=(0,0,0,0)
[BrushEngine::stampEraser] cx=355.0 cy=156.0 m_eraser=0x5e2e38fafc58
[GradualEraser::stamp] cx=355.0 cy=156.0 r=6 total=113 skipped_zero=113 erased=0
[GradualEraser::verify] center(355,156) rgba=(0,0,0,0)
[BrushEngine::stampEraser] cx=355.0 cy=156.0 m_eraser=0x5e2e38fafc58
[GradualEraser::stamp] cx=355.0 cy=156.0 r=6 total=113 skipped_zero=113 erased=0
[GradualEraser::verify] center(355,156) rgba=(0,0,0,0)
[MOUSE_MOVE] drawing=true tool=1 drawing at (698.0,238.0)
[handleDrawing] tool=1 brushType=4 eraserSize=12.0 eraserOp=1.00 layer=0x5e2e67ee0d30
[BrushEngine::stampEraser] cx=355.0 cy=156.0 m_eraser=0x5e2e38fafc58
[GradualEraser::stamp] cx=355.0 cy=156.0 r=6 total=113 skipped_zero=113 erased=0
[GradualEraser::verify] center(355,156) rgba=(0,0,0,0)
[BrushEngine::stampEraser] cx=354.0 cy=156.0 m_eraser=0x5e2e38fafc58
[GradualEraser::stamp] cx=354.0 cy=156.0 r=6 total=113 skipped_zero=113 erased=0
[GradualEraser::verify] center(354,156) rgba=(0,0,0,0)
[BrushEngine::stampEraser] cx=354.0 cy=156.0 m_eraser=0x5e2e38fafc58
[GradualEraser::stamp] cx=354.0 cy=156.0 r=6 total=113 skipped_zero=113 erased=0
[GradualEraser::verify] center(354,156) rgba=(0,0,0,0)
[MOUSE_MOVE] drawing=true tool=1 drawing at (697.0,238.0)
[handleDrawing] tool=1 brushType=4 eraserSize=12.0 eraserOp=1.00 layer=0x5e2e67ee0d30
[BrushEngine::stampEraser] cx=354.0 cy=156.0 m_eraser=0x5e2e38fafc58
[GradualEraser::stamp] cx=354.0 cy=156.0 r=6 total=113 skipped_zero=113 erased=0
[GradualEraser::verify] center(354,156) rgba=(0,0,0,0)
[BrushEngine::stampEraser] cx=353.0 cy=156.0 m_eraser=0x5e2e38fafc58
[GradualEraser::stamp] cx=353.0 cy=156.0 r=6 total=113 skipped_zero=113 erased=0
[GradualEraser::verify] center(353,156) rgba=(0,0,0,0)
[BrushEngine::stampEraser] cx=353.0 cy=156.0 m_eraser=0x5e2e38fafc58
[GradualEraser::stamp] cx=353.0 cy=156.0 r=6 total=113 skipped_zero=113 erased=0
[GradualEraser::verify] center(353,156) rgba=(0,0,0,0)
[MOUSE_MOVE] drawing=true tool=1 drawing at (694.0,238.0)
[handleDrawing] tool=1 brushType=4 eraserSize=12.0 eraserOp=1.00 layer=0x5e2e67ee0d30
[BrushEngine::stampEraser] cx=353.0 cy=156.0 m_eraser=0x5e2e38fafc58
[GradualEraser::stamp] cx=353.0 cy=156.0 r=6 total=113 skipped_zero=113 erased=0
[GradualEraser::verify] center(353,156) rgba=(0,0,0,0)
[BrushEngine::stampEraser] cx=350.0 cy=156.0 m_eraser=0x5e2e38fafc58
[GradualEraser::stamp] cx=350.0 cy=156.0 r=6 total=113 skipped_zero=113 erased=0
[GradualEraser::verify] center(350,156) rgba=(0,0,0,0)
[BrushEngine::stampEraser] cx=350.0 cy=156.0 m_eraser=0x5e2e38fafc58
[GradualEraser::stamp] cx=350.0 cy=156.0 r=6 total=113 skipped_zero=113 erased=0
[GradualEraser::verify] center(350,156) rgba=(0,0,0,0)
[MOUSE_MOVE] drawing=true tool=1 drawing at (693.0,238.0)
[handleDrawing] tool=1 brushType=4 eraserSize=12.0 eraserOp=1.00 layer=0x5e2e67ee0d30
[BrushEngine::stampEraser] cx=350.0 cy=156.0 m_eraser=0x5e2e38fafc58
[GradualEraser::stamp] cx=350.0 cy=156.0 r=6 total=113 skipped_zero=113 erased=0
[GradualEraser::verify] center(350,156) rgba=(0,0,0,0)
[BrushEngine::stampEraser] cx=349.0 cy=156.0 m_eraser=0x5e2e38fafc58
[GradualEraser::stamp] cx=349.0 cy=156.0 r=6 total=113 skipped_zero=113 erased=0
[GradualEraser::verify] center(349,156) rgba=(0,0,0,0)
[BrushEngine::stampEraser] cx=349.0 cy=156.0 m_eraser=0x5e2e38fafc58
[GradualEraser::stamp] cx=349.0 cy=156.0 r=6 total=113 skipped_zero=113 erased=0
[GradualEraser::verify] center(349,156) rgba=(0,0,0,0)
[MOUSE_MOVE] drawing=true tool=1 drawing at (691.0,238.0)
[handleDrawing] tool=1 brushType=4 eraserSize=12.0 eraserOp=1.00 layer=0x5e2e67ee0d30
[BrushEngine::stampEraser] cx=349.0 cy=156.0 m_eraser=0x5e2e38fafc58
[GradualEraser::stamp] cx=349.0 cy=156.0 r=6 total=113 skipped_zero=113 erased=0
[GradualEraser::verify] center(349,156) rgba=(0,0,0,0)
[BrushEngine::stampEraser] cx=347.0 cy=156.0 m_eraser=0x5e2e38fafc58
[GradualEraser::stamp] cx=347.0 cy=156.0 r=6 total=113 skipped_zero=113 erased=0
[GradualEraser::verify] center(347,156) rgba=(0,0,0,0)
[BrushEngine::stampEraser] cx=347.0 cy=156.0 m_eraser=0x5e2e38fafc58
[GradualEraser::stamp] cx=347.0 cy=156.0 r=6 total=113 skipped_zero=113 erased=0
[GradualEraser::verify] center(347,156) rgba=(0,0,0,0)
[MOUSE_MOVE] drawing=true tool=1 drawing at (689.0,237.0)
[handleDrawing] tool=1 brushType=4 eraserSize=12.0 eraserOp=1.00 layer=0x5e2e67ee0d30
[BrushEngine::stampEraser] cx=347.0 cy=156.0 m_eraser=0x5e2e38fafc58
[GradualEraser::stamp] cx=347.0 cy=156.0 r=6 total=113 skipped_zero=113 erased=0
[GradualEraser::verify] center(347,156) rgba=(0,0,0,0)
[BrushEngine::stampEraser] cx=345.0 cy=155.0 m_eraser=0x5e2e38fafc58
[GradualEraser::stamp] cx=345.0 cy=155.0 r=6 total=113 skipped_zero=113 erased=0
[GradualEraser::verify] center(345,155) rgba=(0,0,0,0)
[BrushEngine::stampEraser] cx=345.0 cy=155.0 m_eraser=0x5e2e38fafc58
[GradualEraser::stamp] cx=345.0 cy=155.0 r=6 total=113 skipped_zero=113 erased=0
[GradualEraser::verify] center(345,155) rgba=(0,0,0,0)
[CANVAS_UPDATE] recompositing (frameDirty=1 canvasDirty=0)
[CANVAS_UPDATE] sample pixel (207,154): rgba=(255,101,50,255)
[MOUSE_MOVE] drawing=true tool=1 drawing at (687.0,237.0)
[handleDrawing] tool=1 brushType=4 eraserSize=12.0 eraserOp=1.00 layer=0x5e2e67ee0d30
[BrushEngine::stampEraser] cx=345.0 cy=155.0 m_eraser=0x5e2e38fafc58
[GradualEraser::stamp] cx=345.0 cy=155.0 r=6 total=113 skipped_zero=113 erased=0
[GradualEraser::verify] center(345,155) rgba=(0,0,0,0)
[BrushEngine::stampEraser] cx=343.0 cy=155.0 m_eraser=0x5e2e38fafc58
[GradualEraser::stamp] cx=343.0 cy=155.0 r=6 total=113 skipped_zero=113 erased=0
[GradualEraser::verify] center(343,155) rgba=(0,0,0,0)
[BrushEngine::stampEraser] cx=343.0 cy=155.0 m_eraser=0x5e2e38fafc58
[GradualEraser::stamp] cx=343.0 cy=155.0 r=6 total=113 skipped_zero=113 erased=0
[GradualEraser::verify] center(343,155) rgba=(0,0,0,0)
[MOUSE_MOVE] drawing=true tool=1 drawing at (684.0,237.0)
[handleDrawing] tool=1 brushType=4 eraserSize=12.0 eraserOp=1.00 layer=0x5e2e67ee0d30
[BrushEngine::stampEraser] cx=343.0 cy=155.0 m_eraser=0x5e2e38fafc58
[GradualEraser::stamp] cx=343.0 cy=155.0 r=6 total=113 skipped_zero=113 erased=0
[GradualEraser::verify] center(343,155) rgba=(0,0,0,0)
[BrushEngine::stampEraser] cx=340.0 cy=155.0 m_eraser=0x5e2e38fafc58
[GradualEraser::stamp] cx=340.0 cy=155.0 r=6 total=113 skipped_zero=113 erased=0
[GradualEraser::verify] center(340,155) rgba=(0,0,0,0)
[BrushEngine::stampEraser] cx=340.0 cy=155.0 m_eraser=0x5e2e38fafc58
[GradualEraser::stamp] cx=340.0 cy=155.0 r=6 total=113 skipped_zero=113 erased=0
[GradualEraser::verify] center(340,155) rgba=(0,0,0,0)
[MOUSE_MOVE] drawing=true tool=1 drawing at (683.0,237.0)
[handleDrawing] tool=1 brushType=4 eraserSize=12.0 eraserOp=1.00 layer=0x5e2e67ee0d30
[BrushEngine::stampEraser] cx=340.0 cy=155.0 m_eraser=0x5e2e38fafc58
[GradualEraser::stamp] cx=340.0 cy=155.0 r=6 total=113 skipped_zero=113 erased=0
[GradualEraser::verify] center(340,155) rgba=(0,0,0,0)
[BrushEngine::stampEraser] cx=339.0 cy=155.0 m_eraser=0x5e2e38fafc58
[GradualEraser::stamp] cx=339.0 cy=155.0 r=6 total=113 skipped_zero=113 erased=0
[GradualEraser::verify] center(339,155) rgba=(0,0,0,0)
[BrushEngine::stampEraser] cx=339.0 cy=155.0 m_eraser=0x5e2e38fafc58
[GradualEraser::stamp] cx=339.0 cy=155.0 r=6 total=113 skipped_zero=113 erased=0
[GradualEraser::verify] center(339,155) rgba=(0,0,0,0)
[MOUSE_MOVE] drawing=true tool=1 drawing at (678.0,235.0)
[handleDrawing] tool=1 brushType=4 eraserSize=12.0 eraserOp=1.00 layer=0x5e2e67ee0d30
[BrushEngine::stampEraser] cx=339.0 cy=155.0 m_eraser=0x5e2e38fafc58
[GradualEraser::stamp] cx=339.0 cy=155.0 r=6 total=113 skipped_zero=113 erased=0
[GradualEraser::verify] center(339,155) rgba=(0,0,0,0)
[BrushEngine::stampEraser] cx=336.5 cy=154.0 m_eraser=0x5e2e38fafc58
[GradualEraser::stamp] cx=336.5 cy=154.0 r=6 total=113 skipped_zero=113 erased=0
[GradualEraser::verify] center(337,154) rgba=(0,0,0,0)
[BrushEngine::stampEraser] cx=334.0 cy=153.0 m_eraser=0x5e2e38fafc58
[GradualEraser::stamp] cx=334.0 cy=153.0 r=6 total=113 skipped_zero=113 erased=0
[GradualEraser::verify] center(334,153) rgba=(0,0,0,0)
[BrushEngine::stampEraser] cx=334.0 cy=153.0 m_eraser=0x5e2e38fafc58
[GradualEraser::stamp] cx=334.0 cy=153.0 r=6 total=113 skipped_zero=113 erased=0
[GradualEraser::verify] center(334,153) rgba=(0,0,0,0)
[MOUSE_MOVE] drawing=true tool=1 drawing at (674.0,235.0)
[handleDrawing] tool=1 brushType=4 eraserSize=12.0 eraserOp=1.00 layer=0x5e2e67ee0d30
[BrushEngine::stampEraser] cx=334.0 cy=153.0 m_eraser=0x5e2e38fafc58
[GradualEraser::stamp] cx=334.0 cy=153.0 r=6 total=113 skipped_zero=113 erased=0
[GradualEraser::verify] center(334,153) rgba=(0,0,0,0)
[BrushEngine::stampEraser] cx=332.0 cy=153.0 m_eraser=0x5e2e38fafc58
[GradualEraser::stamp] cx=332.0 cy=153.0 r=6 total=113 skipped_zero=113 erased=0
[GradualEraser::verify] center(332,153) rgba=(0,0,0,0)
[BrushEngine::stampEraser] cx=330.0 cy=153.0 m_eraser=0x5e2e38fafc58
[GradualEraser::stamp] cx=330.0 cy=153.0 r=6 total=113 skipped_zero=113 erased=0
[GradualEraser::verify] center(330,153) rgba=(0,0,0,0)
[BrushEngine::stampEraser] cx=330.0 cy=153.0 m_eraser=0x5e2e38fafc58
[GradualEraser::stamp] cx=330.0 cy=153.0 r=6 total=113 skipped_zero=113 erased=0
[GradualEraser::verify] center(330,153) rgba=(0,0,0,0)
[MOUSE_MOVE] drawing=true tool=1 drawing at (673.0,235.0)
[handleDrawing] tool=1 brushType=4 eraserSize=12.0 eraserOp=1.00 layer=0x5e2e67ee0d30
[BrushEngine::stampEraser] cx=330.0 cy=153.0 m_eraser=0x5e2e38fafc58
[GradualEraser::stamp] cx=330.0 cy=153.0 r=6 total=113 skipped_zero=113 erased=0
[GradualEraser::verify] center(330,153) rgba=(0,0,0,0)
[BrushEngine::stampEraser] cx=329.0 cy=153.0 m_eraser=0x5e2e38fafc58
[GradualEraser::stamp] cx=329.0 cy=153.0 r=6 total=113 skipped_zero=113 erased=0
[GradualEraser::verify] center(329,153) rgba=(0,0,0,0)
[BrushEngine::stampEraser] cx=329.0 cy=153.0 m_eraser=0x5e2e38fafc58
[GradualEraser::stamp] cx=329.0 cy=153.0 r=6 total=113 skipped_zero=113 erased=0
[GradualEraser::verify] center(329,153) rgba=(0,0,0,0)
[MOUSE_MOVE] drawing=true tool=1 drawing at (668.0,235.0)
[handleDrawing] tool=1 brushType=4 eraserSize=12.0 eraserOp=1.00 layer=0x5e2e67ee0d30
[BrushEngine::stampEraser] cx=329.0 cy=153.0 m_eraser=0x5e2e38fafc58
[GradualEraser::stamp] cx=329.0 cy=153.0 r=6 total=113 skipped_zero=113 erased=0
[GradualEraser::verify] center(329,153) rgba=(0,0,0,0)
[BrushEngine::stampEraser] cx=326.5 cy=153.0 m_eraser=0x5e2e38fafc58
[GradualEraser::stamp] cx=326.5 cy=153.0 r=6 total=113 skipped_zero=113 erased=0
[GradualEraser::verify] center(327,153) rgba=(0,0,0,0)
[BrushEngine::stampEraser] cx=324.0 cy=153.0 m_eraser=0x5e2e38fafc58
[GradualEraser::stamp] cx=324.0 cy=153.0 r=6 total=113 skipped_zero=113 erased=0
[GradualEraser::verify] center(324,153) rgba=(0,0,0,0)
[BrushEngine::stampEraser] cx=324.0 cy=153.0 m_eraser=0x5e2e38fafc58
[GradualEraser::stamp] cx=324.0 cy=153.0 r=6 total=113 skipped_zero=113 erased=0
[GradualEraser::verify] center(324,153) rgba=(0,0,0,0)
[MOUSE_MOVE] drawing=true tool=1 drawing at (664.0,233.0)
[handleDrawing] tool=1 brushType=4 eraserSize=12.0 eraserOp=1.00 layer=0x5e2e67ee0d30
[BrushEngine::stampEraser] cx=324.0 cy=153.0 m_eraser=0x5e2e38fafc58
[GradualEraser::stamp] cx=324.0 cy=153.0 r=6 total=113 skipped_zero=113 erased=0
[GradualEraser::verify] center(324,153) rgba=(0,0,0,0)
[BrushEngine::stampEraser] cx=322.0 cy=152.0 m_eraser=0x5e2e38fafc58
[GradualEraser::stamp] cx=322.0 cy=152.0 r=6 total=113 skipped_zero=113 erased=0
[GradualEraser::verify] center(322,152) rgba=(0,0,0,0)
[BrushEngine::stampEraser] cx=320.0 cy=151.0 m_eraser=0x5e2e38fafc58
[GradualEraser::stamp] cx=320.0 cy=151.0 r=6 total=113 skipped_zero=113 erased=0
[GradualEraser::verify] center(320,151) rgba=(0,0,0,0)
[BrushEngine::stampEraser] cx=320.0 cy=151.0 m_eraser=0x5e2e38fafc58
[GradualEraser::stamp] cx=320.0 cy=151.0 r=6 total=113 skipped_zero=113 erased=0
[GradualEraser::verify] center(320,151) rgba=(0,0,0,0)
[MOUSE_MOVE] drawing=true tool=1 drawing at (663.0,233.0)
[handleDrawing] tool=1 brushType=4 eraserSize=12.0 eraserOp=1.00 layer=0x5e2e67ee0d30
[BrushEngine::stampEraser] cx=320.0 cy=151.0 m_eraser=0x5e2e38fafc58
[GradualEraser::stamp] cx=320.0 cy=151.0 r=6 total=113 skipped_zero=113 erased=0
[GradualEraser::verify] center(320,151) rgba=(0,0,0,0)
[BrushEngine::stampEraser] cx=319.0 cy=151.0 m_eraser=0x5e2e38fafc58
[GradualEraser::stamp] cx=319.0 cy=151.0 r=6 total=113 skipped_zero=113 erased=0
[GradualEraser::verify] center(319,151) rgba=(0,0,0,0)
[BrushEngine::stampEraser] cx=319.0 cy=151.0 m_eraser=0x5e2e38fafc58
[GradualEraser::stamp] cx=319.0 cy=151.0 r=6 total=113 skipped_zero=113 erased=0
[GradualEraser::verify] center(319,151) rgba=(0,0,0,0)
[CANVAS_UPDATE] recompositing (frameDirty=1 canvasDirty=0)
[CANVAS_UPDATE] sample pixel (207,154): rgba=(255,101,50,255)
[MOUSE_MOVE] drawing=true tool=1 drawing at (658.0,233.0)
[handleDrawing] tool=1 brushType=4 eraserSize=12.0 eraserOp=1.00 layer=0x5e2e67ee0d30
[BrushEngine::stampEraser] cx=319.0 cy=151.0 m_eraser=0x5e2e38fafc58
[GradualEraser::stamp] cx=319.0 cy=151.0 r=6 total=113 skipped_zero=113 erased=0
[GradualEraser::verify] center(319,151) rgba=(0,0,0,0)
[BrushEngine::stampEraser] cx=316.5 cy=151.0 m_eraser=0x5e2e38fafc58
[GradualEraser::stamp] cx=316.5 cy=151.0 r=6 total=113 skipped_zero=113 erased=0
[GradualEraser::verify] center(317,151) rgba=(0,0,0,0)
[BrushEngine::stampEraser] cx=314.0 cy=151.0 m_eraser=0x5e2e38fafc58
[GradualEraser::stamp] cx=314.0 cy=151.0 r=6 total=113 skipped_zero=113 erased=0
[GradualEraser::verify] center(314,151) rgba=(0,0,0,0)
[BrushEngine::stampEraser] cx=314.0 cy=151.0 m_eraser=0x5e2e38fafc58
[GradualEraser::stamp] cx=314.0 cy=151.0 r=6 total=113 skipped_zero=113 erased=0
[GradualEraser::verify] center(314,151) rgba=(0,0,0,0)
[MOUSE_MOVE] drawing=true tool=1 drawing at (654.0,233.0)
[handleDrawing] tool=1 brushType=4 eraserSize=12.0 eraserOp=1.00 layer=0x5e2e67ee0d30
[BrushEngine::stampEraser] cx=314.0 cy=151.0 m_eraser=0x5e2e38fafc58
[GradualEraser::stamp] cx=314.0 cy=151.0 r=6 total=113 skipped_zero=113 erased=0
[GradualEraser::verify] center(314,151) rgba=(0,0,0,0)
[BrushEngine::stampEraser] cx=312.0 cy=151.0 m_eraser=0x5e2e38fafc58
[GradualEraser::stamp] cx=312.0 cy=151.0 r=6 total=113 skipped_zero=113 erased=0
[GradualEraser::verify] center(312,151) rgba=(0,0,0,0)
[BrushEngine::stampEraser] cx=310.0 cy=151.0 m_eraser=0x5e2e38fafc58
[GradualEraser::stamp] cx=310.0 cy=151.0 r=6 total=113 skipped_zero=113 erased=0
[GradualEraser::verify] center(310,151) rgba=(0,0,0,0)
[BrushEngine::stampEraser] cx=310.0 cy=151.0 m_eraser=0x5e2e38fafc58
[GradualEraser::stamp] cx=310.0 cy=151.0 r=6 total=113 skipped_zero=113 erased=0
[GradualEraser::verify] center(310,151) rgba=(0,0,0,0)
[MOUSE_MOVE] drawing=true tool=1 drawing at (651.0,233.0)
[handleDrawing] tool=1 brushType=4 eraserSize=12.0 eraserOp=1.00 layer=0x5e2e67ee0d30
[BrushEngine::stampEraser] cx=310.0 cy=151.0 m_eraser=0x5e2e38fafc58
[GradualEraser::stamp] cx=310.0 cy=151.0 r=6 total=113 skipped_zero=113 erased=0
[GradualEraser::verify] center(310,151) rgba=(0,0,0,0)
[BrushEngine::stampEraser] cx=307.0 cy=151.0 m_eraser=0x5e2e38fafc58
[GradualEraser::stamp] cx=307.0 cy=151.0 r=6 total=113 skipped_zero=113 erased=0
[GradualEraser::verify] center(307,151) rgba=(0,0,0,0)
[BrushEngine::stampEraser] cx=307.0 cy=151.0 m_eraser=0x5e2e38fafc58
[GradualEraser::stamp] cx=307.0 cy=151.0 r=6 total=113 skipped_zero=113 erased=0
[GradualEraser::verify] center(307,151) rgba=(0,0,0,0)
[MOUSE_MOVE] drawing=true tool=1 drawing at (645.0,233.0)
[handleDrawing] tool=1 brushType=4 eraserSize=12.0 eraserOp=1.00 layer=0x5e2e67ee0d30
[BrushEngine::stampEraser] cx=307.0 cy=151.0 m_eraser=0x5e2e38fafc58
[GradualEraser::stamp] cx=307.0 cy=151.0 r=6 total=113 skipped_zero=113 erased=0
[GradualEraser::verify] center(307,151) rgba=(0,0,0,0)
[BrushEngine::stampEraser] cx=304.0 cy=151.0 m_eraser=0x5e2e38fafc58
[GradualEraser::stamp] cx=304.0 cy=151.0 r=6 total=113 skipped_zero=113 erased=0
[GradualEraser::verify] center(304,151) rgba=(0,0,0,0)
[BrushEngine::stampEraser] cx=301.0 cy=151.0 m_eraser=0x5e2e38fafc58
[GradualEraser::stamp] cx=301.0 cy=151.0 r=6 total=113 skipped_zero=113 erased=0
[GradualEraser::verify] center(301,151) rgba=(0,0,0,0)
[BrushEngine::stampEraser] cx=301.0 cy=151.0 m_eraser=0x5e2e38fafc58
[GradualEraser::stamp] cx=301.0 cy=151.0 r=6 total=113 skipped_zero=113 erased=0
[GradualEraser::verify] center(301,151) rgba=(0,0,0,0)
[MOUSE_MOVE] drawing=true tool=1 drawing at (641.0,233.0)
[handleDrawing] tool=1 brushType=4 eraserSize=12.0 eraserOp=1.00 layer=0x5e2e67ee0d30
[BrushEngine::stampEraser] cx=301.0 cy=151.0 m_eraser=0x5e2e38fafc58
[GradualEraser::stamp] cx=301.0 cy=151.0 r=6 total=113 skipped_zero=113 erased=0
[GradualEraser::verify] center(301,151) rgba=(0,0,0,0)
[BrushEngine::stampEraser] cx=299.0 cy=151.0 m_eraser=0x5e2e38fafc58
[GradualEraser::stamp] cx=299.0 cy=151.0 r=6 total=113 skipped_zero=113 erased=0
[GradualEraser::verify] center(299,151) rgba=(0,0,0,0)
[BrushEngine::stampEraser] cx=297.0 cy=151.0 m_eraser=0x5e2e38fafc58
[GradualEraser::stamp] cx=297.0 cy=151.0 r=6 total=113 skipped_zero=113 erased=0
[GradualEraser::verify] center(297,151) rgba=(0,0,0,0)
[BrushEngine::stampEraser] cx=297.0 cy=151.0 m_eraser=0x5e2e38fafc58
[GradualEraser::stamp] cx=297.0 cy=151.0 r=6 total=113 skipped_zero=113 erased=0
[GradualEraser::verify] center(297,151) rgba=(0,0,0,0)
[MOUSE_MOVE] drawing=true tool=1 drawing at (640.0,233.0)
[handleDrawing] tool=1 brushType=4 eraserSize=12.0 eraserOp=1.00 layer=0x5e2e67ee0d30
[BrushEngine::stampEraser] cx=297.0 cy=151.0 m_eraser=0x5e2e38fafc58
[GradualEraser::stamp] cx=297.0 cy=151.0 r=6 total=113 skipped_zero=113 erased=0
[GradualEraser::verify] center(297,151) rgba=(0,0,0,0)
[BrushEngine::stampEraser] cx=296.0 cy=151.0 m_eraser=0x5e2e38fafc58
[GradualEraser::stamp] cx=296.0 cy=151.0 r=6 total=113 skipped_zero=113 erased=0
[GradualEraser::verify] center(296,151) rgba=(0,0,0,0)
[BrushEngine::stampEraser] cx=296.0 cy=151.0 m_eraser=0x5e2e38fafc58
[GradualEraser::stamp] cx=296.0 cy=151.0 r=6 total=113 skipped_zero=113 erased=0
[GradualEraser::verify] center(296,151) rgba=(0,0,0,0)
[MOUSE_MOVE] drawing=true tool=1 drawing at (637.0,233.0)
[handleDrawing] tool=1 brushType=4 eraserSize=12.0 eraserOp=1.00 layer=0x5e2e67ee0d30
[BrushEngine::stampEraser] cx=296.0 cy=151.0 m_eraser=0x5e2e38fafc58
[GradualEraser::stamp] cx=296.0 cy=151.0 r=6 total=113 skipped_zero=113 erased=0
[GradualEraser::verify] center(296,151) rgba=(0,0,0,0)
[BrushEngine::stampEraser] cx=293.0 cy=151.0 m_eraser=0x5e2e38fafc58
[GradualEraser::stamp] cx=293.0 cy=151.0 r=6 total=113 skipped_zero=113 erased=0
[GradualEraser::verify] center(293,151) rgba=(0,0,0,0)
[BrushEngine::stampEraser] cx=293.0 cy=151.0 m_eraser=0x5e2e38fafc58
[GradualEraser::stamp] cx=293.0 cy=151.0 r=6 total=113 skipped_zero=113 erased=0
[GradualEraser::verify] center(293,151) rgba=(0,0,0,0)
[MOUSE_MOVE] drawing=true tool=1 drawing at (634.0,233.0)
[handleDrawing] tool=1 brushType=4 eraserSize=12.0 eraserOp=1.00 layer=0x5e2e67ee0d30
[BrushEngine::stampEraser] cx=293.0 cy=151.0 m_eraser=0x5e2e38fafc58
[GradualEraser::stamp] cx=293.0 cy=151.0 r=6 total=113 skipped_zero=113 erased=0
[GradualEraser::verify] center(293,151) rgba=(0,0,0,0)
[BrushEngine::stampEraser] cx=290.0 cy=151.0 m_eraser=0x5e2e38fafc58
[GradualEraser::stamp] cx=290.0 cy=151.0 r=6 total=113 skipped_zero=111 erased=2
[GradualEraser::verify] center(290,151) rgba=(0,0,0,0)
[BrushEngine::stampEraser] cx=290.0 cy=151.0 m_eraser=0x5e2e38fafc58
[GradualEraser::stamp] cx=290.0 cy=151.0 r=6 total=113 skipped_zero=113 erased=0
[GradualEraser::verify] center(290,151) rgba=(0,0,0,0)
[CANVAS_UPDATE] recompositing (frameDirty=1 canvasDirty=0)
[CANVAS_UPDATE] sample pixel (207,154): rgba=(255,101,50,255)
[MOUSE_MOVE] drawing=true tool=1 drawing at (632.0,233.0)
[handleDrawing] tool=1 brushType=4 eraserSize=12.0 eraserOp=1.00 layer=0x5e2e67ee0d30
[BrushEngine::stampEraser] cx=290.0 cy=151.0 m_eraser=0x5e2e38fafc58
[GradualEraser::stamp] cx=290.0 cy=151.0 r=6 total=113 skipped_zero=113 erased=0
[GradualEraser::verify] center(290,151) rgba=(0,0,0,0)
[BrushEngine::stampEraser] cx=288.0 cy=151.0 m_eraser=0x5e2e38fafc58
[GradualEraser::stamp] cx=288.0 cy=151.0 r=6 total=113 skipped_zero=105 erased=8
[GradualEraser::verify] center(288,151) rgba=(0,0,0,0)
[BrushEngine::stampEraser] cx=288.0 cy=151.0 m_eraser=0x5e2e38fafc58
[GradualEraser::stamp] cx=288.0 cy=151.0 r=6 total=113 skipped_zero=113 erased=0
[GradualEraser::verify] center(288,151) rgba=(0,0,0,0)
[MOUSE_MOVE] drawing=true tool=1 drawing at (629.0,233.0)
[handleDrawing] tool=1 brushType=4 eraserSize=12.0 eraserOp=1.00 layer=0x5e2e67ee0d30
[BrushEngine::stampEraser] cx=288.0 cy=151.0 m_eraser=0x5e2e38fafc58
[GradualEraser::stamp] cx=288.0 cy=151.0 r=6 total=113 skipped_zero=113 erased=0
[GradualEraser::verify] center(288,151) rgba=(0,0,0,0)
[BrushEngine::stampEraser] cx=285.0 cy=151.0 m_eraser=0x5e2e38fafc58
[GradualEraser::stamp] cx=285.0 cy=151.0 r=6 total=113 skipped_zero=98 erased=15
[GradualEraser::verify] center(285,151) rgba=(0,0,0,0)
[BrushEngine::stampEraser] cx=285.0 cy=151.0 m_eraser=0x5e2e38fafc58
[GradualEraser::stamp] cx=285.0 cy=151.0 r=6 total=113 skipped_zero=113 erased=0
[GradualEraser::verify] center(285,151) rgba=(0,0,0,0)
[MOUSE_MOVE] drawing=true tool=1 drawing at (626.0,233.0)
[handleDrawing] tool=1 brushType=4 eraserSize=12.0 eraserOp=1.00 layer=0x5e2e67ee0d30
[BrushEngine::stampEraser] cx=285.0 cy=151.0 m_eraser=0x5e2e38fafc58
[GradualEraser::stamp] cx=285.0 cy=151.0 r=6 total=113 skipped_zero=113 erased=0
[GradualEraser::verify] center(285,151) rgba=(0,0,0,0)
[BrushEngine::stampEraser] cx=282.0 cy=151.0 m_eraser=0x5e2e38fafc58
[GradualEraser::stamp] cx=282.0 cy=151.0 r=6 total=113 skipped_zero=98 erased=15
[GradualEraser::verify] center(282,151) rgba=(0,0,0,0)
[BrushEngine::stampEraser] cx=282.0 cy=151.0 m_eraser=0x5e2e38fafc58
[GradualEraser::stamp] cx=282.0 cy=151.0 r=6 total=113 skipped_zero=113 erased=0
[GradualEraser::verify] center(282,151) rgba=(0,0,0,0)
[MOUSE_MOVE] drawing=true tool=1 drawing at (625.0,233.0)
[handleDrawing] tool=1 brushType=4 eraserSize=12.0 eraserOp=1.00 layer=0x5e2e67ee0d30
[BrushEngine::stampEraser] cx=282.0 cy=151.0 m_eraser=0x5e2e38fafc58
[GradualEraser::stamp] cx=282.0 cy=151.0 r=6 total=113 skipped_zero=113 erased=0
[GradualEraser::verify] center(282,151) rgba=(0,0,0,0)
[BrushEngine::stampEraser] cx=281.0 cy=151.0 m_eraser=0x5e2e38fafc58
[GradualEraser::stamp] cx=281.0 cy=151.0 r=6 total=113 skipped_zero=107 erased=6
[GradualEraser::verify] center(281,151) rgba=(0,0,0,0)
[BrushEngine::stampEraser] cx=281.0 cy=151.0 m_eraser=0x5e2e38fafc58
[GradualEraser::stamp] cx=281.0 cy=151.0 r=6 total=113 skipped_zero=113 erased=0
[GradualEraser::verify] center(281,151) rgba=(0,0,0,0)
[MOUSE_MOVE] drawing=true tool=1 drawing at (624.0,233.0)
[handleDrawing] tool=1 brushType=4 eraserSize=12.0 eraserOp=1.00 layer=0x5e2e67ee0d30
[BrushEngine::stampEraser] cx=281.0 cy=151.0 m_eraser=0x5e2e38fafc58
[GradualEraser::stamp] cx=281.0 cy=151.0 r=6 total=113 skipped_zero=113 erased=0
[GradualEraser::verify] center(281,151) rgba=(0,0,0,0)
[BrushEngine::stampEraser] cx=280.0 cy=151.0 m_eraser=0x5e2e38fafc58
[GradualEraser::stamp] cx=280.0 cy=151.0 r=6 total=113 skipped_zero=106 erased=7
[GradualEraser::verify] center(280,151) rgba=(0,0,0,0)
[BrushEngine::stampEraser] cx=280.0 cy=151.0 m_eraser=0x5e2e38fafc58
[GradualEraser::stamp] cx=280.0 cy=151.0 r=6 total=113 skipped_zero=113 erased=0
[GradualEraser::verify] center(280,151) rgba=(0,0,0,0)
[MOUSE_MOVE] drawing=true tool=1 drawing at (622.0,234.0)
[handleDrawing] tool=1 brushType=4 eraserSize=12.0 eraserOp=1.00 layer=0x5e2e67ee0d30
[BrushEngine::stampEraser] cx=280.0 cy=151.0 m_eraser=0x5e2e38fafc58
[GradualEraser::stamp] cx=280.0 cy=151.0 r=6 total=113 skipped_zero=113 erased=0
[GradualEraser::verify] center(280,151) rgba=(0,0,0,0)
[BrushEngine::stampEraser] cx=278.0 cy=152.0 m_eraser=0x5e2e38fafc58
[GradualEraser::stamp] cx=278.0 cy=152.0 r=6 total=113 skipped_zero=93 erased=20
[GradualEraser::verify] center(278,152) rgba=(0,0,0,0)
[BrushEngine::stampEraser] cx=278.0 cy=152.0 m_eraser=0x5e2e38fafc58
[GradualEraser::stamp] cx=278.0 cy=152.0 r=6 total=113 skipped_zero=113 erased=0
[GradualEraser::verify] center(278,152) rgba=(0,0,0,0)
[MOUSE_MOVE] drawing=true tool=1 drawing at (621.0,234.0)
[handleDrawing] tool=1 brushType=4 eraserSize=12.0 eraserOp=1.00 layer=0x5e2e67ee0d30
[BrushEngine::stampEraser] cx=278.0 cy=152.0 m_eraser=0x5e2e38fafc58
[GradualEraser::stamp] cx=278.0 cy=152.0 r=6 total=113 skipped_zero=113 erased=0
[GradualEraser::verify] center(278,152) rgba=(0,0,0,0)
[BrushEngine::stampEraser] cx=277.0 cy=152.0 m_eraser=0x5e2e38fafc58
[GradualEraser::stamp] cx=277.0 cy=152.0 r=6 total=113 skipped_zero=105 erased=8
[GradualEraser::verify] center(277,152) rgba=(0,0,0,0)
[BrushEngine::stampEraser] cx=277.0 cy=152.0 m_eraser=0x5e2e38fafc58
[GradualEraser::stamp] cx=277.0 cy=152.0 r=6 total=113 skipped_zero=113 erased=0
[GradualEraser::verify] center(277,152) rgba=(0,0,0,0)
[MOUSE_MOVE] drawing=true tool=1 drawing at (620.0,234.0)
[handleDrawing] tool=1 brushType=4 eraserSize=12.0 eraserOp=1.00 layer=0x5e2e67ee0d30
[BrushEngine::stampEraser] cx=277.0 cy=152.0 m_eraser=0x5e2e38fafc58
[GradualEraser::stamp] cx=277.0 cy=152.0 r=6 total=113 skipped_zero=113 erased=0
[GradualEraser::verify] center(277,152) rgba=(0,0,0,0)
[BrushEngine::stampEraser] cx=276.0 cy=152.0 m_eraser=0x5e2e38fafc58
[GradualEraser::stamp] cx=276.0 cy=152.0 r=6 total=113 skipped_zero=106 erased=7
[GradualEraser::verify] center(276,152) rgba=(0,0,0,0)
[BrushEngine::stampEraser] cx=276.0 cy=152.0 m_eraser=0x5e2e38fafc58
[GradualEraser::stamp] cx=276.0 cy=152.0 r=6 total=113 skipped_zero=113 erased=0
[GradualEraser::verify] center(276,152) rgba=(0,0,0,0)
[CANVAS_UPDATE] recompositing (frameDirty=1 canvasDirty=0)
[CANVAS_UPDATE] sample pixel (207,154): rgba=(255,101,50,255)
[MOUSE_MOVE] drawing=true tool=1 drawing at (619.0,234.0)
[handleDrawing] tool=1 brushType=4 eraserSize=12.0 eraserOp=1.00 layer=0x5e2e67ee0d30
[BrushEngine::stampEraser] cx=276.0 cy=152.0 m_eraser=0x5e2e38fafc58
[GradualEraser::stamp] cx=276.0 cy=152.0 r=6 total=113 skipped_zero=113 erased=0
[GradualEraser::verify] center(276,152) rgba=(0,0,0,0)
[BrushEngine::stampEraser] cx=275.0 cy=152.0 m_eraser=0x5e2e38fafc58
[GradualEraser::stamp] cx=275.0 cy=152.0 r=6 total=113 skipped_zero=105 erased=8
[GradualEraser::verify] center(275,152) rgba=(0,0,0,0)
[BrushEngine::stampEraser] cx=275.0 cy=152.0 m_eraser=0x5e2e38fafc58
[GradualEraser::stamp] cx=275.0 cy=152.0 r=6 total=113 skipped_zero=113 erased=0
[GradualEraser::verify] center(275,152) rgba=(0,0,0,0)
[MOUSE_MOVE] drawing=true tool=1 drawing at (618.0,236.0)
[handleDrawing] tool=1 brushType=4 eraserSize=12.0 eraserOp=1.00 layer=0x5e2e67ee0d30
[BrushEngine::stampEraser] cx=275.0 cy=152.0 m_eraser=0x5e2e38fafc58
[GradualEraser::stamp] cx=275.0 cy=152.0 r=6 total=113 skipped_zero=113 erased=0
[GradualEraser::verify] center(275,152) rgba=(0,0,0,0)
[BrushEngine::stampEraser] cx=274.0 cy=154.0 m_eraser=0x5e2e38fafc58
[GradualEraser::stamp] cx=274.0 cy=154.0 r=6 total=113 skipped_zero=91 erased=22
[GradualEraser::verify] center(274,154) rgba=(0,0,0,0)
[BrushEngine::stampEraser] cx=274.0 cy=154.0 m_eraser=0x5e2e38fafc58
[GradualEraser::stamp] cx=274.0 cy=154.0 r=6 total=113 skipped_zero=113 erased=0
[GradualEraser::verify] center(274,154) rgba=(0,0,0,0)
[MOUSE_MOVE] drawing=true tool=1 drawing at (616.0,237.0)
[handleDrawing] tool=1 brushType=4 eraserSize=12.0 eraserOp=1.00 layer=0x5e2e67ee0d30
[BrushEngine::stampEraser] cx=274.0 cy=154.0 m_eraser=0x5e2e38fafc58
[GradualEraser::stamp] cx=274.0 cy=154.0 r=6 total=113 skipped_zero=113 erased=0
[GradualEraser::verify] center(274,154) rgba=(0,0,0,0)
[BrushEngine::stampEraser] cx=272.0 cy=155.0 m_eraser=0x5e2e38fafc58
[GradualEraser::stamp] cx=272.0 cy=155.0 r=6 total=113 skipped_zero=87 erased=26
[GradualEraser::verify] center(272,155) rgba=(0,0,0,0)
[BrushEngine::stampEraser] cx=272.0 cy=155.0 m_eraser=0x5e2e38fafc58
[GradualEraser::stamp] cx=272.0 cy=155.0 r=6 total=113 skipped_zero=113 erased=0
[GradualEraser::verify] center(272,155) rgba=(0,0,0,0)
[MOUSE_MOVE] drawing=true tool=1 drawing at (615.0,237.0)
[handleDrawing] tool=1 brushType=4 eraserSize=12.0 eraserOp=1.00 layer=0x5e2e67ee0d30
[BrushEngine::stampEraser] cx=272.0 cy=155.0 m_eraser=0x5e2e38fafc58
[GradualEraser::stamp] cx=272.0 cy=155.0 r=6 total=113 skipped_zero=113 erased=0
[GradualEraser::verify] center(272,155) rgba=(0,0,0,0)
[BrushEngine::stampEraser] cx=271.0 cy=155.0 m_eraser=0x5e2e38fafc58
[GradualEraser::stamp] cx=271.0 cy=155.0 r=6 total=113 skipped_zero=103 erased=10
[GradualEraser::verify] center(271,155) rgba=(0,0,0,0)
[BrushEngine::stampEraser] cx=271.0 cy=155.0 m_eraser=0x5e2e38fafc58
[GradualEraser::stamp] cx=271.0 cy=155.0 r=6 total=113 skipped_zero=113 erased=0
[GradualEraser::verify] center(271,155) rgba=(0,0,0,0)
[MOUSE_MOVE] drawing=true tool=1 drawing at (614.0,237.0)
[handleDrawing] tool=1 brushType=4 eraserSize=12.0 eraserOp=1.00 layer=0x5e2e67ee0d30
[BrushEngine::stampEraser] cx=271.0 cy=155.0 m_eraser=0x5e2e38fafc58
[GradualEraser::stamp] cx=271.0 cy=155.0 r=6 total=113 skipped_zero=113 erased=0
[GradualEraser::verify] center(271,155) rgba=(0,0,0,0)
[BrushEngine::stampEraser] cx=270.0 cy=155.0 m_eraser=0x5e2e38fafc58
[GradualEraser::stamp] cx=270.0 cy=155.0 r=6 total=113 skipped_zero=103 erased=10
[GradualEraser::verify] center(270,155) rgba=(0,0,0,0)
[BrushEngine::stampEraser] cx=270.0 cy=155.0 m_eraser=0x5e2e38fafc58
[GradualEraser::stamp] cx=270.0 cy=155.0 r=6 total=113 skipped_zero=113 erased=0
[GradualEraser::verify] center(270,155) rgba=(0,0,0,0)
[MOUSE_MOVE] drawing=true tool=1 drawing at (613.0,238.0)
[handleDrawing] tool=1 brushType=4 eraserSize=12.0 eraserOp=1.00 layer=0x5e2e67ee0d30
[BrushEngine::stampEraser] cx=270.0 cy=155.0 m_eraser=0x5e2e38fafc58
[GradualEraser::stamp] cx=270.0 cy=155.0 r=6 total=113 skipped_zero=113 erased=0
[GradualEraser::verify] center(270,155) rgba=(0,0,0,0)
[BrushEngine::stampEraser] cx=269.0 cy=156.0 m_eraser=0x5e2e38fafc58
[GradualEraser::stamp] cx=269.0 cy=156.0 r=6 total=113 skipped_zero=98 erased=15
[GradualEraser::verify] center(269,156) rgba=(0,0,0,0)
[BrushEngine::stampEraser] cx=269.0 cy=156.0 m_eraser=0x5e2e38fafc58
[GradualEraser::stamp] cx=269.0 cy=156.0 r=6 total=113 skipped_zero=113 erased=0
[GradualEraser::verify] center(269,156) rgba=(0,0,0,0)
[CANVAS_UPDATE] recompositing (frameDirty=1 canvasDirty=0)
[CANVAS_UPDATE] sample pixel (207,154): rgba=(255,101,50,255)
[MOUSE_MOVE] drawing=true tool=1 drawing at (612.0,238.0)
[handleDrawing] tool=1 brushType=4 eraserSize=12.0 eraserOp=1.00 layer=0x5e2e67ee0d30
[BrushEngine::stampEraser] cx=269.0 cy=156.0 m_eraser=0x5e2e38fafc58
[GradualEraser::stamp] cx=269.0 cy=156.0 r=6 total=113 skipped_zero=113 erased=0
[GradualEraser::verify] center(269,156) rgba=(0,0,0,0)
[BrushEngine::stampEraser] cx=268.0 cy=156.0 m_eraser=0x5e2e38fafc58
[GradualEraser::stamp] cx=268.0 cy=156.0 r=6 total=113 skipped_zero=101 erased=12
[GradualEraser::verify] center(268,156) rgba=(0,0,0,0)
[BrushEngine::stampEraser] cx=268.0 cy=156.0 m_eraser=0x5e2e38fafc58
[GradualEraser::stamp] cx=268.0 cy=156.0 r=6 total=113 skipped_zero=113 erased=0
[GradualEraser::verify] center(268,156) rgba=(0,0,0,0)
[CANVAS_UPDATE] recompositing (frameDirty=1 canvasDirty=0)
[CANVAS_UPDATE] sample pixel (207,154): rgba=(255,101,50,255)
[MOUSE_MOVE] drawing=true tool=1 drawing at (613.0,238.0)
[handleDrawing] tool=1 brushType=4 eraserSize=12.0 eraserOp=1.00 layer=0x5e2e67ee0d30
[BrushEngine::stampEraser] cx=268.0 cy=156.0 m_eraser=0x5e2e38fafc58
[GradualEraser::stamp] cx=268.0 cy=156.0 r=6 total=113 skipped_zero=113 erased=0
[GradualEraser::verify] center(268,156) rgba=(0,0,0,0)
[BrushEngine::stampEraser] cx=269.0 cy=156.0 m_eraser=0x5e2e38fafc58
[GradualEraser::stamp] cx=269.0 cy=156.0 r=6 total=113 skipped_zero=113 erased=0
[GradualEraser::verify] center(269,156) rgba=(0,0,0,0)
[BrushEngine::stampEraser] cx=269.0 cy=156.0 m_eraser=0x5e2e38fafc58
[GradualEraser::stamp] cx=269.0 cy=156.0 r=6 total=113 skipped_zero=113 erased=0
[GradualEraser::verify] center(269,156) rgba=(0,0,0,0)
[MOUSE_MOVE] drawing=true tool=1 drawing at (614.0,238.0)
[handleDrawing] tool=1 brushType=4 eraserSize=12.0 eraserOp=1.00 layer=0x5e2e67ee0d30
[BrushEngine::stampEraser] cx=269.0 cy=156.0 m_eraser=0x5e2e38fafc58
[GradualEraser::stamp] cx=269.0 cy=156.0 r=6 total=113 skipped_zero=113 erased=0
[GradualEraser::verify] center(269,156) rgba=(0,0,0,0)
[BrushEngine::stampEraser] cx=270.0 cy=156.0 m_eraser=0x5e2e38fafc58
[GradualEraser::stamp] cx=270.0 cy=156.0 r=6 total=113 skipped_zero=111 erased=2
[GradualEraser::verify] center(270,156) rgba=(0,0,0,0)
[BrushEngine::stampEraser] cx=270.0 cy=156.0 m_eraser=0x5e2e38fafc58
[GradualEraser::stamp] cx=270.0 cy=156.0 r=6 total=113 skipped_zero=113 erased=0
[GradualEraser::verify] center(270,156) rgba=(0,0,0,0)
[MOUSE_MOVE] drawing=true tool=1 drawing at (615.0,238.0)
[handleDrawing] tool=1 brushType=4 eraserSize=12.0 eraserOp=1.00 layer=0x5e2e67ee0d30
[BrushEngine::stampEraser] cx=270.0 cy=156.0 m_eraser=0x5e2e38fafc58
[GradualEraser::stamp] cx=270.0 cy=156.0 r=6 total=113 skipped_zero=113 erased=0
[GradualEraser::verify] center(270,156) rgba=(0,0,0,0)
[BrushEngine::stampEraser] cx=271.0 cy=156.0 m_eraser=0x5e2e38fafc58
[GradualEraser::stamp] cx=271.0 cy=156.0 r=6 total=113 skipped_zero=111 erased=2
[GradualEraser::verify] center(271,156) rgba=(0,0,0,0)
[BrushEngine::stampEraser] cx=271.0 cy=156.0 m_eraser=0x5e2e38fafc58
[GradualEraser::stamp] cx=271.0 cy=156.0 r=6 total=113 skipped_zero=113 erased=0
[GradualEraser::verify] center(271,156) rgba=(0,0,0,0)
[CANVAS_UPDATE] recompositing (frameDirty=1 canvasDirty=0)
[CANVAS_UPDATE] sample pixel (207,154): rgba=(255,101,50,255)
[MOUSE_MOVE] drawing=true tool=1 drawing at (616.0,238.0)
[handleDrawing] tool=1 brushType=4 eraserSize=12.0 eraserOp=1.00 layer=0x5e2e67ee0d30
[BrushEngine::stampEraser] cx=271.0 cy=156.0 m_eraser=0x5e2e38fafc58
[GradualEraser::stamp] cx=271.0 cy=156.0 r=6 total=113 skipped_zero=113 erased=0
[GradualEraser::verify] center(271,156) rgba=(0,0,0,0)
[BrushEngine::stampEraser] cx=272.0 cy=156.0 m_eraser=0x5e2e38fafc58
[GradualEraser::stamp] cx=272.0 cy=156.0 r=6 total=113 skipped_zero=110 erased=3
[GradualEraser::verify] center(272,156) rgba=(0,0,0,0)
[BrushEngine::stampEraser] cx=272.0 cy=156.0 m_eraser=0x5e2e38fafc58
[GradualEraser::stamp] cx=272.0 cy=156.0 r=6 total=113 skipped_zero=113 erased=0
[GradualEraser::verify] center(272,156) rgba=(0,0,0,0)
[MOUSE_MOVE] drawing=true tool=1 drawing at (617.0,237.0)
[handleDrawing] tool=1 brushType=4 eraserSize=12.0 eraserOp=1.00 layer=0x5e2e67ee0d30
[BrushEngine::stampEraser] cx=272.0 cy=156.0 m_eraser=0x5e2e38fafc58
[GradualEraser::stamp] cx=272.0 cy=156.0 r=6 total=113 skipped_zero=113 erased=0
[GradualEraser::verify] center(272,156) rgba=(0,0,0,0)
[BrushEngine::stampEraser] cx=273.0 cy=155.0 m_eraser=0x5e2e38fafc58
[GradualEraser::stamp] cx=273.0 cy=155.0 r=6 total=113 skipped_zero=113 erased=0
[GradualEraser::verify] center(273,155) rgba=(0,0,0,0)
[BrushEngine::stampEraser] cx=273.0 cy=155.0 m_eraser=0x5e2e38fafc58
[GradualEraser::stamp] cx=273.0 cy=155.0 r=6 total=113 skipped_zero=113 erased=0
[GradualEraser::verify] center(273,155) rgba=(0,0,0,0)
[MOUSE_MOVE] drawing=true tool=1 drawing at (618.0,237.0)
[handleDrawing] tool=1 brushType=4 eraserSize=12.0 eraserOp=1.00 layer=0x5e2e67ee0d30
[BrushEngine::stampEraser] cx=273.0 cy=155.0 m_eraser=0x5e2e38fafc58
[GradualEraser::stamp] cx=273.0 cy=155.0 r=6 total=113 skipped_zero=113 erased=0
[GradualEraser::verify] center(273,155) rgba=(0,0,0,0)
[BrushEngine::stampEraser] cx=274.0 cy=155.0 m_eraser=0x5e2e38fafc58
[GradualEraser::stamp] cx=274.0 cy=155.0 r=6 total=113 skipped_zero=110 erased=3
[GradualEraser::verify] center(274,155) rgba=(0,0,0,0)
[BrushEngine::stampEraser] cx=274.0 cy=155.0 m_eraser=0x5e2e38fafc58
[GradualEraser::stamp] cx=274.0 cy=155.0 r=6 total=113 skipped_zero=113 erased=0
[GradualEraser::verify] center(274,155) rgba=(0,0,0,0)
[MOUSE_MOVE] drawing=true tool=1 drawing at (619.0,236.0)
[handleDrawing] tool=1 brushType=4 eraserSize=12.0 eraserOp=1.00 layer=0x5e2e67ee0d30
[BrushEngine::stampEraser] cx=274.0 cy=155.0 m_eraser=0x5e2e38fafc58
[GradualEraser::stamp] cx=274.0 cy=155.0 r=6 total=113 skipped_zero=113 erased=0
[GradualEraser::verify] center(274,155) rgba=(0,0,0,0)
[BrushEngine::stampEraser] cx=275.0 cy=154.0 m_eraser=0x5e2e38fafc58
[GradualEraser::stamp] cx=275.0 cy=154.0 r=6 total=113 skipped_zero=113 erased=0
[GradualEraser::verify] center(275,154) rgba=(0,0,0,0)
[BrushEngine::stampEraser] cx=275.0 cy=154.0 m_eraser=0x5e2e38fafc58
[GradualEraser::stamp] cx=275.0 cy=154.0 r=6 total=113 skipped_zero=113 erased=0
[GradualEraser::verify] center(275,154) rgba=(0,0,0,0)
[MOUSE_MOVE] drawing=true tool=1 drawing at (620.0,236.0)
[handleDrawing] tool=1 brushType=4 eraserSize=12.0 eraserOp=1.00 layer=0x5e2e67ee0d30
[BrushEngine::stampEraser] cx=275.0 cy=154.0 m_eraser=0x5e2e38fafc58
[GradualEraser::stamp] cx=275.0 cy=154.0 r=6 total=113 skipped_zero=113 erased=0
[GradualEraser::verify] center(275,154) rgba=(0,0,0,0)
[BrushEngine::stampEraser] cx=276.0 cy=154.0 m_eraser=0x5e2e38fafc58
[GradualEraser::stamp] cx=276.0 cy=154.0 r=6 total=113 skipped_zero=111 erased=2
[GradualEraser::verify] center(276,154) rgba=(0,0,0,0)
[BrushEngine::stampEraser] cx=276.0 cy=154.0 m_eraser=0x5e2e38fafc58
[GradualEraser::stamp] cx=276.0 cy=154.0 r=6 total=113 skipped_zero=113 erased=0
[GradualEraser::verify] center(276,154) rgba=(0,0,0,0)
[MOUSE_MOVE] drawing=true tool=1 drawing at (622.0,236.0)
[handleDrawing] tool=1 brushType=4 eraserSize=12.0 eraserOp=1.00 layer=0x5e2e67ee0d30
[BrushEngine::stampEraser] cx=276.0 cy=154.0 m_eraser=0x5e2e38fafc58
[GradualEraser::stamp] cx=276.0 cy=154.0 r=6 total=113 skipped_zero=113 erased=0
[GradualEraser::verify] center(276,154) rgba=(0,0,0,0)
[BrushEngine::stampEraser] cx=278.0 cy=154.0 m_eraser=0x5e2e38fafc58
[GradualEraser::stamp] cx=278.0 cy=154.0 r=6 total=113 skipped_zero=107 erased=6
[GradualEraser::verify] center(278,154) rgba=(0,0,0,0)
[BrushEngine::stampEraser] cx=278.0 cy=154.0 m_eraser=0x5e2e38fafc58
[GradualEraser::stamp] cx=278.0 cy=154.0 r=6 total=113 skipped_zero=113 erased=0
[GradualEraser::verify] center(278,154) rgba=(0,0,0,0)
[CANVAS_UPDATE] recompositing (frameDirty=1 canvasDirty=0)
[CANVAS_UPDATE] sample pixel (207,154): rgba=(255,101,50,255)
[MOUSE_MOVE] drawing=true tool=1 drawing at (623.0,235.0)
[handleDrawing] tool=1 brushType=4 eraserSize=12.0 eraserOp=1.00 layer=0x5e2e67ee0d30
[BrushEngine::stampEraser] cx=278.0 cy=154.0 m_eraser=0x5e2e38fafc58
[GradualEraser::stamp] cx=278.0 cy=154.0 r=6 total=113 skipped_zero=113 erased=0
[GradualEraser::verify] center(278,154) rgba=(0,0,0,0)
[BrushEngine::stampEraser] cx=279.0 cy=153.0 m_eraser=0x5e2e38fafc58
[GradualEraser::stamp] cx=279.0 cy=153.0 r=6 total=113 skipped_zero=113 erased=0
[GradualEraser::verify] center(279,153) rgba=(0,0,0,0)
[BrushEngine::stampEraser] cx=279.0 cy=153.0 m_eraser=0x5e2e38fafc58
[GradualEraser::stamp] cx=279.0 cy=153.0 r=6 total=113 skipped_zero=113 erased=0
[GradualEraser::verify] center(279,153) rgba=(0,0,0,0)
[MOUSE_MOVE] drawing=true tool=1 drawing at (624.0,235.0)
[handleDrawing] tool=1 brushType=4 eraserSize=12.0 eraserOp=1.00 layer=0x5e2e67ee0d30
[BrushEngine::stampEraser] cx=279.0 cy=153.0 m_eraser=0x5e2e38fafc58
[GradualEraser::stamp] cx=279.0 cy=153.0 r=6 total=113 skipped_zero=113 erased=0
[GradualEraser::verify] center(279,153) rgba=(0,0,0,0)
[BrushEngine::stampEraser] cx=280.0 cy=153.0 m_eraser=0x5e2e38fafc58
[GradualEraser::stamp] cx=280.0 cy=153.0 r=6 total=113 skipped_zero=111 erased=2
[GradualEraser::verify] center(280,153) rgba=(0,0,0,0)
[BrushEngine::stampEraser] cx=280.0 cy=153.0 m_eraser=0x5e2e38fafc58
[GradualEraser::stamp] cx=280.0 cy=153.0 r=6 total=113 skipped_zero=113 erased=0
[GradualEraser::verify] center(280,153) rgba=(0,0,0,0)
[MOUSE_MOVE] drawing=true tool=1 drawing at (625.0,234.0)
[handleDrawing] tool=1 brushType=4 eraserSize=12.0 eraserOp=1.00 layer=0x5e2e67ee0d30
[BrushEngine::stampEraser] cx=280.0 cy=153.0 m_eraser=0x5e2e38fafc58
[GradualEraser::stamp] cx=280.0 cy=153.0 r=6 total=113 skipped_zero=113 erased=0
[GradualEraser::verify] center(280,153) rgba=(0,0,0,0)
[BrushEngine::stampEraser] cx=281.0 cy=152.0 m_eraser=0x5e2e38fafc58
[GradualEraser::stamp] cx=281.0 cy=152.0 r=6 total=113 skipped_zero=113 erased=0
[GradualEraser::verify] center(281,152) rgba=(0,0,0,0)
[BrushEngine::stampEraser] cx=281.0 cy=152.0 m_eraser=0x5e2e38fafc58
[GradualEraser::stamp] cx=281.0 cy=152.0 r=6 total=113 skipped_zero=113 erased=0
[GradualEraser::verify] center(281,152) rgba=(0,0,0,0)
[MOUSE_MOVE] drawing=true tool=1 drawing at (626.0,234.0)
[handleDrawing] tool=1 brushType=4 eraserSize=12.0 eraserOp=1.00 layer=0x5e2e67ee0d30
[BrushEngine::stampEraser] cx=281.0 cy=152.0 m_eraser=0x5e2e38fafc58
[GradualEraser::stamp] cx=281.0 cy=152.0 r=6 total=113 skipped_zero=113 erased=0
[GradualEraser::verify] center(281,152) rgba=(0,0,0,0)
[BrushEngine::stampEraser] cx=282.0 cy=152.0 m_eraser=0x5e2e38fafc58
[GradualEraser::stamp] cx=282.0 cy=152.0 r=6 total=113 skipped_zero=113 erased=0
[GradualEraser::verify] center(282,152) rgba=(0,0,0,0)
[BrushEngine::stampEraser] cx=282.0 cy=152.0 m_eraser=0x5e2e38fafc58
[GradualEraser::stamp] cx=282.0 cy=152.0 r=6 total=113 skipped_zero=113 erased=0
[GradualEraser::verify] center(282,152) rgba=(0,0,0,0)
[MOUSE_MOVE] drawing=true tool=1 drawing at (627.0,233.0)
[handleDrawing] tool=1 brushType=4 eraserSize=12.0 eraserOp=1.00 layer=0x5e2e67ee0d30
[BrushEngine::stampEraser] cx=282.0 cy=152.0 m_eraser=0x5e2e38fafc58
[GradualEraser::stamp] cx=282.0 cy=152.0 r=6 total=113 skipped_zero=113 erased=0
[GradualEraser::verify] center(282,152) rgba=(0,0,0,0)
[BrushEngine::stampEraser] cx=283.0 cy=151.0 m_eraser=0x5e2e38fafc58
[GradualEraser::stamp] cx=283.0 cy=151.0 r=6 total=113 skipped_zero=113 erased=0
[GradualEraser::verify] center(283,151) rgba=(0,0,0,0)
[BrushEngine::stampEraser] cx=283.0 cy=151.0 m_eraser=0x5e2e38fafc58
[GradualEraser::stamp] cx=283.0 cy=151.0 r=6 total=113 skipped_zero=113 erased=0
[GradualEraser::verify] center(283,151) rgba=(0,0,0,0)
[MOUSE_MOVE] drawing=true tool=1 drawing at (630.0,233.0)
[handleDrawing] tool=1 brushType=4 eraserSize=12.0 eraserOp=1.00 layer=0x5e2e67ee0d30
[BrushEngine::stampEraser] cx=283.0 cy=151.0 m_eraser=0x5e2e38fafc58
[GradualEraser::stamp] cx=283.0 cy=151.0 r=6 total=113 skipped_zero=113 erased=0
[GradualEraser::verify] center(283,151) rgba=(0,0,0,0)
[BrushEngine::stampEraser] cx=286.0 cy=151.0 m_eraser=0x5e2e38fafc58
[GradualEraser::stamp] cx=286.0 cy=151.0 r=6 total=113 skipped_zero=112 erased=1
[GradualEraser::verify] center(286,151) rgba=(0,0,0,0)
[BrushEngine::stampEraser] cx=286.0 cy=151.0 m_eraser=0x5e2e38fafc58
[GradualEraser::stamp] cx=286.0 cy=151.0 r=6 total=113 skipped_zero=113 erased=0
[GradualEraser::verify] center(286,151) rgba=(0,0,0,0)
[CANVAS_UPDATE] recompositing (frameDirty=1 canvasDirty=0)
[CANVAS_UPDATE] sample pixel (207,154): rgba=(255,101,50,255)
[MOUSE_MOVE] drawing=true tool=1 drawing at (631.0,231.0)
[handleDrawing] tool=1 brushType=4 eraserSize=12.0 eraserOp=1.00 layer=0x5e2e67ee0d30
[BrushEngine::stampEraser] cx=286.0 cy=151.0 m_eraser=0x5e2e38fafc58
[GradualEraser::stamp] cx=286.0 cy=151.0 r=6 total=113 skipped_zero=113 erased=0
[GradualEraser::verify] center(286,151) rgba=(0,0,0,0)
[BrushEngine::stampEraser] cx=287.0 cy=149.0 m_eraser=0x5e2e38fafc58
[GradualEraser::stamp] cx=287.0 cy=149.0 r=6 total=113 skipped_zero=113 erased=0
[GradualEraser::verify] center(287,149) rgba=(0,0,0,0)
[BrushEngine::stampEraser] cx=287.0 cy=149.0 m_eraser=0x5e2e38fafc58
[GradualEraser::stamp] cx=287.0 cy=149.0 r=6 total=113 skipped_zero=113 erased=0
[GradualEraser::verify] center(287,149) rgba=(0,0,0,0)
[MOUSE_MOVE] drawing=true tool=1 drawing at (632.0,231.0)
[handleDrawing] tool=1 brushType=4 eraserSize=12.0 eraserOp=1.00 layer=0x5e2e67ee0d30
[BrushEngine::stampEraser] cx=287.0 cy=149.0 m_eraser=0x5e2e38fafc58
[GradualEraser::stamp] cx=287.0 cy=149.0 r=6 total=113 skipped_zero=113 erased=0
[GradualEraser::verify] center(287,149) rgba=(0,0,0,0)
[BrushEngine::stampEraser] cx=288.0 cy=149.0 m_eraser=0x5e2e38fafc58
[GradualEraser::stamp] cx=288.0 cy=149.0 r=6 total=113 skipped_zero=113 erased=0
[GradualEraser::verify] center(288,149) rgba=(0,0,0,0)
[BrushEngine::stampEraser] cx=288.0 cy=149.0 m_eraser=0x5e2e38fafc58
[GradualEraser::stamp] cx=288.0 cy=149.0 r=6 total=113 skipped_zero=113 erased=0
[GradualEraser::verify] center(288,149) rgba=(0,0,0,0)
[MOUSE_MOVE] drawing=true tool=1 drawing at (633.0,230.0)
[handleDrawing] tool=1 brushType=4 eraserSize=12.0 eraserOp=1.00 layer=0x5e2e67ee0d30
[BrushEngine::stampEraser] cx=288.0 cy=149.0 m_eraser=0x5e2e38fafc58
[GradualEraser::stamp] cx=288.0 cy=149.0 r=6 total=113 skipped_zero=113 erased=0
[GradualEraser::verify] center(288,149) rgba=(0,0,0,0)
[BrushEngine::stampEraser] cx=289.0 cy=148.0 m_eraser=0x5e2e38fafc58
[GradualEraser::stamp] cx=289.0 cy=148.0 r=6 total=113 skipped_zero=113 erased=0
[GradualEraser::verify] center(289,148) rgba=(0,0,0,0)
[BrushEngine::stampEraser] cx=289.0 cy=148.0 m_eraser=0x5e2e38fafc58
[GradualEraser::stamp] cx=289.0 cy=148.0 r=6 total=113 skipped_zero=113 erased=0
[GradualEraser::verify] center(289,148) rgba=(0,0,0,0)
[MOUSE_MOVE] drawing=true tool=1 drawing at (634.0,230.0)
[handleDrawing] tool=1 brushType=4 eraserSize=12.0 eraserOp=1.00 layer=0x5e2e67ee0d30
[BrushEngine::stampEraser] cx=289.0 cy=148.0 m_eraser=0x5e2e38fafc58
[GradualEraser::stamp] cx=289.0 cy=148.0 r=6 total=113 skipped_zero=113 erased=0
[GradualEraser::verify] center(289,148) rgba=(0,0,0,0)
[BrushEngine::stampEraser] cx=290.0 cy=148.0 m_eraser=0x5e2e38fafc58
[GradualEraser::stamp] cx=290.0 cy=148.0 r=6 total=113 skipped_zero=113 erased=0
[GradualEraser::verify] center(290,148) rgba=(0,0,0,0)
[BrushEngine::stampEraser] cx=290.0 cy=148.0 m_eraser=0x5e2e38fafc58
[GradualEraser::stamp] cx=290.0 cy=148.0 r=6 total=113 skipped_zero=113 erased=0
[GradualEraser::verify] center(290,148) rgba=(0,0,0,0)
[MOUSE_MOVE] drawing=true tool=1 drawing at (636.0,230.0)
[handleDrawing] tool=1 brushType=4 eraserSize=12.0 eraserOp=1.00 layer=0x5e2e67ee0d30
[BrushEngine::stampEraser] cx=290.0 cy=148.0 m_eraser=0x5e2e38fafc58
[GradualEraser::stamp] cx=290.0 cy=148.0 r=6 total=113 skipped_zero=113 erased=0
[GradualEraser::verify] center(290,148) rgba=(0,0,0,0)
[BrushEngine::stampEraser] cx=292.0 cy=148.0 m_eraser=0x5e2e38fafc58
[GradualEraser::stamp] cx=292.0 cy=148.0 r=6 total=113 skipped_zero=113 erased=0
[GradualEraser::verify] center(292,148) rgba=(0,0,0,0)
[BrushEngine::stampEraser] cx=292.0 cy=148.0 m_eraser=0x5e2e38fafc58
[GradualEraser::stamp] cx=292.0 cy=148.0 r=6 total=113 skipped_zero=113 erased=0
[GradualEraser::verify] center(292,148) rgba=(0,0,0,0)
[MOUSE_MOVE] drawing=true tool=1 drawing at (639.0,229.0)
[handleDrawing] tool=1 brushType=4 eraserSize=12.0 eraserOp=1.00 layer=0x5e2e67ee0d30
[BrushEngine::stampEraser] cx=292.0 cy=148.0 m_eraser=0x5e2e38fafc58
[GradualEraser::stamp] cx=292.0 cy=148.0 r=6 total=113 skipped_zero=113 erased=0
[GradualEraser::verify] center(292,148) rgba=(0,0,0,0)
[BrushEngine::stampEraser] cx=293.5 cy=147.5 m_eraser=0x5e2e38fafc58
[GradualEraser::stamp] cx=293.5 cy=147.5 r=6 total=113 skipped_zero=113 erased=0
[GradualEraser::verify] center(294,148) rgba=(0,0,0,0)
[BrushEngine::stampEraser] cx=295.0 cy=147.0 m_eraser=0x5e2e38fafc58
[GradualEraser::stamp] cx=295.0 cy=147.0 r=6 total=113 skipped_zero=113 erased=0
[GradualEraser::verify] center(295,147) rgba=(0,0,0,0)
[BrushEngine::stampEraser] cx=295.0 cy=147.0 m_eraser=0x5e2e38fafc58
[GradualEraser::stamp] cx=295.0 cy=147.0 r=6 total=113 skipped_zero=113 erased=0
[GradualEraser::verify] center(295,147) rgba=(0,0,0,0)
[MOUSE_MOVE] drawing=true tool=1 drawing at (640.0,227.0)
[handleDrawing] tool=1 brushType=4 eraserSize=12.0 eraserOp=1.00 layer=0x5e2e67ee0d30
[BrushEngine::stampEraser] cx=295.0 cy=147.0 m_eraser=0x5e2e38fafc58
[GradualEraser::stamp] cx=295.0 cy=147.0 r=6 total=113 skipped_zero=113 erased=0
[GradualEraser::verify] center(295,147) rgba=(0,0,0,0)
[BrushEngine::stampEraser] cx=296.0 cy=145.0 m_eraser=0x5e2e38fafc58
[GradualEraser::stamp] cx=296.0 cy=145.0 r=6 total=113 skipped_zero=113 erased=0
[GradualEraser::verify] center(296,145) rgba=(0,0,0,0)
[BrushEngine::stampEraser] cx=296.0 cy=145.0 m_eraser=0x5e2e38fafc58
[GradualEraser::stamp] cx=296.0 cy=145.0 r=6 total=113 skipped_zero=113 erased=0
[GradualEraser::verify] center(296,145) rgba=(0,0,0,0)
[CANVAS_UPDATE] recompositing (frameDirty=1 canvasDirty=0)
[CANVAS_UPDATE] sample pixel (207,154): rgba=(255,101,50,255)
[MOUSE_MOVE] drawing=true tool=1 drawing at (641.0,227.0)
[handleDrawing] tool=1 brushType=4 eraserSize=12.0 eraserOp=1.00 layer=0x5e2e67ee0d30
[BrushEngine::stampEraser] cx=296.0 cy=145.0 m_eraser=0x5e2e38fafc58
[GradualEraser::stamp] cx=296.0 cy=145.0 r=6 total=113 skipped_zero=113 erased=0
[GradualEraser::verify] center(296,145) rgba=(0,0,0,0)
[BrushEngine::stampEraser] cx=297.0 cy=145.0 m_eraser=0x5e2e38fafc58
[GradualEraser::stamp] cx=297.0 cy=145.0 r=6 total=113 skipped_zero=113 erased=0
[GradualEraser::verify] center(297,145) rgba=(0,0,0,0)
[BrushEngine::stampEraser] cx=297.0 cy=145.0 m_eraser=0x5e2e38fafc58
[GradualEraser::stamp] cx=297.0 cy=145.0 r=6 total=113 skipped_zero=113 erased=0
[GradualEraser::verify] center(297,145) rgba=(0,0,0,0)
[MOUSE_MOVE] drawing=true tool=1 drawing at (642.0,226.0)
[handleDrawing] tool=1 brushType=4 eraserSize=12.0 eraserOp=1.00 layer=0x5e2e67ee0d30
[BrushEngine::stampEraser] cx=297.0 cy=145.0 m_eraser=0x5e2e38fafc58
[GradualEraser::stamp] cx=297.0 cy=145.0 r=6 total=113 skipped_zero=113 erased=0
[GradualEraser::verify] center(297,145) rgba=(0,0,0,0)
[BrushEngine::stampEraser] cx=298.0 cy=144.0 m_eraser=0x5e2e38fafc58
[GradualEraser::stamp] cx=298.0 cy=144.0 r=6 total=113 skipped_zero=113 erased=0
[GradualEraser::verify] center(298,144) rgba=(0,0,0,0)
[BrushEngine::stampEraser] cx=298.0 cy=144.0 m_eraser=0x5e2e38fafc58
[GradualEraser::stamp] cx=298.0 cy=144.0 r=6 total=113 skipped_zero=113 erased=0
[GradualEraser::verify] center(298,144) rgba=(0,0,0,0)
[MOUSE_MOVE] drawing=true tool=1 drawing at (644.0,226.0)
[handleDrawing] tool=1 brushType=4 eraserSize=12.0 eraserOp=1.00 layer=0x5e2e67ee0d30
[BrushEngine::stampEraser] cx=298.0 cy=144.0 m_eraser=0x5e2e38fafc58
[GradualEraser::stamp] cx=298.0 cy=144.0 r=6 total=113 skipped_zero=113 erased=0
[GradualEraser::verify] center(298,144) rgba=(0,0,0,0)
[BrushEngine::stampEraser] cx=300.0 cy=144.0 m_eraser=0x5e2e38fafc58
[GradualEraser::stamp] cx=300.0 cy=144.0 r=6 total=113 skipped_zero=113 erased=0
[GradualEraser::verify] center(300,144) rgba=(0,0,0,0)
[BrushEngine::stampEraser] cx=300.0 cy=144.0 m_eraser=0x5e2e38fafc58
[GradualEraser::stamp] cx=300.0 cy=144.0 r=6 total=113 skipped_zero=113 erased=0
[GradualEraser::verify] center(300,144) rgba=(0,0,0,0)
[MOUSE_MOVE] drawing=true tool=1 drawing at (645.0,226.0)
[handleDrawing] tool=1 brushType=4 eraserSize=12.0 eraserOp=1.00 layer=0x5e2e67ee0d30
[BrushEngine::stampEraser] cx=300.0 cy=144.0 m_eraser=0x5e2e38fafc58
[GradualEraser::stamp] cx=300.0 cy=144.0 r=6 total=113 skipped_zero=113 erased=0
[GradualEraser::verify] center(300,144) rgba=(0,0,0,0)
[BrushEngine::stampEraser] cx=301.0 cy=144.0 m_eraser=0x5e2e38fafc58
[GradualEraser::stamp] cx=301.0 cy=144.0 r=6 total=113 skipped_zero=113 erased=0
[GradualEraser::verify] center(301,144) rgba=(0,0,0,0)
[BrushEngine::stampEraser] cx=301.0 cy=144.0 m_eraser=0x5e2e38fafc58
[GradualEraser::stamp] cx=301.0 cy=144.0 r=6 total=113 skipped_zero=113 erased=0
[GradualEraser::verify] center(301,144) rgba=(0,0,0,0)
[MOUSE_MOVE] drawing=true tool=1 drawing at (646.0,226.0)
[handleDrawing] tool=1 brushType=4 eraserSize=12.0 eraserOp=1.00 layer=0x5e2e67ee0d30
[BrushEngine::stampEraser] cx=301.0 cy=144.0 m_eraser=0x5e2e38fafc58
[GradualEraser::stamp] cx=301.0 cy=144.0 r=6 total=113 skipped_zero=113 erased=0
[GradualEraser::verify] center(301,144) rgba=(0,0,0,0)
[BrushEngine::stampEraser] cx=302.0 cy=144.0 m_eraser=0x5e2e38fafc58
[GradualEraser::stamp] cx=302.0 cy=144.0 r=6 total=113 skipped_zero=113 erased=0
[GradualEraser::verify] center(302,144) rgba=(0,0,0,0)
[BrushEngine::stampEraser] cx=302.0 cy=144.0 m_eraser=0x5e2e38fafc58
[GradualEraser::stamp] cx=302.0 cy=144.0 r=6 total=113 skipped_zero=113 erased=0
[GradualEraser::verify] center(302,144) rgba=(0,0,0,0)
[MOUSE_MOVE] drawing=true tool=1 drawing at (647.0,225.0)
[handleDrawing] tool=1 brushType=4 eraserSize=12.0 eraserOp=1.00 layer=0x5e2e67ee0d30
[BrushEngine::stampEraser] cx=302.0 cy=144.0 m_eraser=0x5e2e38fafc58
[GradualEraser::stamp] cx=302.0 cy=144.0 r=6 total=113 skipped_zero=113 erased=0
[GradualEraser::verify] center(302,144) rgba=(0,0,0,0)
[BrushEngine::stampEraser] cx=303.0 cy=143.0 m_eraser=0x5e2e38fafc58
[GradualEraser::stamp] cx=303.0 cy=143.0 r=6 total=113 skipped_zero=113 erased=0
[GradualEraser::verify] center(303,143) rgba=(0,0,0,0)
[BrushEngine::stampEraser] cx=303.0 cy=143.0 m_eraser=0x5e2e38fafc58
[GradualEraser::stamp] cx=303.0 cy=143.0 r=6 total=113 skipped_zero=113 erased=0
[GradualEraser::verify] center(303,143) rgba=(0,0,0,0)
[MOUSE_MOVE] drawing=true tool=1 drawing at (648.0,225.0)
[handleDrawing] tool=1 brushType=4 eraserSize=12.0 eraserOp=1.00 layer=0x5e2e67ee0d30
[BrushEngine::stampEraser] cx=303.0 cy=143.0 m_eraser=0x5e2e38fafc58
[GradualEraser::stamp] cx=303.0 cy=143.0 r=6 total=113 skipped_zero=113 erased=0
[GradualEraser::verify] center(303,143) rgba=(0,0,0,0)
[BrushEngine::stampEraser] cx=304.0 cy=143.0 m_eraser=0x5e2e38fafc58
[GradualEraser::stamp] cx=304.0 cy=143.0 r=6 total=113 skipped_zero=113 erased=0
[GradualEraser::verify] center(304,143) rgba=(0,0,0,0)
[BrushEngine::stampEraser] cx=304.0 cy=143.0 m_eraser=0x5e2e38fafc58
[GradualEraser::stamp] cx=304.0 cy=143.0 r=6 total=113 skipped_zero=113 erased=0
[GradualEraser::verify] center(304,143) rgba=(0,0,0,0)
[CANVAS_UPDATE] recompositing (frameDirty=1 canvasDirty=0)
[CANVAS_UPDATE] sample pixel (207,154): rgba=(255,101,50,255)
[MOUSE_MOVE] drawing=true tool=1 drawing at (649.0,225.0)
[handleDrawing] tool=1 brushType=4 eraserSize=12.0 eraserOp=1.00 layer=0x5e2e67ee0d30
[BrushEngine::stampEraser] cx=304.0 cy=143.0 m_eraser=0x5e2e38fafc58
[GradualEraser::stamp] cx=304.0 cy=143.0 r=6 total=113 skipped_zero=113 erased=0
[GradualEraser::verify] center(304,143) rgba=(0,0,0,0)
[BrushEngine::stampEraser] cx=305.0 cy=143.0 m_eraser=0x5e2e38fafc58
[GradualEraser::stamp] cx=305.0 cy=143.0 r=6 total=113 skipped_zero=113 erased=0
[GradualEraser::verify] center(305,143) rgba=(0,0,0,0)
[BrushEngine::stampEraser] cx=305.0 cy=143.0 m_eraser=0x5e2e38fafc58
[GradualEraser::stamp] cx=305.0 cy=143.0 r=6 total=113 skipped_zero=113 erased=0
[GradualEraser::verify] center(305,143) rgba=(0,0,0,0)
[MOUSE_MOVE] drawing=true tool=1 drawing at (650.0,224.0)
[handleDrawing] tool=1 brushType=4 eraserSize=12.0 eraserOp=1.00 layer=0x5e2e67ee0d30
[BrushEngine::stampEraser] cx=305.0 cy=143.0 m_eraser=0x5e2e38fafc58
[GradualEraser::stamp] cx=305.0 cy=143.0 r=6 total=113 skipped_zero=113 erased=0
[GradualEraser::verify] center(305,143) rgba=(0,0,0,0)
[BrushEngine::stampEraser] cx=306.0 cy=142.0 m_eraser=0x5e2e38fafc58
[GradualEraser::stamp] cx=306.0 cy=142.0 r=6 total=113 skipped_zero=113 erased=0
[GradualEraser::verify] center(306,142) rgba=(0,0,0,0)
[BrushEngine::stampEraser] cx=306.0 cy=142.0 m_eraser=0x5e2e38fafc58
[GradualEraser::stamp] cx=306.0 cy=142.0 r=6 total=113 skipped_zero=113 erased=0
[GradualEraser::verify] center(306,142) rgba=(0,0,0,0)
[CANVAS_UPDATE] recompositing (frameDirty=1 canvasDirty=0)
[CANVAS_UPDATE] sample pixel (207,154): rgba=(255,101,50,255)
[MOUSE_MOVE] drawing=true tool=1 drawing at (649.0,225.0)
[handleDrawing] tool=1 brushType=4 eraserSize=12.0 eraserOp=1.00 layer=0x5e2e67ee0d30
[BrushEngine::stampEraser] cx=306.0 cy=142.0 m_eraser=0x5e2e38fafc58
[GradualEraser::stamp] cx=306.0 cy=142.0 r=6 total=113 skipped_zero=113 erased=0
[GradualEraser::verify] center(306,142) rgba=(0,0,0,0)
[BrushEngine::stampEraser] cx=305.0 cy=143.0 m_eraser=0x5e2e38fafc58
[GradualEraser::stamp] cx=305.0 cy=143.0 r=6 total=113 skipped_zero=113 erased=0
[GradualEraser::verify] center(305,143) rgba=(0,0,0,0)
[BrushEngine::stampEraser] cx=305.0 cy=143.0 m_eraser=0x5e2e38fafc58
[GradualEraser::stamp] cx=305.0 cy=143.0 r=6 total=113 skipped_zero=113 erased=0
[GradualEraser::verify] center(305,143) rgba=(0,0,0,0)
[MOUSE_MOVE] drawing=true tool=1 drawing at (648.0,226.0)
[handleDrawing] tool=1 brushType=4 eraserSize=12.0 eraserOp=1.00 layer=0x5e2e67ee0d30
[BrushEngine::stampEraser] cx=305.0 cy=143.0 m_eraser=0x5e2e38fafc58
[GradualEraser::stamp] cx=305.0 cy=143.0 r=6 total=113 skipped_zero=113 erased=0
[GradualEraser::verify] center(305,143) rgba=(0,0,0,0)
[BrushEngine::stampEraser] cx=304.0 cy=144.0 m_eraser=0x5e2e38fafc58
[GradualEraser::stamp] cx=304.0 cy=144.0 r=6 total=113 skipped_zero=113 erased=0
[GradualEraser::verify] center(304,144) rgba=(0,0,0,0)
[BrushEngine::stampEraser] cx=304.0 cy=144.0 m_eraser=0x5e2e38fafc58
[GradualEraser::stamp] cx=304.0 cy=144.0 r=6 total=113 skipped_zero=113 erased=0
[GradualEraser::verify] center(304,144) rgba=(0,0,0,0)
[MOUSE_MOVE] drawing=true tool=1 drawing at (647.0,226.0)
[handleDrawing] tool=1 brushType=4 eraserSize=12.0 eraserOp=1.00 layer=0x5e2e67ee0d30
[BrushEngine::stampEraser] cx=304.0 cy=144.0 m_eraser=0x5e2e38fafc58
[GradualEraser::stamp] cx=304.0 cy=144.0 r=6 total=113 skipped_zero=113 erased=0
[GradualEraser::verify] center(304,144) rgba=(0,0,0,0)
[BrushEngine::stampEraser] cx=303.0 cy=144.0 m_eraser=0x5e2e38fafc58
[GradualEraser::stamp] cx=303.0 cy=144.0 r=6 total=113 skipped_zero=113 erased=0
[GradualEraser::verify] center(303,144) rgba=(0,0,0,0)
[BrushEngine::stampEraser] cx=303.0 cy=144.0 m_eraser=0x5e2e38fafc58
[GradualEraser::stamp] cx=303.0 cy=144.0 r=6 total=113 skipped_zero=113 erased=0
[GradualEraser::verify] center(303,144) rgba=(0,0,0,0)
[MOUSE_MOVE] drawing=true tool=1 drawing at (643.0,228.0)
[handleDrawing] tool=1 brushType=4 eraserSize=12.0 eraserOp=1.00 layer=0x5e2e67ee0d30
[BrushEngine::stampEraser] cx=303.0 cy=144.0 m_eraser=0x5e2e38fafc58
[GradualEraser::stamp] cx=303.0 cy=144.0 r=6 total=113 skipped_zero=113 erased=0
[GradualEraser::verify] center(303,144) rgba=(0,0,0,0)
[BrushEngine::stampEraser] cx=301.0 cy=145.0 m_eraser=0x5e2e38fafc58
[GradualEraser::stamp] cx=301.0 cy=145.0 r=6 total=113 skipped_zero=113 erased=0
[GradualEraser::verify] center(301,145) rgba=(0,0,0,0)
[BrushEngine::stampEraser] cx=299.0 cy=146.0 m_eraser=0x5e2e38fafc58
[GradualEraser::stamp] cx=299.0 cy=146.0 r=6 total=113 skipped_zero=113 erased=0
[GradualEraser::verify] center(299,146) rgba=(0,0,0,0)
[BrushEngine::stampEraser] cx=299.0 cy=146.0 m_eraser=0x5e2e38fafc58
[GradualEraser::stamp] cx=299.0 cy=146.0 r=6 total=113 skipped_zero=113 erased=0
[GradualEraser::verify] center(299,146) rgba=(0,0,0,0)
[CANVAS_UPDATE] recompositing (frameDirty=1 canvasDirty=0)
[CANVAS_UPDATE] sample pixel (207,154): rgba=(255,101,50,255)
[MOUSE_MOVE] drawing=true tool=1 drawing at (642.0,230.0)
[handleDrawing] tool=1 brushType=4 eraserSize=12.0 eraserOp=1.00 layer=0x5e2e67ee0d30
[BrushEngine::stampEraser] cx=299.0 cy=146.0 m_eraser=0x5e2e38fafc58
[GradualEraser::stamp] cx=299.0 cy=146.0 r=6 total=113 skipped_zero=113 erased=0
[GradualEraser::verify] center(299,146) rgba=(0,0,0,0)
[BrushEngine::stampEraser] cx=298.0 cy=148.0 m_eraser=0x5e2e38fafc58
[GradualEraser::stamp] cx=298.0 cy=148.0 r=6 total=113 skipped_zero=113 erased=0
[GradualEraser::verify] center(298,148) rgba=(0,0,0,0)
[BrushEngine::stampEraser] cx=298.0 cy=148.0 m_eraser=0x5e2e38fafc58
[GradualEraser::stamp] cx=298.0 cy=148.0 r=6 total=113 skipped_zero=113 erased=0
[GradualEraser::verify] center(298,148) rgba=(0,0,0,0)
[MOUSE_MOVE] drawing=true tool=1 drawing at (640.0,230.0)
[handleDrawing] tool=1 brushType=4 eraserSize=12.0 eraserOp=1.00 layer=0x5e2e67ee0d30
[BrushEngine::stampEraser] cx=298.0 cy=148.0 m_eraser=0x5e2e38fafc58
[GradualEraser::stamp] cx=298.0 cy=148.0 r=6 total=113 skipped_zero=113 erased=0
[GradualEraser::verify] center(298,148) rgba=(0,0,0,0)
[BrushEngine::stampEraser] cx=296.0 cy=148.0 m_eraser=0x5e2e38fafc58
[GradualEraser::stamp] cx=296.0 cy=148.0 r=6 total=113 skipped_zero=113 erased=0
[GradualEraser::verify] center(296,148) rgba=(0,0,0,0)
[BrushEngine::stampEraser] cx=296.0 cy=148.0 m_eraser=0x5e2e38fafc58
[GradualEraser::stamp] cx=296.0 cy=148.0 r=6 total=113 skipped_zero=113 erased=0
[GradualEraser::verify] center(296,148) rgba=(0,0,0,0)
[MOUSE_MOVE] drawing=true tool=1 drawing at (639.0,231.0)
[handleDrawing] tool=1 brushType=4 eraserSize=12.0 eraserOp=1.00 layer=0x5e2e67ee0d30
[BrushEngine::stampEraser] cx=296.0 cy=148.0 m_eraser=0x5e2e38fafc58
[GradualEraser::stamp] cx=296.0 cy=148.0 r=6 total=113 skipped_zero=113 erased=0
[GradualEraser::verify] center(296,148) rgba=(0,0,0,0)
[BrushEngine::stampEraser] cx=295.0 cy=149.0 m_eraser=0x5e2e38fafc58
[GradualEraser::stamp] cx=295.0 cy=149.0 r=6 total=113 skipped_zero=113 erased=0
[GradualEraser::verify] center(295,149) rgba=(0,0,0,0)
[BrushEngine::stampEraser] cx=295.0 cy=149.0 m_eraser=0x5e2e38fafc58
[GradualEraser::stamp] cx=295.0 cy=149.0 r=6 total=113 skipped_zero=113 erased=0
[GradualEraser::verify] center(295,149) rgba=(0,0,0,0)
[MOUSE_MOVE] drawing=true tool=1 drawing at (636.0,232.0)
[handleDrawing] tool=1 brushType=4 eraserSize=12.0 eraserOp=1.00 layer=0x5e2e67ee0d30
[BrushEngine::stampEraser] cx=295.0 cy=149.0 m_eraser=0x5e2e38fafc58
[GradualEraser::stamp] cx=295.0 cy=149.0 r=6 total=113 skipped_zero=113 erased=0
[GradualEraser::verify] center(295,149) rgba=(0,0,0,0)
[BrushEngine::stampEraser] cx=293.5 cy=149.5 m_eraser=0x5e2e38fafc58
[GradualEraser::stamp] cx=293.5 cy=149.5 r=6 total=113 skipped_zero=113 erased=0
[GradualEraser::verify] center(294,150) rgba=(0,0,0,0)
[BrushEngine::stampEraser] cx=292.0 cy=150.0 m_eraser=0x5e2e38fafc58
[GradualEraser::stamp] cx=292.0 cy=150.0 r=6 total=113 skipped_zero=113 erased=0
[GradualEraser::verify] center(292,150) rgba=(0,0,0,0)
[BrushEngine::stampEraser] cx=292.0 cy=150.0 m_eraser=0x5e2e38fafc58
[GradualEraser::stamp] cx=292.0 cy=150.0 r=6 total=113 skipped_zero=113 erased=0
[GradualEraser::verify] center(292,150) rgba=(0,0,0,0)
[MOUSE_MOVE] drawing=true tool=1 drawing at (635.0,232.0)
[handleDrawing] tool=1 brushType=4 eraserSize=12.0 eraserOp=1.00 layer=0x5e2e67ee0d30
[BrushEngine::stampEraser] cx=292.0 cy=150.0 m_eraser=0x5e2e38fafc58
[GradualEraser::stamp] cx=292.0 cy=150.0 r=6 total=113 skipped_zero=113 erased=0
[GradualEraser::verify] center(292,150) rgba=(0,0,0,0)
[BrushEngine::stampEraser] cx=291.0 cy=150.0 m_eraser=0x5e2e38fafc58
[GradualEraser::stamp] cx=291.0 cy=150.0 r=6 total=113 skipped_zero=113 erased=0
[GradualEraser::verify] center(291,150) rgba=(0,0,0,0)
[BrushEngine::stampEraser] cx=291.0 cy=150.0 m_eraser=0x5e2e38fafc58
[GradualEraser::stamp] cx=291.0 cy=150.0 r=6 total=113 skipped_zero=113 erased=0
[GradualEraser::verify] center(291,150) rgba=(0,0,0,0)
[MOUSE_MOVE] drawing=true tool=1 drawing at (633.0,234.0)
[handleDrawing] tool=1 brushType=4 eraserSize=12.0 eraserOp=1.00 layer=0x5e2e67ee0d30
[BrushEngine::stampEraser] cx=291.0 cy=150.0 m_eraser=0x5e2e38fafc58
[GradualEraser::stamp] cx=291.0 cy=150.0 r=6 total=113 skipped_zero=113 erased=0
[GradualEraser::verify] center(291,150) rgba=(0,0,0,0)
[BrushEngine::stampEraser] cx=289.0 cy=152.0 m_eraser=0x5e2e38fafc58
[GradualEraser::stamp] cx=289.0 cy=152.0 r=6 total=113 skipped_zero=113 erased=0
[GradualEraser::verify] center(289,152) rgba=(0,0,0,0)
[BrushEngine::stampEraser] cx=289.0 cy=152.0 m_eraser=0x5e2e38fafc58
[GradualEraser::stamp] cx=289.0 cy=152.0 r=6 total=113 skipped_zero=113 erased=0
[GradualEraser::verify] center(289,152) rgba=(0,0,0,0)
[MOUSE_MOVE] drawing=true tool=1 drawing at (630.0,235.0)
[handleDrawing] tool=1 brushType=4 eraserSize=12.0 eraserOp=1.00 layer=0x5e2e67ee0d30
[BrushEngine::stampEraser] cx=289.0 cy=152.0 m_eraser=0x5e2e38fafc58
[GradualEraser::stamp] cx=289.0 cy=152.0 r=6 total=113 skipped_zero=113 erased=0
[GradualEraser::verify] center(289,152) rgba=(0,0,0,0)
[BrushEngine::stampEraser] cx=287.5 cy=152.5 m_eraser=0x5e2e38fafc58
[GradualEraser::stamp] cx=287.5 cy=152.5 r=6 total=113 skipped_zero=110 erased=3
[GradualEraser::verify] center(288,153) rgba=(0,0,0,0)
[BrushEngine::stampEraser] cx=286.0 cy=153.0 m_eraser=0x5e2e38fafc58
[GradualEraser::stamp] cx=286.0 cy=153.0 r=6 total=113 skipped_zero=111 erased=2
[GradualEraser::verify] center(286,153) rgba=(0,0,0,0)
[BrushEngine::stampEraser] cx=286.0 cy=153.0 m_eraser=0x5e2e38fafc58
[GradualEraser::stamp] cx=286.0 cy=153.0 r=6 total=113 skipped_zero=113 erased=0
[GradualEraser::verify] center(286,153) rgba=(0,0,0,0)
[MOUSE_MOVE] drawing=true tool=1 drawing at (629.0,235.0)
[handleDrawing] tool=1 brushType=4 eraserSize=12.0 eraserOp=1.00 layer=0x5e2e67ee0d30
[BrushEngine::stampEraser] cx=286.0 cy=153.0 m_eraser=0x5e2e38fafc58
[GradualEraser::stamp] cx=286.0 cy=153.0 r=6 total=113 skipped_zero=113 erased=0
[GradualEraser::verify] center(286,153) rgba=(0,0,0,0)
[BrushEngine::stampEraser] cx=285.0 cy=153.0 m_eraser=0x5e2e38fafc58
[GradualEraser::stamp] cx=285.0 cy=153.0 r=6 total=113 skipped_zero=112 erased=1
[GradualEraser::verify] center(285,153) rgba=(0,0,0,0)
[BrushEngine::stampEraser] cx=285.0 cy=153.0 m_eraser=0x5e2e38fafc58
[GradualEraser::stamp] cx=285.0 cy=153.0 r=6 total=113 skipped_zero=113 erased=0
[GradualEraser::verify] center(285,153) rgba=(0,0,0,0)
[MOUSE_MOVE] drawing=true tool=1 drawing at (627.0,236.0)
[handleDrawing] tool=1 brushType=4 eraserSize=12.0 eraserOp=1.00 layer=0x5e2e67ee0d30
[BrushEngine::stampEraser] cx=285.0 cy=153.0 m_eraser=0x5e2e38fafc58
[GradualEraser::stamp] cx=285.0 cy=153.0 r=6 total=113 skipped_zero=113 erased=0
[GradualEraser::verify] center(285,153) rgba=(0,0,0,0)
[BrushEngine::stampEraser] cx=283.0 cy=154.0 m_eraser=0x5e2e38fafc58
[GradualEraser::stamp] cx=283.0 cy=154.0 r=6 total=113 skipped_zero=109 erased=4
[GradualEraser::verify] center(283,154) rgba=(0,0,0,0)
[BrushEngine::stampEraser] cx=283.0 cy=154.0 m_eraser=0x5e2e38fafc58
[GradualEraser::stamp] cx=283.0 cy=154.0 r=6 total=113 skipped_zero=113 erased=0
[GradualEraser::verify] center(283,154) rgba=(0,0,0,0)
[CANVAS_UPDATE] recompositing (frameDirty=1 canvasDirty=0)
[CANVAS_UPDATE] sample pixel (207,154): rgba=(255,101,50,255)
[MOUSE_MOVE] drawing=true tool=1 drawing at (624.0,238.0)
[handleDrawing] tool=1 brushType=4 eraserSize=12.0 eraserOp=1.00 layer=0x5e2e67ee0d30
[BrushEngine::stampEraser] cx=283.0 cy=154.0 m_eraser=0x5e2e38fafc58
[GradualEraser::stamp] cx=283.0 cy=154.0 r=6 total=113 skipped_zero=113 erased=0
[GradualEraser::verify] center(283,154) rgba=(0,0,0,0)
[BrushEngine::stampEraser] cx=281.5 cy=155.0 m_eraser=0x5e2e38fafc58
[GradualEraser::stamp] cx=281.5 cy=155.0 r=6 total=113 skipped_zero=106 erased=7
[GradualEraser::verify] center(282,155) rgba=(0,0,0,0)
[BrushEngine::stampEraser] cx=280.0 cy=156.0 m_eraser=0x5e2e38fafc58
[GradualEraser::stamp] cx=280.0 cy=156.0 r=6 total=113 skipped_zero=106 erased=7
[GradualEraser::verify] center(280,156) rgba=(0,0,0,0)
[BrushEngine::stampEraser] cx=280.0 cy=156.0 m_eraser=0x5e2e38fafc58
[GradualEraser::stamp] cx=280.0 cy=156.0 r=6 total=113 skipped_zero=113 erased=0
[GradualEraser::verify] center(280,156) rgba=(0,0,0,0)
[MOUSE_MOVE] drawing=true tool=1 drawing at (623.0,238.0)
[handleDrawing] tool=1 brushType=4 eraserSize=12.0 eraserOp=1.00 layer=0x5e2e67ee0d30
[BrushEngine::stampEraser] cx=280.0 cy=156.0 m_eraser=0x5e2e38fafc58
[GradualEraser::stamp] cx=280.0 cy=156.0 r=6 total=113 skipped_zero=113 erased=0
[GradualEraser::verify] center(280,156) rgba=(0,0,0,0)
[BrushEngine::stampEraser] cx=279.0 cy=156.0 m_eraser=0x5e2e38fafc58
[GradualEraser::stamp] cx=279.0 cy=156.0 r=6 total=113 skipped_zero=111 erased=2
[GradualEraser::verify] center(279,156) rgba=(0,0,0,0)
[BrushEngine::stampEraser] cx=279.0 cy=156.0 m_eraser=0x5e2e38fafc58
[GradualEraser::stamp] cx=279.0 cy=156.0 r=6 total=113 skipped_zero=113 erased=0
[GradualEraser::verify] center(279,156) rgba=(0,0,0,0)
[MOUSE_MOVE] drawing=true tool=1 drawing at (622.0,239.0)
[handleDrawing] tool=1 brushType=4 eraserSize=12.0 eraserOp=1.00 layer=0x5e2e67ee0d30
[BrushEngine::stampEraser] cx=279.0 cy=156.0 m_eraser=0x5e2e38fafc58
[GradualEraser::stamp] cx=279.0 cy=156.0 r=6 total=113 skipped_zero=113 erased=0
[GradualEraser::verify] center(279,156) rgba=(0,0,0,0)
[BrushEngine::stampEraser] cx=278.0 cy=157.0 m_eraser=0x5e2e38fafc58
[GradualEraser::stamp] cx=278.0 cy=157.0 r=6 total=113 skipped_zero=107 erased=6
[GradualEraser::verify] center(278,157) rgba=(0,0,0,0)
[BrushEngine::stampEraser] cx=278.0 cy=157.0 m_eraser=0x5e2e38fafc58
[GradualEraser::stamp] cx=278.0 cy=157.0 r=6 total=113 skipped_zero=113 erased=0
[GradualEraser::verify] center(278,157) rgba=(0,0,0,0)
[MOUSE_MOVE] drawing=true tool=1 drawing at (620.0,241.0)
[handleDrawing] tool=1 brushType=4 eraserSize=12.0 eraserOp=1.00 layer=0x5e2e67ee0d30
[BrushEngine::stampEraser] cx=278.0 cy=157.0 m_eraser=0x5e2e38fafc58
[GradualEraser::stamp] cx=278.0 cy=157.0 r=6 total=113 skipped_zero=113 erased=0
[GradualEraser::verify] center(278,157) rgba=(0,0,0,0)
[BrushEngine::stampEraser] cx=276.0 cy=159.0 m_eraser=0x5e2e38fafc58
[GradualEraser::stamp] cx=276.0 cy=159.0 r=6 total=113 skipped_zero=95 erased=18
[GradualEraser::verify] center(276,159) rgba=(0,0,0,0)
[BrushEngine::stampEraser] cx=276.0 cy=159.0 m_eraser=0x5e2e38fafc58
[GradualEraser::stamp] cx=276.0 cy=159.0 r=6 total=113 skipped_zero=113 erased=0
[GradualEraser::verify] center(276,159) rgba=(0,0,0,0)
[MOUSE_MOVE] drawing=true tool=1 drawing at (619.0,241.0)
[handleDrawing] tool=1 brushType=4 eraserSize=12.0 eraserOp=1.00 layer=0x5e2e67ee0d30
[BrushEngine::stampEraser] cx=276.0 cy=159.0 m_eraser=0x5e2e38fafc58
[GradualEraser::stamp] cx=276.0 cy=159.0 r=6 total=113 skipped_zero=113 erased=0
[GradualEraser::verify] center(276,159) rgba=(0,0,0,0)
[BrushEngine::stampEraser] cx=275.0 cy=159.0 m_eraser=0x5e2e38fafc58
[GradualEraser::stamp] cx=275.0 cy=159.0 r=6 total=113 skipped_zero=110 erased=3
[GradualEraser::verify] center(275,159) rgba=(0,0,0,0)
[BrushEngine::stampEraser] cx=275.0 cy=159.0 m_eraser=0x5e2e38fafc58
[GradualEraser::stamp] cx=275.0 cy=159.0 r=6 total=113 skipped_zero=113 erased=0
[GradualEraser::verify] center(275,159) rgba=(0,0,0,0)
[MOUSE_MOVE] drawing=true tool=1 drawing at (618.0,242.0)
[handleDrawing] tool=1 brushType=4 eraserSize=12.0 eraserOp=1.00 layer=0x5e2e67ee0d30
[BrushEngine::stampEraser] cx=275.0 cy=159.0 m_eraser=0x5e2e38fafc58
[GradualEraser::stamp] cx=275.0 cy=159.0 r=6 total=113 skipped_zero=113 erased=0
[GradualEraser::verify] center(275,159) rgba=(0,0,0,0)
[BrushEngine::stampEraser] cx=274.0 cy=160.0 m_eraser=0x5e2e38fafc58
[GradualEraser::stamp] cx=274.0 cy=160.0 r=6 total=113 skipped_zero=103 erased=10
[GradualEraser::verify] center(274,160) rgba=(0,0,0,0)
[BrushEngine::stampEraser] cx=274.0 cy=160.0 m_eraser=0x5e2e38fafc58
[GradualEraser::stamp] cx=274.0 cy=160.0 r=6 total=113 skipped_zero=113 erased=0
[GradualEraser::verify] center(274,160) rgba=(0,0,0,0)
[MOUSE_MOVE] drawing=true tool=1 drawing at (617.0,242.0)
[handleDrawing] tool=1 brushType=4 eraserSize=12.0 eraserOp=1.00 layer=0x5e2e67ee0d30
[BrushEngine::stampEraser] cx=274.0 cy=160.0 m_eraser=0x5e2e38fafc58
[GradualEraser::stamp] cx=274.0 cy=160.0 r=6 total=113 skipped_zero=113 erased=0
[GradualEraser::verify] center(274,160) rgba=(0,0,0,0)
[BrushEngine::stampEraser] cx=273.0 cy=160.0 m_eraser=0x5e2e38fafc58
[GradualEraser::stamp] cx=273.0 cy=160.0 r=6 total=113 skipped_zero=109 erased=4
[GradualEraser::verify] center(273,160) rgba=(0,0,0,0)
[BrushEngine::stampEraser] cx=273.0 cy=160.0 m_eraser=0x5e2e38fafc58
[GradualEraser::stamp] cx=273.0 cy=160.0 r=6 total=113 skipped_zero=113 erased=0
[GradualEraser::verify] center(273,160) rgba=(0,0,0,0)
[MOUSE_MOVE] drawing=true tool=1 drawing at (612.0,243.0)
[handleDrawing] tool=1 brushType=4 eraserSize=12.0 eraserOp=1.00 layer=0x5e2e67ee0d30
[BrushEngine::stampEraser] cx=273.0 cy=160.0 m_eraser=0x5e2e38fafc58
[GradualEraser::stamp] cx=273.0 cy=160.0 r=6 total=113 skipped_zero=113 erased=0
[GradualEraser::verify] center(273,160) rgba=(0,0,0,0)
[BrushEngine::stampEraser] cx=270.5 cy=160.5 m_eraser=0x5e2e38fafc58
[GradualEraser::stamp] cx=270.5 cy=160.5 r=6 total=113 skipped_zero=97 erased=16
[GradualEraser::verify] center(271,161) rgba=(0,0,0,0)
[BrushEngine::stampEraser] cx=268.0 cy=161.0 m_eraser=0x5e2e38fafc58
[GradualEraser::stamp] cx=268.0 cy=161.0 r=6 total=113 skipped_zero=93 erased=20
[GradualEraser::verify] center(268,161) rgba=(0,0,0,0)
[BrushEngine::stampEraser] cx=268.0 cy=161.0 m_eraser=0x5e2e38fafc58
[GradualEraser::stamp] cx=268.0 cy=161.0 r=6 total=113 skipped_zero=113 erased=0
[GradualEraser::verify] center(268,161) rgba=(0,0,0,0)
[CANVAS_UPDATE] recompositing (frameDirty=1 canvasDirty=0)
[CANVAS_UPDATE] sample pixel (207,154): rgba=(255,101,50,255)
[MOUSE_MOVE] drawing=true tool=1 drawing at (610.0,245.0)
[handleDrawing] tool=1 brushType=4 eraserSize=12.0 eraserOp=1.00 layer=0x5e2e67ee0d30
[BrushEngine::stampEraser] cx=268.0 cy=161.0 m_eraser=0x5e2e38fafc58
[GradualEraser::stamp] cx=268.0 cy=161.0 r=6 total=113 skipped_zero=113 erased=0
[GradualEraser::verify] center(268,161) rgba=(0,0,0,0)
[BrushEngine::stampEraser] cx=266.0 cy=163.0 m_eraser=0x5e2e38fafc58
[GradualEraser::stamp] cx=266.0 cy=163.0 r=6 total=113 skipped_zero=79 erased=34
[GradualEraser::verify] center(266,163) rgba=(0,0,0,0)
[BrushEngine::stampEraser] cx=266.0 cy=163.0 m_eraser=0x5e2e38fafc58
[GradualEraser::stamp] cx=266.0 cy=163.0 r=6 total=113 skipped_zero=113 erased=0
[GradualEraser::verify] center(266,163) rgba=(0,0,0,0)
[MOUSE_MOVE] drawing=true tool=1 drawing at (609.0,245.0)
[handleDrawing] tool=1 brushType=4 eraserSize=12.0 eraserOp=1.00 layer=0x5e2e67ee0d30
[BrushEngine::stampEraser] cx=266.0 cy=163.0 m_eraser=0x5e2e38fafc58
[GradualEraser::stamp] cx=266.0 cy=163.0 r=6 total=113 skipped_zero=113 erased=0
[GradualEraser::verify] center(266,163) rgba=(0,0,0,0)
[BrushEngine::stampEraser] cx=265.0 cy=163.0 m_eraser=0x5e2e38fafc58
[GradualEraser::stamp] cx=265.0 cy=163.0 r=6 total=113 skipped_zero=102 erased=11
[GradualEraser::verify] center(265,163) rgba=(0,0,0,0)
[BrushEngine::stampEraser] cx=265.0 cy=163.0 m_eraser=0x5e2e38fafc58
[GradualEraser::stamp] cx=265.0 cy=163.0 r=6 total=113 skipped_zero=113 erased=0
[GradualEraser::verify] center(265,163) rgba=(0,0,0,0)
[MOUSE_MOVE] drawing=true tool=1 drawing at (606.0,247.0)
[handleDrawing] tool=1 brushType=4 eraserSize=12.0 eraserOp=1.00 layer=0x5e2e67ee0d30
[BrushEngine::stampEraser] cx=265.0 cy=163.0 m_eraser=0x5e2e38fafc58
[GradualEraser::stamp] cx=265.0 cy=163.0 r=6 total=113 skipped_zero=113 erased=0
[GradualEraser::verify] center(265,163) rgba=(0,0,0,0)
[BrushEngine::stampEraser] cx=263.5 cy=164.0 m_eraser=0x5e2e38fafc58
[GradualEraser::stamp] cx=263.5 cy=164.0 r=6 total=113 skipped_zero=97 erased=16
[GradualEraser::verify] center(264,164) rgba=(0,0,0,0)
[BrushEngine::stampEraser] cx=262.0 cy=165.0 m_eraser=0x5e2e38fafc58
[GradualEraser::stamp] cx=262.0 cy=165.0 r=6 total=113 skipped_zero=89 erased=24
[GradualEraser::verify] center(262,165) rgba=(0,0,0,0)
[BrushEngine::stampEraser] cx=262.0 cy=165.0 m_eraser=0x5e2e38fafc58
[GradualEraser::stamp] cx=262.0 cy=165.0 r=6 total=113 skipped_zero=113 erased=0
[GradualEraser::verify] center(262,165) rgba=(0,0,0,0)
[MOUSE_MOVE] drawing=true tool=1 drawing at (604.0,248.0)
[handleDrawing] tool=1 brushType=4 eraserSize=12.0 eraserOp=1.00 layer=0x5e2e67ee0d30
[BrushEngine::stampEraser] cx=262.0 cy=165.0 m_eraser=0x5e2e38fafc58
[GradualEraser::stamp] cx=262.0 cy=165.0 r=6 total=113 skipped_zero=113 erased=0
[GradualEraser::verify] center(262,165) rgba=(0,0,0,0)
[BrushEngine::stampEraser] cx=260.0 cy=166.0 m_eraser=0x5e2e38fafc58
[GradualEraser::stamp] cx=260.0 cy=166.0 r=6 total=113 skipped_zero=91 erased=22
[GradualEraser::verify] center(260,166) rgba=(0,0,0,0)
[BrushEngine::stampEraser] cx=260.0 cy=166.0 m_eraser=0x5e2e38fafc58
[GradualEraser::stamp] cx=260.0 cy=166.0 r=6 total=113 skipped_zero=113 erased=0
[GradualEraser::verify] center(260,166) rgba=(0,0,0,0)
[MOUSE_MOVE] drawing=true tool=1 drawing at (603.0,248.0)
[handleDrawing] tool=1 brushType=4 eraserSize=12.0 eraserOp=1.00 layer=0x5e2e67ee0d30
[BrushEngine::stampEraser] cx=260.0 cy=166.0 m_eraser=0x5e2e38fafc58
[GradualEraser::stamp] cx=260.0 cy=166.0 r=6 total=113 skipped_zero=113 erased=0
[GradualEraser::verify] center(260,166) rgba=(0,0,0,0)
[BrushEngine::stampEraser] cx=259.0 cy=166.0 m_eraser=0x5e2e38fafc58
[GradualEraser::stamp] cx=259.0 cy=166.0 r=6 total=113 skipped_zero=104 erased=9
[GradualEraser::verify] center(259,166) rgba=(0,0,0,0)
[BrushEngine::stampEraser] cx=259.0 cy=166.0 m_eraser=0x5e2e38fafc58
[GradualEraser::stamp] cx=259.0 cy=166.0 r=6 total=113 skipped_zero=113 erased=0
[GradualEraser::verify] center(259,166) rgba=(0,0,0,0)
[MOUSE_MOVE] drawing=true tool=1 drawing at (602.0,250.0)
[handleDrawing] tool=1 brushType=4 eraserSize=12.0 eraserOp=1.00 layer=0x5e2e67ee0d30
[BrushEngine::stampEraser] cx=259.0 cy=166.0 m_eraser=0x5e2e38fafc58
[GradualEraser::stamp] cx=259.0 cy=166.0 r=6 total=113 skipped_zero=113 erased=0
[GradualEraser::verify] center(259,166) rgba=(0,0,0,0)
[BrushEngine::stampEraser] cx=258.0 cy=168.0 m_eraser=0x5e2e38fafc58
[GradualEraser::stamp] cx=258.0 cy=168.0 r=6 total=113 skipped_zero=89 erased=24
[GradualEraser::verify] center(258,168) rgba=(0,0,0,0)
[BrushEngine::stampEraser] cx=258.0 cy=168.0 m_eraser=0x5e2e38fafc58
[GradualEraser::stamp] cx=258.0 cy=168.0 r=6 total=113 skipped_zero=113 erased=0
[GradualEraser::verify] center(258,168) rgba=(0,0,0,0)
[MOUSE_MOVE] drawing=true tool=1 drawing at (600.0,251.0)
[handleDrawing] tool=1 brushType=4 eraserSize=12.0 eraserOp=1.00 layer=0x5e2e67ee0d30
[BrushEngine::stampEraser] cx=258.0 cy=168.0 m_eraser=0x5e2e38fafc58
[GradualEraser::stamp] cx=258.0 cy=168.0 r=6 total=113 skipped_zero=113 erased=0
[GradualEraser::verify] center(258,168) rgba=(0,0,0,0)
[BrushEngine::stampEraser] cx=256.0 cy=169.0 m_eraser=0x5e2e38fafc58
[GradualEraser::stamp] cx=256.0 cy=169.0 r=6 total=113 skipped_zero=92 erased=21
[GradualEraser::verify] center(256,169) rgba=(0,0,0,0)
[BrushEngine::stampEraser] cx=256.0 cy=169.0 m_eraser=0x5e2e38fafc58
[GradualEraser::stamp] cx=256.0 cy=169.0 r=6 total=113 skipped_zero=113 erased=0
[GradualEraser::verify] center(256,169) rgba=(0,0,0,0)
[MOUSE_MOVE] drawing=true tool=1 drawing at (599.0,251.0)
[handleDrawing] tool=1 brushType=4 eraserSize=12.0 eraserOp=1.00 layer=0x5e2e67ee0d30
[BrushEngine::stampEraser] cx=256.0 cy=169.0 m_eraser=0x5e2e38fafc58
[GradualEraser::stamp] cx=256.0 cy=169.0 r=6 total=113 skipped_zero=113 erased=0
[GradualEraser::verify] center(256,169) rgba=(0,0,0,0)
[BrushEngine::stampEraser] cx=255.0 cy=169.0 m_eraser=0x5e2e38fafc58
[GradualEraser::stamp] cx=255.0 cy=169.0 r=6 total=113 skipped_zero=104 erased=9
[GradualEraser::verify] center(255,169) rgba=(0,0,0,0)
[BrushEngine::stampEraser] cx=255.0 cy=169.0 m_eraser=0x5e2e38fafc58
[GradualEraser::stamp] cx=255.0 cy=169.0 r=6 total=113 skipped_zero=113 erased=0
[GradualEraser::verify] center(255,169) rgba=(0,0,0,0)
[CANVAS_UPDATE] recompositing (frameDirty=1 canvasDirty=0)
[CANVAS_UPDATE] sample pixel (207,154): rgba=(255,101,50,255)
[MOUSE_MOVE] drawing=true tool=1 drawing at (596.0,252.0)
[handleDrawing] tool=1 brushType=4 eraserSize=12.0 eraserOp=1.00 layer=0x5e2e67ee0d30
[BrushEngine::stampEraser] cx=255.0 cy=169.0 m_eraser=0x5e2e38fafc58
[GradualEraser::stamp] cx=255.0 cy=169.0 r=6 total=113 skipped_zero=113 erased=0
[GradualEraser::verify] center(255,169) rgba=(0,0,0,0)
[BrushEngine::stampEraser] cx=253.5 cy=169.5 m_eraser=0x5e2e38fafc58
[GradualEraser::stamp] cx=253.5 cy=169.5 r=6 total=113 skipped_zero=100 erased=13
[GradualEraser::verify] center(254,170) rgba=(0,0,0,0)
[BrushEngine::stampEraser] cx=252.0 cy=170.0 m_eraser=0x5e2e38fafc58
[GradualEraser::stamp] cx=252.0 cy=170.0 r=6 total=113 skipped_zero=99 erased=14
[GradualEraser::verify] center(252,170) rgba=(0,0,0,0)
[BrushEngine::stampEraser] cx=252.0 cy=170.0 m_eraser=0x5e2e38fafc58
[GradualEraser::stamp] cx=252.0 cy=170.0 r=6 total=113 skipped_zero=113 erased=0
[GradualEraser::verify] center(252,170) rgba=(0,0,0,0)
[MOUSE_MOVE] drawing=true tool=1 drawing at (595.0,254.0)
[handleDrawing] tool=1 brushType=4 eraserSize=12.0 eraserOp=1.00 layer=0x5e2e67ee0d30
[BrushEngine::stampEraser] cx=252.0 cy=170.0 m_eraser=0x5e2e38fafc58
[GradualEraser::stamp] cx=252.0 cy=170.0 r=6 total=113 skipped_zero=113 erased=0
[GradualEraser::verify] center(252,170) rgba=(0,0,0,0)
[BrushEngine::stampEraser] cx=251.0 cy=172.0 m_eraser=0x5e2e38fafc58
[GradualEraser::stamp] cx=251.0 cy=172.0 r=6 total=113 skipped_zero=98 erased=15
[GradualEraser::verify] center(251,172) rgba=(0,0,0,0)
[BrushEngine::stampEraser] cx=251.0 cy=172.0 m_eraser=0x5e2e38fafc58
[GradualEraser::stamp] cx=251.0 cy=172.0 r=6 total=113 skipped_zero=113 erased=0
[GradualEraser::verify] center(251,172) rgba=(0,0,0,0)
[MOUSE_MOVE] drawing=true tool=1 drawing at (594.0,254.0)
[handleDrawing] tool=1 brushType=4 eraserSize=12.0 eraserOp=1.00 layer=0x5e2e67ee0d30
[BrushEngine::stampEraser] cx=251.0 cy=172.0 m_eraser=0x5e2e38fafc58
[GradualEraser::stamp] cx=251.0 cy=172.0 r=6 total=113 skipped_zero=113 erased=0
[GradualEraser::verify] center(251,172) rgba=(0,0,0,0)
[BrushEngine::stampEraser] cx=250.0 cy=172.0 m_eraser=0x5e2e38fafc58
[GradualEraser::stamp] cx=250.0 cy=172.0 r=6 total=113 skipped_zero=107 erased=6
[GradualEraser::verify] center(250,172) rgba=(0,0,0,0)
[BrushEngine::stampEraser] cx=250.0 cy=172.0 m_eraser=0x5e2e38fafc58
[GradualEraser::stamp] cx=250.0 cy=172.0 r=6 total=113 skipped_zero=113 erased=0
[GradualEraser::verify] center(250,172) rgba=(0,0,0,0)
[MOUSE_MOVE] drawing=true tool=1 drawing at (593.0,254.0)
[handleDrawing] tool=1 brushType=4 eraserSize=12.0 eraserOp=1.00 layer=0x5e2e67ee0d30
[BrushEngine::stampEraser] cx=250.0 cy=172.0 m_eraser=0x5e2e38fafc58
[GradualEraser::stamp] cx=250.0 cy=172.0 r=6 total=113 skipped_zero=113 erased=0
[GradualEraser::verify] center(250,172) rgba=(0,0,0,0)
[BrushEngine::stampEraser] cx=249.0 cy=172.0 m_eraser=0x5e2e38fafc58
[GradualEraser::stamp] cx=249.0 cy=172.0 r=6 total=113 skipped_zero=106 erased=7
[GradualEraser::verify] center(249,172) rgba=(0,0,0,0)
[BrushEngine::stampEraser] cx=249.0 cy=172.0 m_eraser=0x5e2e38fafc58
[GradualEraser::stamp] cx=249.0 cy=172.0 r=6 total=113 skipped_zero=113 erased=0
[GradualEraser::verify] center(249,172) rgba=(0,0,0,0)
[MOUSE_MOVE] drawing=true tool=1 drawing at (592.0,255.0)
[handleDrawing] tool=1 brushType=4 eraserSize=12.0 eraserOp=1.00 layer=0x5e2e67ee0d30
[BrushEngine::stampEraser] cx=249.0 cy=172.0 m_eraser=0x5e2e38fafc58
[GradualEraser::stamp] cx=249.0 cy=172.0 r=6 total=113 skipped_zero=113 erased=0
[GradualEraser::verify] center(249,172) rgba=(0,0,0,0)
[BrushEngine::stampEraser] cx=248.0 cy=173.0 m_eraser=0x5e2e38fafc58
[GradualEraser::stamp] cx=248.0 cy=173.0 r=6 total=113 skipped_zero=105 erased=8
[GradualEraser::verify] center(248,173) rgba=(0,0,0,0)
[BrushEngine::stampEraser] cx=248.0 cy=173.0 m_eraser=0x5e2e38fafc58
[GradualEraser::stamp] cx=248.0 cy=173.0 r=6 total=113 skipped_zero=113 erased=0
[GradualEraser::verify] center(248,173) rgba=(0,0,0,0)
[MOUSE_MOVE] drawing=true tool=1 drawing at (591.0,255.0)
[handleDrawing] tool=1 brushType=4 eraserSize=12.0 eraserOp=1.00 layer=0x5e2e67ee0d30
[BrushEngine::stampEraser] cx=248.0 cy=173.0 m_eraser=0x5e2e38fafc58
[GradualEraser::stamp] cx=248.0 cy=173.0 r=6 total=113 skipped_zero=113 erased=0
[GradualEraser::verify] center(248,173) rgba=(0,0,0,0)
[BrushEngine::stampEraser] cx=247.0 cy=173.0 m_eraser=0x5e2e38fafc58
[GradualEraser::stamp] cx=247.0 cy=173.0 r=6 total=113 skipped_zero=106 erased=7
[GradualEraser::verify] center(247,173) rgba=(0,0,0,0)
[BrushEngine::stampEraser] cx=247.0 cy=173.0 m_eraser=0x5e2e38fafc58
[GradualEraser::stamp] cx=247.0 cy=173.0 r=6 total=113 skipped_zero=113 erased=0
[GradualEraser::verify] center(247,173) rgba=(0,0,0,0)
[CANVAS_UPDATE] recompositing (frameDirty=1 canvasDirty=0)
[CANVAS_UPDATE] sample pixel (207,154): rgba=(255,101,50,255)
[MOUSE_MOVE] drawing=true tool=1 drawing at (590.0,255.0)
[handleDrawing] tool=1 brushType=4 eraserSize=12.0 eraserOp=1.00 layer=0x5e2e67ee0d30
[BrushEngine::stampEraser] cx=247.0 cy=173.0 m_eraser=0x5e2e38fafc58
[GradualEraser::stamp] cx=247.0 cy=173.0 r=6 total=113 skipped_zero=113 erased=0
[GradualEraser::verify] center(247,173) rgba=(0,0,0,0)
[BrushEngine::stampEraser] cx=246.0 cy=173.0 m_eraser=0x5e2e38fafc58
[GradualEraser::stamp] cx=246.0 cy=173.0 r=6 total=113 skipped_zero=107 erased=6
[GradualEraser::verify] center(246,173) rgba=(0,0,0,0)
[BrushEngine::stampEraser] cx=246.0 cy=173.0 m_eraser=0x5e2e38fafc58
[GradualEraser::stamp] cx=246.0 cy=173.0 r=6 total=113 skipped_zero=113 erased=0
[GradualEraser::verify] center(246,173) rgba=(0,0,0,0)
[MOUSE_MOVE] drawing=true tool=1 drawing at (590.0,256.0)
[handleDrawing] tool=1 brushType=4 eraserSize=12.0 eraserOp=1.00 layer=0x5e2e67ee0d30
[BrushEngine::stampEraser] cx=246.0 cy=173.0 m_eraser=0x5e2e38fafc58
[GradualEraser::stamp] cx=246.0 cy=173.0 r=6 total=113 skipped_zero=113 erased=0
[GradualEraser::verify] center(246,173) rgba=(0,0,0,0)
[BrushEngine::stampEraser] cx=246.0 cy=174.0 m_eraser=0x5e2e38fafc58
[GradualEraser::stamp] cx=246.0 cy=174.0 r=6 total=113 skipped_zero=111 erased=2
[GradualEraser::verify] center(246,174) rgba=(0,0,0,0)
[BrushEngine::stampEraser] cx=246.0 cy=174.0 m_eraser=0x5e2e38fafc58
[GradualEraser::stamp] cx=246.0 cy=174.0 r=6 total=113 skipped_zero=113 erased=0
[GradualEraser::verify] center(246,174) rgba=(0,0,0,0)
[CANVAS_UPDATE] recompositing (frameDirty=1 canvasDirty=0)
[CANVAS_UPDATE] sample pixel (207,154): rgba=(255,101,50,255)
[MOUSE_MOVE] drawing=true tool=1 drawing at (590.0,255.0)
[handleDrawing] tool=1 brushType=4 eraserSize=12.0 eraserOp=1.00 layer=0x5e2e67ee0d30
[BrushEngine::stampEraser] cx=246.0 cy=174.0 m_eraser=0x5e2e38fafc58
[GradualEraser::stamp] cx=246.0 cy=174.0 r=6 total=113 skipped_zero=113 erased=0
[GradualEraser::verify] center(246,174) rgba=(0,0,0,0)
[BrushEngine::stampEraser] cx=246.0 cy=173.0 m_eraser=0x5e2e38fafc58
[GradualEraser::stamp] cx=246.0 cy=173.0 r=6 total=113 skipped_zero=113 erased=0
[GradualEraser::verify] center(246,173) rgba=(0,0,0,0)
[BrushEngine::stampEraser] cx=246.0 cy=173.0 m_eraser=0x5e2e38fafc58
[GradualEraser::stamp] cx=246.0 cy=173.0 r=6 total=113 skipped_zero=113 erased=0
[GradualEraser::verify] center(246,173) rgba=(0,0,0,0)
[CANVAS_UPDATE] recompositing (frameDirty=1 canvasDirty=0)
[CANVAS_UPDATE] sample pixel (207,154): rgba=(255,101,50,255)
[MOUSE_MOVE] drawing=true tool=1 drawing at (591.0,254.0)
[handleDrawing] tool=1 brushType=4 eraserSize=12.0 eraserOp=1.00 layer=0x5e2e67ee0d30
[BrushEngine::stampEraser] cx=246.0 cy=173.0 m_eraser=0x5e2e38fafc58
[GradualEraser::stamp] cx=246.0 cy=173.0 r=6 total=113 skipped_zero=113 erased=0
[GradualEraser::verify] center(246,173) rgba=(0,0,0,0)
[BrushEngine::stampEraser] cx=247.0 cy=172.0 m_eraser=0x5e2e38fafc58
[GradualEraser::stamp] cx=247.0 cy=172.0 r=6 total=113 skipped_zero=113 erased=0
[GradualEraser::verify] center(247,172) rgba=(0,0,0,0)
[BrushEngine::stampEraser] cx=247.0 cy=172.0 m_eraser=0x5e2e38fafc58
[GradualEraser::stamp] cx=247.0 cy=172.0 r=6 total=113 skipped_zero=113 erased=0
[GradualEraser::verify] center(247,172) rgba=(0,0,0,0)
[MOUSE_MOVE] drawing=true tool=1 drawing at (592.0,253.0)
[handleDrawing] tool=1 brushType=4 eraserSize=12.0 eraserOp=1.00 layer=0x5e2e67ee0d30
[BrushEngine::stampEraser] cx=247.0 cy=172.0 m_eraser=0x5e2e38fafc58
[GradualEraser::stamp] cx=247.0 cy=172.0 r=6 total=113 skipped_zero=113 erased=0
[GradualEraser::verify] center(247,172) rgba=(0,0,0,0)
[BrushEngine::stampEraser] cx=248.0 cy=171.0 m_eraser=0x5e2e38fafc58
[GradualEraser::stamp] cx=248.0 cy=171.0 r=6 total=113 skipped_zero=113 erased=0
[GradualEraser::verify] center(248,171) rgba=(0,0,0,0)
[BrushEngine::stampEraser] cx=248.0 cy=171.0 m_eraser=0x5e2e38fafc58
[GradualEraser::stamp] cx=248.0 cy=171.0 r=6 total=113 skipped_zero=113 erased=0
[GradualEraser::verify] center(248,171) rgba=(0,0,0,0)
[MOUSE_MOVE] drawing=true tool=1 drawing at (593.0,253.0)
[handleDrawing] tool=1 brushType=4 eraserSize=12.0 eraserOp=1.00 layer=0x5e2e67ee0d30
[BrushEngine::stampEraser] cx=248.0 cy=171.0 m_eraser=0x5e2e38fafc58
[GradualEraser::stamp] cx=248.0 cy=171.0 r=6 total=113 skipped_zero=113 erased=0
[GradualEraser::verify] center(248,171) rgba=(0,0,0,0)
[BrushEngine::stampEraser] cx=249.0 cy=171.0 m_eraser=0x5e2e38fafc58
[GradualEraser::stamp] cx=249.0 cy=171.0 r=6 total=113 skipped_zero=113 erased=0
[GradualEraser::verify] center(249,171) rgba=(0,0,0,0)
[BrushEngine::stampEraser] cx=249.0 cy=171.0 m_eraser=0x5e2e38fafc58
[GradualEraser::stamp] cx=249.0 cy=171.0 r=6 total=113 skipped_zero=113 erased=0
[GradualEraser::verify] center(249,171) rgba=(0,0,0,0)
[MOUSE_MOVE] drawing=true tool=1 drawing at (595.0,252.0)
[handleDrawing] tool=1 brushType=4 eraserSize=12.0 eraserOp=1.00 layer=0x5e2e67ee0d30
[BrushEngine::stampEraser] cx=249.0 cy=171.0 m_eraser=0x5e2e38fafc58
[GradualEraser::stamp] cx=249.0 cy=171.0 r=6 total=113 skipped_zero=113 erased=0
[GradualEraser::verify] center(249,171) rgba=(0,0,0,0)
[BrushEngine::stampEraser] cx=251.0 cy=170.0 m_eraser=0x5e2e38fafc58
[GradualEraser::stamp] cx=251.0 cy=170.0 r=6 total=113 skipped_zero=113 erased=0
[GradualEraser::verify] center(251,170) rgba=(0,0,0,0)
[BrushEngine::stampEraser] cx=251.0 cy=170.0 m_eraser=0x5e2e38fafc58
[GradualEraser::stamp] cx=251.0 cy=170.0 r=6 total=113 skipped_zero=113 erased=0
[GradualEraser::verify] center(251,170) rgba=(0,0,0,0)
[CANVAS_UPDATE] recompositing (frameDirty=1 canvasDirty=0)
[CANVAS_UPDATE] sample pixel (207,154): rgba=(255,101,50,255)
[MOUSE_MOVE] drawing=true tool=1 drawing at (596.0,251.0)
[handleDrawing] tool=1 brushType=4 eraserSize=12.0 eraserOp=1.00 layer=0x5e2e67ee0d30
[BrushEngine::stampEraser] cx=251.0 cy=170.0 m_eraser=0x5e2e38fafc58
[GradualEraser::stamp] cx=251.0 cy=170.0 r=6 total=113 skipped_zero=113 erased=0
[GradualEraser::verify] center(251,170) rgba=(0,0,0,0)
[BrushEngine::stampEraser] cx=252.0 cy=169.0 m_eraser=0x5e2e38fafc58
[GradualEraser::stamp] cx=252.0 cy=169.0 r=6 total=113 skipped_zero=113 erased=0
[GradualEraser::verify] center(252,169) rgba=(0,0,0,0)
[BrushEngine::stampEraser] cx=252.0 cy=169.0 m_eraser=0x5e2e38fafc58
[GradualEraser::stamp] cx=252.0 cy=169.0 r=6 total=113 skipped_zero=113 erased=0
[GradualEraser::verify] center(252,169) rgba=(0,0,0,0)
[MOUSE_MOVE] drawing=true tool=1 drawing at (597.0,250.0)
[handleDrawing] tool=1 brushType=4 eraserSize=12.0 eraserOp=1.00 layer=0x5e2e67ee0d30
[BrushEngine::stampEraser] cx=252.0 cy=169.0 m_eraser=0x5e2e38fafc58
[GradualEraser::stamp] cx=252.0 cy=169.0 r=6 total=113 skipped_zero=113 erased=0
[GradualEraser::verify] center(252,169) rgba=(0,0,0,0)
[BrushEngine::stampEraser] cx=253.0 cy=168.0 m_eraser=0x5e2e38fafc58
[GradualEraser::stamp] cx=253.0 cy=168.0 r=6 total=113 skipped_zero=110 erased=3
[GradualEraser::verify] center(253,168) rgba=(0,0,0,0)
[BrushEngine::stampEraser] cx=253.0 cy=168.0 m_eraser=0x5e2e38fafc58
[GradualEraser::stamp] cx=253.0 cy=168.0 r=6 total=113 skipped_zero=113 erased=0
[GradualEraser::verify] center(253,168) rgba=(0,0,0,0)
[MOUSE_MOVE] drawing=true tool=1 drawing at (598.0,250.0)
[handleDrawing] tool=1 brushType=4 eraserSize=12.0 eraserOp=1.00 layer=0x5e2e67ee0d30
[BrushEngine::stampEraser] cx=253.0 cy=168.0 m_eraser=0x5e2e38fafc58
[GradualEraser::stamp] cx=253.0 cy=168.0 r=6 total=113 skipped_zero=113 erased=0
[GradualEraser::verify] center(253,168) rgba=(0,0,0,0)
[BrushEngine::stampEraser] cx=254.0 cy=168.0 m_eraser=0x5e2e38fafc58
[GradualEraser::stamp] cx=254.0 cy=168.0 r=6 total=113 skipped_zero=112 erased=1
[GradualEraser::verify] center(254,168) rgba=(0,0,0,0)
[BrushEngine::stampEraser] cx=254.0 cy=168.0 m_eraser=0x5e2e38fafc58
[GradualEraser::stamp] cx=254.0 cy=168.0 r=6 total=113 skipped_zero=113 erased=0
[GradualEraser::verify] center(254,168) rgba=(0,0,0,0)
[MOUSE_MOVE] drawing=true tool=1 drawing at (599.0,249.0)
[handleDrawing] tool=1 brushType=4 eraserSize=12.0 eraserOp=1.00 layer=0x5e2e67ee0d30
[BrushEngine::stampEraser] cx=254.0 cy=168.0 m_eraser=0x5e2e38fafc58
[GradualEraser::stamp] cx=254.0 cy=168.0 r=6 total=113 skipped_zero=113 erased=0
[GradualEraser::verify] center(254,168) rgba=(0,0,0,0)
[BrushEngine::stampEraser] cx=255.0 cy=167.0 m_eraser=0x5e2e38fafc58
[GradualEraser::stamp] cx=255.0 cy=167.0 r=6 total=113 skipped_zero=111 erased=2
[GradualEraser::verify] center(255,167) rgba=(0,0,0,0)
[BrushEngine::stampEraser] cx=255.0 cy=167.0 m_eraser=0x5e2e38fafc58
[GradualEraser::stamp] cx=255.0 cy=167.0 r=6 total=113 skipped_zero=113 erased=0
[GradualEraser::verify] center(255,167) rgba=(0,0,0,0)
[CANVAS_UPDATE] recompositing (frameDirty=1 canvasDirty=0)
[CANVAS_UPDATE] sample pixel (207,154): rgba=(255,101,50,255)
[MOUSE_MOVE] drawing=true tool=1 drawing at (600.0,248.0)
[handleDrawing] tool=1 brushType=4 eraserSize=12.0 eraserOp=1.00 layer=0x5e2e67ee0d30
[BrushEngine::stampEraser] cx=255.0 cy=167.0 m_eraser=0x5e2e38fafc58
[GradualEraser::stamp] cx=255.0 cy=167.0 r=6 total=113 skipped_zero=113 erased=0
[GradualEraser::verify] center(255,167) rgba=(0,0,0,0)
[BrushEngine::stampEraser] cx=256.0 cy=166.0 m_eraser=0x5e2e38fafc58
[GradualEraser::stamp] cx=256.0 cy=166.0 r=6 total=113 skipped_zero=110 erased=3
[GradualEraser::verify] center(256,166) rgba=(0,0,0,0)
[BrushEngine::stampEraser] cx=256.0 cy=166.0 m_eraser=0x5e2e38fafc58
[GradualEraser::stamp] cx=256.0 cy=166.0 r=6 total=113 skipped_zero=113 erased=0
[GradualEraser::verify] center(256,166) rgba=(0,0,0,0)
[MOUSE_MOVE] drawing=true tool=1 drawing at (601.0,246.0)
[handleDrawing] tool=1 brushType=4 eraserSize=12.0 eraserOp=1.00 layer=0x5e2e67ee0d30
[BrushEngine::stampEraser] cx=256.0 cy=166.0 m_eraser=0x5e2e38fafc58
[GradualEraser::stamp] cx=256.0 cy=166.0 r=6 total=113 skipped_zero=113 erased=0
[GradualEraser::verify] center(256,166) rgba=(0,0,0,0)
[BrushEngine::stampEraser] cx=257.0 cy=164.0 m_eraser=0x5e2e38fafc58
[GradualEraser::stamp] cx=257.0 cy=164.0 r=6 total=113 skipped_zero=99 erased=14
[GradualEraser::verify] center(257,164) rgba=(0,0,0,0)
[BrushEngine::stampEraser] cx=257.0 cy=164.0 m_eraser=0x5e2e38fafc58
[GradualEraser::stamp] cx=257.0 cy=164.0 r=6 total=113 skipped_zero=113 erased=0
[GradualEraser::verify] center(257,164) rgba=(0,0,0,0)
[MOUSE_MOVE] drawing=true tool=1 drawing at (602.0,245.0)
[handleDrawing] tool=1 brushType=4 eraserSize=12.0 eraserOp=1.00 layer=0x5e2e67ee0d30
[BrushEngine::stampEraser] cx=257.0 cy=164.0 m_eraser=0x5e2e38fafc58
[GradualEraser::stamp] cx=257.0 cy=164.0 r=6 total=113 skipped_zero=113 erased=0
[GradualEraser::verify] center(257,164) rgba=(0,0,0,0)
[BrushEngine::stampEraser] cx=258.0 cy=163.0 m_eraser=0x5e2e38fafc58
[GradualEraser::stamp] cx=258.0 cy=163.0 r=6 total=113 skipped_zero=106 erased=7
[GradualEraser::verify] center(258,163) rgba=(0,0,0,0)
[BrushEngine::stampEraser] cx=258.0 cy=163.0 m_eraser=0x5e2e38fafc58
[GradualEraser::stamp] cx=258.0 cy=163.0 r=6 total=113 skipped_zero=113 erased=0
[GradualEraser::verify] center(258,163) rgba=(0,0,0,0)
[MOUSE_MOVE] drawing=true tool=1 drawing at (603.0,244.0)
[handleDrawing] tool=1 brushType=4 eraserSize=12.0 eraserOp=1.00 layer=0x5e2e67ee0d30
[BrushEngine::stampEraser] cx=258.0 cy=163.0 m_eraser=0x5e2e38fafc58
[GradualEraser::stamp] cx=258.0 cy=163.0 r=6 total=113 skipped_zero=113 erased=0
[GradualEraser::verify] center(258,163) rgba=(0,0,0,0)
[BrushEngine::stampEraser] cx=259.0 cy=162.0 m_eraser=0x5e2e38fafc58
[GradualEraser::stamp] cx=259.0 cy=162.0 r=6 total=113 skipped_zero=106 erased=7
[GradualEraser::verify] center(259,162) rgba=(0,0,0,0)
[BrushEngine::stampEraser] cx=259.0 cy=162.0 m_eraser=0x5e2e38fafc58
[GradualEraser::stamp] cx=259.0 cy=162.0 r=6 total=113 skipped_zero=113 erased=0
[GradualEraser::verify] center(259,162) rgba=(0,0,0,0)
[MOUSE_MOVE] drawing=true tool=1 drawing at (604.0,244.0)
[handleDrawing] tool=1 brushType=4 eraserSize=12.0 eraserOp=1.00 layer=0x5e2e67ee0d30
[BrushEngine::stampEraser] cx=259.0 cy=162.0 m_eraser=0x5e2e38fafc58
[GradualEraser::stamp] cx=259.0 cy=162.0 r=6 total=113 skipped_zero=113 erased=0
[GradualEraser::verify] center(259,162) rgba=(0,0,0,0)
[BrushEngine::stampEraser] cx=260.0 cy=162.0 m_eraser=0x5e2e38fafc58
[GradualEraser::stamp] cx=260.0 cy=162.0 r=6 total=113 skipped_zero=112 erased=1
[GradualEraser::verify] center(260,162) rgba=(0,0,0,0)
[BrushEngine::stampEraser] cx=260.0 cy=162.0 m_eraser=0x5e2e38fafc58
[GradualEraser::stamp] cx=260.0 cy=162.0 r=6 total=113 skipped_zero=113 erased=0
[GradualEraser::verify] center(260,162) rgba=(0,0,0,0)
[MOUSE_MOVE] drawing=true tool=1 drawing at (605.0,244.0)
[handleDrawing] tool=1 brushType=4 eraserSize=12.0 eraserOp=1.00 layer=0x5e2e67ee0d30
[BrushEngine::stampEraser] cx=260.0 cy=162.0 m_eraser=0x5e2e38fafc58
[GradualEraser::stamp] cx=260.0 cy=162.0 r=6 total=113 skipped_zero=113 erased=0
[GradualEraser::verify] center(260,162) rgba=(0,0,0,0)
[BrushEngine::stampEraser] cx=261.0 cy=162.0 m_eraser=0x5e2e38fafc58
[GradualEraser::stamp] cx=261.0 cy=162.0 r=6 total=113 skipped_zero=112 erased=1
[GradualEraser::verify] center(261,162) rgba=(0,0,0,0)
[BrushEngine::stampEraser] cx=261.0 cy=162.0 m_eraser=0x5e2e38fafc58
[GradualEraser::stamp] cx=261.0 cy=162.0 r=6 total=113 skipped_zero=113 erased=0
[GradualEraser::verify] center(261,162) rgba=(0,0,0,0)
[CANVAS_UPDATE] recompositing (frameDirty=1 canvasDirty=0)
[CANVAS_UPDATE] sample pixel (207,154): rgba=(255,101,50,255)
[MOUSE_MOVE] drawing=true tool=1 drawing at (607.0,243.0)
[handleDrawing] tool=1 brushType=4 eraserSize=12.0 eraserOp=1.00 layer=0x5e2e67ee0d30
[BrushEngine::stampEraser] cx=261.0 cy=162.0 m_eraser=0x5e2e38fafc58
[GradualEraser::stamp] cx=261.0 cy=162.0 r=6 total=113 skipped_zero=113 erased=0
[GradualEraser::verify] center(261,162) rgba=(0,0,0,0)
[BrushEngine::stampEraser] cx=263.0 cy=161.0 m_eraser=0x5e2e38fafc58
[GradualEraser::stamp] cx=263.0 cy=161.0 r=6 total=113 skipped_zero=113 erased=0
[GradualEraser::verify] center(263,161) rgba=(0,0,0,0)
[BrushEngine::stampEraser] cx=263.0 cy=161.0 m_eraser=0x5e2e38fafc58
[GradualEraser::stamp] cx=263.0 cy=161.0 r=6 total=113 skipped_zero=113 erased=0
[GradualEraser::verify] center(263,161) rgba=(0,0,0,0)
[MOUSE_MOVE] drawing=true tool=1 drawing at (607.0,242.0)
[handleDrawing] tool=1 brushType=4 eraserSize=12.0 eraserOp=1.00 layer=0x5e2e67ee0d30
[BrushEngine::stampEraser] cx=263.0 cy=161.0 m_eraser=0x5e2e38fafc58
[GradualEraser::stamp] cx=263.0 cy=161.0 r=6 total=113 skipped_zero=113 erased=0
[GradualEraser::verify] center(263,161) rgba=(0,0,0,0)
[BrushEngine::stampEraser] cx=263.0 cy=160.0 m_eraser=0x5e2e38fafc58
[GradualEraser::stamp] cx=263.0 cy=160.0 r=6 total=113 skipped_zero=110 erased=3
[GradualEraser::verify] center(263,160) rgba=(0,0,0,0)
[BrushEngine::stampEraser] cx=263.0 cy=160.0 m_eraser=0x5e2e38fafc58
[GradualEraser::stamp] cx=263.0 cy=160.0 r=6 total=113 skipped_zero=113 erased=0
[GradualEraser::verify] center(263,160) rgba=(0,0,0,0)
[MOUSE_MOVE] drawing=true tool=1 drawing at (608.0,241.0)
[handleDrawing] tool=1 brushType=4 eraserSize=12.0 eraserOp=1.00 layer=0x5e2e67ee0d30
[BrushEngine::stampEraser] cx=263.0 cy=160.0 m_eraser=0x5e2e38fafc58
[GradualEraser::stamp] cx=263.0 cy=160.0 r=6 total=113 skipped_zero=113 erased=0
[GradualEraser::verify] center(263,160) rgba=(0,0,0,0)
[BrushEngine::stampEraser] cx=264.0 cy=159.0 m_eraser=0x5e2e38fafc58
[GradualEraser::stamp] cx=264.0 cy=159.0 r=6 total=113 skipped_zero=111 erased=2
[GradualEraser::verify] center(264,159) rgba=(0,0,0,0)
[BrushEngine::stampEraser] cx=264.0 cy=159.0 m_eraser=0x5e2e38fafc58
[GradualEraser::stamp] cx=264.0 cy=159.0 r=6 total=113 skipped_zero=113 erased=0
[GradualEraser::verify] center(264,159) rgba=(0,0,0,0)
[MOUSE_MOVE] drawing=true tool=1 drawing at (609.0,240.0)
[handleDrawing] tool=1 brushType=4 eraserSize=12.0 eraserOp=1.00 layer=0x5e2e67ee0d30
[BrushEngine::stampEraser] cx=264.0 cy=159.0 m_eraser=0x5e2e38fafc58
[GradualEraser::stamp] cx=264.0 cy=159.0 r=6 total=113 skipped_zero=113 erased=0
[GradualEraser::verify] center(264,159) rgba=(0,0,0,0)
[BrushEngine::stampEraser] cx=265.0 cy=158.0 m_eraser=0x5e2e38fafc58
[GradualEraser::stamp] cx=265.0 cy=158.0 r=6 total=113 skipped_zero=112 erased=1
[GradualEraser::verify] center(265,158) rgba=(0,0,0,0)
[BrushEngine::stampEraser] cx=265.0 cy=158.0 m_eraser=0x5e2e38fafc58
[GradualEraser::stamp] cx=265.0 cy=158.0 r=6 total=113 skipped_zero=113 erased=0
[GradualEraser::verify] center(265,158) rgba=(0,0,0,0)
[MOUSE_MOVE] drawing=true tool=1 drawing at (610.0,240.0)
[handleDrawing] tool=1 brushType=4 eraserSize=12.0 eraserOp=1.00 layer=0x5e2e67ee0d30
[BrushEngine::stampEraser] cx=265.0 cy=158.0 m_eraser=0x5e2e38fafc58
[GradualEraser::stamp] cx=265.0 cy=158.0 r=6 total=113 skipped_zero=113 erased=0
[GradualEraser::verify] center(265,158) rgba=(0,0,0,0)
[BrushEngine::stampEraser] cx=266.0 cy=158.0 m_eraser=0x5e2e38fafc58
[GradualEraser::stamp] cx=266.0 cy=158.0 r=6 total=113 skipped_zero=113 erased=0
[GradualEraser::verify] center(266,158) rgba=(0,0,0,0)
[BrushEngine::stampEraser] cx=266.0 cy=158.0 m_eraser=0x5e2e38fafc58
[GradualEraser::stamp] cx=266.0 cy=158.0 r=6 total=113 skipped_zero=113 erased=0
[GradualEraser::verify] center(266,158) rgba=(0,0,0,0)
[MOUSE_MOVE] drawing=true tool=1 drawing at (611.0,238.0)
[handleDrawing] tool=1 brushType=4 eraserSize=12.0 eraserOp=1.00 layer=0x5e2e67ee0d30
[BrushEngine::stampEraser] cx=266.0 cy=158.0 m_eraser=0x5e2e38fafc58
[GradualEraser::stamp] cx=266.0 cy=158.0 r=6 total=113 skipped_zero=113 erased=0
[GradualEraser::verify] center(266,158) rgba=(0,0,0,0)
[BrushEngine::stampEraser] cx=267.0 cy=156.0 m_eraser=0x5e2e38fafc58
[GradualEraser::stamp] cx=267.0 cy=156.0 r=6 total=113 skipped_zero=112 erased=1
[GradualEraser::verify] center(267,156) rgba=(0,0,0,0)
[BrushEngine::stampEraser] cx=267.0 cy=156.0 m_eraser=0x5e2e38fafc58
[GradualEraser::stamp] cx=267.0 cy=156.0 r=6 total=113 skipped_zero=113 erased=0
[GradualEraser::verify] center(267,156) rgba=(0,0,0,0)
[CANVAS_UPDATE] recompositing (frameDirty=1 canvasDirty=0)
[CANVAS_UPDATE] sample pixel (207,154): rgba=(255,101,50,255)
[MOUSE_MOVE] drawing=true tool=1 drawing at (612.0,237.0)
[handleDrawing] tool=1 brushType=4 eraserSize=12.0 eraserOp=1.00 layer=0x5e2e67ee0d30
[BrushEngine::stampEraser] cx=267.0 cy=156.0 m_eraser=0x5e2e38fafc58
[GradualEraser::stamp] cx=267.0 cy=156.0 r=6 total=113 skipped_zero=113 erased=0
[GradualEraser::verify] center(267,156) rgba=(0,0,0,0)
[BrushEngine::stampEraser] cx=268.0 cy=155.0 m_eraser=0x5e2e38fafc58
[GradualEraser::stamp] cx=268.0 cy=155.0 r=6 total=113 skipped_zero=113 erased=0
[GradualEraser::verify] center(268,155) rgba=(0,0,0,0)
[BrushEngine::stampEraser] cx=268.0 cy=155.0 m_eraser=0x5e2e38fafc58
[GradualEraser::stamp] cx=268.0 cy=155.0 r=6 total=113 skipped_zero=113 erased=0
[GradualEraser::verify] center(268,155) rgba=(0,0,0,0)
[MOUSE_MOVE] drawing=true tool=1 drawing at (613.0,236.0)
[handleDrawing] tool=1 brushType=4 eraserSize=12.0 eraserOp=1.00 layer=0x5e2e67ee0d30
[BrushEngine::stampEraser] cx=268.0 cy=155.0 m_eraser=0x5e2e38fafc58
[GradualEraser::stamp] cx=268.0 cy=155.0 r=6 total=113 skipped_zero=113 erased=0
[GradualEraser::verify] center(268,155) rgba=(0,0,0,0)
[BrushEngine::stampEraser] cx=269.0 cy=154.0 m_eraser=0x5e2e38fafc58
[GradualEraser::stamp] cx=269.0 cy=154.0 r=6 total=113 skipped_zero=113 erased=0
[GradualEraser::verify] center(269,154) rgba=(0,0,0,0)
[BrushEngine::stampEraser] cx=269.0 cy=154.0 m_eraser=0x5e2e38fafc58
[GradualEraser::stamp] cx=269.0 cy=154.0 r=6 total=113 skipped_zero=113 erased=0
[GradualEraser::verify] center(269,154) rgba=(0,0,0,0)
[MOUSE_MOVE] drawing=true tool=1 drawing at (613.0,235.0)
[handleDrawing] tool=1 brushType=4 eraserSize=12.0 eraserOp=1.00 layer=0x5e2e67ee0d30
[BrushEngine::stampEraser] cx=269.0 cy=154.0 m_eraser=0x5e2e38fafc58
[GradualEraser::stamp] cx=269.0 cy=154.0 r=6 total=113 skipped_zero=113 erased=0
[GradualEraser::verify] center(269,154) rgba=(0,0,0,0)
[BrushEngine::stampEraser] cx=269.0 cy=153.0 m_eraser=0x5e2e38fafc58
[GradualEraser::stamp] cx=269.0 cy=153.0 r=6 total=113 skipped_zero=113 erased=0
[GradualEraser::verify] center(269,153) rgba=(0,0,0,0)
[BrushEngine::stampEraser] cx=269.0 cy=153.0 m_eraser=0x5e2e38fafc58
[GradualEraser::stamp] cx=269.0 cy=153.0 r=6 total=113 skipped_zero=113 erased=0
[GradualEraser::verify] center(269,153) rgba=(0,0,0,0)
[MOUSE_MOVE] drawing=true tool=1 drawing at (613.0,234.0)
[handleDrawing] tool=1 brushType=4 eraserSize=12.0 eraserOp=1.00 layer=0x5e2e67ee0d30
[BrushEngine::stampEraser] cx=269.0 cy=153.0 m_eraser=0x5e2e38fafc58
[GradualEraser::stamp] cx=269.0 cy=153.0 r=6 total=113 skipped_zero=113 erased=0
[GradualEraser::verify] center(269,153) rgba=(0,0,0,0)
[BrushEngine::stampEraser] cx=269.0 cy=152.0 m_eraser=0x5e2e38fafc58
[GradualEraser::stamp] cx=269.0 cy=152.0 r=6 total=113 skipped_zero=113 erased=0
[GradualEraser::verify] center(269,152) rgba=(0,0,0,0)
[BrushEngine::stampEraser] cx=269.0 cy=152.0 m_eraser=0x5e2e38fafc58
[GradualEraser::stamp] cx=269.0 cy=152.0 r=6 total=113 skipped_zero=113 erased=0
[GradualEraser::verify] center(269,152) rgba=(0,0,0,0)
[MOUSE_MOVE] drawing=true tool=1 drawing at (614.0,233.0)
[handleDrawing] tool=1 brushType=4 eraserSize=12.0 eraserOp=1.00 layer=0x5e2e67ee0d30
[BrushEngine::stampEraser] cx=269.0 cy=152.0 m_eraser=0x5e2e38fafc58
[GradualEraser::stamp] cx=269.0 cy=152.0 r=6 total=113 skipped_zero=113 erased=0
[GradualEraser::verify] center(269,152) rgba=(0,0,0,0)
[BrushEngine::stampEraser] cx=270.0 cy=151.0 m_eraser=0x5e2e38fafc58
[GradualEraser::stamp] cx=270.0 cy=151.0 r=6 total=113 skipped_zero=113 erased=0
[GradualEraser::verify] center(270,151) rgba=(0,0,0,0)
[BrushEngine::stampEraser] cx=270.0 cy=151.0 m_eraser=0x5e2e38fafc58
[GradualEraser::stamp] cx=270.0 cy=151.0 r=6 total=113 skipped_zero=113 erased=0
[GradualEraser::verify] center(270,151) rgba=(0,0,0,0)
[CANVAS_UPDATE] recompositing (frameDirty=1 canvasDirty=0)
[CANVAS_UPDATE] sample pixel (207,154): rgba=(255,101,50,255)
[MOUSE_MOVE] drawing=true tool=1 drawing at (614.0,232.0)
[handleDrawing] tool=1 brushType=4 eraserSize=12.0 eraserOp=1.00 layer=0x5e2e67ee0d30
[BrushEngine::stampEraser] cx=270.0 cy=151.0 m_eraser=0x5e2e38fafc58
[GradualEraser::stamp] cx=270.0 cy=151.0 r=6 total=113 skipped_zero=113 erased=0
[GradualEraser::verify] center(270,151) rgba=(0,0,0,0)
[BrushEngine::stampEraser] cx=270.0 cy=150.0 m_eraser=0x5e2e38fafc58
[GradualEraser::stamp] cx=270.0 cy=150.0 r=6 total=113 skipped_zero=113 erased=0
[GradualEraser::verify] center(270,150) rgba=(0,0,0,0)
[BrushEngine::stampEraser] cx=270.0 cy=150.0 m_eraser=0x5e2e38fafc58
[GradualEraser::stamp] cx=270.0 cy=150.0 r=6 total=113 skipped_zero=113 erased=0
[GradualEraser::verify] center(270,150) rgba=(0,0,0,0)
[CANVAS_UPDATE] recompositing (frameDirty=1 canvasDirty=0)
[CANVAS_UPDATE] sample pixel (207,154): rgba=(255,101,50,255)
[MOUSE_MOVE] drawing=true tool=1 drawing at (614.0,231.0)
[handleDrawing] tool=1 brushType=4 eraserSize=12.0 eraserOp=1.00 layer=0x5e2e67ee0d30
[BrushEngine::stampEraser] cx=270.0 cy=150.0 m_eraser=0x5e2e38fafc58
[GradualEraser::stamp] cx=270.0 cy=150.0 r=6 total=113 skipped_zero=113 erased=0
[GradualEraser::verify] center(270,150) rgba=(0,0,0,0)
[BrushEngine::stampEraser] cx=270.0 cy=149.0 m_eraser=0x5e2e38fafc58
[GradualEraser::stamp] cx=270.0 cy=149.0 r=6 total=113 skipped_zero=113 erased=0
[GradualEraser::verify] center(270,149) rgba=(0,0,0,0)
[BrushEngine::stampEraser] cx=270.0 cy=149.0 m_eraser=0x5e2e38fafc58
[GradualEraser::stamp] cx=270.0 cy=149.0 r=6 total=113 skipped_zero=113 erased=0
[GradualEraser::verify] center(270,149) rgba=(0,0,0,0)
[MOUSE_MOVE] drawing=true tool=1 drawing at (613.0,231.0)
[handleDrawing] tool=1 brushType=4 eraserSize=12.0 eraserOp=1.00 layer=0x5e2e67ee0d30
[BrushEngine::stampEraser] cx=270.0 cy=149.0 m_eraser=0x5e2e38fafc58
[GradualEraser::stamp] cx=270.0 cy=149.0 r=6 total=113 skipped_zero=113 erased=0
[GradualEraser::verify] center(270,149) rgba=(0,0,0,0)
[BrushEngine::stampEraser] cx=269.0 cy=149.0 m_eraser=0x5e2e38fafc58
[GradualEraser::stamp] cx=269.0 cy=149.0 r=6 total=113 skipped_zero=113 erased=0
[GradualEraser::verify] center(269,149) rgba=(0,0,0,0)
[BrushEngine::stampEraser] cx=269.0 cy=149.0 m_eraser=0x5e2e38fafc58
[GradualEraser::stamp] cx=269.0 cy=149.0 r=6 total=113 skipped_zero=113 erased=0
[GradualEraser::verify] center(269,149) rgba=(0,0,0,0)
[MOUSE_MOVE] drawing=true tool=1 drawing at (612.0,231.0)
[handleDrawing] tool=1 brushType=4 eraserSize=12.0 eraserOp=1.00 layer=0x5e2e67ee0d30
[BrushEngine::stampEraser] cx=269.0 cy=149.0 m_eraser=0x5e2e38fafc58
[GradualEraser::stamp] cx=269.0 cy=149.0 r=6 total=113 skipped_zero=113 erased=0
[GradualEraser::verify] center(269,149) rgba=(0,0,0,0)
[BrushEngine::stampEraser] cx=268.0 cy=149.0 m_eraser=0x5e2e38fafc58
[GradualEraser::stamp] cx=268.0 cy=149.0 r=6 total=113 skipped_zero=113 erased=0
[GradualEraser::verify] center(268,149) rgba=(0,0,0,0)
[BrushEngine::stampEraser] cx=268.0 cy=149.0 m_eraser=0x5e2e38fafc58
[GradualEraser::stamp] cx=268.0 cy=149.0 r=6 total=113 skipped_zero=113 erased=0
[GradualEraser::verify] center(268,149) rgba=(0,0,0,0)
[MOUSE_MOVE] drawing=true tool=1 drawing at (610.0,230.0)
[handleDrawing] tool=1 brushType=4 eraserSize=12.0 eraserOp=1.00 layer=0x5e2e67ee0d30
[BrushEngine::stampEraser] cx=268.0 cy=149.0 m_eraser=0x5e2e38fafc58
[GradualEraser::stamp] cx=268.0 cy=149.0 r=6 total=113 skipped_zero=113 erased=0
[GradualEraser::verify] center(268,149) rgba=(0,0,0,0)
[BrushEngine::stampEraser] cx=266.0 cy=148.0 m_eraser=0x5e2e38fafc58
[GradualEraser::stamp] cx=266.0 cy=148.0 r=6 total=113 skipped_zero=111 erased=2
[GradualEraser::verify] center(266,148) rgba=(0,0,0,0)
[BrushEngine::stampEraser] cx=266.0 cy=148.0 m_eraser=0x5e2e38fafc58
[GradualEraser::stamp] cx=266.0 cy=148.0 r=6 total=113 skipped_zero=113 erased=0
[GradualEraser::verify] center(266,148) rgba=(0,0,0,0)
[MOUSE_MOVE] drawing=true tool=1 drawing at (609.0,230.0)
[handleDrawing] tool=1 brushType=4 eraserSize=12.0 eraserOp=1.00 layer=0x5e2e67ee0d30
[BrushEngine::stampEraser] cx=266.0 cy=148.0 m_eraser=0x5e2e38fafc58
[GradualEraser::stamp] cx=266.0 cy=148.0 r=6 total=113 skipped_zero=113 erased=0
[GradualEraser::verify] center(266,148) rgba=(0,0,0,0)
[BrushEngine::stampEraser] cx=265.0 cy=148.0 m_eraser=0x5e2e38fafc58
[GradualEraser::stamp] cx=265.0 cy=148.0 r=6 total=113 skipped_zero=111 erased=2
[GradualEraser::verify] center(265,148) rgba=(0,0,0,0)
[BrushEngine::stampEraser] cx=265.0 cy=148.0 m_eraser=0x5e2e38fafc58
[GradualEraser::stamp] cx=265.0 cy=148.0 r=6 total=113 skipped_zero=113 erased=0
[GradualEraser::verify] center(265,148) rgba=(0,0,0,0)
[CANVAS_UPDATE] recompositing (frameDirty=1 canvasDirty=0)
[CANVAS_UPDATE] sample pixel (207,154): rgba=(255,101,50,255)
[MOUSE_MOVE] drawing=true tool=1 drawing at (608.0,230.0)
[handleDrawing] tool=1 brushType=4 eraserSize=12.0 eraserOp=1.00 layer=0x5e2e67ee0d30
[BrushEngine::stampEraser] cx=265.0 cy=148.0 m_eraser=0x5e2e38fafc58
[GradualEraser::stamp] cx=265.0 cy=148.0 r=6 total=113 skipped_zero=113 erased=0
[GradualEraser::verify] center(265,148) rgba=(0,0,0,0)
[BrushEngine::stampEraser] cx=264.0 cy=148.0 m_eraser=0x5e2e38fafc58
[GradualEraser::stamp] cx=264.0 cy=148.0 r=6 total=113 skipped_zero=111 erased=2
[GradualEraser::verify] center(264,148) rgba=(0,0,0,0)
[BrushEngine::stampEraser] cx=264.0 cy=148.0 m_eraser=0x5e2e38fafc58
[GradualEraser::stamp] cx=264.0 cy=148.0 r=6 total=113 skipped_zero=113 erased=0
[GradualEraser::verify] center(264,148) rgba=(0,0,0,0)
[MOUSE_MOVE] drawing=true tool=1 drawing at (607.0,230.0)
[handleDrawing] tool=1 brushType=4 eraserSize=12.0 eraserOp=1.00 layer=0x5e2e67ee0d30
[BrushEngine::stampEraser] cx=264.0 cy=148.0 m_eraser=0x5e2e38fafc58
[GradualEraser::stamp] cx=264.0 cy=148.0 r=6 total=113 skipped_zero=113 erased=0
[GradualEraser::verify] center(264,148) rgba=(0,0,0,0)
[BrushEngine::stampEraser] cx=263.0 cy=148.0 m_eraser=0x5e2e38fafc58
[GradualEraser::stamp] cx=263.0 cy=148.0 r=6 total=113 skipped_zero=110 erased=3
[GradualEraser::verify] center(263,148) rgba=(0,0,0,0)
[BrushEngine::stampEraser] cx=263.0 cy=148.0 m_eraser=0x5e2e38fafc58
[GradualEraser::stamp] cx=263.0 cy=148.0 r=6 total=113 skipped_zero=113 erased=0
[GradualEraser::verify] center(263,148) rgba=(0,0,0,0)
[MOUSE_MOVE] drawing=true tool=1 drawing at (606.0,229.0)
[handleDrawing] tool=1 brushType=4 eraserSize=12.0 eraserOp=1.00 layer=0x5e2e67ee0d30
[BrushEngine::stampEraser] cx=263.0 cy=148.0 m_eraser=0x5e2e38fafc58
[GradualEraser::stamp] cx=263.0 cy=148.0 r=6 total=113 skipped_zero=113 erased=0
[GradualEraser::verify] center(263,148) rgba=(0,0,0,0)
[BrushEngine::stampEraser] cx=262.0 cy=147.0 m_eraser=0x5e2e38fafc58
[GradualEraser::stamp] cx=262.0 cy=147.0 r=6 total=113 skipped_zero=113 erased=0
[GradualEraser::verify] center(262,147) rgba=(0,0,0,0)
[BrushEngine::stampEraser] cx=262.0 cy=147.0 m_eraser=0x5e2e38fafc58
[GradualEraser::stamp] cx=262.0 cy=147.0 r=6 total=113 skipped_zero=113 erased=0
[GradualEraser::verify] center(262,147) rgba=(0,0,0,0)
[MOUSE_MOVE] drawing=true tool=1 drawing at (605.0,229.0)
[handleDrawing] tool=1 brushType=4 eraserSize=12.0 eraserOp=1.00 layer=0x5e2e67ee0d30
[BrushEngine::stampEraser] cx=262.0 cy=147.0 m_eraser=0x5e2e38fafc58
[GradualEraser::stamp] cx=262.0 cy=147.0 r=6 total=113 skipped_zero=113 erased=0
[GradualEraser::verify] center(262,147) rgba=(0,0,0,0)
[BrushEngine::stampEraser] cx=261.0 cy=147.0 m_eraser=0x5e2e38fafc58
[GradualEraser::stamp] cx=261.0 cy=147.0 r=6 total=113 skipped_zero=112 erased=1
[GradualEraser::verify] center(261,147) rgba=(0,0,0,0)
[BrushEngine::stampEraser] cx=261.0 cy=147.0 m_eraser=0x5e2e38fafc58
[GradualEraser::stamp] cx=261.0 cy=147.0 r=6 total=113 skipped_zero=113 erased=0
[GradualEraser::verify] center(261,147) rgba=(0,0,0,0)
[MOUSE_MOVE] drawing=true tool=1 drawing at (604.0,229.0)
[handleDrawing] tool=1 brushType=4 eraserSize=12.0 eraserOp=1.00 layer=0x5e2e67ee0d30
[BrushEngine::stampEraser] cx=261.0 cy=147.0 m_eraser=0x5e2e38fafc58
[GradualEraser::stamp] cx=261.0 cy=147.0 r=6 total=113 skipped_zero=113 erased=0
[GradualEraser::verify] center(261,147) rgba=(0,0,0,0)
[BrushEngine::stampEraser] cx=260.0 cy=147.0 m_eraser=0x5e2e38fafc58
[GradualEraser::stamp] cx=260.0 cy=147.0 r=6 total=113 skipped_zero=112 erased=1
[GradualEraser::verify] center(260,147) rgba=(0,0,0,0)
[BrushEngine::stampEraser] cx=260.0 cy=147.0 m_eraser=0x5e2e38fafc58
[GradualEraser::stamp] cx=260.0 cy=147.0 r=6 total=113 skipped_zero=113 erased=0
[GradualEraser::verify] center(260,147) rgba=(0,0,0,0)
[MOUSE_MOVE] drawing=true tool=1 drawing at (602.0,228.0)
[handleDrawing] tool=1 brushType=4 eraserSize=12.0 eraserOp=1.00 layer=0x5e2e67ee0d30
[BrushEngine::stampEraser] cx=260.0 cy=147.0 m_eraser=0x5e2e38fafc58
[GradualEraser::stamp] cx=260.0 cy=147.0 r=6 total=113 skipped_zero=113 erased=0
[GradualEraser::verify] center(260,147) rgba=(0,0,0,0)
[BrushEngine::stampEraser] cx=258.0 cy=146.0 m_eraser=0x5e2e38fafc58
[GradualEraser::stamp] cx=258.0 cy=146.0 r=6 total=113 skipped_zero=112 erased=1
[GradualEraser::verify] center(258,146) rgba=(0,0,0,0)
[BrushEngine::stampEraser] cx=258.0 cy=146.0 m_eraser=0x5e2e38fafc58
[GradualEraser::stamp] cx=258.0 cy=146.0 r=6 total=113 skipped_zero=113 erased=0
[GradualEraser::verify] center(258,146) rgba=(0,0,0,0)
[MOUSE_MOVE] drawing=true tool=1 drawing at (599.0,228.0)
[handleDrawing] tool=1 brushType=4 eraserSize=12.0 eraserOp=1.00 layer=0x5e2e67ee0d30
[BrushEngine::stampEraser] cx=258.0 cy=146.0 m_eraser=0x5e2e38fafc58
[GradualEraser::stamp] cx=258.0 cy=146.0 r=6 total=113 skipped_zero=113 erased=0
[GradualEraser::verify] center(258,146) rgba=(0,0,0,0)
[BrushEngine::stampEraser] cx=255.0 cy=146.0 m_eraser=0x5e2e38fafc58
[GradualEraser::stamp] cx=255.0 cy=146.0 r=6 total=113 skipped_zero=111 erased=2
[GradualEraser::verify] center(255,146) rgba=(0,0,0,0)
[BrushEngine::stampEraser] cx=255.0 cy=146.0 m_eraser=0x5e2e38fafc58
[GradualEraser::stamp] cx=255.0 cy=146.0 r=6 total=113 skipped_zero=113 erased=0
[GradualEraser::verify] center(255,146) rgba=(0,0,0,0)
[CANVAS_UPDATE] recompositing (frameDirty=1 canvasDirty=0)
[CANVAS_UPDATE] sample pixel (207,154): rgba=(255,101,50,255)
[MOUSE_MOVE] drawing=true tool=1 drawing at (597.0,228.0)
[handleDrawing] tool=1 brushType=4 eraserSize=12.0 eraserOp=1.00 layer=0x5e2e67ee0d30
[BrushEngine::stampEraser] cx=255.0 cy=146.0 m_eraser=0x5e2e38fafc58
[GradualEraser::stamp] cx=255.0 cy=146.0 r=6 total=113 skipped_zero=113 erased=0
[GradualEraser::verify] center(255,146) rgba=(0,0,0,0)
[BrushEngine::stampEraser] cx=253.0 cy=146.0 m_eraser=0x5e2e38fafc58
[GradualEraser::stamp] cx=253.0 cy=146.0 r=6 total=113 skipped_zero=111 erased=2
[GradualEraser::verify] center(253,146) rgba=(0,0,0,0)
[BrushEngine::stampEraser] cx=253.0 cy=146.0 m_eraser=0x5e2e38fafc58
[GradualEraser::stamp] cx=253.0 cy=146.0 r=6 total=113 skipped_zero=113 erased=0
[GradualEraser::verify] center(253,146) rgba=(0,0,0,0)
[MOUSE_MOVE] drawing=true tool=1 drawing at (596.0,228.0)
[handleDrawing] tool=1 brushType=4 eraserSize=12.0 eraserOp=1.00 layer=0x5e2e67ee0d30
[BrushEngine::stampEraser] cx=253.0 cy=146.0 m_eraser=0x5e2e38fafc58
[GradualEraser::stamp] cx=253.0 cy=146.0 r=6 total=113 skipped_zero=113 erased=0
[GradualEraser::verify] center(253,146) rgba=(0,0,0,0)
[BrushEngine::stampEraser] cx=252.0 cy=146.0 m_eraser=0x5e2e38fafc58
[GradualEraser::stamp] cx=252.0 cy=146.0 r=6 total=113 skipped_zero=112 erased=1
[GradualEraser::verify] center(252,146) rgba=(0,0,0,0)
[BrushEngine::stampEraser] cx=252.0 cy=146.0 m_eraser=0x5e2e38fafc58
[GradualEraser::stamp] cx=252.0 cy=146.0 r=6 total=113 skipped_zero=113 erased=0
[GradualEraser::verify] center(252,146) rgba=(0,0,0,0)
[MOUSE_MOVE] drawing=true tool=1 drawing at (595.0,228.0)
[handleDrawing] tool=1 brushType=4 eraserSize=12.0 eraserOp=1.00 layer=0x5e2e67ee0d30
[BrushEngine::stampEraser] cx=252.0 cy=146.0 m_eraser=0x5e2e38fafc58
[GradualEraser::stamp] cx=252.0 cy=146.0 r=6 total=113 skipped_zero=113 erased=0
[GradualEraser::verify] center(252,146) rgba=(0,0,0,0)
[BrushEngine::stampEraser] cx=251.0 cy=146.0 m_eraser=0x5e2e38fafc58
[GradualEraser::stamp] cx=251.0 cy=146.0 r=6 total=113 skipped_zero=111 erased=2
[GradualEraser::verify] center(251,146) rgba=(0,0,0,0)
[BrushEngine::stampEraser] cx=251.0 cy=146.0 m_eraser=0x5e2e38fafc58
[GradualEraser::stamp] cx=251.0 cy=146.0 r=6 total=113 skipped_zero=113 erased=0
[GradualEraser::verify] center(251,146) rgba=(0,0,0,0)
[MOUSE_MOVE] drawing=true tool=1 drawing at (592.0,228.0)
[handleDrawing] tool=1 brushType=4 eraserSize=12.0 eraserOp=1.00 layer=0x5e2e67ee0d30
[BrushEngine::stampEraser] cx=251.0 cy=146.0 m_eraser=0x5e2e38fafc58
[GradualEraser::stamp] cx=251.0 cy=146.0 r=6 total=113 skipped_zero=113 erased=0
[GradualEraser::verify] center(251,146) rgba=(0,0,0,0)
[BrushEngine::stampEraser] cx=248.0 cy=146.0 m_eraser=0x5e2e38fafc58
[GradualEraser::stamp] cx=248.0 cy=146.0 r=6 total=113 skipped_zero=111 erased=2
[GradualEraser::verify] center(248,146) rgba=(0,0,0,0)
[BrushEngine::stampEraser] cx=248.0 cy=146.0 m_eraser=0x5e2e38fafc58
[GradualEraser::stamp] cx=248.0 cy=146.0 r=6 total=113 skipped_zero=113 erased=0
[GradualEraser::verify] center(248,146) rgba=(0,0,0,0)
[MOUSE_MOVE] drawing=true tool=1 drawing at (590.0,228.0)
[handleDrawing] tool=1 brushType=4 eraserSize=12.0 eraserOp=1.00 layer=0x5e2e67ee0d30
[BrushEngine::stampEraser] cx=248.0 cy=146.0 m_eraser=0x5e2e38fafc58
[GradualEraser::stamp] cx=248.0 cy=146.0 r=6 total=113 skipped_zero=113 erased=0
[GradualEraser::verify] center(248,146) rgba=(0,0,0,0)
[BrushEngine::stampEraser] cx=246.0 cy=146.0 m_eraser=0x5e2e38fafc58
[GradualEraser::stamp] cx=246.0 cy=146.0 r=6 total=113 skipped_zero=112 erased=1
[GradualEraser::verify] center(246,146) rgba=(0,0,0,0)
[BrushEngine::stampEraser] cx=246.0 cy=146.0 m_eraser=0x5e2e38fafc58
[GradualEraser::stamp] cx=246.0 cy=146.0 r=6 total=113 skipped_zero=113 erased=0
[GradualEraser::verify] center(246,146) rgba=(0,0,0,0)
[MOUSE_MOVE] drawing=true tool=1 drawing at (589.0,227.0)
[handleDrawing] tool=1 brushType=4 eraserSize=12.0 eraserOp=1.00 layer=0x5e2e67ee0d30
[BrushEngine::stampEraser] cx=246.0 cy=146.0 m_eraser=0x5e2e38fafc58
[GradualEraser::stamp] cx=246.0 cy=146.0 r=6 total=113 skipped_zero=113 erased=0
[GradualEraser::verify] center(246,146) rgba=(0,0,0,0)
[BrushEngine::stampEraser] cx=245.0 cy=145.0 m_eraser=0x5e2e38fafc58
[GradualEraser::stamp] cx=245.0 cy=145.0 r=6 total=113 skipped_zero=113 erased=0
[GradualEraser::verify] center(245,145) rgba=(0,0,0,0)
[BrushEngine::stampEraser] cx=245.0 cy=145.0 m_eraser=0x5e2e38fafc58
[GradualEraser::stamp] cx=245.0 cy=145.0 r=6 total=113 skipped_zero=113 erased=0
[GradualEraser::verify] center(245,145) rgba=(0,0,0,0)
[MOUSE_MOVE] drawing=true tool=1 drawing at (587.0,227.0)
[handleDrawing] tool=1 brushType=4 eraserSize=12.0 eraserOp=1.00 layer=0x5e2e67ee0d30
[BrushEngine::stampEraser] cx=245.0 cy=145.0 m_eraser=0x5e2e38fafc58
[GradualEraser::stamp] cx=245.0 cy=145.0 r=6 total=113 skipped_zero=113 erased=0
[GradualEraser::verify] center(245,145) rgba=(0,0,0,0)
[BrushEngine::stampEraser] cx=243.0 cy=145.0 m_eraser=0x5e2e38fafc58
[GradualEraser::stamp] cx=243.0 cy=145.0 r=6 total=113 skipped_zero=113 erased=0
[GradualEraser::verify] center(243,145) rgba=(0,0,0,0)
[BrushEngine::stampEraser] cx=243.0 cy=145.0 m_eraser=0x5e2e38fafc58
[GradualEraser::stamp] cx=243.0 cy=145.0 r=6 total=113 skipped_zero=113 erased=0
[GradualEraser::verify] center(243,145) rgba=(0,0,0,0)
[CANVAS_UPDATE] recompositing (frameDirty=1 canvasDirty=0)
[CANVAS_UPDATE] sample pixel (207,154): rgba=(255,101,50,255)
[MOUSE_MOVE] drawing=true tool=1 drawing at (585.0,227.0)
[handleDrawing] tool=1 brushType=4 eraserSize=12.0 eraserOp=1.00 layer=0x5e2e67ee0d30
[BrushEngine::stampEraser] cx=243.0 cy=145.0 m_eraser=0x5e2e38fafc58
[GradualEraser::stamp] cx=243.0 cy=145.0 r=6 total=113 skipped_zero=113 erased=0
[GradualEraser::verify] center(243,145) rgba=(0,0,0,0)
[BrushEngine::stampEraser] cx=241.0 cy=145.0 m_eraser=0x5e2e38fafc58
[GradualEraser::stamp] cx=241.0 cy=145.0 r=6 total=113 skipped_zero=113 erased=0
[GradualEraser::verify] center(241,145) rgba=(0,0,0,0)
[BrushEngine::stampEraser] cx=241.0 cy=145.0 m_eraser=0x5e2e38fafc58
[GradualEraser::stamp] cx=241.0 cy=145.0 r=6 total=113 skipped_zero=113 erased=0
[GradualEraser::verify] center(241,145) rgba=(0,0,0,0)
[MOUSE_MOVE] drawing=true tool=1 drawing at (583.0,227.0)
[handleDrawing] tool=1 brushType=4 eraserSize=12.0 eraserOp=1.00 layer=0x5e2e67ee0d30
[BrushEngine::stampEraser] cx=241.0 cy=145.0 m_eraser=0x5e2e38fafc58
[GradualEraser::stamp] cx=241.0 cy=145.0 r=6 total=113 skipped_zero=113 erased=0
[GradualEraser::verify] center(241,145) rgba=(0,0,0,0)
[BrushEngine::stampEraser] cx=239.0 cy=145.0 m_eraser=0x5e2e38fafc58
[GradualEraser::stamp] cx=239.0 cy=145.0 r=6 total=113 skipped_zero=113 erased=0
[GradualEraser::verify] center(239,145) rgba=(0,0,0,0)
[BrushEngine::stampEraser] cx=239.0 cy=145.0 m_eraser=0x5e2e38fafc58
[GradualEraser::stamp] cx=239.0 cy=145.0 r=6 total=113 skipped_zero=113 erased=0
[GradualEraser::verify] center(239,145) rgba=(0,0,0,0)
[MOUSE_MOVE] drawing=true tool=1 drawing at (582.0,227.0)
[handleDrawing] tool=1 brushType=4 eraserSize=12.0 eraserOp=1.00 layer=0x5e2e67ee0d30
[BrushEngine::stampEraser] cx=239.0 cy=145.0 m_eraser=0x5e2e38fafc58
[GradualEraser::stamp] cx=239.0 cy=145.0 r=6 total=113 skipped_zero=113 erased=0
[GradualEraser::verify] center(239,145) rgba=(0,0,0,0)
[BrushEngine::stampEraser] cx=238.0 cy=145.0 m_eraser=0x5e2e38fafc58
[GradualEraser::stamp] cx=238.0 cy=145.0 r=6 total=113 skipped_zero=113 erased=0
[GradualEraser::verify] center(238,145) rgba=(0,0,0,0)
[BrushEngine::stampEraser] cx=238.0 cy=145.0 m_eraser=0x5e2e38fafc58
[GradualEraser::stamp] cx=238.0 cy=145.0 r=6 total=113 skipped_zero=113 erased=0
[GradualEraser::verify] center(238,145) rgba=(0,0,0,0)
[MOUSE_MOVE] drawing=true tool=1 drawing at (579.0,227.0)
[handleDrawing] tool=1 brushType=4 eraserSize=12.0 eraserOp=1.00 layer=0x5e2e67ee0d30
[BrushEngine::stampEraser] cx=238.0 cy=145.0 m_eraser=0x5e2e38fafc58
[GradualEraser::stamp] cx=238.0 cy=145.0 r=6 total=113 skipped_zero=113 erased=0
[GradualEraser::verify] center(238,145) rgba=(0,0,0,0)
[BrushEngine::stampEraser] cx=235.0 cy=145.0 m_eraser=0x5e2e38fafc58
[GradualEraser::stamp] cx=235.0 cy=145.0 r=6 total=113 skipped_zero=108 erased=5
[GradualEraser::verify] center(235,145) rgba=(0,0,0,0)
[BrushEngine::stampEraser] cx=235.0 cy=145.0 m_eraser=0x5e2e38fafc58
[GradualEraser::stamp] cx=235.0 cy=145.0 r=6 total=113 skipped_zero=113 erased=0
[GradualEraser::verify] center(235,145) rgba=(0,0,0,0)
[MOUSE_MOVE] drawing=true tool=1 drawing at (578.0,227.0)
[handleDrawing] tool=1 brushType=4 eraserSize=12.0 eraserOp=1.00 layer=0x5e2e67ee0d30
[BrushEngine::stampEraser] cx=235.0 cy=145.0 m_eraser=0x5e2e38fafc58
[GradualEraser::stamp] cx=235.0 cy=145.0 r=6 total=113 skipped_zero=113 erased=0
[GradualEraser::verify] center(235,145) rgba=(0,0,0,0)
[BrushEngine::stampEraser] cx=234.0 cy=145.0 m_eraser=0x5e2e38fafc58
[GradualEraser::stamp] cx=234.0 cy=145.0 r=6 total=113 skipped_zero=111 erased=2
[GradualEraser::verify] center(234,145) rgba=(0,0,0,0)
[BrushEngine::stampEraser] cx=234.0 cy=145.0 m_eraser=0x5e2e38fafc58
[GradualEraser::stamp] cx=234.0 cy=145.0 r=6 total=113 skipped_zero=113 erased=0
[GradualEraser::verify] center(234,145) rgba=(0,0,0,0)
[CANVAS_UPDATE] recompositing (frameDirty=1 canvasDirty=0)
[CANVAS_UPDATE] sample pixel (207,154): rgba=(255,101,50,255)
[MOUSE_MOVE] drawing=true tool=1 drawing at (575.0,227.0)
[handleDrawing] tool=1 brushType=4 eraserSize=12.0 eraserOp=1.00 layer=0x5e2e67ee0d30
[BrushEngine::stampEraser] cx=234.0 cy=145.0 m_eraser=0x5e2e38fafc58
[GradualEraser::stamp] cx=234.0 cy=145.0 r=6 total=113 skipped_zero=113 erased=0
[GradualEraser::verify] center(234,145) rgba=(0,0,0,0)
[BrushEngine::stampEraser] cx=231.0 cy=145.0 m_eraser=0x5e2e38fafc58
[GradualEraser::stamp] cx=231.0 cy=145.0 r=6 total=113 skipped_zero=108 erased=5
[GradualEraser::verify] center(231,145) rgba=(0,0,0,0)
[BrushEngine::stampEraser] cx=231.0 cy=145.0 m_eraser=0x5e2e38fafc58
[GradualEraser::stamp] cx=231.0 cy=145.0 r=6 total=113 skipped_zero=113 erased=0
[GradualEraser::verify] center(231,145) rgba=(0,0,0,0)
[MOUSE_MOVE] drawing=true tool=1 drawing at (574.0,227.0)
[handleDrawing] tool=1 brushType=4 eraserSize=12.0 eraserOp=1.00 layer=0x5e2e67ee0d30
[BrushEngine::stampEraser] cx=231.0 cy=145.0 m_eraser=0x5e2e38fafc58
[GradualEraser::stamp] cx=231.0 cy=145.0 r=6 total=113 skipped_zero=113 erased=0
[GradualEraser::verify] center(231,145) rgba=(0,0,0,0)
[BrushEngine::stampEraser] cx=230.0 cy=145.0 m_eraser=0x5e2e38fafc58
[GradualEraser::stamp] cx=230.0 cy=145.0 r=6 total=113 skipped_zero=110 erased=3
[GradualEraser::verify] center(230,145) rgba=(0,0,0,0)
[BrushEngine::stampEraser] cx=230.0 cy=145.0 m_eraser=0x5e2e38fafc58
[GradualEraser::stamp] cx=230.0 cy=145.0 r=6 total=113 skipped_zero=113 erased=0
[GradualEraser::verify] center(230,145) rgba=(0,0,0,0)
[MOUSE_MOVE] drawing=true tool=1 drawing at (572.0,227.0)
[handleDrawing] tool=1 brushType=4 eraserSize=12.0 eraserOp=1.00 layer=0x5e2e67ee0d30
[BrushEngine::stampEraser] cx=230.0 cy=145.0 m_eraser=0x5e2e38fafc58
[GradualEraser::stamp] cx=230.0 cy=145.0 r=6 total=113 skipped_zero=113 erased=0
[GradualEraser::verify] center(230,145) rgba=(0,0,0,0)
[BrushEngine::stampEraser] cx=228.0 cy=145.0 m_eraser=0x5e2e38fafc58
[GradualEraser::stamp] cx=228.0 cy=145.0 r=6 total=113 skipped_zero=106 erased=7
[GradualEraser::verify] center(228,145) rgba=(0,0,0,0)
[BrushEngine::stampEraser] cx=228.0 cy=145.0 m_eraser=0x5e2e38fafc58
[GradualEraser::stamp] cx=228.0 cy=145.0 r=6 total=113 skipped_zero=113 erased=0
[GradualEraser::verify] center(228,145) rgba=(0,0,0,0)
[MOUSE_MOVE] drawing=true tool=1 drawing at (571.0,227.0)
[handleDrawing] tool=1 brushType=4 eraserSize=12.0 eraserOp=1.00 layer=0x5e2e67ee0d30
[BrushEngine::stampEraser] cx=228.0 cy=145.0 m_eraser=0x5e2e38fafc58
[GradualEraser::stamp] cx=228.0 cy=145.0 r=6 total=113 skipped_zero=113 erased=0
[GradualEraser::verify] center(228,145) rgba=(0,0,0,0)
[BrushEngine::stampEraser] cx=227.0 cy=145.0 m_eraser=0x5e2e38fafc58
[GradualEraser::stamp] cx=227.0 cy=145.0 r=6 total=113 skipped_zero=109 erased=4
[GradualEraser::verify] center(227,145) rgba=(0,0,0,0)
[BrushEngine::stampEraser] cx=227.0 cy=145.0 m_eraser=0x5e2e38fafc58
[GradualEraser::stamp] cx=227.0 cy=145.0 r=6 total=113 skipped_zero=113 erased=0
[GradualEraser::verify] center(227,145) rgba=(0,0,0,0)
[MOUSE_MOVE] drawing=true tool=1 drawing at (570.0,227.0)
[handleDrawing] tool=1 brushType=4 eraserSize=12.0 eraserOp=1.00 layer=0x5e2e67ee0d30
[BrushEngine::stampEraser] cx=227.0 cy=145.0 m_eraser=0x5e2e38fafc58
[GradualEraser::stamp] cx=227.0 cy=145.0 r=6 total=113 skipped_zero=113 erased=0
[GradualEraser::verify] center(227,145) rgba=(0,0,0,0)
[BrushEngine::stampEraser] cx=226.0 cy=145.0 m_eraser=0x5e2e38fafc58
[GradualEraser::stamp] cx=226.0 cy=145.0 r=6 total=113 skipped_zero=108 erased=5
[GradualEraser::verify] center(226,145) rgba=(0,0,0,0)
[BrushEngine::stampEraser] cx=226.0 cy=145.0 m_eraser=0x5e2e38fafc58
[GradualEraser::stamp] cx=226.0 cy=145.0 r=6 total=113 skipped_zero=113 erased=0
[GradualEraser::verify] center(226,145) rgba=(0,0,0,0)
[CANVAS_UPDATE] recompositing (frameDirty=1 canvasDirty=0)
[CANVAS_UPDATE] sample pixel (207,154): rgba=(255,101,50,255)
[MOUSE_MOVE] drawing=true tool=1 drawing at (569.0,227.0)
[handleDrawing] tool=1 brushType=4 eraserSize=12.0 eraserOp=1.00 layer=0x5e2e67ee0d30
[BrushEngine::stampEraser] cx=226.0 cy=145.0 m_eraser=0x5e2e38fafc58
[GradualEraser::stamp] cx=226.0 cy=145.0 r=6 total=113 skipped_zero=113 erased=0
[GradualEraser::verify] center(226,145) rgba=(0,0,0,0)
[BrushEngine::stampEraser] cx=225.0 cy=145.0 m_eraser=0x5e2e38fafc58
[GradualEraser::stamp] cx=225.0 cy=145.0 r=6 total=113 skipped_zero=109 erased=4
[GradualEraser::verify] center(225,145) rgba=(0,0,0,0)
[BrushEngine::stampEraser] cx=225.0 cy=145.0 m_eraser=0x5e2e38fafc58
[GradualEraser::stamp] cx=225.0 cy=145.0 r=6 total=113 skipped_zero=113 erased=0
[GradualEraser::verify] center(225,145) rgba=(0,0,0,0)
[MOUSE_MOVE] drawing=true tool=1 drawing at (568.0,227.0)
[handleDrawing] tool=1 brushType=4 eraserSize=12.0 eraserOp=1.00 layer=0x5e2e67ee0d30
[BrushEngine::stampEraser] cx=225.0 cy=145.0 m_eraser=0x5e2e38fafc58
[GradualEraser::stamp] cx=225.0 cy=145.0 r=6 total=113 skipped_zero=113 erased=0
[GradualEraser::verify] center(225,145) rgba=(0,0,0,0)
[BrushEngine::stampEraser] cx=224.0 cy=145.0 m_eraser=0x5e2e38fafc58
[GradualEraser::stamp] cx=224.0 cy=145.0 r=6 total=113 skipped_zero=108 erased=5
[GradualEraser::verify] center(224,145) rgba=(0,0,0,0)
[BrushEngine::stampEraser] cx=224.0 cy=145.0 m_eraser=0x5e2e38fafc58
[GradualEraser::stamp] cx=224.0 cy=145.0 r=6 total=113 skipped_zero=113 erased=0
[GradualEraser::verify] center(224,145) rgba=(0,0,0,0)
[MOUSE_MOVE] drawing=true tool=1 drawing at (567.0,227.0)
[handleDrawing] tool=1 brushType=4 eraserSize=12.0 eraserOp=1.00 layer=0x5e2e67ee0d30
[BrushEngine::stampEraser] cx=224.0 cy=145.0 m_eraser=0x5e2e38fafc58
[GradualEraser::stamp] cx=224.0 cy=145.0 r=6 total=113 skipped_zero=113 erased=0
[GradualEraser::verify] center(224,145) rgba=(0,0,0,0)
[BrushEngine::stampEraser] cx=223.0 cy=145.0 m_eraser=0x5e2e38fafc58
[GradualEraser::stamp] cx=223.0 cy=145.0 r=6 total=113 skipped_zero=109 erased=4
[GradualEraser::verify] center(223,145) rgba=(0,0,0,0)
[BrushEngine::stampEraser] cx=223.0 cy=145.0 m_eraser=0x5e2e38fafc58
[GradualEraser::stamp] cx=223.0 cy=145.0 r=6 total=113 skipped_zero=113 erased=0
[GradualEraser::verify] center(223,145) rgba=(0,0,0,0)
[MOUSE_MOVE] drawing=true tool=1 drawing at (565.0,227.0)
[handleDrawing] tool=1 brushType=4 eraserSize=12.0 eraserOp=1.00 layer=0x5e2e67ee0d30
[BrushEngine::stampEraser] cx=223.0 cy=145.0 m_eraser=0x5e2e38fafc58
[GradualEraser::stamp] cx=223.0 cy=145.0 r=6 total=113 skipped_zero=113 erased=0
[GradualEraser::verify] center(223,145) rgba=(0,0,0,0)
[BrushEngine::stampEraser] cx=221.0 cy=145.0 m_eraser=0x5e2e38fafc58
[GradualEraser::stamp] cx=221.0 cy=145.0 r=6 total=113 skipped_zero=105 erased=8
[GradualEraser::verify] center(221,145) rgba=(0,0,0,0)
[BrushEngine::stampEraser] cx=221.0 cy=145.0 m_eraser=0x5e2e38fafc58
[GradualEraser::stamp] cx=221.0 cy=145.0 r=6 total=113 skipped_zero=113 erased=0
[GradualEraser::verify] center(221,145) rgba=(0,0,0,0)
[MOUSE_MOVE] drawing=true tool=1 drawing at (564.0,227.0)
[handleDrawing] tool=1 brushType=4 eraserSize=12.0 eraserOp=1.00 layer=0x5e2e67ee0d30
[BrushEngine::stampEraser] cx=221.0 cy=145.0 m_eraser=0x5e2e38fafc58
[GradualEraser::stamp] cx=221.0 cy=145.0 r=6 total=113 skipped_zero=113 erased=0
[GradualEraser::verify] center(221,145) rgba=(0,0,0,0)
[BrushEngine::stampEraser] cx=220.0 cy=145.0 m_eraser=0x5e2e38fafc58
[GradualEraser::stamp] cx=220.0 cy=145.0 r=6 total=113 skipped_zero=109 erased=4
[GradualEraser::verify] center(220,145) rgba=(0,0,0,0)
[BrushEngine::stampEraser] cx=220.0 cy=145.0 m_eraser=0x5e2e38fafc58
[GradualEraser::stamp] cx=220.0 cy=145.0 r=6 total=113 skipped_zero=113 erased=0
[GradualEraser::verify] center(220,145) rgba=(0,0,0,0)
[CANVAS_UPDATE] recompositing (frameDirty=1 canvasDirty=0)
[CANVAS_UPDATE] sample pixel (207,154): rgba=(255,101,50,255)
[MOUSE_MOVE] drawing=true tool=1 drawing at (563.0,227.0)
[handleDrawing] tool=1 brushType=4 eraserSize=12.0 eraserOp=1.00 layer=0x5e2e67ee0d30
[BrushEngine::stampEraser] cx=220.0 cy=145.0 m_eraser=0x5e2e38fafc58
[GradualEraser::stamp] cx=220.0 cy=145.0 r=6 total=113 skipped_zero=113 erased=0
[GradualEraser::verify] center(220,145) rgba=(0,0,0,0)
[BrushEngine::stampEraser] cx=219.0 cy=145.0 m_eraser=0x5e2e38fafc58
[GradualEraser::stamp] cx=219.0 cy=145.0 r=6 total=113 skipped_zero=108 erased=5
[GradualEraser::verify] center(219,145) rgba=(0,0,0,0)
[BrushEngine::stampEraser] cx=219.0 cy=145.0 m_eraser=0x5e2e38fafc58
[GradualEraser::stamp] cx=219.0 cy=145.0 r=6 total=113 skipped_zero=113 erased=0
[GradualEraser::verify] center(219,145) rgba=(0,0,0,0)
[MOUSE_MOVE] drawing=true tool=1 drawing at (562.0,227.0)
[handleDrawing] tool=1 brushType=4 eraserSize=12.0 eraserOp=1.00 layer=0x5e2e67ee0d30
[BrushEngine::stampEraser] cx=219.0 cy=145.0 m_eraser=0x5e2e38fafc58
[GradualEraser::stamp] cx=219.0 cy=145.0 r=6 total=113 skipped_zero=113 erased=0
[GradualEraser::verify] center(219,145) rgba=(0,0,0,0)
[BrushEngine::stampEraser] cx=218.0 cy=145.0 m_eraser=0x5e2e38fafc58
[GradualEraser::stamp] cx=218.0 cy=145.0 r=6 total=113 skipped_zero=109 erased=4
[GradualEraser::verify] center(218,145) rgba=(0,0,0,0)
[BrushEngine::stampEraser] cx=218.0 cy=145.0 m_eraser=0x5e2e38fafc58
[GradualEraser::stamp] cx=218.0 cy=145.0 r=6 total=113 skipped_zero=113 erased=0
[GradualEraser::verify] center(218,145) rgba=(0,0,0,0)
[MOUSE_MOVE] drawing=true tool=1 drawing at (561.0,227.0)
[handleDrawing] tool=1 brushType=4 eraserSize=12.0 eraserOp=1.00 layer=0x5e2e67ee0d30
[BrushEngine::stampEraser] cx=218.0 cy=145.0 m_eraser=0x5e2e38fafc58
[GradualEraser::stamp] cx=218.0 cy=145.0 r=6 total=113 skipped_zero=113 erased=0
[GradualEraser::verify] center(218,145) rgba=(0,0,0,0)
[BrushEngine::stampEraser] cx=217.0 cy=145.0 m_eraser=0x5e2e38fafc58
[GradualEraser::stamp] cx=217.0 cy=145.0 r=6 total=113 skipped_zero=108 erased=5
[GradualEraser::verify] center(217,145) rgba=(0,0,0,0)
[BrushEngine::stampEraser] cx=217.0 cy=145.0 m_eraser=0x5e2e38fafc58
[GradualEraser::stamp] cx=217.0 cy=145.0 r=6 total=113 skipped_zero=113 erased=0
[GradualEraser::verify] center(217,145) rgba=(0,0,0,0)
[MOUSE_MOVE] drawing=true tool=1 drawing at (558.0,227.0)
[handleDrawing] tool=1 brushType=4 eraserSize=12.0 eraserOp=1.00 layer=0x5e2e67ee0d30
[BrushEngine::stampEraser] cx=217.0 cy=145.0 m_eraser=0x5e2e38fafc58
[GradualEraser::stamp] cx=217.0 cy=145.0 r=6 total=113 skipped_zero=113 erased=0
[GradualEraser::verify] center(217,145) rgba=(0,0,0,0)
[BrushEngine::stampEraser] cx=214.0 cy=145.0 m_eraser=0x5e2e38fafc58
[GradualEraser::stamp] cx=214.0 cy=145.0 r=6 total=113 skipped_zero=102 erased=11
[GradualEraser::verify] center(214,145) rgba=(0,0,0,0)
[BrushEngine::stampEraser] cx=214.0 cy=145.0 m_eraser=0x5e2e38fafc58
[GradualEraser::stamp] cx=214.0 cy=145.0 r=6 total=113 skipped_zero=113 erased=0
[GradualEraser::verify] center(214,145) rgba=(0,0,0,0)
[MOUSE_MOVE] drawing=true tool=1 drawing at (557.0,228.0)
[handleDrawing] tool=1 brushType=4 eraserSize=12.0 eraserOp=1.00 layer=0x5e2e67ee0d30
[BrushEngine::stampEraser] cx=214.0 cy=145.0 m_eraser=0x5e2e38fafc58
[GradualEraser::stamp] cx=214.0 cy=145.0 r=6 total=113 skipped_zero=113 erased=0
[GradualEraser::verify] center(214,145) rgba=(0,0,0,0)
[BrushEngine::stampEraser] cx=213.0 cy=146.0 m_eraser=0x5e2e38fafc58
[GradualEraser::stamp] cx=213.0 cy=146.0 r=6 total=113 skipped_zero=100 erased=13
[GradualEraser::verify] center(213,146) rgba=(0,0,0,0)
[BrushEngine::stampEraser] cx=213.0 cy=146.0 m_eraser=0x5e2e38fafc58
[GradualEraser::stamp] cx=213.0 cy=146.0 r=6 total=113 skipped_zero=113 erased=0
[GradualEraser::verify] center(213,146) rgba=(0,0,0,0)
[CANVAS_UPDATE] recompositing (frameDirty=1 canvasDirty=0)
[CANVAS_UPDATE] sample pixel (207,154): rgba=(255,101,50,255)
[MOUSE_MOVE] drawing=true tool=1 drawing at (556.0,228.0)
[handleDrawing] tool=1 brushType=4 eraserSize=12.0 eraserOp=1.00 layer=0x5e2e67ee0d30
[BrushEngine::stampEraser] cx=213.0 cy=146.0 m_eraser=0x5e2e38fafc58
[GradualEraser::stamp] cx=213.0 cy=146.0 r=6 total=113 skipped_zero=113 erased=0
[GradualEraser::verify] center(213,146) rgba=(0,0,0,0)
[BrushEngine::stampEraser] cx=212.0 cy=146.0 m_eraser=0x5e2e38fafc58
[GradualEraser::stamp] cx=212.0 cy=146.0 r=6 total=113 skipped_zero=107 erased=6
[GradualEraser::verify] center(212,146) rgba=(0,0,0,0)
[BrushEngine::stampEraser] cx=212.0 cy=146.0 m_eraser=0x5e2e38fafc58
[GradualEraser::stamp] cx=212.0 cy=146.0 r=6 total=113 skipped_zero=113 erased=0
[GradualEraser::verify] center(212,146) rgba=(0,0,0,0)
[MOUSE_MOVE] drawing=true tool=1 drawing at (554.0,228.0)
[handleDrawing] tool=1 brushType=4 eraserSize=12.0 eraserOp=1.00 layer=0x5e2e67ee0d30
[BrushEngine::stampEraser] cx=212.0 cy=146.0 m_eraser=0x5e2e38fafc58
[GradualEraser::stamp] cx=212.0 cy=146.0 r=6 total=113 skipped_zero=113 erased=0
[GradualEraser::verify] center(212,146) rgba=(0,0,0,0)
[BrushEngine::stampEraser] cx=210.0 cy=146.0 m_eraser=0x5e2e38fafc58
[GradualEraser::stamp] cx=210.0 cy=146.0 r=6 total=113 skipped_zero=102 erased=11
[GradualEraser::verify] center(210,146) rgba=(0,0,0,0)
[BrushEngine::stampEraser] cx=210.0 cy=146.0 m_eraser=0x5e2e38fafc58
[GradualEraser::stamp] cx=210.0 cy=146.0 r=6 total=113 skipped_zero=113 erased=0
[GradualEraser::verify] center(210,146) rgba=(0,0,0,0)
[MOUSE_MOVE] drawing=true tool=1 drawing at (553.0,229.0)
[handleDrawing] tool=1 brushType=4 eraserSize=12.0 eraserOp=1.00 layer=0x5e2e67ee0d30
[BrushEngine::stampEraser] cx=210.0 cy=146.0 m_eraser=0x5e2e38fafc58
[GradualEraser::stamp] cx=210.0 cy=146.0 r=6 total=113 skipped_zero=113 erased=0
[GradualEraser::verify] center(210,146) rgba=(0,0,0,0)
[BrushEngine::stampEraser] cx=209.0 cy=147.0 m_eraser=0x5e2e38fafc58
[GradualEraser::stamp] cx=209.0 cy=147.0 r=6 total=113 skipped_zero=99 erased=14
[GradualEraser::verify] center(209,147) rgba=(0,0,0,0)
[BrushEngine::stampEraser] cx=209.0 cy=147.0 m_eraser=0x5e2e38fafc58
[GradualEraser::stamp] cx=209.0 cy=147.0 r=6 total=113 skipped_zero=113 erased=0
[GradualEraser::verify] center(209,147) rgba=(0,0,0,0)
[MOUSE_MOVE] drawing=true tool=1 drawing at (552.0,229.0)
[handleDrawing] tool=1 brushType=4 eraserSize=12.0 eraserOp=1.00 layer=0x5e2e67ee0d30
[BrushEngine::stampEraser] cx=209.0 cy=147.0 m_eraser=0x5e2e38fafc58
[GradualEraser::stamp] cx=209.0 cy=147.0 r=6 total=113 skipped_zero=113 erased=0
[GradualEraser::verify] center(209,147) rgba=(0,0,0,0)
[BrushEngine::stampEraser] cx=208.0 cy=147.0 m_eraser=0x5e2e38fafc58
[GradualEraser::stamp] cx=208.0 cy=147.0 r=6 total=113 skipped_zero=105 erased=8
[GradualEraser::verify] center(208,147) rgba=(0,0,0,0)
[BrushEngine::stampEraser] cx=208.0 cy=147.0 m_eraser=0x5e2e38fafc58
[GradualEraser::stamp] cx=208.0 cy=147.0 r=6 total=113 skipped_zero=113 erased=0
[GradualEraser::verify] center(208,147) rgba=(0,0,0,0)
[MOUSE_MOVE] drawing=true tool=1 drawing at (551.0,229.0)
[handleDrawing] tool=1 brushType=4 eraserSize=12.0 eraserOp=1.00 layer=0x5e2e67ee0d30
[BrushEngine::stampEraser] cx=208.0 cy=147.0 m_eraser=0x5e2e38fafc58
[GradualEraser::stamp] cx=208.0 cy=147.0 r=6 total=113 skipped_zero=113 erased=0
[GradualEraser::verify] center(208,147) rgba=(0,0,0,0)
[BrushEngine::stampEraser] cx=207.0 cy=147.0 m_eraser=0x5e2e38fafc58
[GradualEraser::stamp] cx=207.0 cy=147.0 r=6 total=113 skipped_zero=106 erased=7
[GradualEraser::verify] center(207,147) rgba=(0,0,0,0)
[BrushEngine::stampEraser] cx=207.0 cy=147.0 m_eraser=0x5e2e38fafc58
[GradualEraser::stamp] cx=207.0 cy=147.0 r=6 total=113 skipped_zero=113 erased=0
[GradualEraser::verify] center(207,147) rgba=(0,0,0,0)
[MOUSE_MOVE] drawing=true tool=1 drawing at (548.0,232.0)
[handleDrawing] tool=1 brushType=4 eraserSize=12.0 eraserOp=1.00 layer=0x5e2e67ee0d30
[BrushEngine::stampEraser] cx=207.0 cy=147.0 m_eraser=0x5e2e38fafc58
[GradualEraser::stamp] cx=207.0 cy=147.0 r=6 total=113 skipped_zero=113 erased=0
[GradualEraser::verify] center(207,147) rgba=(0,0,0,0)
[BrushEngine::stampEraser] cx=205.5 cy=148.5 m_eraser=0x5e2e38fafc58
[GradualEraser::stamp] cx=205.5 cy=148.5 r=6 total=113 skipped_zero=90 erased=23
[GradualEraser::verify] center(206,149) rgba=(0,0,0,0)
[BrushEngine::stampEraser] cx=204.0 cy=150.0 m_eraser=0x5e2e38fafc58
[GradualEraser::stamp] cx=204.0 cy=150.0 r=6 total=113 skipped_zero=87 erased=26
[GradualEraser::verify] center(204,150) rgba=(0,0,0,0)
[BrushEngine::stampEraser] cx=204.0 cy=150.0 m_eraser=0x5e2e38fafc58
[GradualEraser::stamp] cx=204.0 cy=150.0 r=6 total=113 skipped_zero=113 erased=0
[GradualEraser::verify] center(204,150) rgba=(0,0,0,0)
[MOUSE_MOVE] drawing=true tool=1 drawing at (546.0,232.0)
[handleDrawing] tool=1 brushType=4 eraserSize=12.0 eraserOp=1.00 layer=0x5e2e67ee0d30
[BrushEngine::stampEraser] cx=204.0 cy=150.0 m_eraser=0x5e2e38fafc58
[GradualEraser::stamp] cx=204.0 cy=150.0 r=6 total=113 skipped_zero=113 erased=0
[GradualEraser::verify] center(204,150) rgba=(0,0,0,0)
[BrushEngine::stampEraser] cx=202.0 cy=150.0 m_eraser=0x5e2e38fafc58
[GradualEraser::stamp] cx=202.0 cy=150.0 r=6 total=113 skipped_zero=92 erased=21
[GradualEraser::verify] center(202,150) rgba=(0,0,0,0)
[BrushEngine::stampEraser] cx=202.0 cy=150.0 m_eraser=0x5e2e38fafc58
[GradualEraser::stamp] cx=202.0 cy=150.0 r=6 total=113 skipped_zero=113 erased=0
[GradualEraser::verify] center(202,150) rgba=(0,0,0,0)
[MOUSE_MOVE] drawing=true tool=1 drawing at (546.0,233.0)
[handleDrawing] tool=1 brushType=4 eraserSize=12.0 eraserOp=1.00 layer=0x5e2e67ee0d30
[BrushEngine::stampEraser] cx=202.0 cy=150.0 m_eraser=0x5e2e38fafc58
[GradualEraser::stamp] cx=202.0 cy=150.0 r=6 total=113 skipped_zero=113 erased=0
[GradualEraser::verify] center(202,150) rgba=(0,0,0,0)
[BrushEngine::stampEraser] cx=202.0 cy=151.0 m_eraser=0x5e2e38fafc58
[GradualEraser::stamp] cx=202.0 cy=151.0 r=6 total=113 skipped_zero=104 erased=9
[GradualEraser::verify] center(202,151) rgba=(0,0,0,0)
[BrushEngine::stampEraser] cx=202.0 cy=151.0 m_eraser=0x5e2e38fafc58
[GradualEraser::stamp] cx=202.0 cy=151.0 r=6 total=113 skipped_zero=113 erased=0
[GradualEraser::verify] center(202,151) rgba=(0,0,0,0)
[CANVAS_UPDATE] recompositing (frameDirty=1 canvasDirty=0)
[CANVAS_UPDATE] sample pixel (207,154): rgba=(255,101,50,255)
[MOUSE_MOVE] drawing=true tool=1 drawing at (545.0,233.0)
[handleDrawing] tool=1 brushType=4 eraserSize=12.0 eraserOp=1.00 layer=0x5e2e67ee0d30
[BrushEngine::stampEraser] cx=202.0 cy=151.0 m_eraser=0x5e2e38fafc58
[GradualEraser::stamp] cx=202.0 cy=151.0 r=6 total=113 skipped_zero=113 erased=0
[GradualEraser::verify] center(202,151) rgba=(0,0,0,0)
[BrushEngine::stampEraser] cx=201.0 cy=151.0 m_eraser=0x5e2e38fafc58
[GradualEraser::stamp] cx=201.0 cy=151.0 r=6 total=113 skipped_zero=104 erased=9
[GradualEraser::verify] center(201,151) rgba=(0,0,0,0)
[BrushEngine::stampEraser] cx=201.0 cy=151.0 m_eraser=0x5e2e38fafc58
[GradualEraser::stamp] cx=201.0 cy=151.0 r=6 total=113 skipped_zero=113 erased=0
[GradualEraser::verify] center(201,151) rgba=(0,0,0,0)
[MOUSE_MOVE] drawing=true tool=1 drawing at (545.0,235.0)
[handleDrawing] tool=1 brushType=4 eraserSize=12.0 eraserOp=1.00 layer=0x5e2e67ee0d30
[BrushEngine::stampEraser] cx=201.0 cy=151.0 m_eraser=0x5e2e38fafc58
[GradualEraser::stamp] cx=201.0 cy=151.0 r=6 total=113 skipped_zero=113 erased=0
[GradualEraser::verify] center(201,151) rgba=(0,0,0,0)
[BrushEngine::stampEraser] cx=201.0 cy=153.0 m_eraser=0x5e2e38fafc58
[GradualEraser::stamp] cx=201.0 cy=153.0 r=6 total=113 skipped_zero=97 erased=16
[GradualEraser::verify] center(201,153) rgba=(0,0,0,0)
[BrushEngine::stampEraser] cx=201.0 cy=153.0 m_eraser=0x5e2e38fafc58
[GradualEraser::stamp] cx=201.0 cy=153.0 r=6 total=113 skipped_zero=113 erased=0
[GradualEraser::verify] center(201,153) rgba=(0,0,0,0)
[MOUSE_MOVE] drawing=true tool=1 drawing at (544.0,235.0)
[handleDrawing] tool=1 brushType=4 eraserSize=12.0 eraserOp=1.00 layer=0x5e2e67ee0d30
[BrushEngine::stampEraser] cx=201.0 cy=153.0 m_eraser=0x5e2e38fafc58
[GradualEraser::stamp] cx=201.0 cy=153.0 r=6 total=113 skipped_zero=113 erased=0
[GradualEraser::verify] center(201,153) rgba=(0,0,0,0)
[BrushEngine::stampEraser] cx=200.0 cy=153.0 m_eraser=0x5e2e38fafc58
[GradualEraser::stamp] cx=200.0 cy=153.0 r=6 total=113 skipped_zero=105 erased=8
[GradualEraser::verify] center(200,153) rgba=(0,0,0,0)
[BrushEngine::stampEraser] cx=200.0 cy=153.0 m_eraser=0x5e2e38fafc58
[GradualEraser::stamp] cx=200.0 cy=153.0 r=6 total=113 skipped_zero=113 erased=0
[GradualEraser::verify] center(200,153) rgba=(0,0,0,0)
[MOUSE_MOVE] drawing=true tool=1 drawing at (544.0,236.0)
[handleDrawing] tool=1 brushType=4 eraserSize=12.0 eraserOp=1.00 layer=0x5e2e67ee0d30
[BrushEngine::stampEraser] cx=200.0 cy=153.0 m_eraser=0x5e2e38fafc58
[GradualEraser::stamp] cx=200.0 cy=153.0 r=6 total=113 skipped_zero=113 erased=0
[GradualEraser::verify] center(200,153) rgba=(0,0,0,0)
[BrushEngine::stampEraser] cx=200.0 cy=154.0 m_eraser=0x5e2e38fafc58
[GradualEraser::stamp] cx=200.0 cy=154.0 r=6 total=113 skipped_zero=111 erased=2
[GradualEraser::verify] center(200,154) rgba=(0,0,0,0)
[BrushEngine::stampEraser] cx=200.0 cy=154.0 m_eraser=0x5e2e38fafc58
[GradualEraser::stamp] cx=200.0 cy=154.0 r=6 total=113 skipped_zero=113 erased=0
[GradualEraser::verify] center(200,154) rgba=(0,0,0,0)
[MOUSE_MOVE] drawing=true tool=1 drawing at (543.0,237.0)
[handleDrawing] tool=1 brushType=4 eraserSize=12.0 eraserOp=1.00 layer=0x5e2e67ee0d30
[BrushEngine::stampEraser] cx=200.0 cy=154.0 m_eraser=0x5e2e38fafc58
[GradualEraser::stamp] cx=200.0 cy=154.0 r=6 total=113 skipped_zero=113 erased=0
[GradualEraser::verify] center(200,154) rgba=(0,0,0,0)
[BrushEngine::stampEraser] cx=199.0 cy=155.0 m_eraser=0x5e2e38fafc58
[GradualEraser::stamp] cx=199.0 cy=155.0 r=6 total=113 skipped_zero=108 erased=5
[GradualEraser::verify] center(199,155) rgba=(0,0,0,0)
[BrushEngine::stampEraser] cx=199.0 cy=155.0 m_eraser=0x5e2e38fafc58
[GradualEraser::stamp] cx=199.0 cy=155.0 r=6 total=113 skipped_zero=113 erased=0
[GradualEraser::verify] center(199,155) rgba=(0,0,0,0)
[MOUSE_MOVE] drawing=true tool=1 drawing at (543.0,238.0)
[handleDrawing] tool=1 brushType=4 eraserSize=12.0 eraserOp=1.00 layer=0x5e2e67ee0d30
[BrushEngine::stampEraser] cx=199.0 cy=155.0 m_eraser=0x5e2e38fafc58
[GradualEraser::stamp] cx=199.0 cy=155.0 r=6 total=113 skipped_zero=113 erased=0
[GradualEraser::verify] center(199,155) rgba=(0,0,0,0)
[BrushEngine::stampEraser] cx=199.0 cy=156.0 m_eraser=0x5e2e38fafc58
[GradualEraser::stamp] cx=199.0 cy=156.0 r=6 total=113 skipped_zero=112 erased=1
[GradualEraser::verify] center(199,156) rgba=(0,0,0,0)
[BrushEngine::stampEraser] cx=199.0 cy=156.0 m_eraser=0x5e2e38fafc58
[GradualEraser::stamp] cx=199.0 cy=156.0 r=6 total=113 skipped_zero=113 erased=0
[GradualEraser::verify] center(199,156) rgba=(0,0,0,0)
[CANVAS_UPDATE] recompositing (frameDirty=1 canvasDirty=0)
[CANVAS_UPDATE] sample pixel (207,154): rgba=(255,101,50,255)
[MOUSE_MOVE] drawing=true tool=1 drawing at (543.0,239.0)
[handleDrawing] tool=1 brushType=4 eraserSize=12.0 eraserOp=1.00 layer=0x5e2e67ee0d30
[BrushEngine::stampEraser] cx=199.0 cy=156.0 m_eraser=0x5e2e38fafc58
[GradualEraser::stamp] cx=199.0 cy=156.0 r=6 total=113 skipped_zero=113 erased=0
[GradualEraser::verify] center(199,156) rgba=(0,0,0,0)
[BrushEngine::stampEraser] cx=199.0 cy=157.0 m_eraser=0x5e2e38fafc58
[GradualEraser::stamp] cx=199.0 cy=157.0 r=6 total=113 skipped_zero=113 erased=0
[GradualEraser::verify] center(199,157) rgba=(0,0,0,0)
[BrushEngine::stampEraser] cx=199.0 cy=157.0 m_eraser=0x5e2e38fafc58
[GradualEraser::stamp] cx=199.0 cy=157.0 r=6 total=113 skipped_zero=113 erased=0
[GradualEraser::verify] center(199,157) rgba=(0,0,0,0)
[MOUSE_MOVE] drawing=true tool=1 drawing at (543.0,240.0)
[handleDrawing] tool=1 brushType=4 eraserSize=12.0 eraserOp=1.00 layer=0x5e2e67ee0d30
[BrushEngine::stampEraser] cx=199.0 cy=157.0 m_eraser=0x5e2e38fafc58
[GradualEraser::stamp] cx=199.0 cy=157.0 r=6 total=113 skipped_zero=113 erased=0
[GradualEraser::verify] center(199,157) rgba=(0,0,0,0)
[BrushEngine::stampEraser] cx=199.0 cy=158.0 m_eraser=0x5e2e38fafc58
[GradualEraser::stamp] cx=199.0 cy=158.0 r=6 total=113 skipped_zero=112 erased=1
[GradualEraser::verify] center(199,158) rgba=(0,0,0,0)
[BrushEngine::stampEraser] cx=199.0 cy=158.0 m_eraser=0x5e2e38fafc58
[GradualEraser::stamp] cx=199.0 cy=158.0 r=6 total=113 skipped_zero=113 erased=0
[GradualEraser::verify] center(199,158) rgba=(0,0,0,0)
[CANVAS_UPDATE] recompositing (frameDirty=1 canvasDirty=0)
[CANVAS_UPDATE] sample pixel (207,154): rgba=(255,101,50,255)
[MOUSE_MOVE] drawing=true tool=1 drawing at (544.0,241.0)
[handleDrawing] tool=1 brushType=4 eraserSize=12.0 eraserOp=1.00 layer=0x5e2e67ee0d30
[BrushEngine::stampEraser] cx=199.0 cy=158.0 m_eraser=0x5e2e38fafc58
[GradualEraser::stamp] cx=199.0 cy=158.0 r=6 total=113 skipped_zero=113 erased=0
[GradualEraser::verify] center(199,158) rgba=(0,0,0,0)
[BrushEngine::stampEraser] cx=200.0 cy=159.0 m_eraser=0x5e2e38fafc58
[GradualEraser::stamp] cx=200.0 cy=159.0 r=6 total=113 skipped_zero=112 erased=1
[GradualEraser::verify] center(200,159) rgba=(0,0,0,0)
[BrushEngine::stampEraser] cx=200.0 cy=159.0 m_eraser=0x5e2e38fafc58
[GradualEraser::stamp] cx=200.0 cy=159.0 r=6 total=113 skipped_zero=113 erased=0
[GradualEraser::verify] center(200,159) rgba=(0,0,0,0)
[CANVAS_UPDATE] recompositing (frameDirty=1 canvasDirty=0)
[CANVAS_UPDATE] sample pixel (207,154): rgba=(255,101,50,255)
[MOUSE_MOVE] drawing=true tool=1 drawing at (545.0,242.0)
[handleDrawing] tool=1 brushType=4 eraserSize=12.0 eraserOp=1.00 layer=0x5e2e67ee0d30
[BrushEngine::stampEraser] cx=200.0 cy=159.0 m_eraser=0x5e2e38fafc58
[GradualEraser::stamp] cx=200.0 cy=159.0 r=6 total=113 skipped_zero=113 erased=0
[GradualEraser::verify] center(200,159) rgba=(0,0,0,0)
[BrushEngine::stampEraser] cx=201.0 cy=160.0 m_eraser=0x5e2e38fafc58
[GradualEraser::stamp] cx=201.0 cy=160.0 r=6 total=113 skipped_zero=111 erased=2
[GradualEraser::verify] center(201,160) rgba=(0,0,0,0)
[BrushEngine::stampEraser] cx=201.0 cy=160.0 m_eraser=0x5e2e38fafc58
[GradualEraser::stamp] cx=201.0 cy=160.0 r=6 total=113 skipped_zero=113 erased=0
[GradualEraser::verify] center(201,160) rgba=(0,0,0,0)
[MOUSE_MOVE] drawing=true tool=1 drawing at (546.0,243.0)
[handleDrawing] tool=1 brushType=4 eraserSize=12.0 eraserOp=1.00 layer=0x5e2e67ee0d30
[BrushEngine::stampEraser] cx=201.0 cy=160.0 m_eraser=0x5e2e38fafc58
[GradualEraser::stamp] cx=201.0 cy=160.0 r=6 total=113 skipped_zero=113 erased=0
[GradualEraser::verify] center(201,160) rgba=(0,0,0,0)
[BrushEngine::stampEraser] cx=202.0 cy=161.0 m_eraser=0x5e2e38fafc58
[GradualEraser::stamp] cx=202.0 cy=161.0 r=6 total=113 skipped_zero=111 erased=2
[GradualEraser::verify] center(202,161) rgba=(0,0,0,0)
[BrushEngine::stampEraser] cx=202.0 cy=161.0 m_eraser=0x5e2e38fafc58
[GradualEraser::stamp] cx=202.0 cy=161.0 r=6 total=113 skipped_zero=113 erased=0
[GradualEraser::verify] center(202,161) rgba=(0,0,0,0)
[MOUSE_MOVE] drawing=true tool=1 drawing at (548.0,244.0)
[handleDrawing] tool=1 brushType=4 eraserSize=12.0 eraserOp=1.00 layer=0x5e2e67ee0d30
[BrushEngine::stampEraser] cx=202.0 cy=161.0 m_eraser=0x5e2e38fafc58
[GradualEraser::stamp] cx=202.0 cy=161.0 r=6 total=113 skipped_zero=113 erased=0
[GradualEraser::verify] center(202,161) rgba=(0,0,0,0)
[BrushEngine::stampEraser] cx=204.0 cy=162.0 m_eraser=0x5e2e38fafc58
[GradualEraser::stamp] cx=204.0 cy=162.0 r=6 total=113 skipped_zero=110 erased=3
[GradualEraser::verify] center(204,162) rgba=(0,0,0,0)
[BrushEngine::stampEraser] cx=204.0 cy=162.0 m_eraser=0x5e2e38fafc58
[GradualEraser::stamp] cx=204.0 cy=162.0 r=6 total=113 skipped_zero=113 erased=0
[GradualEraser::verify] center(204,162) rgba=(0,0,0,0)
[MOUSE_MOVE] drawing=true tool=1 drawing at (550.0,245.0)
[handleDrawing] tool=1 brushType=4 eraserSize=12.0 eraserOp=1.00 layer=0x5e2e67ee0d30
[BrushEngine::stampEraser] cx=204.0 cy=162.0 m_eraser=0x5e2e38fafc58
[GradualEraser::stamp] cx=204.0 cy=162.0 r=6 total=113 skipped_zero=113 erased=0
[GradualEraser::verify] center(204,162) rgba=(0,0,0,0)
[BrushEngine::stampEraser] cx=206.0 cy=163.0 m_eraser=0x5e2e38fafc58
[GradualEraser::stamp] cx=206.0 cy=163.0 r=6 total=113 skipped_zero=112 erased=1
[GradualEraser::verify] center(206,163) rgba=(0,0,0,0)
[BrushEngine::stampEraser] cx=206.0 cy=163.0 m_eraser=0x5e2e38fafc58
[GradualEraser::stamp] cx=206.0 cy=163.0 r=6 total=113 skipped_zero=113 erased=0
[GradualEraser::verify] center(206,163) rgba=(0,0,0,0)
[MOUSE_MOVE] drawing=true tool=1 drawing at (552.0,247.0)
[handleDrawing] tool=1 brushType=4 eraserSize=12.0 eraserOp=1.00 layer=0x5e2e67ee0d30
[BrushEngine::stampEraser] cx=206.0 cy=163.0 m_eraser=0x5e2e38fafc58
[GradualEraser::stamp] cx=206.0 cy=163.0 r=6 total=113 skipped_zero=113 erased=0
[GradualEraser::verify] center(206,163) rgba=(0,0,0,0)
[BrushEngine::stampEraser] cx=208.0 cy=165.0 m_eraser=0x5e2e38fafc58
[GradualEraser::stamp] cx=208.0 cy=165.0 r=6 total=113 skipped_zero=113 erased=0
[GradualEraser::verify] center(208,165) rgba=(0,0,0,0)
[BrushEngine::stampEraser] cx=208.0 cy=165.0 m_eraser=0x5e2e38fafc58
[GradualEraser::stamp] cx=208.0 cy=165.0 r=6 total=113 skipped_zero=113 erased=0
[GradualEraser::verify] center(208,165) rgba=(0,0,0,0)
[MOUSE_MOVE] drawing=true tool=1 drawing at (553.0,247.0)
[handleDrawing] tool=1 brushType=4 eraserSize=12.0 eraserOp=1.00 layer=0x5e2e67ee0d30
[BrushEngine::stampEraser] cx=208.0 cy=165.0 m_eraser=0x5e2e38fafc58
[GradualEraser::stamp] cx=208.0 cy=165.0 r=6 total=113 skipped_zero=113 erased=0
[GradualEraser::verify] center(208,165) rgba=(0,0,0,0)
[BrushEngine::stampEraser] cx=209.0 cy=165.0 m_eraser=0x5e2e38fafc58
[GradualEraser::stamp] cx=209.0 cy=165.0 r=6 total=113 skipped_zero=113 erased=0
[GradualEraser::verify] center(209,165) rgba=(0,0,0,0)
[BrushEngine::stampEraser] cx=209.0 cy=165.0 m_eraser=0x5e2e38fafc58
[GradualEraser::stamp] cx=209.0 cy=165.0 r=6 total=113 skipped_zero=113 erased=0
[GradualEraser::verify] center(209,165) rgba=(0,0,0,0)
[CANVAS_UPDATE] recompositing (frameDirty=1 canvasDirty=0)
[CANVAS_UPDATE] sample pixel (207,154): rgba=(255,101,50,255)
[MOUSE_MOVE] drawing=true tool=1 drawing at (556.0,248.0)
[handleDrawing] tool=1 brushType=4 eraserSize=12.0 eraserOp=1.00 layer=0x5e2e67ee0d30
[BrushEngine::stampEraser] cx=209.0 cy=165.0 m_eraser=0x5e2e38fafc58
[GradualEraser::stamp] cx=209.0 cy=165.0 r=6 total=113 skipped_zero=113 erased=0
[GradualEraser::verify] center(209,165) rgba=(0,0,0,0)
[BrushEngine::stampEraser] cx=210.5 cy=165.5 m_eraser=0x5e2e38fafc58
[GradualEraser::stamp] cx=210.5 cy=165.5 r=6 total=113 skipped_zero=113 erased=0
[GradualEraser::verify] center(211,166) rgba=(0,0,0,0)
[BrushEngine::stampEraser] cx=212.0 cy=166.0 m_eraser=0x5e2e38fafc58
[GradualEraser::stamp] cx=212.0 cy=166.0 r=6 total=113 skipped_zero=113 erased=0
[GradualEraser::verify] center(212,166) rgba=(0,0,0,0)
[BrushEngine::stampEraser] cx=212.0 cy=166.0 m_eraser=0x5e2e38fafc58
[GradualEraser::stamp] cx=212.0 cy=166.0 r=6 total=113 skipped_zero=113 erased=0
[GradualEraser::verify] center(212,166) rgba=(0,0,0,0)
[MOUSE_MOVE] drawing=true tool=1 drawing at (557.0,249.0)
[handleDrawing] tool=1 brushType=4 eraserSize=12.0 eraserOp=1.00 layer=0x5e2e67ee0d30
[BrushEngine::stampEraser] cx=212.0 cy=166.0 m_eraser=0x5e2e38fafc58
[GradualEraser::stamp] cx=212.0 cy=166.0 r=6 total=113 skipped_zero=113 erased=0
[GradualEraser::verify] center(212,166) rgba=(0,0,0,0)
[BrushEngine::stampEraser] cx=213.0 cy=167.0 m_eraser=0x5e2e38fafc58
[GradualEraser::stamp] cx=213.0 cy=167.0 r=6 total=113 skipped_zero=113 erased=0
[GradualEraser::verify] center(213,167) rgba=(0,0,0,0)
[BrushEngine::stampEraser] cx=213.0 cy=167.0 m_eraser=0x5e2e38fafc58
[GradualEraser::stamp] cx=213.0 cy=167.0 r=6 total=113 skipped_zero=113 erased=0
[GradualEraser::verify] center(213,167) rgba=(0,0,0,0)
[MOUSE_MOVE] drawing=true tool=1 drawing at (558.0,249.0)
[handleDrawing] tool=1 brushType=4 eraserSize=12.0 eraserOp=1.00 layer=0x5e2e67ee0d30
[BrushEngine::stampEraser] cx=213.0 cy=167.0 m_eraser=0x5e2e38fafc58
[GradualEraser::stamp] cx=213.0 cy=167.0 r=6 total=113 skipped_zero=113 erased=0
[GradualEraser::verify] center(213,167) rgba=(0,0,0,0)
[BrushEngine::stampEraser] cx=214.0 cy=167.0 m_eraser=0x5e2e38fafc58
[GradualEraser::stamp] cx=214.0 cy=167.0 r=6 total=113 skipped_zero=113 erased=0
[GradualEraser::verify] center(214,167) rgba=(0,0,0,0)
[BrushEngine::stampEraser] cx=214.0 cy=167.0 m_eraser=0x5e2e38fafc58
[GradualEraser::stamp] cx=214.0 cy=167.0 r=6 total=113 skipped_zero=113 erased=0
[GradualEraser::verify] center(214,167) rgba=(0,0,0,0)
[MOUSE_MOVE] drawing=true tool=1 drawing at (559.0,249.0)
[handleDrawing] tool=1 brushType=4 eraserSize=12.0 eraserOp=1.00 layer=0x5e2e67ee0d30
[BrushEngine::stampEraser] cx=214.0 cy=167.0 m_eraser=0x5e2e38fafc58
[GradualEraser::stamp] cx=214.0 cy=167.0 r=6 total=113 skipped_zero=113 erased=0
[GradualEraser::verify] center(214,167) rgba=(0,0,0,0)
[BrushEngine::stampEraser] cx=215.0 cy=167.0 m_eraser=0x5e2e38fafc58
[GradualEraser::stamp] cx=215.0 cy=167.0 r=6 total=113 skipped_zero=113 erased=0
[GradualEraser::verify] center(215,167) rgba=(0,0,0,0)
[BrushEngine::stampEraser] cx=215.0 cy=167.0 m_eraser=0x5e2e38fafc58
[GradualEraser::stamp] cx=215.0 cy=167.0 r=6 total=113 skipped_zero=113 erased=0
[GradualEraser::verify] center(215,167) rgba=(0,0,0,0)
[MOUSE_MOVE] drawing=true tool=1 drawing at (560.0,250.0)
[handleDrawing] tool=1 brushType=4 eraserSize=12.0 eraserOp=1.00 layer=0x5e2e67ee0d30
[BrushEngine::stampEraser] cx=215.0 cy=167.0 m_eraser=0x5e2e38fafc58
[GradualEraser::stamp] cx=215.0 cy=167.0 r=6 total=113 skipped_zero=113 erased=0
[GradualEraser::verify] center(215,167) rgba=(0,0,0,0)
[BrushEngine::stampEraser] cx=216.0 cy=168.0 m_eraser=0x5e2e38fafc58
[GradualEraser::stamp] cx=216.0 cy=168.0 r=6 total=113 skipped_zero=113 erased=0
[GradualEraser::verify] center(216,168) rgba=(0,0,0,0)
[BrushEngine::stampEraser] cx=216.0 cy=168.0 m_eraser=0x5e2e38fafc58
[GradualEraser::stamp] cx=216.0 cy=168.0 r=6 total=113 skipped_zero=113 erased=0
[GradualEraser::verify] center(216,168) rgba=(0,0,0,0)
[MOUSE_MOVE] drawing=true tool=1 drawing at (562.0,250.0)
[handleDrawing] tool=1 brushType=4 eraserSize=12.0 eraserOp=1.00 layer=0x5e2e67ee0d30
[BrushEngine::stampEraser] cx=216.0 cy=168.0 m_eraser=0x5e2e38fafc58
[GradualEraser::stamp] cx=216.0 cy=168.0 r=6 total=113 skipped_zero=113 erased=0
[GradualEraser::verify] center(216,168) rgba=(0,0,0,0)
[BrushEngine::stampEraser] cx=218.0 cy=168.0 m_eraser=0x5e2e38fafc58
[GradualEraser::stamp] cx=218.0 cy=168.0 r=6 total=113 skipped_zero=113 erased=0
[GradualEraser::verify] center(218,168) rgba=(0,0,0,0)
[BrushEngine::stampEraser] cx=218.0 cy=168.0 m_eraser=0x5e2e38fafc58
[GradualEraser::stamp] cx=218.0 cy=168.0 r=6 total=113 skipped_zero=113 erased=0
[GradualEraser::verify] center(218,168) rgba=(0,0,0,0)
[MOUSE_MOVE] drawing=true tool=1 drawing at (563.0,250.0)
[handleDrawing] tool=1 brushType=4 eraserSize=12.0 eraserOp=1.00 layer=0x5e2e67ee0d30
[BrushEngine::stampEraser] cx=218.0 cy=168.0 m_eraser=0x5e2e38fafc58
[GradualEraser::stamp] cx=218.0 cy=168.0 r=6 total=113 skipped_zero=113 erased=0
[GradualEraser::verify] center(218,168) rgba=(0,0,0,0)
[BrushEngine::stampEraser] cx=219.0 cy=168.0 m_eraser=0x5e2e38fafc58
[GradualEraser::stamp] cx=219.0 cy=168.0 r=6 total=113 skipped_zero=113 erased=0
[GradualEraser::verify] center(219,168) rgba=(0,0,0,0)
[BrushEngine::stampEraser] cx=219.0 cy=168.0 m_eraser=0x5e2e38fafc58
[GradualEraser::stamp] cx=219.0 cy=168.0 r=6 total=113 skipped_zero=113 erased=0
[GradualEraser::verify] center(219,168) rgba=(0,0,0,0)
[CANVAS_UPDATE] recompositing (frameDirty=1 canvasDirty=0)
[CANVAS_UPDATE] sample pixel (207,154): rgba=(255,101,50,255)
[MOUSE_MOVE] drawing=true tool=1 drawing at (564.0,250.0)
[handleDrawing] tool=1 brushType=4 eraserSize=12.0 eraserOp=1.00 layer=0x5e2e67ee0d30
[BrushEngine::stampEraser] cx=219.0 cy=168.0 m_eraser=0x5e2e38fafc58
[GradualEraser::stamp] cx=219.0 cy=168.0 r=6 total=113 skipped_zero=113 erased=0
[GradualEraser::verify] center(219,168) rgba=(0,0,0,0)
[BrushEngine::stampEraser] cx=220.0 cy=168.0 m_eraser=0x5e2e38fafc58
[GradualEraser::stamp] cx=220.0 cy=168.0 r=6 total=113 skipped_zero=113 erased=0
[GradualEraser::verify] center(220,168) rgba=(0,0,0,0)
[BrushEngine::stampEraser] cx=220.0 cy=168.0 m_eraser=0x5e2e38fafc58
[GradualEraser::stamp] cx=220.0 cy=168.0 r=6 total=113 skipped_zero=113 erased=0
[GradualEraser::verify] center(220,168) rgba=(0,0,0,0)
[MOUSE_MOVE] drawing=true tool=1 drawing at (565.0,251.0)
[handleDrawing] tool=1 brushType=4 eraserSize=12.0 eraserOp=1.00 layer=0x5e2e67ee0d30
[BrushEngine::stampEraser] cx=220.0 cy=168.0 m_eraser=0x5e2e38fafc58
[GradualEraser::stamp] cx=220.0 cy=168.0 r=6 total=113 skipped_zero=113 erased=0
[GradualEraser::verify] center(220,168) rgba=(0,0,0,0)
[BrushEngine::stampEraser] cx=221.0 cy=169.0 m_eraser=0x5e2e38fafc58
[GradualEraser::stamp] cx=221.0 cy=169.0 r=6 total=113 skipped_zero=113 erased=0
[GradualEraser::verify] center(221,169) rgba=(0,0,0,0)
[BrushEngine::stampEraser] cx=221.0 cy=169.0 m_eraser=0x5e2e38fafc58
[GradualEraser::stamp] cx=221.0 cy=169.0 r=6 total=113 skipped_zero=113 erased=0
[GradualEraser::verify] center(221,169) rgba=(0,0,0,0)
[MOUSE_MOVE] drawing=true tool=1 drawing at (568.0,251.0)
[handleDrawing] tool=1 brushType=4 eraserSize=12.0 eraserOp=1.00 layer=0x5e2e67ee0d30
[BrushEngine::stampEraser] cx=221.0 cy=169.0 m_eraser=0x5e2e38fafc58
[GradualEraser::stamp] cx=221.0 cy=169.0 r=6 total=113 skipped_zero=113 erased=0
[GradualEraser::verify] center(221,169) rgba=(0,0,0,0)
[BrushEngine::stampEraser] cx=224.0 cy=169.0 m_eraser=0x5e2e38fafc58
[GradualEraser::stamp] cx=224.0 cy=169.0 r=6 total=113 skipped_zero=113 erased=0
[GradualEraser::verify] center(224,169) rgba=(0,0,0,0)
[BrushEngine::stampEraser] cx=224.0 cy=169.0 m_eraser=0x5e2e38fafc58
[GradualEraser::stamp] cx=224.0 cy=169.0 r=6 total=113 skipped_zero=113 erased=0
[GradualEraser::verify] center(224,169) rgba=(0,0,0,0)
[MOUSE_MOVE] drawing=true tool=1 drawing at (569.0,251.0)
[handleDrawing] tool=1 brushType=4 eraserSize=12.0 eraserOp=1.00 layer=0x5e2e67ee0d30
[BrushEngine::stampEraser] cx=224.0 cy=169.0 m_eraser=0x5e2e38fafc58
[GradualEraser::stamp] cx=224.0 cy=169.0 r=6 total=113 skipped_zero=113 erased=0
[GradualEraser::verify] center(224,169) rgba=(0,0,0,0)
[BrushEngine::stampEraser] cx=225.0 cy=169.0 m_eraser=0x5e2e38fafc58
[GradualEraser::stamp] cx=225.0 cy=169.0 r=6 total=113 skipped_zero=113 erased=0
[GradualEraser::verify] center(225,169) rgba=(0,0,0,0)
[BrushEngine::stampEraser] cx=225.0 cy=169.0 m_eraser=0x5e2e38fafc58
[GradualEraser::stamp] cx=225.0 cy=169.0 r=6 total=113 skipped_zero=113 erased=0
[GradualEraser::verify] center(225,169) rgba=(0,0,0,0)
[MOUSE_MOVE] drawing=true tool=1 drawing at (570.0,251.0)
[handleDrawing] tool=1 brushType=4 eraserSize=12.0 eraserOp=1.00 layer=0x5e2e67ee0d30
[BrushEngine::stampEraser] cx=225.0 cy=169.0 m_eraser=0x5e2e38fafc58
[GradualEraser::stamp] cx=225.0 cy=169.0 r=6 total=113 skipped_zero=113 erased=0
[GradualEraser::verify] center(225,169) rgba=(0,0,0,0)
[BrushEngine::stampEraser] cx=226.0 cy=169.0 m_eraser=0x5e2e38fafc58
[GradualEraser::stamp] cx=226.0 cy=169.0 r=6 total=113 skipped_zero=113 erased=0
[GradualEraser::verify] center(226,169) rgba=(0,0,0,0)
[BrushEngine::stampEraser] cx=226.0 cy=169.0 m_eraser=0x5e2e38fafc58
[GradualEraser::stamp] cx=226.0 cy=169.0 r=6 total=113 skipped_zero=113 erased=0
[GradualEraser::verify] center(226,169) rgba=(0,0,0,0)
[MOUSE_MOVE] drawing=true tool=1 drawing at (571.0,251.0)
[handleDrawing] tool=1 brushType=4 eraserSize=12.0 eraserOp=1.00 layer=0x5e2e67ee0d30
[BrushEngine::stampEraser] cx=226.0 cy=169.0 m_eraser=0x5e2e38fafc58
[GradualEraser::stamp] cx=226.0 cy=169.0 r=6 total=113 skipped_zero=113 erased=0
[GradualEraser::verify] center(226,169) rgba=(0,0,0,0)
[BrushEngine::stampEraser] cx=227.0 cy=169.0 m_eraser=0x5e2e38fafc58
[GradualEraser::stamp] cx=227.0 cy=169.0 r=6 total=113 skipped_zero=113 erased=0
[GradualEraser::verify] center(227,169) rgba=(0,0,0,0)
[BrushEngine::stampEraser] cx=227.0 cy=169.0 m_eraser=0x5e2e38fafc58
[GradualEraser::stamp] cx=227.0 cy=169.0 r=6 total=113 skipped_zero=113 erased=0
[GradualEraser::verify] center(227,169) rgba=(0,0,0,0)
[CANVAS_UPDATE] recompositing (frameDirty=1 canvasDirty=0)
[CANVAS_UPDATE] sample pixel (207,154): rgba=(255,101,50,255)
[MOUSE_MOVE] drawing=true tool=1 drawing at (572.0,251.0)
[handleDrawing] tool=1 brushType=4 eraserSize=12.0 eraserOp=1.00 layer=0x5e2e67ee0d30
[BrushEngine::stampEraser] cx=227.0 cy=169.0 m_eraser=0x5e2e38fafc58
[GradualEraser::stamp] cx=227.0 cy=169.0 r=6 total=113 skipped_zero=113 erased=0
[GradualEraser::verify] center(227,169) rgba=(0,0,0,0)
[BrushEngine::stampEraser] cx=228.0 cy=169.0 m_eraser=0x5e2e38fafc58
[GradualEraser::stamp] cx=228.0 cy=169.0 r=6 total=113 skipped_zero=113 erased=0
[GradualEraser::verify] center(228,169) rgba=(0,0,0,0)
[BrushEngine::stampEraser] cx=228.0 cy=169.0 m_eraser=0x5e2e38fafc58
[GradualEraser::stamp] cx=228.0 cy=169.0 r=6 total=113 skipped_zero=113 erased=0
[GradualEraser::verify] center(228,169) rgba=(0,0,0,0)
[MOUSE_MOVE] drawing=true tool=1 drawing at (574.0,251.0)
[handleDrawing] tool=1 brushType=4 eraserSize=12.0 eraserOp=1.00 layer=0x5e2e67ee0d30
[BrushEngine::stampEraser] cx=228.0 cy=169.0 m_eraser=0x5e2e38fafc58
[GradualEraser::stamp] cx=228.0 cy=169.0 r=6 total=113 skipped_zero=113 erased=0
[GradualEraser::verify] center(228,169) rgba=(0,0,0,0)
[BrushEngine::stampEraser] cx=230.0 cy=169.0 m_eraser=0x5e2e38fafc58
[GradualEraser::stamp] cx=230.0 cy=169.0 r=6 total=113 skipped_zero=113 erased=0
[GradualEraser::verify] center(230,169) rgba=(0,0,0,0)
[BrushEngine::stampEraser] cx=230.0 cy=169.0 m_eraser=0x5e2e38fafc58
[GradualEraser::stamp] cx=230.0 cy=169.0 r=6 total=113 skipped_zero=113 erased=0
[GradualEraser::verify] center(230,169) rgba=(0,0,0,0)
[MOUSE_MOVE] drawing=true tool=1 drawing at (575.0,251.0)
[handleDrawing] tool=1 brushType=4 eraserSize=12.0 eraserOp=1.00 layer=0x5e2e67ee0d30
[BrushEngine::stampEraser] cx=230.0 cy=169.0 m_eraser=0x5e2e38fafc58
[GradualEraser::stamp] cx=230.0 cy=169.0 r=6 total=113 skipped_zero=113 erased=0
[GradualEraser::verify] center(230,169) rgba=(0,0,0,0)
[BrushEngine::stampEraser] cx=231.0 cy=169.0 m_eraser=0x5e2e38fafc58
[GradualEraser::stamp] cx=231.0 cy=169.0 r=6 total=113 skipped_zero=113 erased=0
[GradualEraser::verify] center(231,169) rgba=(0,0,0,0)
[BrushEngine::stampEraser] cx=231.0 cy=169.0 m_eraser=0x5e2e38fafc58
[GradualEraser::stamp] cx=231.0 cy=169.0 r=6 total=113 skipped_zero=113 erased=0
[GradualEraser::verify] center(231,169) rgba=(0,0,0,0)
[MOUSE_MOVE] drawing=true tool=1 drawing at (576.0,251.0)
[handleDrawing] tool=1 brushType=4 eraserSize=12.0 eraserOp=1.00 layer=0x5e2e67ee0d30
[BrushEngine::stampEraser] cx=231.0 cy=169.0 m_eraser=0x5e2e38fafc58
[GradualEraser::stamp] cx=231.0 cy=169.0 r=6 total=113 skipped_zero=113 erased=0
[GradualEraser::verify] center(231,169) rgba=(0,0,0,0)
[BrushEngine::stampEraser] cx=232.0 cy=169.0 m_eraser=0x5e2e38fafc58
[GradualEraser::stamp] cx=232.0 cy=169.0 r=6 total=113 skipped_zero=111 erased=2
[GradualEraser::verify] center(232,169) rgba=(0,0,0,0)
[BrushEngine::stampEraser] cx=232.0 cy=169.0 m_eraser=0x5e2e38fafc58
[GradualEraser::stamp] cx=232.0 cy=169.0 r=6 total=113 skipped_zero=113 erased=0
[GradualEraser::verify] center(232,169) rgba=(0,0,0,0)
[MOUSE_MOVE] drawing=true tool=1 drawing at (577.0,251.0)
[handleDrawing] tool=1 brushType=4 eraserSize=12.0 eraserOp=1.00 layer=0x5e2e67ee0d30
[BrushEngine::stampEraser] cx=232.0 cy=169.0 m_eraser=0x5e2e38fafc58
[GradualEraser::stamp] cx=232.0 cy=169.0 r=6 total=113 skipped_zero=113 erased=0
[GradualEraser::verify] center(232,169) rgba=(0,0,0,0)
[BrushEngine::stampEraser] cx=233.0 cy=169.0 m_eraser=0x5e2e38fafc58
[GradualEraser::stamp] cx=233.0 cy=169.0 r=6 total=113 skipped_zero=111 erased=2
[GradualEraser::verify] center(233,169) rgba=(0,0,0,0)
[BrushEngine::stampEraser] cx=233.0 cy=169.0 m_eraser=0x5e2e38fafc58
[GradualEraser::stamp] cx=233.0 cy=169.0 r=6 total=113 skipped_zero=113 erased=0
[GradualEraser::verify] center(233,169) rgba=(0,0,0,0)
[MOUSE_MOVE] drawing=true tool=1 drawing at (579.0,251.0)
[handleDrawing] tool=1 brushType=4 eraserSize=12.0 eraserOp=1.00 layer=0x5e2e67ee0d30
[BrushEngine::stampEraser] cx=233.0 cy=169.0 m_eraser=0x5e2e38fafc58
[GradualEraser::stamp] cx=233.0 cy=169.0 r=6 total=113 skipped_zero=113 erased=0
[GradualEraser::verify] center(233,169) rgba=(0,0,0,0)
[BrushEngine::stampEraser] cx=235.0 cy=169.0 m_eraser=0x5e2e38fafc58
[GradualEraser::stamp] cx=235.0 cy=169.0 r=6 total=113 skipped_zero=106 erased=7
[GradualEraser::verify] center(235,169) rgba=(0,0,0,0)
[BrushEngine::stampEraser] cx=235.0 cy=169.0 m_eraser=0x5e2e38fafc58
[GradualEraser::stamp] cx=235.0 cy=169.0 r=6 total=113 skipped_zero=113 erased=0
[GradualEraser::verify] center(235,169) rgba=(0,0,0,0)
[CANVAS_UPDATE] recompositing (frameDirty=1 canvasDirty=0)
[CANVAS_UPDATE] sample pixel (207,154): rgba=(255,101,50,255)
[MOUSE_MOVE] drawing=true tool=1 drawing at (580.0,251.0)
[handleDrawing] tool=1 brushType=4 eraserSize=12.0 eraserOp=1.00 layer=0x5e2e67ee0d30
[BrushEngine::stampEraser] cx=235.0 cy=169.0 m_eraser=0x5e2e38fafc58
[GradualEraser::stamp] cx=235.0 cy=169.0 r=6 total=113 skipped_zero=113 erased=0
[GradualEraser::verify] center(235,169) rgba=(0,0,0,0)
[BrushEngine::stampEraser] cx=236.0 cy=169.0 m_eraser=0x5e2e38fafc58
[GradualEraser::stamp] cx=236.0 cy=169.0 r=6 total=113 skipped_zero=111 erased=2
[GradualEraser::verify] center(236,169) rgba=(0,0,0,0)
[BrushEngine::stampEraser] cx=236.0 cy=169.0 m_eraser=0x5e2e38fafc58
[GradualEraser::stamp] cx=236.0 cy=169.0 r=6 total=113 skipped_zero=113 erased=0
[GradualEraser::verify] center(236,169) rgba=(0,0,0,0)
[MOUSE_MOVE] drawing=true tool=1 drawing at (581.0,251.0)
[handleDrawing] tool=1 brushType=4 eraserSize=12.0 eraserOp=1.00 layer=0x5e2e67ee0d30
[BrushEngine::stampEraser] cx=236.0 cy=169.0 m_eraser=0x5e2e38fafc58
[GradualEraser::stamp] cx=236.0 cy=169.0 r=6 total=113 skipped_zero=113 erased=0
[GradualEraser::verify] center(236,169) rgba=(0,0,0,0)
[BrushEngine::stampEraser] cx=237.0 cy=169.0 m_eraser=0x5e2e38fafc58
[GradualEraser::stamp] cx=237.0 cy=169.0 r=6 total=113 skipped_zero=111 erased=2
[GradualEraser::verify] center(237,169) rgba=(0,0,0,0)
[BrushEngine::stampEraser] cx=237.0 cy=169.0 m_eraser=0x5e2e38fafc58
[GradualEraser::stamp] cx=237.0 cy=169.0 r=6 total=113 skipped_zero=113 erased=0
[GradualEraser::verify] center(237,169) rgba=(0,0,0,0)
[MOUSE_MOVE] drawing=true tool=1 drawing at (582.0,250.0)
[handleDrawing] tool=1 brushType=4 eraserSize=12.0 eraserOp=1.00 layer=0x5e2e67ee0d30
[BrushEngine::stampEraser] cx=237.0 cy=169.0 m_eraser=0x5e2e38fafc58
[GradualEraser::stamp] cx=237.0 cy=169.0 r=6 total=113 skipped_zero=113 erased=0
[GradualEraser::verify] center(237,169) rgba=(0,0,0,0)
[BrushEngine::stampEraser] cx=238.0 cy=168.0 m_eraser=0x5e2e38fafc58
[GradualEraser::stamp] cx=238.0 cy=168.0 r=6 total=113 skipped_zero=111 erased=2
[GradualEraser::verify] center(238,168) rgba=(0,0,0,0)
[BrushEngine::stampEraser] cx=238.0 cy=168.0 m_eraser=0x5e2e38fafc58
[GradualEraser::stamp] cx=238.0 cy=168.0 r=6 total=113 skipped_zero=113 erased=0
[GradualEraser::verify] center(238,168) rgba=(0,0,0,0)
[CANVAS_UPDATE] recompositing (frameDirty=1 canvasDirty=0)
[CANVAS_UPDATE] sample pixel (207,154): rgba=(255,101,50,255)
[MOUSE_MOVE] drawing=true tool=1 drawing at (583.0,249.0)
[handleDrawing] tool=1 brushType=4 eraserSize=12.0 eraserOp=1.00 layer=0x5e2e67ee0d30
[BrushEngine::stampEraser] cx=238.0 cy=168.0 m_eraser=0x5e2e38fafc58
[GradualEraser::stamp] cx=238.0 cy=168.0 r=6 total=113 skipped_zero=113 erased=0
[GradualEraser::verify] center(238,168) rgba=(0,0,0,0)
[BrushEngine::stampEraser] cx=239.0 cy=167.0 m_eraser=0x5e2e38fafc58
[GradualEraser::stamp] cx=239.0 cy=167.0 r=6 total=113 skipped_zero=105 erased=8
[GradualEraser::verify] center(239,167) rgba=(0,0,0,0)
[BrushEngine::stampEraser] cx=239.0 cy=167.0 m_eraser=0x5e2e38fafc58
[GradualEraser::stamp] cx=239.0 cy=167.0 r=6 total=113 skipped_zero=113 erased=0
[GradualEraser::verify] center(239,167) rgba=(0,0,0,0)
[MOUSE_MOVE] drawing=true tool=1 drawing at (584.0,248.0)
[handleDrawing] tool=1 brushType=4 eraserSize=12.0 eraserOp=1.00 layer=0x5e2e67ee0d30
[BrushEngine::stampEraser] cx=239.0 cy=167.0 m_eraser=0x5e2e38fafc58
[GradualEraser::stamp] cx=239.0 cy=167.0 r=6 total=113 skipped_zero=113 erased=0
[GradualEraser::verify] center(239,167) rgba=(0,0,0,0)
[BrushEngine::stampEraser] cx=240.0 cy=166.0 m_eraser=0x5e2e38fafc58
[GradualEraser::stamp] cx=240.0 cy=166.0 r=6 total=113 skipped_zero=103 erased=10
[GradualEraser::verify] center(240,166) rgba=(0,0,0,0)
[BrushEngine::stampEraser] cx=240.0 cy=166.0 m_eraser=0x5e2e38fafc58
[GradualEraser::stamp] cx=240.0 cy=166.0 r=6 total=113 skipped_zero=113 erased=0
[GradualEraser::verify] center(240,166) rgba=(0,0,0,0)
[CANVAS_UPDATE] recompositing (frameDirty=1 canvasDirty=0)
[CANVAS_UPDATE] sample pixel (207,154): rgba=(255,101,50,255)
[MOUSE_MOVE] drawing=true tool=1 drawing at (584.0,247.0)
[handleDrawing] tool=1 brushType=4 eraserSize=12.0 eraserOp=1.00 layer=0x5e2e67ee0d30
[BrushEngine::stampEraser] cx=240.0 cy=166.0 m_eraser=0x5e2e38fafc58
[GradualEraser::stamp] cx=240.0 cy=166.0 r=6 total=113 skipped_zero=113 erased=0
[GradualEraser::verify] center(240,166) rgba=(0,0,0,0)
[BrushEngine::stampEraser] cx=240.0 cy=165.0 m_eraser=0x5e2e38fafc58
[GradualEraser::stamp] cx=240.0 cy=165.0 r=6 total=113 skipped_zero=102 erased=11
[GradualEraser::verify] center(240,165) rgba=(0,0,0,0)
[BrushEngine::stampEraser] cx=240.0 cy=165.0 m_eraser=0x5e2e38fafc58
[GradualEraser::stamp] cx=240.0 cy=165.0 r=6 total=113 skipped_zero=113 erased=0
[GradualEraser::verify] center(240,165) rgba=(0,0,0,0)
[MOUSE_MOVE] drawing=true tool=1 drawing at (584.0,246.0)
[handleDrawing] tool=1 brushType=4 eraserSize=12.0 eraserOp=1.00 layer=0x5e2e67ee0d30
[BrushEngine::stampEraser] cx=240.0 cy=165.0 m_eraser=0x5e2e38fafc58
[GradualEraser::stamp] cx=240.0 cy=165.0 r=6 total=113 skipped_zero=113 erased=0
[GradualEraser::verify] center(240,165) rgba=(0,0,0,0)
[BrushEngine::stampEraser] cx=240.0 cy=164.0 m_eraser=0x5e2e38fafc58
[GradualEraser::stamp] cx=240.0 cy=164.0 r=6 total=113 skipped_zero=102 erased=11
[GradualEraser::verify] center(240,164) rgba=(0,0,0,0)
[BrushEngine::stampEraser] cx=240.0 cy=164.0 m_eraser=0x5e2e38fafc58
[GradualEraser::stamp] cx=240.0 cy=164.0 r=6 total=113 skipped_zero=113 erased=0
[GradualEraser::verify] center(240,164) rgba=(0,0,0,0)
[MOUSE_MOVE] drawing=true tool=1 drawing at (584.0,245.0)
[handleDrawing] tool=1 brushType=4 eraserSize=12.0 eraserOp=1.00 layer=0x5e2e67ee0d30
[BrushEngine::stampEraser] cx=240.0 cy=164.0 m_eraser=0x5e2e38fafc58
[GradualEraser::stamp] cx=240.0 cy=164.0 r=6 total=113 skipped_zero=113 erased=0
[GradualEraser::verify] center(240,164) rgba=(0,0,0,0)
[BrushEngine::stampEraser] cx=240.0 cy=163.0 m_eraser=0x5e2e38fafc58
[GradualEraser::stamp] cx=240.0 cy=163.0 r=6 total=113 skipped_zero=101 erased=12
[GradualEraser::verify] center(240,163) rgba=(0,0,0,0)
[BrushEngine::stampEraser] cx=240.0 cy=163.0 m_eraser=0x5e2e38fafc58
[GradualEraser::stamp] cx=240.0 cy=163.0 r=6 total=113 skipped_zero=113 erased=0
[GradualEraser::verify] center(240,163) rgba=(0,0,0,0)
[MOUSE_MOVE] drawing=true tool=1 drawing at (582.0,244.0)
[handleDrawing] tool=1 brushType=4 eraserSize=12.0 eraserOp=1.00 layer=0x5e2e67ee0d30
[BrushEngine::stampEraser] cx=240.0 cy=163.0 m_eraser=0x5e2e38fafc58
[GradualEraser::stamp] cx=240.0 cy=163.0 r=6 total=113 skipped_zero=113 erased=0
[GradualEraser::verify] center(240,163) rgba=(0,0,0,0)
[BrushEngine::stampEraser] cx=238.0 cy=162.0 m_eraser=0x5e2e38fafc58
[GradualEraser::stamp] cx=238.0 cy=162.0 r=6 total=113 skipped_zero=93 erased=20
[GradualEraser::verify] center(238,162) rgba=(0,0,0,0)
[BrushEngine::stampEraser] cx=238.0 cy=162.0 m_eraser=0x5e2e38fafc58
[GradualEraser::stamp] cx=238.0 cy=162.0 r=6 total=113 skipped_zero=113 erased=0
[GradualEraser::verify] center(238,162) rgba=(0,0,0,0)
[CANVAS_UPDATE] recompositing (frameDirty=1 canvasDirty=0)
[CANVAS_UPDATE] sample pixel (207,154): rgba=(255,101,50,255)
[MOUSE_MOVE] drawing=true tool=1 drawing at (581.0,243.0)
[handleDrawing] tool=1 brushType=4 eraserSize=12.0 eraserOp=1.00 layer=0x5e2e67ee0d30
[BrushEngine::stampEraser] cx=238.0 cy=162.0 m_eraser=0x5e2e38fafc58
[GradualEraser::stamp] cx=238.0 cy=162.0 r=6 total=113 skipped_zero=113 erased=0
[GradualEraser::verify] center(238,162) rgba=(0,0,0,0)
[BrushEngine::stampEraser] cx=237.0 cy=161.0 m_eraser=0x5e2e38fafc58
[GradualEraser::stamp] cx=237.0 cy=161.0 r=6 total=113 skipped_zero=98 erased=15
[GradualEraser::verify] center(237,161) rgba=(0,0,0,0)
[BrushEngine::stampEraser] cx=237.0 cy=161.0 m_eraser=0x5e2e38fafc58
[GradualEraser::stamp] cx=237.0 cy=161.0 r=6 total=113 skipped_zero=113 erased=0
[GradualEraser::verify] center(237,161) rgba=(0,0,0,0)
[MOUSE_MOVE] drawing=true tool=1 drawing at (581.0,242.0)
[handleDrawing] tool=1 brushType=4 eraserSize=12.0 eraserOp=1.00 layer=0x5e2e67ee0d30
[BrushEngine::stampEraser] cx=237.0 cy=161.0 m_eraser=0x5e2e38fafc58
[GradualEraser::stamp] cx=237.0 cy=161.0 r=6 total=113 skipped_zero=113 erased=0
[GradualEraser::verify] center(237,161) rgba=(0,0,0,0)
[BrushEngine::stampEraser] cx=237.0 cy=160.0 m_eraser=0x5e2e38fafc58
[GradualEraser::stamp] cx=237.0 cy=160.0 r=6 total=113 skipped_zero=101 erased=12
[GradualEraser::verify] center(237,160) rgba=(0,0,0,0)
[BrushEngine::stampEraser] cx=237.0 cy=160.0 m_eraser=0x5e2e38fafc58
[GradualEraser::stamp] cx=237.0 cy=160.0 r=6 total=113 skipped_zero=113 erased=0
[GradualEraser::verify] center(237,160) rgba=(0,0,0,0)
[MOUSE_MOVE] drawing=true tool=1 drawing at (580.0,241.0)
[handleDrawing] tool=1 brushType=4 eraserSize=12.0 eraserOp=1.00 layer=0x5e2e67ee0d30
[BrushEngine::stampEraser] cx=237.0 cy=160.0 m_eraser=0x5e2e38fafc58
[GradualEraser::stamp] cx=237.0 cy=160.0 r=6 total=113 skipped_zero=113 erased=0
[GradualEraser::verify] center(237,160) rgba=(0,0,0,0)
[BrushEngine::stampEraser] cx=236.0 cy=159.0 m_eraser=0x5e2e38fafc58
[GradualEraser::stamp] cx=236.0 cy=159.0 r=6 total=113 skipped_zero=97 erased=16
[GradualEraser::verify] center(236,159) rgba=(0,0,0,0)
[BrushEngine::stampEraser] cx=236.0 cy=159.0 m_eraser=0x5e2e38fafc58
[GradualEraser::stamp] cx=236.0 cy=159.0 r=6 total=113 skipped_zero=113 erased=0
[GradualEraser::verify] center(236,159) rgba=(0,0,0,0)
[MOUSE_MOVE] drawing=true tool=1 drawing at (579.0,240.0)
[handleDrawing] tool=1 brushType=4 eraserSize=12.0 eraserOp=1.00 layer=0x5e2e67ee0d30
[BrushEngine::stampEraser] cx=236.0 cy=159.0 m_eraser=0x5e2e38fafc58
[GradualEraser::stamp] cx=236.0 cy=159.0 r=6 total=113 skipped_zero=113 erased=0
[GradualEraser::verify] center(236,159) rgba=(0,0,0,0)
[BrushEngine::stampEraser] cx=235.0 cy=158.0 m_eraser=0x5e2e38fafc58
[GradualEraser::stamp] cx=235.0 cy=158.0 r=6 total=113 skipped_zero=96 erased=17
[GradualEraser::verify] center(235,158) rgba=(0,0,0,0)
[BrushEngine::stampEraser] cx=235.0 cy=158.0 m_eraser=0x5e2e38fafc58
[GradualEraser::stamp] cx=235.0 cy=158.0 r=6 total=113 skipped_zero=113 erased=0
[GradualEraser::verify] center(235,158) rgba=(0,0,0,0)
[CANVAS_UPDATE] recompositing (frameDirty=1 canvasDirty=0)
[CANVAS_UPDATE] sample pixel (207,154): rgba=(255,101,50,255)
[MOUSE_MOVE] drawing=true tool=1 drawing at (578.0,239.0)
[handleDrawing] tool=1 brushType=4 eraserSize=12.0 eraserOp=1.00 layer=0x5e2e67ee0d30
[BrushEngine::stampEraser] cx=235.0 cy=158.0 m_eraser=0x5e2e38fafc58
[GradualEraser::stamp] cx=235.0 cy=158.0 r=6 total=113 skipped_zero=113 erased=0
[GradualEraser::verify] center(235,158) rgba=(0,0,0,0)
[BrushEngine::stampEraser] cx=234.0 cy=157.0 m_eraser=0x5e2e38fafc58
[GradualEraser::stamp] cx=234.0 cy=157.0 r=6 total=113 skipped_zero=97 erased=16
[GradualEraser::verify] center(234,157) rgba=(0,0,0,0)
[BrushEngine::stampEraser] cx=234.0 cy=157.0 m_eraser=0x5e2e38fafc58
[GradualEraser::stamp] cx=234.0 cy=157.0 r=6 total=113 skipped_zero=113 erased=0
[GradualEraser::verify] center(234,157) rgba=(0,0,0,0)
[MOUSE_MOVE] drawing=true tool=1 drawing at (578.0,238.0)
[handleDrawing] tool=1 brushType=4 eraserSize=12.0 eraserOp=1.00 layer=0x5e2e67ee0d30
[BrushEngine::stampEraser] cx=234.0 cy=157.0 m_eraser=0x5e2e38fafc58
[GradualEraser::stamp] cx=234.0 cy=157.0 r=6 total=113 skipped_zero=113 erased=0
[GradualEraser::verify] center(234,157) rgba=(0,0,0,0)
[BrushEngine::stampEraser] cx=234.0 cy=156.0 m_eraser=0x5e2e38fafc58
[GradualEraser::stamp] cx=234.0 cy=156.0 r=6 total=113 skipped_zero=104 erased=9
[GradualEraser::verify] center(234,156) rgba=(0,0,0,0)
[BrushEngine::stampEraser] cx=234.0 cy=156.0 m_eraser=0x5e2e38fafc58
[GradualEraser::stamp] cx=234.0 cy=156.0 r=6 total=113 skipped_zero=113 erased=0
[GradualEraser::verify] center(234,156) rgba=(0,0,0,0)
[MOUSE_MOVE] drawing=true tool=1 drawing at (577.0,237.0)
[handleDrawing] tool=1 brushType=4 eraserSize=12.0 eraserOp=1.00 layer=0x5e2e67ee0d30
[BrushEngine::stampEraser] cx=234.0 cy=156.0 m_eraser=0x5e2e38fafc58
[GradualEraser::stamp] cx=234.0 cy=156.0 r=6 total=113 skipped_zero=113 erased=0
[GradualEraser::verify] center(234,156) rgba=(0,0,0,0)
[BrushEngine::stampEraser] cx=233.0 cy=155.0 m_eraser=0x5e2e38fafc58
[GradualEraser::stamp] cx=233.0 cy=155.0 r=6 total=113 skipped_zero=105 erased=8
[GradualEraser::verify] center(233,155) rgba=(0,0,0,0)
[BrushEngine::stampEraser] cx=233.0 cy=155.0 m_eraser=0x5e2e38fafc58
[GradualEraser::stamp] cx=233.0 cy=155.0 r=6 total=113 skipped_zero=113 erased=0
[GradualEraser::verify] center(233,155) rgba=(0,0,0,0)
[MOUSE_MOVE] drawing=true tool=1 drawing at (576.0,236.0)
[handleDrawing] tool=1 brushType=4 eraserSize=12.0 eraserOp=1.00 layer=0x5e2e67ee0d30
[BrushEngine::stampEraser] cx=233.0 cy=155.0 m_eraser=0x5e2e38fafc58
[GradualEraser::stamp] cx=233.0 cy=155.0 r=6 total=113 skipped_zero=113 erased=0
[GradualEraser::verify] center(233,155) rgba=(0,0,0,0)
[BrushEngine::stampEraser] cx=232.0 cy=154.0 m_eraser=0x5e2e38fafc58
[GradualEraser::stamp] cx=232.0 cy=154.0 r=6 total=113 skipped_zero=107 erased=6
[GradualEraser::verify] center(232,154) rgba=(0,0,0,0)
[BrushEngine::stampEraser] cx=232.0 cy=154.0 m_eraser=0x5e2e38fafc58
[GradualEraser::stamp] cx=232.0 cy=154.0 r=6 total=113 skipped_zero=113 erased=0
[GradualEraser::verify] center(232,154) rgba=(0,0,0,0)
[MOUSE_MOVE] drawing=true tool=1 drawing at (575.0,234.0)
[handleDrawing] tool=1 brushType=4 eraserSize=12.0 eraserOp=1.00 layer=0x5e2e67ee0d30
[BrushEngine::stampEraser] cx=232.0 cy=154.0 m_eraser=0x5e2e38fafc58
[GradualEraser::stamp] cx=232.0 cy=154.0 r=6 total=113 skipped_zero=113 erased=0
[GradualEraser::verify] center(232,154) rgba=(0,0,0,0)
[BrushEngine::stampEraser] cx=231.0 cy=152.0 m_eraser=0x5e2e38fafc58
[GradualEraser::stamp] cx=231.0 cy=152.0 r=6 total=113 skipped_zero=109 erased=4
[GradualEraser::verify] center(231,152) rgba=(0,0,0,0)
[BrushEngine::stampEraser] cx=231.0 cy=152.0 m_eraser=0x5e2e38fafc58
[GradualEraser::stamp] cx=231.0 cy=152.0 r=6 total=113 skipped_zero=113 erased=0
[GradualEraser::verify] center(231,152) rgba=(0,0,0,0)
[CANVAS_UPDATE] recompositing (frameDirty=1 canvasDirty=0)
[CANVAS_UPDATE] sample pixel (207,154): rgba=(255,101,50,255)
[MOUSE_MOVE] drawing=true tool=1 drawing at (574.0,234.0)
[handleDrawing] tool=1 brushType=4 eraserSize=12.0 eraserOp=1.00 layer=0x5e2e67ee0d30
[BrushEngine::stampEraser] cx=231.0 cy=152.0 m_eraser=0x5e2e38fafc58
[GradualEraser::stamp] cx=231.0 cy=152.0 r=6 total=113 skipped_zero=113 erased=0
[GradualEraser::verify] center(231,152) rgba=(0,0,0,0)
[BrushEngine::stampEraser] cx=230.0 cy=152.0 m_eraser=0x5e2e38fafc58
[GradualEraser::stamp] cx=230.0 cy=152.0 r=6 total=113 skipped_zero=108 erased=5
[GradualEraser::verify] center(230,152) rgba=(0,0,0,0)
[BrushEngine::stampEraser] cx=230.0 cy=152.0 m_eraser=0x5e2e38fafc58
[GradualEraser::stamp] cx=230.0 cy=152.0 r=6 total=113 skipped_zero=113 erased=0
[GradualEraser::verify] center(230,152) rgba=(0,0,0,0)
[MOUSE_MOVE] drawing=true tool=1 drawing at (573.0,233.0)
[handleDrawing] tool=1 brushType=4 eraserSize=12.0 eraserOp=1.00 layer=0x5e2e67ee0d30
[BrushEngine::stampEraser] cx=230.0 cy=152.0 m_eraser=0x5e2e38fafc58
[GradualEraser::stamp] cx=230.0 cy=152.0 r=6 total=113 skipped_zero=113 erased=0
[GradualEraser::verify] center(230,152) rgba=(0,0,0,0)
[BrushEngine::stampEraser] cx=229.0 cy=151.0 m_eraser=0x5e2e38fafc58
[GradualEraser::stamp] cx=229.0 cy=151.0 r=6 total=113 skipped_zero=111 erased=2
[GradualEraser::verify] center(229,151) rgba=(0,0,0,0)
[BrushEngine::stampEraser] cx=229.0 cy=151.0 m_eraser=0x5e2e38fafc58
[GradualEraser::stamp] cx=229.0 cy=151.0 r=6 total=113 skipped_zero=113 erased=0
[GradualEraser::verify] center(229,151) rgba=(0,0,0,0)
[MOUSE_MOVE] drawing=true tool=1 drawing at (571.0,233.0)
[handleDrawing] tool=1 brushType=4 eraserSize=12.0 eraserOp=1.00 layer=0x5e2e67ee0d30
[BrushEngine::stampEraser] cx=229.0 cy=151.0 m_eraser=0x5e2e38fafc58
[GradualEraser::stamp] cx=229.0 cy=151.0 r=6 total=113 skipped_zero=113 erased=0
[GradualEraser::verify] center(229,151) rgba=(0,0,0,0)
[BrushEngine::stampEraser] cx=227.0 cy=151.0 m_eraser=0x5e2e38fafc58
[GradualEraser::stamp] cx=227.0 cy=151.0 r=6 total=113 skipped_zero=102 erased=11
[GradualEraser::verify] center(227,151) rgba=(0,0,0,0)
[BrushEngine::stampEraser] cx=227.0 cy=151.0 m_eraser=0x5e2e38fafc58
[GradualEraser::stamp] cx=227.0 cy=151.0 r=6 total=113 skipped_zero=113 erased=0
[GradualEraser::verify] center(227,151) rgba=(0,0,0,0)
[MOUSE_MOVE] drawing=true tool=1 drawing at (570.0,232.0)
[handleDrawing] tool=1 brushType=4 eraserSize=12.0 eraserOp=1.00 layer=0x5e2e67ee0d30
[BrushEngine::stampEraser] cx=227.0 cy=151.0 m_eraser=0x5e2e38fafc58
[GradualEraser::stamp] cx=227.0 cy=151.0 r=6 total=113 skipped_zero=113 erased=0
[GradualEraser::verify] center(227,151) rgba=(0,0,0,0)
[BrushEngine::stampEraser] cx=226.0 cy=150.0 m_eraser=0x5e2e38fafc58
[GradualEraser::stamp] cx=226.0 cy=150.0 r=6 total=113 skipped_zero=111 erased=2
[GradualEraser::verify] center(226,150) rgba=(0,0,0,0)
[BrushEngine::stampEraser] cx=226.0 cy=150.0 m_eraser=0x5e2e38fafc58
[GradualEraser::stamp] cx=226.0 cy=150.0 r=6 total=113 skipped_zero=113 erased=0
[GradualEraser::verify] center(226,150) rgba=(0,0,0,0)
[MOUSE_MOVE] drawing=true tool=1 drawing at (569.0,231.0)
[handleDrawing] tool=1 brushType=4 eraserSize=12.0 eraserOp=1.00 layer=0x5e2e67ee0d30
[BrushEngine::stampEraser] cx=226.0 cy=150.0 m_eraser=0x5e2e38fafc58
[GradualEraser::stamp] cx=226.0 cy=150.0 r=6 total=113 skipped_zero=113 erased=0
[GradualEraser::verify] center(226,150) rgba=(0,0,0,0)
[BrushEngine::stampEraser] cx=225.0 cy=149.0 m_eraser=0x5e2e38fafc58
[GradualEraser::stamp] cx=225.0 cy=149.0 r=6 total=113 skipped_zero=112 erased=1
[GradualEraser::verify] center(225,149) rgba=(0,0,0,0)
[BrushEngine::stampEraser] cx=225.0 cy=149.0 m_eraser=0x5e2e38fafc58
[GradualEraser::stamp] cx=225.0 cy=149.0 r=6 total=113 skipped_zero=113 erased=0
[GradualEraser::verify] center(225,149) rgba=(0,0,0,0)
[MOUSE_MOVE] drawing=true tool=1 drawing at (568.0,230.0)
[handleDrawing] tool=1 brushType=4 eraserSize=12.0 eraserOp=1.00 layer=0x5e2e67ee0d30
[BrushEngine::stampEraser] cx=225.0 cy=149.0 m_eraser=0x5e2e38fafc58
[GradualEraser::stamp] cx=225.0 cy=149.0 r=6 total=113 skipped_zero=113 erased=0
[GradualEraser::verify] center(225,149) rgba=(0,0,0,0)
[BrushEngine::stampEraser] cx=224.0 cy=148.0 m_eraser=0x5e2e38fafc58
[GradualEraser::stamp] cx=224.0 cy=148.0 r=6 total=113 skipped_zero=113 erased=0
[GradualEraser::verify] center(224,148) rgba=(0,0,0,0)
[BrushEngine::stampEraser] cx=224.0 cy=148.0 m_eraser=0x5e2e38fafc58
[GradualEraser::stamp] cx=224.0 cy=148.0 r=6 total=113 skipped_zero=113 erased=0
[GradualEraser::verify] center(224,148) rgba=(0,0,0,0)
[CANVAS_UPDATE] recompositing (frameDirty=1 canvasDirty=0)
[CANVAS_UPDATE] sample pixel (207,154): rgba=(255,101,50,255)
[MOUSE_MOVE] drawing=true tool=1 drawing at (566.0,229.0)
[handleDrawing] tool=1 brushType=4 eraserSize=12.0 eraserOp=1.00 layer=0x5e2e67ee0d30
[BrushEngine::stampEraser] cx=224.0 cy=148.0 m_eraser=0x5e2e38fafc58
[GradualEraser::stamp] cx=224.0 cy=148.0 r=6 total=113 skipped_zero=113 erased=0
[GradualEraser::verify] center(224,148) rgba=(0,0,0,0)
[BrushEngine::stampEraser] cx=222.0 cy=147.0 m_eraser=0x5e2e38fafc58
[GradualEraser::stamp] cx=222.0 cy=147.0 r=6 total=113 skipped_zero=112 erased=1
[GradualEraser::verify] center(222,147) rgba=(0,0,0,0)
[BrushEngine::stampEraser] cx=222.0 cy=147.0 m_eraser=0x5e2e38fafc58
[GradualEraser::stamp] cx=222.0 cy=147.0 r=6 total=113 skipped_zero=113 erased=0
[GradualEraser::verify] center(222,147) rgba=(0,0,0,0)
[MOUSE_MOVE] drawing=true tool=1 drawing at (565.0,229.0)
[handleDrawing] tool=1 brushType=4 eraserSize=12.0 eraserOp=1.00 layer=0x5e2e67ee0d30
[BrushEngine::stampEraser] cx=222.0 cy=147.0 m_eraser=0x5e2e38fafc58
[GradualEraser::stamp] cx=222.0 cy=147.0 r=6 total=113 skipped_zero=113 erased=0
[GradualEraser::verify] center(222,147) rgba=(0,0,0,0)
[BrushEngine::stampEraser] cx=221.0 cy=147.0 m_eraser=0x5e2e38fafc58
[GradualEraser::stamp] cx=221.0 cy=147.0 r=6 total=113 skipped_zero=112 erased=1
[GradualEraser::verify] center(221,147) rgba=(0,0,0,0)
[BrushEngine::stampEraser] cx=221.0 cy=147.0 m_eraser=0x5e2e38fafc58
[GradualEraser::stamp] cx=221.0 cy=147.0 r=6 total=113 skipped_zero=113 erased=0
[GradualEraser::verify] center(221,147) rgba=(0,0,0,0)
[MOUSE_MOVE] drawing=true tool=1 drawing at (562.0,227.0)
[handleDrawing] tool=1 brushType=4 eraserSize=12.0 eraserOp=1.00 layer=0x5e2e67ee0d30
[BrushEngine::stampEraser] cx=221.0 cy=147.0 m_eraser=0x5e2e38fafc58
[GradualEraser::stamp] cx=221.0 cy=147.0 r=6 total=113 skipped_zero=113 erased=0
[GradualEraser::verify] center(221,147) rgba=(0,0,0,0)
[BrushEngine::stampEraser] cx=219.5 cy=146.0 m_eraser=0x5e2e38fafc58
[GradualEraser::stamp] cx=219.5 cy=146.0 r=6 total=113 skipped_zero=113 erased=0
[GradualEraser::verify] center(220,146) rgba=(0,0,0,0)
[BrushEngine::stampEraser] cx=218.0 cy=145.0 m_eraser=0x5e2e38fafc58
[GradualEraser::stamp] cx=218.0 cy=145.0 r=6 total=113 skipped_zero=113 erased=0
[GradualEraser::verify] center(218,145) rgba=(0,0,0,0)
[BrushEngine::stampEraser] cx=218.0 cy=145.0 m_eraser=0x5e2e38fafc58
[GradualEraser::stamp] cx=218.0 cy=145.0 r=6 total=113 skipped_zero=113 erased=0
[GradualEraser::verify] center(218,145) rgba=(0,0,0,0)
[MOUSE_MOVE] drawing=true tool=1 drawing at (561.0,226.0)
[handleDrawing] tool=1 brushType=4 eraserSize=12.0 eraserOp=1.00 layer=0x5e2e67ee0d30
[BrushEngine::stampEraser] cx=218.0 cy=145.0 m_eraser=0x5e2e38fafc58
[GradualEraser::stamp] cx=218.0 cy=145.0 r=6 total=113 skipped_zero=113 erased=0
[GradualEraser::verify] center(218,145) rgba=(0,0,0,0)
[BrushEngine::stampEraser] cx=217.0 cy=144.0 m_eraser=0x5e2e38fafc58
[GradualEraser::stamp] cx=217.0 cy=144.0 r=6 total=113 skipped_zero=113 erased=0
[GradualEraser::verify] center(217,144) rgba=(0,0,0,0)
[BrushEngine::stampEraser] cx=217.0 cy=144.0 m_eraser=0x5e2e38fafc58
[GradualEraser::stamp] cx=217.0 cy=144.0 r=6 total=113 skipped_zero=113 erased=0
[GradualEraser::verify] center(217,144) rgba=(0,0,0,0)
[MOUSE_MOVE] drawing=true tool=1 drawing at (560.0,225.0)
[handleDrawing] tool=1 brushType=4 eraserSize=12.0 eraserOp=1.00 layer=0x5e2e67ee0d30
[BrushEngine::stampEraser] cx=217.0 cy=144.0 m_eraser=0x5e2e38fafc58
[GradualEraser::stamp] cx=217.0 cy=144.0 r=6 total=113 skipped_zero=113 erased=0
[GradualEraser::verify] center(217,144) rgba=(0,0,0,0)
[BrushEngine::stampEraser] cx=216.0 cy=143.0 m_eraser=0x5e2e38fafc58
[GradualEraser::stamp] cx=216.0 cy=143.0 r=6 total=113 skipped_zero=113 erased=0
[GradualEraser::verify] center(216,143) rgba=(0,0,0,0)
[BrushEngine::stampEraser] cx=216.0 cy=143.0 m_eraser=0x5e2e38fafc58
[GradualEraser::stamp] cx=216.0 cy=143.0 r=6 total=113 skipped_zero=113 erased=0
[GradualEraser::verify] center(216,143) rgba=(0,0,0,0)
[MOUSE_MOVE] drawing=true tool=1 drawing at (557.0,224.0)
[handleDrawing] tool=1 brushType=4 eraserSize=12.0 eraserOp=1.00 layer=0x5e2e67ee0d30
[BrushEngine::stampEraser] cx=216.0 cy=143.0 m_eraser=0x5e2e38fafc58
[GradualEraser::stamp] cx=216.0 cy=143.0 r=6 total=113 skipped_zero=113 erased=0
[GradualEraser::verify] center(216,143) rgba=(0,0,0,0)
[BrushEngine::stampEraser] cx=214.5 cy=142.5 m_eraser=0x5e2e38fafc58
[GradualEraser::stamp] cx=214.5 cy=142.5 r=6 total=113 skipped_zero=113 erased=0
[GradualEraser::verify] center(215,143) rgba=(0,0,0,0)
[BrushEngine::stampEraser] cx=213.0 cy=142.0 m_eraser=0x5e2e38fafc58
[GradualEraser::stamp] cx=213.0 cy=142.0 r=6 total=113 skipped_zero=113 erased=0
[GradualEraser::verify] center(213,142) rgba=(0,0,0,0)
[BrushEngine::stampEraser] cx=213.0 cy=142.0 m_eraser=0x5e2e38fafc58
[GradualEraser::stamp] cx=213.0 cy=142.0 r=6 total=113 skipped_zero=113 erased=0
[GradualEraser::verify] center(213,142) rgba=(0,0,0,0)
[MOUSE_MOVE] drawing=true tool=1 drawing at (556.0,224.0)
[handleDrawing] tool=1 brushType=4 eraserSize=12.0 eraserOp=1.00 layer=0x5e2e67ee0d30
[BrushEngine::stampEraser] cx=213.0 cy=142.0 m_eraser=0x5e2e38fafc58
[GradualEraser::stamp] cx=213.0 cy=142.0 r=6 total=113 skipped_zero=113 erased=0
[GradualEraser::verify] center(213,142) rgba=(0,0,0,0)
[BrushEngine::stampEraser] cx=212.0 cy=142.0 m_eraser=0x5e2e38fafc58
[GradualEraser::stamp] cx=212.0 cy=142.0 r=6 total=113 skipped_zero=113 erased=0
[GradualEraser::verify] center(212,142) rgba=(0,0,0,0)
[BrushEngine::stampEraser] cx=212.0 cy=142.0 m_eraser=0x5e2e38fafc58
[GradualEraser::stamp] cx=212.0 cy=142.0 r=6 total=113 skipped_zero=113 erased=0
[GradualEraser::verify] center(212,142) rgba=(0,0,0,0)
[CANVAS_UPDATE] recompositing (frameDirty=1 canvasDirty=0)
[CANVAS_UPDATE] sample pixel (207,154): rgba=(255,101,50,255)
[MOUSE_MOVE] drawing=true tool=1 drawing at (554.0,222.0)
[handleDrawing] tool=1 brushType=4 eraserSize=12.0 eraserOp=1.00 layer=0x5e2e67ee0d30
[BrushEngine::stampEraser] cx=212.0 cy=142.0 m_eraser=0x5e2e38fafc58
[GradualEraser::stamp] cx=212.0 cy=142.0 r=6 total=113 skipped_zero=113 erased=0
[GradualEraser::verify] center(212,142) rgba=(0,0,0,0)
[BrushEngine::stampEraser] cx=210.0 cy=140.0 m_eraser=0x5e2e38fafc58
[GradualEraser::stamp] cx=210.0 cy=140.0 r=6 total=113 skipped_zero=113 erased=0
[GradualEraser::verify] center(210,140) rgba=(0,0,0,0)
[BrushEngine::stampEraser] cx=210.0 cy=140.0 m_eraser=0x5e2e38fafc58
[GradualEraser::stamp] cx=210.0 cy=140.0 r=6 total=113 skipped_zero=113 erased=0
[GradualEraser::verify] center(210,140) rgba=(0,0,0,0)
[MOUSE_MOVE] drawing=true tool=1 drawing at (553.0,222.0)
[handleDrawing] tool=1 brushType=4 eraserSize=12.0 eraserOp=1.00 layer=0x5e2e67ee0d30
[BrushEngine::stampEraser] cx=210.0 cy=140.0 m_eraser=0x5e2e38fafc58
[GradualEraser::stamp] cx=210.0 cy=140.0 r=6 total=113 skipped_zero=113 erased=0
[GradualEraser::verify] center(210,140) rgba=(0,0,0,0)
[BrushEngine::stampEraser] cx=209.0 cy=140.0 m_eraser=0x5e2e38fafc58
[GradualEraser::stamp] cx=209.0 cy=140.0 r=6 total=113 skipped_zero=113 erased=0
[GradualEraser::verify] center(209,140) rgba=(0,0,0,0)
[BrushEngine::stampEraser] cx=209.0 cy=140.0 m_eraser=0x5e2e38fafc58
[GradualEraser::stamp] cx=209.0 cy=140.0 r=6 total=113 skipped_zero=113 erased=0
[GradualEraser::verify] center(209,140) rgba=(0,0,0,0)
[MOUSE_MOVE] drawing=true tool=1 drawing at (552.0,221.0)
[handleDrawing] tool=1 brushType=4 eraserSize=12.0 eraserOp=1.00 layer=0x5e2e67ee0d30
[BrushEngine::stampEraser] cx=209.0 cy=140.0 m_eraser=0x5e2e38fafc58
[GradualEraser::stamp] cx=209.0 cy=140.0 r=6 total=113 skipped_zero=113 erased=0
[GradualEraser::verify] center(209,140) rgba=(0,0,0,0)
[BrushEngine::stampEraser] cx=208.0 cy=139.0 m_eraser=0x5e2e38fafc58
[GradualEraser::stamp] cx=208.0 cy=139.0 r=6 total=113 skipped_zero=110 erased=3
[GradualEraser::verify] center(208,139) rgba=(0,0,0,0)
[BrushEngine::stampEraser] cx=208.0 cy=139.0 m_eraser=0x5e2e38fafc58
[GradualEraser::stamp] cx=208.0 cy=139.0 r=6 total=113 skipped_zero=113 erased=0
[GradualEraser::verify] center(208,139) rgba=(0,0,0,0)
[MOUSE_MOVE] drawing=true tool=1 drawing at (551.0,220.0)
[handleDrawing] tool=1 brushType=4 eraserSize=12.0 eraserOp=1.00 layer=0x5e2e67ee0d30
[BrushEngine::stampEraser] cx=208.0 cy=139.0 m_eraser=0x5e2e38fafc58
[GradualEraser::stamp] cx=208.0 cy=139.0 r=6 total=113 skipped_zero=113 erased=0
[GradualEraser::verify] center(208,139) rgba=(0,0,0,0)
[BrushEngine::stampEraser] cx=207.0 cy=138.0 m_eraser=0x5e2e38fafc58
[GradualEraser::stamp] cx=207.0 cy=138.0 r=6 total=113 skipped_zero=104 erased=9
[GradualEraser::verify] center(207,138) rgba=(0,0,0,0)
[BrushEngine::stampEraser] cx=207.0 cy=138.0 m_eraser=0x5e2e38fafc58
[GradualEraser::stamp] cx=207.0 cy=138.0 r=6 total=113 skipped_zero=113 erased=0
[GradualEraser::verify] center(207,138) rgba=(0,0,0,0)
[MOUSE_MOVE] drawing=true tool=1 drawing at (549.0,220.0)
[handleDrawing] tool=1 brushType=4 eraserSize=12.0 eraserOp=1.00 layer=0x5e2e67ee0d30
[BrushEngine::stampEraser] cx=207.0 cy=138.0 m_eraser=0x5e2e38fafc58
[GradualEraser::stamp] cx=207.0 cy=138.0 r=6 total=113 skipped_zero=113 erased=0
[GradualEraser::verify] center(207,138) rgba=(0,0,0,0)
[BrushEngine::stampEraser] cx=205.0 cy=138.0 m_eraser=0x5e2e38fafc58
[GradualEraser::stamp] cx=205.0 cy=138.0 r=6 total=113 skipped_zero=103 erased=10
[GradualEraser::verify] center(205,138) rgba=(0,0,0,0)
[BrushEngine::stampEraser] cx=205.0 cy=138.0 m_eraser=0x5e2e38fafc58
[GradualEraser::stamp] cx=205.0 cy=138.0 r=6 total=113 skipped_zero=113 erased=0
[GradualEraser::verify] center(205,138) rgba=(0,0,0,0)
[MOUSE_MOVE] drawing=true tool=1 drawing at (548.0,220.0)
[handleDrawing] tool=1 brushType=4 eraserSize=12.0 eraserOp=1.00 layer=0x5e2e67ee0d30
[BrushEngine::stampEraser] cx=205.0 cy=138.0 m_eraser=0x5e2e38fafc58
[GradualEraser::stamp] cx=205.0 cy=138.0 r=6 total=113 skipped_zero=113 erased=0
[GradualEraser::verify] center(205,138) rgba=(0,0,0,0)
[BrushEngine::stampEraser] cx=204.0 cy=138.0 m_eraser=0x5e2e38fafc58
[GradualEraser::stamp] cx=204.0 cy=138.0 r=6 total=113 skipped_zero=107 erased=6
[GradualEraser::verify] center(204,138) rgba=(0,0,0,0)
[BrushEngine::stampEraser] cx=204.0 cy=138.0 m_eraser=0x5e2e38fafc58
[GradualEraser::stamp] cx=204.0 cy=138.0 r=6 total=113 skipped_zero=113 erased=0
[GradualEraser::verify] center(204,138) rgba=(0,0,0,0)
[MOUSE_MOVE] drawing=true tool=1 drawing at (545.0,218.0)
[handleDrawing] tool=1 brushType=4 eraserSize=12.0 eraserOp=1.00 layer=0x5e2e67ee0d30
[BrushEngine::stampEraser] cx=204.0 cy=138.0 m_eraser=0x5e2e38fafc58
[GradualEraser::stamp] cx=204.0 cy=138.0 r=6 total=113 skipped_zero=113 erased=0
[GradualEraser::verify] center(204,138) rgba=(0,0,0,0)
[BrushEngine::stampEraser] cx=202.5 cy=137.0 m_eraser=0x5e2e38fafc58
[GradualEraser::stamp] cx=202.5 cy=137.0 r=6 total=113 skipped_zero=99 erased=14
[GradualEraser::verify] center(203,137) rgba=(0,0,0,0)
[BrushEngine::stampEraser] cx=201.0 cy=136.0 m_eraser=0x5e2e38fafc58
[GradualEraser::stamp] cx=201.0 cy=136.0 r=6 total=113 skipped_zero=90 erased=23
[GradualEraser::verify] center(201,136) rgba=(0,0,0,0)
[BrushEngine::stampEraser] cx=201.0 cy=136.0 m_eraser=0x5e2e38fafc58
[GradualEraser::stamp] cx=201.0 cy=136.0 r=6 total=113 skipped_zero=113 erased=0
[GradualEraser::verify] center(201,136) rgba=(0,0,0,0)
[CANVAS_UPDATE] recompositing (frameDirty=1 canvasDirty=0)
[CANVAS_UPDATE] sample pixel (207,154): rgba=(255,101,50,255)
[MOUSE_MOVE] drawing=true tool=1 drawing at (544.0,218.0)
[handleDrawing] tool=1 brushType=4 eraserSize=12.0 eraserOp=1.00 layer=0x5e2e67ee0d30
[BrushEngine::stampEraser] cx=201.0 cy=136.0 m_eraser=0x5e2e38fafc58
[GradualEraser::stamp] cx=201.0 cy=136.0 r=6 total=113 skipped_zero=113 erased=0
[GradualEraser::verify] center(201,136) rgba=(0,0,0,0)
[BrushEngine::stampEraser] cx=200.0 cy=136.0 m_eraser=0x5e2e38fafc58
[GradualEraser::stamp] cx=200.0 cy=136.0 r=6 total=113 skipped_zero=104 erased=9
[GradualEraser::verify] center(200,136) rgba=(0,0,0,0)
[BrushEngine::stampEraser] cx=200.0 cy=136.0 m_eraser=0x5e2e38fafc58
[GradualEraser::stamp] cx=200.0 cy=136.0 r=6 total=113 skipped_zero=113 erased=0
[GradualEraser::verify] center(200,136) rgba=(0,0,0,0)
[MOUSE_MOVE] drawing=true tool=1 drawing at (543.0,217.0)
[handleDrawing] tool=1 brushType=4 eraserSize=12.0 eraserOp=1.00 layer=0x5e2e67ee0d30
[BrushEngine::stampEraser] cx=200.0 cy=136.0 m_eraser=0x5e2e38fafc58
[GradualEraser::stamp] cx=200.0 cy=136.0 r=6 total=113 skipped_zero=113 erased=0
[GradualEraser::verify] center(200,136) rgba=(0,0,0,0)
[BrushEngine::stampEraser] cx=199.0 cy=135.0 m_eraser=0x5e2e38fafc58
[GradualEraser::stamp] cx=199.0 cy=135.0 r=6 total=113 skipped_zero=97 erased=16
[GradualEraser::verify] center(199,135) rgba=(0,0,0,0)
[BrushEngine::stampEraser] cx=199.0 cy=135.0 m_eraser=0x5e2e38fafc58
[GradualEraser::stamp] cx=199.0 cy=135.0 r=6 total=113 skipped_zero=113 erased=0
[GradualEraser::verify] center(199,135) rgba=(0,0,0,0)
[MOUSE_MOVE] drawing=true tool=1 drawing at (542.0,216.0)
[handleDrawing] tool=1 brushType=4 eraserSize=12.0 eraserOp=1.00 layer=0x5e2e67ee0d30
[BrushEngine::stampEraser] cx=199.0 cy=135.0 m_eraser=0x5e2e38fafc58
[GradualEraser::stamp] cx=199.0 cy=135.0 r=6 total=113 skipped_zero=113 erased=0
[GradualEraser::verify] center(199,135) rgba=(0,0,0,0)
[BrushEngine::stampEraser] cx=198.0 cy=134.0 m_eraser=0x5e2e38fafc58
[GradualEraser::stamp] cx=198.0 cy=134.0 r=6 total=113 skipped_zero=96 erased=17
[GradualEraser::verify] center(198,134) rgba=(0,0,0,0)
[BrushEngine::stampEraser] cx=198.0 cy=134.0 m_eraser=0x5e2e38fafc58
[GradualEraser::stamp] cx=198.0 cy=134.0 r=6 total=113 skipped_zero=113 erased=0
[GradualEraser::verify] center(198,134) rgba=(0,0,0,0)
[MOUSE_MOVE] drawing=true tool=1 drawing at (540.0,216.0)
[handleDrawing] tool=1 brushType=4 eraserSize=12.0 eraserOp=1.00 layer=0x5e2e67ee0d30
[BrushEngine::stampEraser] cx=198.0 cy=134.0 m_eraser=0x5e2e38fafc58
[GradualEraser::stamp] cx=198.0 cy=134.0 r=6 total=113 skipped_zero=113 erased=0
[GradualEraser::verify] center(198,134) rgba=(0,0,0,0)
[BrushEngine::stampEraser] cx=196.0 cy=134.0 m_eraser=0x5e2e38fafc58
[GradualEraser::stamp] cx=196.0 cy=134.0 r=6 total=113 skipped_zero=90 erased=23
[GradualEraser::verify] center(196,134) rgba=(0,0,0,0)
[BrushEngine::stampEraser] cx=196.0 cy=134.0 m_eraser=0x5e2e38fafc58
[GradualEraser::stamp] cx=196.0 cy=134.0 r=6 total=113 skipped_zero=113 erased=0
[GradualEraser::verify] center(196,134) rgba=(0,0,0,0)
[MOUSE_MOVE] drawing=true tool=1 drawing at (539.0,215.0)
[handleDrawing] tool=1 brushType=4 eraserSize=12.0 eraserOp=1.00 layer=0x5e2e67ee0d30
[BrushEngine::stampEraser] cx=196.0 cy=134.0 m_eraser=0x5e2e38fafc58
[GradualEraser::stamp] cx=196.0 cy=134.0 r=6 total=113 skipped_zero=113 erased=0
[GradualEraser::verify] center(196,134) rgba=(0,0,0,0)
[BrushEngine::stampEraser] cx=195.0 cy=133.0 m_eraser=0x5e2e38fafc58
[GradualEraser::stamp] cx=195.0 cy=133.0 r=6 total=113 skipped_zero=97 erased=16
[GradualEraser::verify] center(195,133) rgba=(0,0,0,0)
[BrushEngine::stampEraser] cx=195.0 cy=133.0 m_eraser=0x5e2e38fafc58
[GradualEraser::stamp] cx=195.0 cy=133.0 r=6 total=113 skipped_zero=113 erased=0
[GradualEraser::verify] center(195,133) rgba=(0,0,0,0)
[MOUSE_MOVE] drawing=true tool=1 drawing at (538.0,215.0)
[handleDrawing] tool=1 brushType=4 eraserSize=12.0 eraserOp=1.00 layer=0x5e2e67ee0d30
[BrushEngine::stampEraser] cx=195.0 cy=133.0 m_eraser=0x5e2e38fafc58
[GradualEraser::stamp] cx=195.0 cy=133.0 r=6 total=113 skipped_zero=113 erased=0
[GradualEraser::verify] center(195,133) rgba=(0,0,0,0)
[BrushEngine::stampEraser] cx=194.0 cy=133.0 m_eraser=0x5e2e38fafc58
[GradualEraser::stamp] cx=194.0 cy=133.0 r=6 total=113 skipped_zero=101 erased=12
[GradualEraser::verify] center(194,133) rgba=(0,0,0,0)
[BrushEngine::stampEraser] cx=194.0 cy=133.0 m_eraser=0x5e2e38fafc58
[GradualEraser::stamp] cx=194.0 cy=133.0 r=6 total=113 skipped_zero=113 erased=0
[GradualEraser::verify] center(194,133) rgba=(0,0,0,0)
[CANVAS_UPDATE] recompositing (frameDirty=1 canvasDirty=0)
[CANVAS_UPDATE] sample pixel (207,154): rgba=(255,101,50,255)
[MOUSE_MOVE] drawing=true tool=1 drawing at (537.0,215.0)
[handleDrawing] tool=1 brushType=4 eraserSize=12.0 eraserOp=1.00 layer=0x5e2e67ee0d30
[BrushEngine::stampEraser] cx=194.0 cy=133.0 m_eraser=0x5e2e38fafc58
[GradualEraser::stamp] cx=194.0 cy=133.0 r=6 total=113 skipped_zero=113 erased=0
[GradualEraser::verify] center(194,133) rgba=(0,0,0,0)
[BrushEngine::stampEraser] cx=193.0 cy=133.0 m_eraser=0x5e2e38fafc58
[GradualEraser::stamp] cx=193.0 cy=133.0 r=6 total=113 skipped_zero=101 erased=12
[GradualEraser::verify] center(193,133) rgba=(0,0,0,0)
[BrushEngine::stampEraser] cx=193.0 cy=133.0 m_eraser=0x5e2e38fafc58
[GradualEraser::stamp] cx=193.0 cy=133.0 r=6 total=113 skipped_zero=113 erased=0
[GradualEraser::verify] center(193,133) rgba=(0,0,0,0)
[MOUSE_MOVE] drawing=true tool=1 drawing at (536.0,215.0)
[handleDrawing] tool=1 brushType=4 eraserSize=12.0 eraserOp=1.00 layer=0x5e2e67ee0d30
[BrushEngine::stampEraser] cx=193.0 cy=133.0 m_eraser=0x5e2e38fafc58
[GradualEraser::stamp] cx=193.0 cy=133.0 r=6 total=113 skipped_zero=113 erased=0
[GradualEraser::verify] center(193,133) rgba=(0,0,0,0)
[BrushEngine::stampEraser] cx=192.0 cy=133.0 m_eraser=0x5e2e38fafc58
[GradualEraser::stamp] cx=192.0 cy=133.0 r=6 total=113 skipped_zero=100 erased=13
[GradualEraser::verify] center(192,133) rgba=(0,0,0,0)
[BrushEngine::stampEraser] cx=192.0 cy=133.0 m_eraser=0x5e2e38fafc58
[GradualEraser::stamp] cx=192.0 cy=133.0 r=6 total=113 skipped_zero=113 erased=0
[GradualEraser::verify] center(192,133) rgba=(0,0,0,0)
[CANVAS_UPDATE] recompositing (frameDirty=1 canvasDirty=0)
[CANVAS_UPDATE] sample pixel (207,154): rgba=(255,101,50,255)
[MOUSE_MOVE] drawing=true tool=1 drawing at (535.0,215.0)
[handleDrawing] tool=1 brushType=4 eraserSize=12.0 eraserOp=1.00 layer=0x5e2e67ee0d30
[BrushEngine::stampEraser] cx=192.0 cy=133.0 m_eraser=0x5e2e38fafc58
[GradualEraser::stamp] cx=192.0 cy=133.0 r=6 total=113 skipped_zero=113 erased=0
[GradualEraser::verify] center(192,133) rgba=(0,0,0,0)
[BrushEngine::stampEraser] cx=191.0 cy=133.0 m_eraser=0x5e2e38fafc58
[GradualEraser::stamp] cx=191.0 cy=133.0 r=6 total=113 skipped_zero=100 erased=13
[GradualEraser::verify] center(191,133) rgba=(0,0,0,0)
[BrushEngine::stampEraser] cx=191.0 cy=133.0 m_eraser=0x5e2e38fafc58
[GradualEraser::stamp] cx=191.0 cy=133.0 r=6 total=113 skipped_zero=113 erased=0
[GradualEraser::verify] center(191,133) rgba=(0,0,0,0)
[CANVAS_UPDATE] recompositing (frameDirty=1 canvasDirty=0)
[CANVAS_UPDATE] sample pixel (207,154): rgba=(255,101,50,255)
[MOUSE_MOVE] drawing=true tool=1 drawing at (535.0,216.0)
[handleDrawing] tool=1 brushType=4 eraserSize=12.0 eraserOp=1.00 layer=0x5e2e67ee0d30
[BrushEngine::stampEraser] cx=191.0 cy=133.0 m_eraser=0x5e2e38fafc58
[GradualEraser::stamp] cx=191.0 cy=133.0 r=6 total=113 skipped_zero=113 erased=0
[GradualEraser::verify] center(191,133) rgba=(0,0,0,0)
[BrushEngine::stampEraser] cx=191.0 cy=134.0 m_eraser=0x5e2e38fafc58
[GradualEraser::stamp] cx=191.0 cy=134.0 r=6 total=113 skipped_zero=106 erased=7
[GradualEraser::verify] center(191,134) rgba=(0,0,0,0)
[BrushEngine::stampEraser] cx=191.0 cy=134.0 m_eraser=0x5e2e38fafc58
[GradualEraser::stamp] cx=191.0 cy=134.0 r=6 total=113 skipped_zero=113 erased=0
[GradualEraser::verify] center(191,134) rgba=(0,0,0,0)
[MOUSE_MOVE] drawing=true tool=1 drawing at (535.0,217.0)
[handleDrawing] tool=1 brushType=4 eraserSize=12.0 eraserOp=1.00 layer=0x5e2e67ee0d30
[BrushEngine::stampEraser] cx=191.0 cy=134.0 m_eraser=0x5e2e38fafc58
[GradualEraser::stamp] cx=191.0 cy=134.0 r=6 total=113 skipped_zero=113 erased=0
[GradualEraser::verify] center(191,134) rgba=(0,0,0,0)
[BrushEngine::stampEraser] cx=191.0 cy=135.0 m_eraser=0x5e2e38fafc58
[GradualEraser::stamp] cx=191.0 cy=135.0 r=6 total=113 skipped_zero=107 erased=6
[GradualEraser::verify] center(191,135) rgba=(0,0,0,0)
[BrushEngine::stampEraser] cx=191.0 cy=135.0 m_eraser=0x5e2e38fafc58
[GradualEraser::stamp] cx=191.0 cy=135.0 r=6 total=113 skipped_zero=113 erased=0
[GradualEraser::verify] center(191,135) rgba=(0,0,0,0)
[CANVAS_UPDATE] recompositing (frameDirty=1 canvasDirty=0)
[CANVAS_UPDATE] sample pixel (207,154): rgba=(255,101,50,255)
[MOUSE_MOVE] drawing=true tool=1 drawing at (535.0,219.0)
[handleDrawing] tool=1 brushType=4 eraserSize=12.0 eraserOp=1.00 layer=0x5e2e67ee0d30
[BrushEngine::stampEraser] cx=191.0 cy=135.0 m_eraser=0x5e2e38fafc58
[GradualEraser::stamp] cx=191.0 cy=135.0 r=6 total=113 skipped_zero=113 erased=0
[GradualEraser::verify] center(191,135) rgba=(0,0,0,0)
[BrushEngine::stampEraser] cx=191.0 cy=137.0 m_eraser=0x5e2e38fafc58
[GradualEraser::stamp] cx=191.0 cy=137.0 r=6 total=113 skipped_zero=101 erased=12
[GradualEraser::verify] center(191,137) rgba=(0,0,0,0)
[BrushEngine::stampEraser] cx=191.0 cy=137.0 m_eraser=0x5e2e38fafc58
[GradualEraser::stamp] cx=191.0 cy=137.0 r=6 total=113 skipped_zero=113 erased=0
[GradualEraser::verify] center(191,137) rgba=(0,0,0,0)
[MOUSE_MOVE] drawing=true tool=1 drawing at (535.0,220.0)
[handleDrawing] tool=1 brushType=4 eraserSize=12.0 eraserOp=1.00 layer=0x5e2e67ee0d30
[BrushEngine::stampEraser] cx=191.0 cy=137.0 m_eraser=0x5e2e38fafc58
[GradualEraser::stamp] cx=191.0 cy=137.0 r=6 total=113 skipped_zero=113 erased=0
[GradualEraser::verify] center(191,137) rgba=(0,0,0,0)
[BrushEngine::stampEraser] cx=191.0 cy=138.0 m_eraser=0x5e2e38fafc58
[GradualEraser::stamp] cx=191.0 cy=138.0 r=6 total=113 skipped_zero=103 erased=10
[GradualEraser::verify] center(191,138) rgba=(0,0,0,0)
[BrushEngine::stampEraser] cx=191.0 cy=138.0 m_eraser=0x5e2e38fafc58
[GradualEraser::stamp] cx=191.0 cy=138.0 r=6 total=113 skipped_zero=113 erased=0
[GradualEraser::verify] center(191,138) rgba=(0,0,0,0)
[MOUSE_MOVE] drawing=true tool=1 drawing at (535.0,221.0)
[handleDrawing] tool=1 brushType=4 eraserSize=12.0 eraserOp=1.00 layer=0x5e2e67ee0d30
[BrushEngine::stampEraser] cx=191.0 cy=138.0 m_eraser=0x5e2e38fafc58
[GradualEraser::stamp] cx=191.0 cy=138.0 r=6 total=113 skipped_zero=113 erased=0
[GradualEraser::verify] center(191,138) rgba=(0,0,0,0)
[BrushEngine::stampEraser] cx=191.0 cy=139.0 m_eraser=0x5e2e38fafc58
[GradualEraser::stamp] cx=191.0 cy=139.0 r=6 total=113 skipped_zero=102 erased=11
[GradualEraser::verify] center(191,139) rgba=(0,0,0,0)
[BrushEngine::stampEraser] cx=191.0 cy=139.0 m_eraser=0x5e2e38fafc58
[GradualEraser::stamp] cx=191.0 cy=139.0 r=6 total=113 skipped_zero=113 erased=0
[GradualEraser::verify] center(191,139) rgba=(0,0,0,0)
[MOUSE_MOVE] drawing=true tool=1 drawing at (535.0,222.0)
[handleDrawing] tool=1 brushType=4 eraserSize=12.0 eraserOp=1.00 layer=0x5e2e67ee0d30
[BrushEngine::stampEraser] cx=191.0 cy=139.0 m_eraser=0x5e2e38fafc58
[GradualEraser::stamp] cx=191.0 cy=139.0 r=6 total=113 skipped_zero=113 erased=0
[GradualEraser::verify] center(191,139) rgba=(0,0,0,0)
[BrushEngine::stampEraser] cx=191.0 cy=140.0 m_eraser=0x5e2e38fafc58
[GradualEraser::stamp] cx=191.0 cy=140.0 r=6 total=113 skipped_zero=102 erased=11
[GradualEraser::verify] center(191,140) rgba=(0,0,0,0)
[BrushEngine::stampEraser] cx=191.0 cy=140.0 m_eraser=0x5e2e38fafc58
[GradualEraser::stamp] cx=191.0 cy=140.0 r=6 total=113 skipped_zero=113 erased=0
[GradualEraser::verify] center(191,140) rgba=(0,0,0,0)
[CANVAS_UPDATE] recompositing (frameDirty=1 canvasDirty=0)
[CANVAS_UPDATE] sample pixel (207,154): rgba=(255,101,50,255)
[MOUSE_MOVE] drawing=true tool=1 drawing at (535.0,223.0)
[handleDrawing] tool=1 brushType=4 eraserSize=12.0 eraserOp=1.00 layer=0x5e2e67ee0d30
[BrushEngine::stampEraser] cx=191.0 cy=140.0 m_eraser=0x5e2e38fafc58
[GradualEraser::stamp] cx=191.0 cy=140.0 r=6 total=113 skipped_zero=113 erased=0
[GradualEraser::verify] center(191,140) rgba=(0,0,0,0)
[BrushEngine::stampEraser] cx=191.0 cy=141.0 m_eraser=0x5e2e38fafc58
[GradualEraser::stamp] cx=191.0 cy=141.0 r=6 total=113 skipped_zero=101 erased=12
[GradualEraser::verify] center(191,141) rgba=(0,0,0,0)
[BrushEngine::stampEraser] cx=191.0 cy=141.0 m_eraser=0x5e2e38fafc58
[GradualEraser::stamp] cx=191.0 cy=141.0 r=6 total=113 skipped_zero=113 erased=0
[GradualEraser::verify] center(191,141) rgba=(0,0,0,0)
[MOUSE_MOVE] drawing=true tool=1 drawing at (535.0,224.0)
[handleDrawing] tool=1 brushType=4 eraserSize=12.0 eraserOp=1.00 layer=0x5e2e67ee0d30
[BrushEngine::stampEraser] cx=191.0 cy=141.0 m_eraser=0x5e2e38fafc58
[GradualEraser::stamp] cx=191.0 cy=141.0 r=6 total=113 skipped_zero=113 erased=0
[GradualEraser::verify] center(191,141) rgba=(0,0,0,0)
[BrushEngine::stampEraser] cx=191.0 cy=142.0 m_eraser=0x5e2e38fafc58
[GradualEraser::stamp] cx=191.0 cy=142.0 r=6 total=113 skipped_zero=101 erased=12
[GradualEraser::verify] center(191,142) rgba=(0,0,0,0)
[BrushEngine::stampEraser] cx=191.0 cy=142.0 m_eraser=0x5e2e38fafc58
[GradualEraser::stamp] cx=191.0 cy=142.0 r=6 total=113 skipped_zero=113 erased=0
[GradualEraser::verify] center(191,142) rgba=(0,0,0,0)
[MOUSE_MOVE] drawing=true tool=1 drawing at (536.0,224.0)
[handleDrawing] tool=1 brushType=4 eraserSize=12.0 eraserOp=1.00 layer=0x5e2e67ee0d30
[BrushEngine::stampEraser] cx=191.0 cy=142.0 m_eraser=0x5e2e38fafc58
[GradualEraser::stamp] cx=191.0 cy=142.0 r=6 total=113 skipped_zero=113 erased=0
[GradualEraser::verify] center(191,142) rgba=(0,0,0,0)
[BrushEngine::stampEraser] cx=192.0 cy=142.0 m_eraser=0x5e2e38fafc58
[GradualEraser::stamp] cx=192.0 cy=142.0 r=6 total=113 skipped_zero=109 erased=4
[GradualEraser::verify] center(192,142) rgba=(0,0,0,0)
[BrushEngine::stampEraser] cx=192.0 cy=142.0 m_eraser=0x5e2e38fafc58
[GradualEraser::stamp] cx=192.0 cy=142.0 r=6 total=113 skipped_zero=113 erased=0
[GradualEraser::verify] center(192,142) rgba=(0,0,0,0)
[MOUSE_MOVE] drawing=true tool=1 drawing at (536.0,225.0)
[handleDrawing] tool=1 brushType=4 eraserSize=12.0 eraserOp=1.00 layer=0x5e2e67ee0d30
[BrushEngine::stampEraser] cx=192.0 cy=142.0 m_eraser=0x5e2e38fafc58
[GradualEraser::stamp] cx=192.0 cy=142.0 r=6 total=113 skipped_zero=113 erased=0
[GradualEraser::verify] center(192,142) rgba=(0,0,0,0)
[BrushEngine::stampEraser] cx=192.0 cy=143.0 m_eraser=0x5e2e38fafc58
[GradualEraser::stamp] cx=192.0 cy=143.0 r=6 total=113 skipped_zero=105 erased=8
[GradualEraser::verify] center(192,143) rgba=(0,0,0,0)
[BrushEngine::stampEraser] cx=192.0 cy=143.0 m_eraser=0x5e2e38fafc58
[GradualEraser::stamp] cx=192.0 cy=143.0 r=6 total=113 skipped_zero=113 erased=0
[GradualEraser::verify] center(192,143) rgba=(0,0,0,0)
[MOUSE_MOVE] drawing=true tool=1 drawing at (537.0,226.0)
[handleDrawing] tool=1 brushType=4 eraserSize=12.0 eraserOp=1.00 layer=0x5e2e67ee0d30
[BrushEngine::stampEraser] cx=192.0 cy=143.0 m_eraser=0x5e2e38fafc58
[GradualEraser::stamp] cx=192.0 cy=143.0 r=6 total=113 skipped_zero=113 erased=0
[GradualEraser::verify] center(192,143) rgba=(0,0,0,0)
[BrushEngine::stampEraser] cx=193.0 cy=144.0 m_eraser=0x5e2e38fafc58
[GradualEraser::stamp] cx=193.0 cy=144.0 r=6 total=113 skipped_zero=107 erased=6
[GradualEraser::verify] center(193,144) rgba=(0,0,0,0)
[BrushEngine::stampEraser] cx=193.0 cy=144.0 m_eraser=0x5e2e38fafc58
[GradualEraser::stamp] cx=193.0 cy=144.0 r=6 total=113 skipped_zero=113 erased=0
[GradualEraser::verify] center(193,144) rgba=(0,0,0,0)
[CANVAS_UPDATE] recompositing (frameDirty=1 canvasDirty=0)
[CANVAS_UPDATE] sample pixel (207,154): rgba=(255,101,50,255)
[MOUSE_MOVE] drawing=true tool=1 drawing at (537.0,227.0)
[handleDrawing] tool=1 brushType=4 eraserSize=12.0 eraserOp=1.00 layer=0x5e2e67ee0d30
[BrushEngine::stampEraser] cx=193.0 cy=144.0 m_eraser=0x5e2e38fafc58
[GradualEraser::stamp] cx=193.0 cy=144.0 r=6 total=113 skipped_zero=113 erased=0
[GradualEraser::verify] center(193,144) rgba=(0,0,0,0)
[BrushEngine::stampEraser] cx=193.0 cy=145.0 m_eraser=0x5e2e38fafc58
[GradualEraser::stamp] cx=193.0 cy=145.0 r=6 total=113 skipped_zero=106 erased=7
[GradualEraser::verify] center(193,145) rgba=(0,0,0,0)
[BrushEngine::stampEraser] cx=193.0 cy=145.0 m_eraser=0x5e2e38fafc58
[GradualEraser::stamp] cx=193.0 cy=145.0 r=6 total=113 skipped_zero=113 erased=0
[GradualEraser::verify] center(193,145) rgba=(0,0,0,0)
[MOUSE_MOVE] drawing=true tool=1 drawing at (538.0,227.0)
[handleDrawing] tool=1 brushType=4 eraserSize=12.0 eraserOp=1.00 layer=0x5e2e67ee0d30
[BrushEngine::stampEraser] cx=193.0 cy=145.0 m_eraser=0x5e2e38fafc58
[GradualEraser::stamp] cx=193.0 cy=145.0 r=6 total=113 skipped_zero=113 erased=0
[GradualEraser::verify] center(193,145) rgba=(0,0,0,0)
[BrushEngine::stampEraser] cx=194.0 cy=145.0 m_eraser=0x5e2e38fafc58
[GradualEraser::stamp] cx=194.0 cy=145.0 r=6 total=113 skipped_zero=112 erased=1
[GradualEraser::verify] center(194,145) rgba=(0,0,0,0)
[BrushEngine::stampEraser] cx=194.0 cy=145.0 m_eraser=0x5e2e38fafc58
[GradualEraser::stamp] cx=194.0 cy=145.0 r=6 total=113 skipped_zero=113 erased=0
[GradualEraser::verify] center(194,145) rgba=(0,0,0,0)
[CANVAS_UPDATE] recompositing (frameDirty=1 canvasDirty=0)
[CANVAS_UPDATE] sample pixel (207,154): rgba=(255,101,50,255)
[MOUSE_MOVE] drawing=true tool=1 drawing at (539.0,227.0)
[handleDrawing] tool=1 brushType=4 eraserSize=12.0 eraserOp=1.00 layer=0x5e2e67ee0d30
[BrushEngine::stampEraser] cx=194.0 cy=145.0 m_eraser=0x5e2e38fafc58
[GradualEraser::stamp] cx=194.0 cy=145.0 r=6 total=113 skipped_zero=113 erased=0
[GradualEraser::verify] center(194,145) rgba=(0,0,0,0)
[BrushEngine::stampEraser] cx=195.0 cy=145.0 m_eraser=0x5e2e38fafc58
[GradualEraser::stamp] cx=195.0 cy=145.0 r=6 total=113 skipped_zero=113 erased=0
[GradualEraser::verify] center(195,145) rgba=(0,0,0,0)
[BrushEngine::stampEraser] cx=195.0 cy=145.0 m_eraser=0x5e2e38fafc58
[GradualEraser::stamp] cx=195.0 cy=145.0 r=6 total=113 skipped_zero=113 erased=0
[GradualEraser::verify] center(195,145) rgba=(0,0,0,0)
[MOUSE_MOVE] drawing=true tool=1 drawing at (539.0,228.0)
[handleDrawing] tool=1 brushType=4 eraserSize=12.0 eraserOp=1.00 layer=0x5e2e67ee0d30
[BrushEngine::stampEraser] cx=195.0 cy=145.0 m_eraser=0x5e2e38fafc58
[GradualEraser::stamp] cx=195.0 cy=145.0 r=6 total=113 skipped_zero=113 erased=0
[GradualEraser::verify] center(195,145) rgba=(0,0,0,0)
[BrushEngine::stampEraser] cx=195.0 cy=146.0 m_eraser=0x5e2e38fafc58
[GradualEraser::stamp] cx=195.0 cy=146.0 r=6 total=113 skipped_zero=112 erased=1
[GradualEraser::verify] center(195,146) rgba=(0,0,0,0)
[BrushEngine::stampEraser] cx=195.0 cy=146.0 m_eraser=0x5e2e38fafc58
[GradualEraser::stamp] cx=195.0 cy=146.0 r=6 total=113 skipped_zero=113 erased=0
[GradualEraser::verify] center(195,146) rgba=(0,0,0,0)
[CANVAS_UPDATE] recompositing (frameDirty=1 canvasDirty=0)
[CANVAS_UPDATE] sample pixel (207,154): rgba=(255,101,50,255)
[MOUSE_MOVE] drawing=true tool=1 drawing at (540.0,228.0)
[handleDrawing] tool=1 brushType=4 eraserSize=12.0 eraserOp=1.00 layer=0x5e2e67ee0d30
[BrushEngine::stampEraser] cx=195.0 cy=146.0 m_eraser=0x5e2e38fafc58
[GradualEraser::stamp] cx=195.0 cy=146.0 r=6 total=113 skipped_zero=113 erased=0
[GradualEraser::verify] center(195,146) rgba=(0,0,0,0)
[BrushEngine::stampEraser] cx=196.0 cy=146.0 m_eraser=0x5e2e38fafc58
[GradualEraser::stamp] cx=196.0 cy=146.0 r=6 total=113 skipped_zero=113 erased=0
[GradualEraser::verify] center(196,146) rgba=(0,0,0,0)
[BrushEngine::stampEraser] cx=196.0 cy=146.0 m_eraser=0x5e2e38fafc58
[GradualEraser::stamp] cx=196.0 cy=146.0 r=6 total=113 skipped_zero=113 erased=0
[GradualEraser::verify] center(196,146) rgba=(0,0,0,0)
[CANVAS_UPDATE] recompositing (frameDirty=1 canvasDirty=0)
[CANVAS_UPDATE] sample pixel (207,154): rgba=(255,101,50,255)
[MOUSE_MOVE] drawing=true tool=1 drawing at (540.0,228.0)
[handleDrawing] tool=1 brushType=4 eraserSize=12.0 eraserOp=1.00 layer=0x5e2e67ee0d30
[BrushEngine::stampEraser] cx=196.0 cy=146.0 m_eraser=0x5e2e38fafc58
[GradualEraser::stamp] cx=196.0 cy=146.0 r=6 total=113 skipped_zero=113 erased=0
[GradualEraser::verify] center(196,146) rgba=(0,0,0,0)
[BrushEngine::stampEraser] cx=196.0 cy=146.0 m_eraser=0x5e2e38fafc58
[GradualEraser::stamp] cx=196.0 cy=146.0 r=6 total=113 skipped_zero=113 erased=0
[GradualEraser::verify] center(196,146) rgba=(0,0,0,0)
[BrushEngine::stampEraser] cx=196.0 cy=146.0 m_eraser=0x5e2e38fafc58
[GradualEraser::stamp] cx=196.0 cy=146.0 r=6 total=113 skipped_zero=113 erased=0
[GradualEraser::verify] center(196,146) rgba=(0,0,0,0)
[MOUSE_MOVE] drawing=true tool=1 drawing at (538.0,227.0)
[handleDrawing] tool=1 brushType=4 eraserSize=12.0 eraserOp=1.00 layer=0x5e2e67ee0d30
[BrushEngine::stampEraser] cx=196.0 cy=146.0 m_eraser=0x5e2e38fafc58
[GradualEraser::stamp] cx=196.0 cy=146.0 r=6 total=113 skipped_zero=113 erased=0
[GradualEraser::verify] center(196,146) rgba=(0,0,0,0)
[BrushEngine::stampEraser] cx=194.0 cy=145.0 m_eraser=0x5e2e38fafc58
[GradualEraser::stamp] cx=194.0 cy=145.0 r=6 total=113 skipped_zero=113 erased=0
[GradualEraser::verify] center(194,145) rgba=(0,0,0,0)
[BrushEngine::stampEraser] cx=194.0 cy=145.0 m_eraser=0x5e2e38fafc58
[GradualEraser::stamp] cx=194.0 cy=145.0 r=6 total=113 skipped_zero=113 erased=0
[GradualEraser::verify] center(194,145) rgba=(0,0,0,0)
[MOUSE_MOVE] drawing=true tool=1 drawing at (536.0,226.0)
[handleDrawing] tool=1 brushType=4 eraserSize=12.0 eraserOp=1.00 layer=0x5e2e67ee0d30
[BrushEngine::stampEraser] cx=194.0 cy=145.0 m_eraser=0x5e2e38fafc58
[GradualEraser::stamp] cx=194.0 cy=145.0 r=6 total=113 skipped_zero=113 erased=0
[GradualEraser::verify] center(194,145) rgba=(0,0,0,0)
[BrushEngine::stampEraser] cx=192.0 cy=144.0 m_eraser=0x5e2e38fafc58
[GradualEraser::stamp] cx=192.0 cy=144.0 r=6 total=113 skipped_zero=112 erased=1
[GradualEraser::verify] center(192,144) rgba=(0,0,0,0)
[BrushEngine::stampEraser] cx=192.0 cy=144.0 m_eraser=0x5e2e38fafc58
[GradualEraser::stamp] cx=192.0 cy=144.0 r=6 total=113 skipped_zero=113 erased=0
[GradualEraser::verify] center(192,144) rgba=(0,0,0,0)
[CANVAS_UPDATE] recompositing (frameDirty=1 canvasDirty=0)
[CANVAS_UPDATE] sample pixel (207,154): rgba=(255,101,50,255)
[MOUSE_MOVE] drawing=true tool=1 drawing at (536.0,225.0)
[handleDrawing] tool=1 brushType=4 eraserSize=12.0 eraserOp=1.00 layer=0x5e2e67ee0d30
[BrushEngine::stampEraser] cx=192.0 cy=144.0 m_eraser=0x5e2e38fafc58
[GradualEraser::stamp] cx=192.0 cy=144.0 r=6 total=113 skipped_zero=113 erased=0
[GradualEraser::verify] center(192,144) rgba=(0,0,0,0)
[BrushEngine::stampEraser] cx=192.0 cy=143.0 m_eraser=0x5e2e38fafc58
[GradualEraser::stamp] cx=192.0 cy=143.0 r=6 total=113 skipped_zero=113 erased=0
[GradualEraser::verify] center(192,143) rgba=(0,0,0,0)
[BrushEngine::stampEraser] cx=192.0 cy=143.0 m_eraser=0x5e2e38fafc58
[GradualEraser::stamp] cx=192.0 cy=143.0 r=6 total=113 skipped_zero=113 erased=0
[GradualEraser::verify] center(192,143) rgba=(0,0,0,0)
[MOUSE_MOVE] drawing=true tool=1 drawing at (535.0,225.0)
[handleDrawing] tool=1 brushType=4 eraserSize=12.0 eraserOp=1.00 layer=0x5e2e67ee0d30
[BrushEngine::stampEraser] cx=192.0 cy=143.0 m_eraser=0x5e2e38fafc58
[GradualEraser::stamp] cx=192.0 cy=143.0 r=6 total=113 skipped_zero=113 erased=0
[GradualEraser::verify] center(192,143) rgba=(0,0,0,0)
[BrushEngine::stampEraser] cx=191.0 cy=143.0 m_eraser=0x5e2e38fafc58
[GradualEraser::stamp] cx=191.0 cy=143.0 r=6 total=113 skipped_zero=111 erased=2
[GradualEraser::verify] center(191,143) rgba=(0,0,0,0)
[BrushEngine::stampEraser] cx=191.0 cy=143.0 m_eraser=0x5e2e38fafc58
[GradualEraser::stamp] cx=191.0 cy=143.0 r=6 total=113 skipped_zero=113 erased=0
[GradualEraser::verify] center(191,143) rgba=(0,0,0,0)
[MOUSE_MOVE] drawing=true tool=1 drawing at (533.0,223.0)
[handleDrawing] tool=1 brushType=4 eraserSize=12.0 eraserOp=1.00 layer=0x5e2e67ee0d30
[BrushEngine::stampEraser] cx=191.0 cy=143.0 m_eraser=0x5e2e38fafc58
[GradualEraser::stamp] cx=191.0 cy=143.0 r=6 total=113 skipped_zero=113 erased=0
[GradualEraser::verify] center(191,143) rgba=(0,0,0,0)
[BrushEngine::stampEraser] cx=189.0 cy=141.0 m_eraser=0x5e2e38fafc58
[GradualEraser::stamp] cx=189.0 cy=141.0 r=6 total=113 skipped_zero=103 erased=10
[GradualEraser::verify] center(189,141) rgba=(0,0,0,0)
[BrushEngine::stampEraser] cx=189.0 cy=141.0 m_eraser=0x5e2e38fafc58
[GradualEraser::stamp] cx=189.0 cy=141.0 r=6 total=113 skipped_zero=113 erased=0
[GradualEraser::verify] center(189,141) rgba=(0,0,0,0)
[MOUSE_MOVE] drawing=true tool=1 drawing at (532.0,222.0)
[handleDrawing] tool=1 brushType=4 eraserSize=12.0 eraserOp=1.00 layer=0x5e2e67ee0d30
[BrushEngine::stampEraser] cx=189.0 cy=141.0 m_eraser=0x5e2e38fafc58
[GradualEraser::stamp] cx=189.0 cy=141.0 r=6 total=113 skipped_zero=113 erased=0
[GradualEraser::verify] center(189,141) rgba=(0,0,0,0)
[BrushEngine::stampEraser] cx=188.0 cy=140.0 m_eraser=0x5e2e38fafc58
[GradualEraser::stamp] cx=188.0 cy=140.0 r=6 total=113 skipped_zero=103 erased=10
[GradualEraser::verify] center(188,140) rgba=(0,0,0,0)
[BrushEngine::stampEraser] cx=188.0 cy=140.0 m_eraser=0x5e2e38fafc58
[GradualEraser::stamp] cx=188.0 cy=140.0 r=6 total=113 skipped_zero=113 erased=0
[GradualEraser::verify] center(188,140) rgba=(0,0,0,0)
[MOUSE_MOVE] drawing=true tool=1 drawing at (531.0,222.0)
[handleDrawing] tool=1 brushType=4 eraserSize=12.0 eraserOp=1.00 layer=0x5e2e67ee0d30
[BrushEngine::stampEraser] cx=188.0 cy=140.0 m_eraser=0x5e2e38fafc58
[GradualEraser::stamp] cx=188.0 cy=140.0 r=6 total=113 skipped_zero=113 erased=0
[GradualEraser::verify] center(188,140) rgba=(0,0,0,0)
[BrushEngine::stampEraser] cx=187.0 cy=140.0 m_eraser=0x5e2e38fafc58
[GradualEraser::stamp] cx=187.0 cy=140.0 r=6 total=113 skipped_zero=102 erased=11
[GradualEraser::verify] center(187,140) rgba=(0,0,0,0)
[BrushEngine::stampEraser] cx=187.0 cy=140.0 m_eraser=0x5e2e38fafc58
[GradualEraser::stamp] cx=187.0 cy=140.0 r=6 total=113 skipped_zero=113 erased=0
[GradualEraser::verify] center(187,140) rgba=(0,0,0,0)
[MOUSE_MOVE] drawing=true tool=1 drawing at (530.0,221.0)
[handleDrawing] tool=1 brushType=4 eraserSize=12.0 eraserOp=1.00 layer=0x5e2e67ee0d30
[BrushEngine::stampEraser] cx=187.0 cy=140.0 m_eraser=0x5e2e38fafc58
[GradualEraser::stamp] cx=187.0 cy=140.0 r=6 total=113 skipped_zero=113 erased=0
[GradualEraser::verify] center(187,140) rgba=(0,0,0,0)
[BrushEngine::stampEraser] cx=186.0 cy=139.0 m_eraser=0x5e2e38fafc58
[GradualEraser::stamp] cx=186.0 cy=139.0 r=6 total=113 skipped_zero=101 erased=12
[GradualEraser::verify] center(186,139) rgba=(0,0,0,0)
[BrushEngine::stampEraser] cx=186.0 cy=139.0 m_eraser=0x5e2e38fafc58
[GradualEraser::stamp] cx=186.0 cy=139.0 r=6 total=113 skipped_zero=113 erased=0
[GradualEraser::verify] center(186,139) rgba=(0,0,0,0)
[MOUSE_MOVE] drawing=true tool=1 drawing at (528.0,220.0)
[handleDrawing] tool=1 brushType=4 eraserSize=12.0 eraserOp=1.00 layer=0x5e2e67ee0d30
[BrushEngine::stampEraser] cx=186.0 cy=139.0 m_eraser=0x5e2e38fafc58
[GradualEraser::stamp] cx=186.0 cy=139.0 r=6 total=113 skipped_zero=113 erased=0
[GradualEraser::verify] center(186,139) rgba=(0,0,0,0)
[BrushEngine::stampEraser] cx=184.0 cy=138.0 m_eraser=0x5e2e38fafc58
[GradualEraser::stamp] cx=184.0 cy=138.0 r=6 total=113 skipped_zero=88 erased=25
[GradualEraser::verify] center(184,138) rgba=(0,0,0,0)
[BrushEngine::stampEraser] cx=184.0 cy=138.0 m_eraser=0x5e2e38fafc58
[GradualEraser::stamp] cx=184.0 cy=138.0 r=6 total=113 skipped_zero=113 erased=0
[GradualEraser::verify] center(184,138) rgba=(0,0,0,0)
[CANVAS_UPDATE] recompositing (frameDirty=1 canvasDirty=0)
[CANVAS_UPDATE] sample pixel (207,154): rgba=(255,101,50,255)
[MOUSE_MOVE] drawing=true tool=1 drawing at (527.0,218.0)
[handleDrawing] tool=1 brushType=4 eraserSize=12.0 eraserOp=1.00 layer=0x5e2e67ee0d30
[BrushEngine::stampEraser] cx=184.0 cy=138.0 m_eraser=0x5e2e38fafc58
[GradualEraser::stamp] cx=184.0 cy=138.0 r=6 total=113 skipped_zero=113 erased=0
[GradualEraser::verify] center(184,138) rgba=(0,0,0,0)
[BrushEngine::stampEraser] cx=183.0 cy=136.0 m_eraser=0x5e2e38fafc58
[GradualEraser::stamp] cx=183.0 cy=136.0 r=6 total=113 skipped_zero=94 erased=19
[GradualEraser::verify] center(183,136) rgba=(0,0,0,0)
[BrushEngine::stampEraser] cx=183.0 cy=136.0 m_eraser=0x5e2e38fafc58
[GradualEraser::stamp] cx=183.0 cy=136.0 r=6 total=113 skipped_zero=113 erased=0
[GradualEraser::verify] center(183,136) rgba=(0,0,0,0)
[MOUSE_MOVE] drawing=true tool=1 drawing at (526.0,218.0)
[handleDrawing] tool=1 brushType=4 eraserSize=12.0 eraserOp=1.00 layer=0x5e2e67ee0d30
[BrushEngine::stampEraser] cx=183.0 cy=136.0 m_eraser=0x5e2e38fafc58
[GradualEraser::stamp] cx=183.0 cy=136.0 r=6 total=113 skipped_zero=113 erased=0
[GradualEraser::verify] center(183,136) rgba=(0,0,0,0)
[BrushEngine::stampEraser] cx=182.0 cy=136.0 m_eraser=0x5e2e38fafc58
[GradualEraser::stamp] cx=182.0 cy=136.0 r=6 total=113 skipped_zero=105 erased=8
[GradualEraser::verify] center(182,136) rgba=(0,0,0,0)
[BrushEngine::stampEraser] cx=182.0 cy=136.0 m_eraser=0x5e2e38fafc58
[GradualEraser::stamp] cx=182.0 cy=136.0 r=6 total=113 skipped_zero=113 erased=0
[GradualEraser::verify] center(182,136) rgba=(0,0,0,0)
[MOUSE_MOVE] drawing=true tool=1 drawing at (526.0,217.0)
[handleDrawing] tool=1 brushType=4 eraserSize=12.0 eraserOp=1.00 layer=0x5e2e67ee0d30
[BrushEngine::stampEraser] cx=182.0 cy=136.0 m_eraser=0x5e2e38fafc58
[GradualEraser::stamp] cx=182.0 cy=136.0 r=6 total=113 skipped_zero=113 erased=0
[GradualEraser::verify] center(182,136) rgba=(0,0,0,0)
[BrushEngine::stampEraser] cx=182.0 cy=135.0 m_eraser=0x5e2e38fafc58
[GradualEraser::stamp] cx=182.0 cy=135.0 r=6 total=113 skipped_zero=105 erased=8
[GradualEraser::verify] center(182,135) rgba=(0,0,0,0)
[BrushEngine::stampEraser] cx=182.0 cy=135.0 m_eraser=0x5e2e38fafc58
[GradualEraser::stamp] cx=182.0 cy=135.0 r=6 total=113 skipped_zero=113 erased=0
[GradualEraser::verify] center(182,135) rgba=(0,0,0,0)
[MOUSE_MOVE] drawing=true tool=1 drawing at (525.0,217.0)
[handleDrawing] tool=1 brushType=4 eraserSize=12.0 eraserOp=1.00 layer=0x5e2e67ee0d30
[BrushEngine::stampEraser] cx=182.0 cy=135.0 m_eraser=0x5e2e38fafc58
[GradualEraser::stamp] cx=182.0 cy=135.0 r=6 total=113 skipped_zero=113 erased=0
[GradualEraser::verify] center(182,135) rgba=(0,0,0,0)
[BrushEngine::stampEraser] cx=181.0 cy=135.0 m_eraser=0x5e2e38fafc58
[GradualEraser::stamp] cx=181.0 cy=135.0 r=6 total=113 skipped_zero=107 erased=6
[GradualEraser::verify] center(181,135) rgba=(0,0,0,0)
[BrushEngine::stampEraser] cx=181.0 cy=135.0 m_eraser=0x5e2e38fafc58
[GradualEraser::stamp] cx=181.0 cy=135.0 r=6 total=113 skipped_zero=113 erased=0
[GradualEraser::verify] center(181,135) rgba=(0,0,0,0)
[MOUSE_MOVE] drawing=true tool=1 drawing at (524.0,216.0)
[handleDrawing] tool=1 brushType=4 eraserSize=12.0 eraserOp=1.00 layer=0x5e2e67ee0d30
[BrushEngine::stampEraser] cx=181.0 cy=135.0 m_eraser=0x5e2e38fafc58
[GradualEraser::stamp] cx=181.0 cy=135.0 r=6 total=113 skipped_zero=113 erased=0
[GradualEraser::verify] center(181,135) rgba=(0,0,0,0)
[BrushEngine::stampEraser] cx=180.0 cy=134.0 m_eraser=0x5e2e38fafc58
[GradualEraser::stamp] cx=180.0 cy=134.0 r=6 total=113 skipped_zero=102 erased=11
[GradualEraser::verify] center(180,134) rgba=(0,0,0,0)
[BrushEngine::stampEraser] cx=180.0 cy=134.0 m_eraser=0x5e2e38fafc58
[GradualEraser::stamp] cx=180.0 cy=134.0 r=6 total=113 skipped_zero=113 erased=0
[GradualEraser::verify] center(180,134) rgba=(0,0,0,0)
[MOUSE_MOVE] drawing=true tool=1 drawing at (523.0,215.0)
[handleDrawing] tool=1 brushType=4 eraserSize=12.0 eraserOp=1.00 layer=0x5e2e67ee0d30
[BrushEngine::stampEraser] cx=180.0 cy=134.0 m_eraser=0x5e2e38fafc58
[GradualEraser::stamp] cx=180.0 cy=134.0 r=6 total=113 skipped_zero=113 erased=0
[GradualEraser::verify] center(180,134) rgba=(0,0,0,0)
[BrushEngine::stampEraser] cx=179.0 cy=133.0 m_eraser=0x5e2e38fafc58
[GradualEraser::stamp] cx=179.0 cy=133.0 r=6 total=113 skipped_zero=100 erased=13
[GradualEraser::verify] center(179,133) rgba=(0,0,0,0)
[BrushEngine::stampEraser] cx=179.0 cy=133.0 m_eraser=0x5e2e38fafc58
[GradualEraser::stamp] cx=179.0 cy=133.0 r=6 total=113 skipped_zero=113 erased=0
[GradualEraser::verify] center(179,133) rgba=(0,0,0,0)
[CANVAS_UPDATE] recompositing (frameDirty=1 canvasDirty=0)
[CANVAS_UPDATE] sample pixel (207,154): rgba=(255,101,50,255)
[MOUSE_MOVE] drawing=true tool=1 drawing at (522.0,215.0)
[handleDrawing] tool=1 brushType=4 eraserSize=12.0 eraserOp=1.00 layer=0x5e2e67ee0d30
[BrushEngine::stampEraser] cx=179.0 cy=133.0 m_eraser=0x5e2e38fafc58
[GradualEraser::stamp] cx=179.0 cy=133.0 r=6 total=113 skipped_zero=113 erased=0
[GradualEraser::verify] center(179,133) rgba=(0,0,0,0)
[BrushEngine::stampEraser] cx=178.0 cy=133.0 m_eraser=0x5e2e38fafc58
[GradualEraser::stamp] cx=178.0 cy=133.0 r=6 total=113 skipped_zero=107 erased=6
[GradualEraser::verify] center(178,133) rgba=(0,0,0,0)
[BrushEngine::stampEraser] cx=178.0 cy=133.0 m_eraser=0x5e2e38fafc58
[GradualEraser::stamp] cx=178.0 cy=133.0 r=6 total=113 skipped_zero=113 erased=0
[GradualEraser::verify] center(178,133) rgba=(0,0,0,0)
[MOUSE_MOVE] drawing=true tool=1 drawing at (522.0,214.0)
[handleDrawing] tool=1 brushType=4 eraserSize=12.0 eraserOp=1.00 layer=0x5e2e67ee0d30
[BrushEngine::stampEraser] cx=178.0 cy=133.0 m_eraser=0x5e2e38fafc58
[GradualEraser::stamp] cx=178.0 cy=133.0 r=6 total=113 skipped_zero=113 erased=0
[GradualEraser::verify] center(178,133) rgba=(0,0,0,0)
[BrushEngine::stampEraser] cx=178.0 cy=132.0 m_eraser=0x5e2e38fafc58
[GradualEraser::stamp] cx=178.0 cy=132.0 r=6 total=113 skipped_zero=105 erased=8
[GradualEraser::verify] center(178,132) rgba=(0,0,0,0)
[BrushEngine::stampEraser] cx=178.0 cy=132.0 m_eraser=0x5e2e38fafc58
[GradualEraser::stamp] cx=178.0 cy=132.0 r=6 total=113 skipped_zero=113 erased=0
[GradualEraser::verify] center(178,132) rgba=(0,0,0,0)
[MOUSE_MOVE] drawing=true tool=1 drawing at (521.0,213.0)
[handleDrawing] tool=1 brushType=4 eraserSize=12.0 eraserOp=1.00 layer=0x5e2e67ee0d30
[BrushEngine::stampEraser] cx=178.0 cy=132.0 m_eraser=0x5e2e38fafc58
[GradualEraser::stamp] cx=178.0 cy=132.0 r=6 total=113 skipped_zero=113 erased=0
[GradualEraser::verify] center(178,132) rgba=(0,0,0,0)
[BrushEngine::stampEraser] cx=177.0 cy=131.0 m_eraser=0x5e2e38fafc58
[GradualEraser::stamp] cx=177.0 cy=131.0 r=6 total=113 skipped_zero=99 erased=14
[GradualEraser::verify] center(177,131) rgba=(0,0,0,0)
[BrushEngine::stampEraser] cx=177.0 cy=131.0 m_eraser=0x5e2e38fafc58
[GradualEraser::stamp] cx=177.0 cy=131.0 r=6 total=113 skipped_zero=113 erased=0
[GradualEraser::verify] center(177,131) rgba=(0,0,0,0)
[MOUSE_MOVE] drawing=true tool=1 drawing at (520.0,212.0)
[handleDrawing] tool=1 brushType=4 eraserSize=12.0 eraserOp=1.00 layer=0x5e2e67ee0d30
[BrushEngine::stampEraser] cx=177.0 cy=131.0 m_eraser=0x5e2e38fafc58
[GradualEraser::stamp] cx=177.0 cy=131.0 r=6 total=113 skipped_zero=113 erased=0
[GradualEraser::verify] center(177,131) rgba=(0,0,0,0)
[BrushEngine::stampEraser] cx=176.0 cy=130.0 m_eraser=0x5e2e38fafc58
[GradualEraser::stamp] cx=176.0 cy=130.0 r=6 total=113 skipped_zero=98 erased=15
[GradualEraser::verify] center(176,130) rgba=(0,0,0,0)
[BrushEngine::stampEraser] cx=176.0 cy=130.0 m_eraser=0x5e2e38fafc58
[GradualEraser::stamp] cx=176.0 cy=130.0 r=6 total=113 skipped_zero=113 erased=0
[GradualEraser::verify] center(176,130) rgba=(0,0,0,0)
[CANVAS_UPDATE] recompositing (frameDirty=1 canvasDirty=0)
[CANVAS_UPDATE] sample pixel (207,154): rgba=(255,101,50,255)
[MOUSE_MOVE] drawing=true tool=1 drawing at (520.0,211.0)
[handleDrawing] tool=1 brushType=4 eraserSize=12.0 eraserOp=1.00 layer=0x5e2e67ee0d30
[BrushEngine::stampEraser] cx=176.0 cy=130.0 m_eraser=0x5e2e38fafc58
[GradualEraser::stamp] cx=176.0 cy=130.0 r=6 total=113 skipped_zero=113 erased=0
[GradualEraser::verify] center(176,130) rgba=(0,0,0,0)
[BrushEngine::stampEraser] cx=176.0 cy=129.0 m_eraser=0x5e2e38fafc58
[GradualEraser::stamp] cx=176.0 cy=129.0 r=6 total=113 skipped_zero=101 erased=12
[GradualEraser::verify] center(176,129) rgba=(0,0,0,0)
[BrushEngine::stampEraser] cx=176.0 cy=129.0 m_eraser=0x5e2e38fafc58
[GradualEraser::stamp] cx=176.0 cy=129.0 r=6 total=113 skipped_zero=113 erased=0
[GradualEraser::verify] center(176,129) rgba=(0,0,0,0)
[CANVAS_UPDATE] recompositing (frameDirty=1 canvasDirty=0)
[CANVAS_UPDATE] sample pixel (207,154): rgba=(255,101,50,255)
[MOUSE_MOVE] drawing=true tool=1 drawing at (520.0,210.0)
[handleDrawing] tool=1 brushType=4 eraserSize=12.0 eraserOp=1.00 layer=0x5e2e67ee0d30
[BrushEngine::stampEraser] cx=176.0 cy=129.0 m_eraser=0x5e2e38fafc58
[GradualEraser::stamp] cx=176.0 cy=129.0 r=6 total=113 skipped_zero=113 erased=0
[GradualEraser::verify] center(176,129) rgba=(0,0,0,0)
[BrushEngine::stampEraser] cx=176.0 cy=128.0 m_eraser=0x5e2e38fafc58
[GradualEraser::stamp] cx=176.0 cy=128.0 r=6 total=113 skipped_zero=101 erased=12
[GradualEraser::verify] center(176,128) rgba=(0,0,0,0)
[BrushEngine::stampEraser] cx=176.0 cy=128.0 m_eraser=0x5e2e38fafc58
[GradualEraser::stamp] cx=176.0 cy=128.0 r=6 total=113 skipped_zero=113 erased=0
[GradualEraser::verify] center(176,128) rgba=(0,0,0,0)
[CANVAS_UPDATE] recompositing (frameDirty=1 canvasDirty=0)
[CANVAS_UPDATE] sample pixel (207,154): rgba=(255,101,50,255)
[MOUSE_MOVE] drawing=true tool=1 drawing at (520.0,209.0)
[handleDrawing] tool=1 brushType=4 eraserSize=12.0 eraserOp=1.00 layer=0x5e2e67ee0d30
[BrushEngine::stampEraser] cx=176.0 cy=128.0 m_eraser=0x5e2e38fafc58
[GradualEraser::stamp] cx=176.0 cy=128.0 r=6 total=113 skipped_zero=113 erased=0
[GradualEraser::verify] center(176,128) rgba=(0,0,0,0)
[BrushEngine::stampEraser] cx=176.0 cy=127.0 m_eraser=0x5e2e38fafc58
[GradualEraser::stamp] cx=176.0 cy=127.0 r=6 total=113 skipped_zero=100 erased=13
[GradualEraser::verify] center(176,127) rgba=(0,0,0,0)
[BrushEngine::stampEraser] cx=176.0 cy=127.0 m_eraser=0x5e2e38fafc58
[GradualEraser::stamp] cx=176.0 cy=127.0 r=6 total=113 skipped_zero=113 erased=0
[GradualEraser::verify] center(176,127) rgba=(0,0,0,0)
[MOUSE_MOVE] drawing=true tool=1 drawing at (521.0,208.0)
[handleDrawing] tool=1 brushType=4 eraserSize=12.0 eraserOp=1.00 layer=0x5e2e67ee0d30
[BrushEngine::stampEraser] cx=176.0 cy=127.0 m_eraser=0x5e2e38fafc58
[GradualEraser::stamp] cx=176.0 cy=127.0 r=6 total=113 skipped_zero=113 erased=0
[GradualEraser::verify] center(176,127) rgba=(0,0,0,0)
[BrushEngine::stampEraser] cx=177.0 cy=126.0 m_eraser=0x5e2e38fafc58
[GradualEraser::stamp] cx=177.0 cy=126.0 r=6 total=113 skipped_zero=98 erased=15
[GradualEraser::verify] center(177,126) rgba=(0,0,0,0)
[BrushEngine::stampEraser] cx=177.0 cy=126.0 m_eraser=0x5e2e38fafc58
[GradualEraser::stamp] cx=177.0 cy=126.0 r=6 total=113 skipped_zero=113 erased=0
[GradualEraser::verify] center(177,126) rgba=(0,0,0,0)
[MOUSE_MOVE] drawing=true tool=1 drawing at (521.0,207.0)
[handleDrawing] tool=1 brushType=4 eraserSize=12.0 eraserOp=1.00 layer=0x5e2e67ee0d30
[BrushEngine::stampEraser] cx=177.0 cy=126.0 m_eraser=0x5e2e38fafc58
[GradualEraser::stamp] cx=177.0 cy=126.0 r=6 total=113 skipped_zero=113 erased=0
[GradualEraser::verify] center(177,126) rgba=(0,0,0,0)
[BrushEngine::stampEraser] cx=177.0 cy=125.0 m_eraser=0x5e2e38fafc58
[GradualEraser::stamp] cx=177.0 cy=125.0 r=6 total=113 skipped_zero=102 erased=11
[GradualEraser::verify] center(177,125) rgba=(0,0,0,0)
[BrushEngine::stampEraser] cx=177.0 cy=125.0 m_eraser=0x5e2e38fafc58
[GradualEraser::stamp] cx=177.0 cy=125.0 r=6 total=113 skipped_zero=113 erased=0
[GradualEraser::verify] center(177,125) rgba=(0,0,0,0)
[MOUSE_MOVE] drawing=true tool=1 drawing at (522.0,207.0)
[handleDrawing] tool=1 brushType=4 eraserSize=12.0 eraserOp=1.00 layer=0x5e2e67ee0d30
[BrushEngine::stampEraser] cx=177.0 cy=125.0 m_eraser=0x5e2e38fafc58
[GradualEraser::stamp] cx=177.0 cy=125.0 r=6 total=113 skipped_zero=113 erased=0
[GradualEraser::verify] center(177,125) rgba=(0,0,0,0)
[BrushEngine::stampEraser] cx=178.0 cy=125.0 m_eraser=0x5e2e38fafc58
[GradualEraser::stamp] cx=178.0 cy=125.0 r=6 total=113 skipped_zero=104 erased=9
[GradualEraser::verify] center(178,125) rgba=(0,0,0,0)
[BrushEngine::stampEraser] cx=178.0 cy=125.0 m_eraser=0x5e2e38fafc58
[GradualEraser::stamp] cx=178.0 cy=125.0 r=6 total=113 skipped_zero=113 erased=0
[GradualEraser::verify] center(178,125) rgba=(0,0,0,0)
[CANVAS_UPDATE] recompositing (frameDirty=1 canvasDirty=0)
[CANVAS_UPDATE] sample pixel (207,154): rgba=(255,101,50,255)
[MOUSE_MOVE] drawing=true tool=1 drawing at (523.0,206.0)
[handleDrawing] tool=1 brushType=4 eraserSize=12.0 eraserOp=1.00 layer=0x5e2e67ee0d30
[BrushEngine::stampEraser] cx=178.0 cy=125.0 m_eraser=0x5e2e38fafc58
[GradualEraser::stamp] cx=178.0 cy=125.0 r=6 total=113 skipped_zero=113 erased=0
[GradualEraser::verify] center(178,125) rgba=(0,0,0,0)
[BrushEngine::stampEraser] cx=179.0 cy=124.0 m_eraser=0x5e2e38fafc58
[GradualEraser::stamp] cx=179.0 cy=124.0 r=6 total=113 skipped_zero=101 erased=12
[GradualEraser::verify] center(179,124) rgba=(0,0,0,0)
[BrushEngine::stampEraser] cx=179.0 cy=124.0 m_eraser=0x5e2e38fafc58
[GradualEraser::stamp] cx=179.0 cy=124.0 r=6 total=113 skipped_zero=113 erased=0
[GradualEraser::verify] center(179,124) rgba=(0,0,0,0)
[MOUSE_MOVE] drawing=true tool=1 drawing at (524.0,206.0)
[handleDrawing] tool=1 brushType=4 eraserSize=12.0 eraserOp=1.00 layer=0x5e2e67ee0d30
[BrushEngine::stampEraser] cx=179.0 cy=124.0 m_eraser=0x5e2e38fafc58
[GradualEraser::stamp] cx=179.0 cy=124.0 r=6 total=113 skipped_zero=113 erased=0
[GradualEraser::verify] center(179,124) rgba=(0,0,0,0)
[BrushEngine::stampEraser] cx=180.0 cy=124.0 m_eraser=0x5e2e38fafc58
[GradualEraser::stamp] cx=180.0 cy=124.0 r=6 total=113 skipped_zero=104 erased=9
[GradualEraser::verify] center(180,124) rgba=(0,0,0,0)
[BrushEngine::stampEraser] cx=180.0 cy=124.0 m_eraser=0x5e2e38fafc58
[GradualEraser::stamp] cx=180.0 cy=124.0 r=6 total=113 skipped_zero=113 erased=0
[GradualEraser::verify] center(180,124) rgba=(0,0,0,0)
[MOUSE_MOVE] drawing=true tool=1 drawing at (524.0,205.0)
[handleDrawing] tool=1 brushType=4 eraserSize=12.0 eraserOp=1.00 layer=0x5e2e67ee0d30
[BrushEngine::stampEraser] cx=180.0 cy=124.0 m_eraser=0x5e2e38fafc58
[GradualEraser::stamp] cx=180.0 cy=124.0 r=6 total=113 skipped_zero=113 erased=0
[GradualEraser::verify] center(180,124) rgba=(0,0,0,0)
[BrushEngine::stampEraser] cx=180.0 cy=123.0 m_eraser=0x5e2e38fafc58
[GradualEraser::stamp] cx=180.0 cy=123.0 r=6 total=113 skipped_zero=110 erased=3
[GradualEraser::verify] center(180,123) rgba=(0,0,0,0)
[BrushEngine::stampEraser] cx=180.0 cy=123.0 m_eraser=0x5e2e38fafc58
[GradualEraser::stamp] cx=180.0 cy=123.0 r=6 total=113 skipped_zero=113 erased=0
[GradualEraser::verify] center(180,123) rgba=(0,0,0,0)
[MOUSE_MOVE] drawing=true tool=1 drawing at (525.0,204.0)
[handleDrawing] tool=1 brushType=4 eraserSize=12.0 eraserOp=1.00 layer=0x5e2e67ee0d30
[BrushEngine::stampEraser] cx=180.0 cy=123.0 m_eraser=0x5e2e38fafc58
[GradualEraser::stamp] cx=180.0 cy=123.0 r=6 total=113 skipped_zero=113 erased=0
[GradualEraser::verify] center(180,123) rgba=(0,0,0,0)
[BrushEngine::stampEraser] cx=181.0 cy=122.0 m_eraser=0x5e2e38fafc58
[GradualEraser::stamp] cx=181.0 cy=122.0 r=6 total=113 skipped_zero=107 erased=6
[GradualEraser::verify] center(181,122) rgba=(0,0,0,0)
[BrushEngine::stampEraser] cx=181.0 cy=122.0 m_eraser=0x5e2e38fafc58
[GradualEraser::stamp] cx=181.0 cy=122.0 r=6 total=113 skipped_zero=113 erased=0
[GradualEraser::verify] center(181,122) rgba=(0,0,0,0)
[MOUSE_MOVE] drawing=true tool=1 drawing at (526.0,204.0)
[handleDrawing] tool=1 brushType=4 eraserSize=12.0 eraserOp=1.00 layer=0x5e2e67ee0d30
[BrushEngine::stampEraser] cx=181.0 cy=122.0 m_eraser=0x5e2e38fafc58
[GradualEraser::stamp] cx=181.0 cy=122.0 r=6 total=113 skipped_zero=113 erased=0
[GradualEraser::verify] center(181,122) rgba=(0,0,0,0)
[BrushEngine::stampEraser] cx=182.0 cy=122.0 m_eraser=0x5e2e38fafc58
[GradualEraser::stamp] cx=182.0 cy=122.0 r=6 total=113 skipped_zero=106 erased=7
[GradualEraser::verify] center(182,122) rgba=(0,0,0,0)
[BrushEngine::stampEraser] cx=182.0 cy=122.0 m_eraser=0x5e2e38fafc58
[GradualEraser::stamp] cx=182.0 cy=122.0 r=6 total=113 skipped_zero=113 erased=0
[GradualEraser::verify] center(182,122) rgba=(0,0,0,0)
[MOUSE_MOVE] drawing=true tool=1 drawing at (527.0,203.0)
[handleDrawing] tool=1 brushType=4 eraserSize=12.0 eraserOp=1.00 layer=0x5e2e67ee0d30
[BrushEngine::stampEraser] cx=182.0 cy=122.0 m_eraser=0x5e2e38fafc58
[GradualEraser::stamp] cx=182.0 cy=122.0 r=6 total=113 skipped_zero=113 erased=0
[GradualEraser::verify] center(182,122) rgba=(0,0,0,0)
[BrushEngine::stampEraser] cx=183.0 cy=121.0 m_eraser=0x5e2e38fafc58
[GradualEraser::stamp] cx=183.0 cy=121.0 r=6 total=113 skipped_zero=107 erased=6
[GradualEraser::verify] center(183,121) rgba=(0,0,0,0)
[BrushEngine::stampEraser] cx=183.0 cy=121.0 m_eraser=0x5e2e38fafc58
[GradualEraser::stamp] cx=183.0 cy=121.0 r=6 total=113 skipped_zero=113 erased=0
[GradualEraser::verify] center(183,121) rgba=(0,0,0,0)
[CANVAS_UPDATE] recompositing (frameDirty=1 canvasDirty=0)
[CANVAS_UPDATE] sample pixel (207,154): rgba=(255,101,50,255)
[MOUSE_MOVE] drawing=true tool=1 drawing at (530.0,203.0)
[handleDrawing] tool=1 brushType=4 eraserSize=12.0 eraserOp=1.00 layer=0x5e2e67ee0d30
[BrushEngine::stampEraser] cx=183.0 cy=121.0 m_eraser=0x5e2e38fafc58
[GradualEraser::stamp] cx=183.0 cy=121.0 r=6 total=113 skipped_zero=113 erased=0
[GradualEraser::verify] center(183,121) rgba=(0,0,0,0)
[BrushEngine::stampEraser] cx=186.0 cy=121.0 m_eraser=0x5e2e38fafc58
[GradualEraser::stamp] cx=186.0 cy=121.0 r=6 total=113 skipped_zero=89 erased=24
[GradualEraser::verify] center(186,121) rgba=(0,0,0,0)
[BrushEngine::stampEraser] cx=186.0 cy=121.0 m_eraser=0x5e2e38fafc58
[GradualEraser::stamp] cx=186.0 cy=121.0 r=6 total=113 skipped_zero=113 erased=0
[GradualEraser::verify] center(186,121) rgba=(0,0,0,0)
[MOUSE_MOVE] drawing=true tool=1 drawing at (530.0,201.0)
[handleDrawing] tool=1 brushType=4 eraserSize=12.0 eraserOp=1.00 layer=0x5e2e67ee0d30
[BrushEngine::stampEraser] cx=186.0 cy=121.0 m_eraser=0x5e2e38fafc58
[GradualEraser::stamp] cx=186.0 cy=121.0 r=6 total=113 skipped_zero=113 erased=0
[GradualEraser::verify] center(186,121) rgba=(0,0,0,0)
[BrushEngine::stampEraser] cx=186.0 cy=119.0 m_eraser=0x5e2e38fafc58
[GradualEraser::stamp] cx=186.0 cy=119.0 r=6 total=113 skipped_zero=112 erased=1
[GradualEraser::verify] center(186,119) rgba=(0,0,0,0)
[BrushEngine::stampEraser] cx=186.0 cy=119.0 m_eraser=0x5e2e38fafc58
[GradualEraser::stamp] cx=186.0 cy=119.0 r=6 total=113 skipped_zero=113 erased=0
[GradualEraser::verify] center(186,119) rgba=(0,0,0,0)
[MOUSE_MOVE] drawing=true tool=1 drawing at (531.0,201.0)
[handleDrawing] tool=1 brushType=4 eraserSize=12.0 eraserOp=1.00 layer=0x5e2e67ee0d30
[BrushEngine::stampEraser] cx=186.0 cy=119.0 m_eraser=0x5e2e38fafc58
[GradualEraser::stamp] cx=186.0 cy=119.0 r=6 total=113 skipped_zero=113 erased=0
[GradualEraser::verify] center(186,119) rgba=(0,0,0,0)
[BrushEngine::stampEraser] cx=187.0 cy=119.0 m_eraser=0x5e2e38fafc58
[GradualEraser::stamp] cx=187.0 cy=119.0 r=6 total=113 skipped_zero=110 erased=3
[GradualEraser::verify] center(187,119) rgba=(0,0,0,0)
[BrushEngine::stampEraser] cx=187.0 cy=119.0 m_eraser=0x5e2e38fafc58
[GradualEraser::stamp] cx=187.0 cy=119.0 r=6 total=113 skipped_zero=113 erased=0
[GradualEraser::verify] center(187,119) rgba=(0,0,0,0)
[MOUSE_MOVE] drawing=true tool=1 drawing at (532.0,200.0)
[handleDrawing] tool=1 brushType=4 eraserSize=12.0 eraserOp=1.00 layer=0x5e2e67ee0d30
[BrushEngine::stampEraser] cx=187.0 cy=119.0 m_eraser=0x5e2e38fafc58
[GradualEraser::stamp] cx=187.0 cy=119.0 r=6 total=113 skipped_zero=113 erased=0
[GradualEraser::verify] center(187,119) rgba=(0,0,0,0)
[BrushEngine::stampEraser] cx=188.0 cy=118.0 m_eraser=0x5e2e38fafc58
[GradualEraser::stamp] cx=188.0 cy=118.0 r=6 total=113 skipped_zero=109 erased=4
[GradualEraser::verify] center(188,118) rgba=(0,0,0,0)
[BrushEngine::stampEraser] cx=188.0 cy=118.0 m_eraser=0x5e2e38fafc58
[GradualEraser::stamp] cx=188.0 cy=118.0 r=6 total=113 skipped_zero=113 erased=0
[GradualEraser::verify] center(188,118) rgba=(0,0,0,0)
[MOUSE_MOVE] drawing=true tool=1 drawing at (533.0,200.0)
[handleDrawing] tool=1 brushType=4 eraserSize=12.0 eraserOp=1.00 layer=0x5e2e67ee0d30
[BrushEngine::stampEraser] cx=188.0 cy=118.0 m_eraser=0x5e2e38fafc58
[GradualEraser::stamp] cx=188.0 cy=118.0 r=6 total=113 skipped_zero=113 erased=0
[GradualEraser::verify] center(188,118) rgba=(0,0,0,0)
[BrushEngine::stampEraser] cx=189.0 cy=118.0 m_eraser=0x5e2e38fafc58
[GradualEraser::stamp] cx=189.0 cy=118.0 r=6 total=113 skipped_zero=107 erased=6
[GradualEraser::verify] center(189,118) rgba=(0,0,0,0)
[BrushEngine::stampEraser] cx=189.0 cy=118.0 m_eraser=0x5e2e38fafc58
[GradualEraser::stamp] cx=189.0 cy=118.0 r=6 total=113 skipped_zero=113 erased=0
[GradualEraser::verify] center(189,118) rgba=(0,0,0,0)
[MOUSE_MOVE] drawing=true tool=1 drawing at (536.0,199.0)
[handleDrawing] tool=1 brushType=4 eraserSize=12.0 eraserOp=1.00 layer=0x5e2e67ee0d30
[BrushEngine::stampEraser] cx=189.0 cy=118.0 m_eraser=0x5e2e38fafc58
[GradualEraser::stamp] cx=189.0 cy=118.0 r=6 total=113 skipped_zero=113 erased=0
[GradualEraser::verify] center(189,118) rgba=(0,0,0,0)
[BrushEngine::stampEraser] cx=190.5 cy=117.5 m_eraser=0x5e2e38fafc58
[GradualEraser::stamp] cx=190.5 cy=117.5 r=6 total=113 skipped_zero=101 erased=12
[GradualEraser::verify] center(191,118) rgba=(0,0,0,0)
[BrushEngine::stampEraser] cx=192.0 cy=117.0 m_eraser=0x5e2e38fafc58
[GradualEraser::stamp] cx=192.0 cy=117.0 r=6 total=113 skipped_zero=110 erased=3
[GradualEraser::verify] center(192,117) rgba=(0,0,0,0)
[BrushEngine::stampEraser] cx=192.0 cy=117.0 m_eraser=0x5e2e38fafc58
[GradualEraser::stamp] cx=192.0 cy=117.0 r=6 total=113 skipped_zero=113 erased=0
[GradualEraser::verify] center(192,117) rgba=(0,0,0,0)
[CANVAS_UPDATE] recompositing (frameDirty=1 canvasDirty=0)
[CANVAS_UPDATE] sample pixel (207,154): rgba=(255,101,50,255)
[MOUSE_MOVE] drawing=true tool=1 drawing at (537.0,198.0)
[handleDrawing] tool=1 brushType=4 eraserSize=12.0 eraserOp=1.00 layer=0x5e2e67ee0d30
[BrushEngine::stampEraser] cx=192.0 cy=117.0 m_eraser=0x5e2e38fafc58
[GradualEraser::stamp] cx=192.0 cy=117.0 r=6 total=113 skipped_zero=113 erased=0
[GradualEraser::verify] center(192,117) rgba=(0,0,0,0)
[BrushEngine::stampEraser] cx=193.0 cy=116.0 m_eraser=0x5e2e38fafc58
[GradualEraser::stamp] cx=193.0 cy=116.0 r=6 total=113 skipped_zero=108 erased=5
[GradualEraser::verify] center(193,116) rgba=(0,0,0,0)
[BrushEngine::stampEraser] cx=193.0 cy=116.0 m_eraser=0x5e2e38fafc58
[GradualEraser::stamp] cx=193.0 cy=116.0 r=6 total=113 skipped_zero=113 erased=0
[GradualEraser::verify] center(193,116) rgba=(0,0,0,0)
[MOUSE_MOVE] drawing=true tool=1 drawing at (538.0,198.0)
[handleDrawing] tool=1 brushType=4 eraserSize=12.0 eraserOp=1.00 layer=0x5e2e67ee0d30
[BrushEngine::stampEraser] cx=193.0 cy=116.0 m_eraser=0x5e2e38fafc58
[GradualEraser::stamp] cx=193.0 cy=116.0 r=6 total=113 skipped_zero=113 erased=0
[GradualEraser::verify] center(193,116) rgba=(0,0,0,0)
[BrushEngine::stampEraser] cx=194.0 cy=116.0 m_eraser=0x5e2e38fafc58
[GradualEraser::stamp] cx=194.0 cy=116.0 r=6 total=113 skipped_zero=107 erased=6
[GradualEraser::verify] center(194,116) rgba=(0,0,0,0)
[BrushEngine::stampEraser] cx=194.0 cy=116.0 m_eraser=0x5e2e38fafc58
[GradualEraser::stamp] cx=194.0 cy=116.0 r=6 total=113 skipped_zero=113 erased=0
[GradualEraser::verify] center(194,116) rgba=(0,0,0,0)
[MOUSE_MOVE] drawing=true tool=1 drawing at (539.0,197.0)
[handleDrawing] tool=1 brushType=4 eraserSize=12.0 eraserOp=1.00 layer=0x5e2e67ee0d30
[BrushEngine::stampEraser] cx=194.0 cy=116.0 m_eraser=0x5e2e38fafc58
[GradualEraser::stamp] cx=194.0 cy=116.0 r=6 total=113 skipped_zero=113 erased=0
[GradualEraser::verify] center(194,116) rgba=(0,0,0,0)
[BrushEngine::stampEraser] cx=195.0 cy=115.0 m_eraser=0x5e2e38fafc58
[GradualEraser::stamp] cx=195.0 cy=115.0 r=6 total=113 skipped_zero=110 erased=3
[GradualEraser::verify] center(195,115) rgba=(0,0,0,0)
[BrushEngine::stampEraser] cx=195.0 cy=115.0 m_eraser=0x5e2e38fafc58
[GradualEraser::stamp] cx=195.0 cy=115.0 r=6 total=113 skipped_zero=113 erased=0
[GradualEraser::verify] center(195,115) rgba=(0,0,0,0)
[MOUSE_MOVE] drawing=true tool=1 drawing at (540.0,197.0)
[handleDrawing] tool=1 brushType=4 eraserSize=12.0 eraserOp=1.00 layer=0x5e2e67ee0d30
[BrushEngine::stampEraser] cx=195.0 cy=115.0 m_eraser=0x5e2e38fafc58
[GradualEraser::stamp] cx=195.0 cy=115.0 r=6 total=113 skipped_zero=113 erased=0
[GradualEraser::verify] center(195,115) rgba=(0,0,0,0)
[BrushEngine::stampEraser] cx=196.0 cy=115.0 m_eraser=0x5e2e38fafc58
[GradualEraser::stamp] cx=196.0 cy=115.0 r=6 total=113 skipped_zero=108 erased=5
[GradualEraser::verify] center(196,115) rgba=(0,0,0,0)
[BrushEngine::stampEraser] cx=196.0 cy=115.0 m_eraser=0x5e2e38fafc58
[GradualEraser::stamp] cx=196.0 cy=115.0 r=6 total=113 skipped_zero=113 erased=0
[GradualEraser::verify] center(196,115) rgba=(0,0,0,0)
[MOUSE_MOVE] drawing=true tool=1 drawing at (542.0,197.0)
[handleDrawing] tool=1 brushType=4 eraserSize=12.0 eraserOp=1.00 layer=0x5e2e67ee0d30
[BrushEngine::stampEraser] cx=196.0 cy=115.0 m_eraser=0x5e2e38fafc58
[GradualEraser::stamp] cx=196.0 cy=115.0 r=6 total=113 skipped_zero=113 erased=0
[GradualEraser::verify] center(196,115) rgba=(0,0,0,0)
[BrushEngine::stampEraser] cx=198.0 cy=115.0 m_eraser=0x5e2e38fafc58
[GradualEraser::stamp] cx=198.0 cy=115.0 r=6 total=113 skipped_zero=106 erased=7
[GradualEraser::verify] center(198,115) rgba=(0,0,0,0)
[BrushEngine::stampEraser] cx=198.0 cy=115.0 m_eraser=0x5e2e38fafc58
[GradualEraser::stamp] cx=198.0 cy=115.0 r=6 total=113 skipped_zero=113 erased=0
[GradualEraser::verify] center(198,115) rgba=(0,0,0,0)
[MOUSE_MOVE] drawing=true tool=1 drawing at (545.0,195.0)
[handleDrawing] tool=1 brushType=4 eraserSize=12.0 eraserOp=1.00 layer=0x5e2e67ee0d30
[BrushEngine::stampEraser] cx=198.0 cy=115.0 m_eraser=0x5e2e38fafc58
[GradualEraser::stamp] cx=198.0 cy=115.0 r=6 total=113 skipped_zero=113 erased=0
[GradualEraser::verify] center(198,115) rgba=(0,0,0,0)
[BrushEngine::stampEraser] cx=199.5 cy=114.0 m_eraser=0x5e2e38fafc58
[GradualEraser::stamp] cx=199.5 cy=114.0 r=6 total=113 skipped_zero=108 erased=5
[GradualEraser::verify] center(200,114) rgba=(0,0,0,0)
[BrushEngine::stampEraser] cx=201.0 cy=113.0 m_eraser=0x5e2e38fafc58
[GradualEraser::stamp] cx=201.0 cy=113.0 r=6 total=113 skipped_zero=110 erased=3
[GradualEraser::verify] center(201,113) rgba=(0,0,0,0)
[BrushEngine::stampEraser] cx=201.0 cy=113.0 m_eraser=0x5e2e38fafc58
[GradualEraser::stamp] cx=201.0 cy=113.0 r=6 total=113 skipped_zero=113 erased=0
[GradualEraser::verify] center(201,113) rgba=(0,0,0,0)
[MOUSE_MOVE] drawing=true tool=1 drawing at (546.0,195.0)
[handleDrawing] tool=1 brushType=4 eraserSize=12.0 eraserOp=1.00 layer=0x5e2e67ee0d30
[BrushEngine::stampEraser] cx=201.0 cy=113.0 m_eraser=0x5e2e38fafc58
[GradualEraser::stamp] cx=201.0 cy=113.0 r=6 total=113 skipped_zero=113 erased=0
[GradualEraser::verify] center(201,113) rgba=(0,0,0,0)
[BrushEngine::stampEraser] cx=202.0 cy=113.0 m_eraser=0x5e2e38fafc58
[GradualEraser::stamp] cx=202.0 cy=113.0 r=6 total=113 skipped_zero=111 erased=2
[GradualEraser::verify] center(202,113) rgba=(0,0,0,0)
[BrushEngine::stampEraser] cx=202.0 cy=113.0 m_eraser=0x5e2e38fafc58
[GradualEraser::stamp] cx=202.0 cy=113.0 r=6 total=113 skipped_zero=113 erased=0
[GradualEraser::verify] center(202,113) rgba=(0,0,0,0)
[MOUSE_MOVE] drawing=true tool=1 drawing at (547.0,195.0)
[handleDrawing] tool=1 brushType=4 eraserSize=12.0 eraserOp=1.00 layer=0x5e2e67ee0d30
[BrushEngine::stampEraser] cx=202.0 cy=113.0 m_eraser=0x5e2e38fafc58
[GradualEraser::stamp] cx=202.0 cy=113.0 r=6 total=113 skipped_zero=113 erased=0
[GradualEraser::verify] center(202,113) rgba=(0,0,0,0)
[BrushEngine::stampEraser] cx=203.0 cy=113.0 m_eraser=0x5e2e38fafc58
[GradualEraser::stamp] cx=203.0 cy=113.0 r=6 total=113 skipped_zero=111 erased=2
[GradualEraser::verify] center(203,113) rgba=(0,0,0,0)
[BrushEngine::stampEraser] cx=203.0 cy=113.0 m_eraser=0x5e2e38fafc58
[GradualEraser::stamp] cx=203.0 cy=113.0 r=6 total=113 skipped_zero=113 erased=0
[GradualEraser::verify] center(203,113) rgba=(0,0,0,0)
[MOUSE_MOVE] drawing=true tool=1 drawing at (550.0,194.0)
[handleDrawing] tool=1 brushType=4 eraserSize=12.0 eraserOp=1.00 layer=0x5e2e67ee0d30
[BrushEngine::stampEraser] cx=203.0 cy=113.0 m_eraser=0x5e2e38fafc58
[GradualEraser::stamp] cx=203.0 cy=113.0 r=6 total=113 skipped_zero=113 erased=0
[GradualEraser::verify] center(203,113) rgba=(0,0,0,0)
[BrushEngine::stampEraser] cx=204.5 cy=112.5 m_eraser=0x5e2e38fafc58
[GradualEraser::stamp] cx=204.5 cy=112.5 r=6 total=113 skipped_zero=108 erased=5
[GradualEraser::verify] center(205,113) rgba=(0,0,0,0)
[BrushEngine::stampEraser] cx=206.0 cy=112.0 m_eraser=0x5e2e38fafc58
[GradualEraser::stamp] cx=206.0 cy=112.0 r=6 total=113 skipped_zero=112 erased=1
[GradualEraser::verify] center(206,112) rgba=(0,0,0,0)
[BrushEngine::stampEraser] cx=206.0 cy=112.0 m_eraser=0x5e2e38fafc58
[GradualEraser::stamp] cx=206.0 cy=112.0 r=6 total=113 skipped_zero=113 erased=0
[GradualEraser::verify] center(206,112) rgba=(0,0,0,0)
[CANVAS_UPDATE] recompositing (frameDirty=1 canvasDirty=0)
[CANVAS_UPDATE] sample pixel (207,154): rgba=(255,101,50,255)
[MOUSE_MOVE] drawing=true tool=1 drawing at (551.0,194.0)
[handleDrawing] tool=1 brushType=4 eraserSize=12.0 eraserOp=1.00 layer=0x5e2e67ee0d30
[BrushEngine::stampEraser] cx=206.0 cy=112.0 m_eraser=0x5e2e38fafc58
[GradualEraser::stamp] cx=206.0 cy=112.0 r=6 total=113 skipped_zero=113 erased=0
[GradualEraser::verify] center(206,112) rgba=(0,0,0,0)
[BrushEngine::stampEraser] cx=207.0 cy=112.0 m_eraser=0x5e2e38fafc58
[GradualEraser::stamp] cx=207.0 cy=112.0 r=6 total=113 skipped_zero=112 erased=1
[GradualEraser::verify] center(207,112) rgba=(0,0,0,0)
[BrushEngine::stampEraser] cx=207.0 cy=112.0 m_eraser=0x5e2e38fafc58
[GradualEraser::stamp] cx=207.0 cy=112.0 r=6 total=113 skipped_zero=113 erased=0
[GradualEraser::verify] center(207,112) rgba=(0,0,0,0)
[MOUSE_MOVE] drawing=true tool=1 drawing at (553.0,194.0)
[handleDrawing] tool=1 brushType=4 eraserSize=12.0 eraserOp=1.00 layer=0x5e2e67ee0d30
[BrushEngine::stampEraser] cx=207.0 cy=112.0 m_eraser=0x5e2e38fafc58
[GradualEraser::stamp] cx=207.0 cy=112.0 r=6 total=113 skipped_zero=113 erased=0
[GradualEraser::verify] center(207,112) rgba=(0,0,0,0)
[BrushEngine::stampEraser] cx=209.0 cy=112.0 m_eraser=0x5e2e38fafc58
[GradualEraser::stamp] cx=209.0 cy=112.0 r=6 total=113 skipped_zero=111 erased=2
[GradualEraser::verify] center(209,112) rgba=(0,0,0,0)
[BrushEngine::stampEraser] cx=209.0 cy=112.0 m_eraser=0x5e2e38fafc58
[GradualEraser::stamp] cx=209.0 cy=112.0 r=6 total=113 skipped_zero=113 erased=0
[GradualEraser::verify] center(209,112) rgba=(0,0,0,0)
[MOUSE_MOVE] drawing=true tool=1 drawing at (554.0,194.0)
[handleDrawing] tool=1 brushType=4 eraserSize=12.0 eraserOp=1.00 layer=0x5e2e67ee0d30
[BrushEngine::stampEraser] cx=209.0 cy=112.0 m_eraser=0x5e2e38fafc58
[GradualEraser::stamp] cx=209.0 cy=112.0 r=6 total=113 skipped_zero=113 erased=0
[GradualEraser::verify] center(209,112) rgba=(0,0,0,0)
[BrushEngine::stampEraser] cx=210.0 cy=112.0 m_eraser=0x5e2e38fafc58
[GradualEraser::stamp] cx=210.0 cy=112.0 r=6 total=113 skipped_zero=111 erased=2
[GradualEraser::verify] center(210,112) rgba=(0,0,0,0)
[BrushEngine::stampEraser] cx=210.0 cy=112.0 m_eraser=0x5e2e38fafc58
[GradualEraser::stamp] cx=210.0 cy=112.0 r=6 total=113 skipped_zero=113 erased=0
[GradualEraser::verify] center(210,112) rgba=(0,0,0,0)
[MOUSE_MOVE] drawing=true tool=1 drawing at (557.0,192.0)
[handleDrawing] tool=1 brushType=4 eraserSize=12.0 eraserOp=1.00 layer=0x5e2e67ee0d30
[BrushEngine::stampEraser] cx=210.0 cy=112.0 m_eraser=0x5e2e38fafc58
[GradualEraser::stamp] cx=210.0 cy=112.0 r=6 total=113 skipped_zero=113 erased=0
[GradualEraser::verify] center(210,112) rgba=(0,0,0,0)
[BrushEngine::stampEraser] cx=211.5 cy=111.0 m_eraser=0x5e2e38fafc58
[GradualEraser::stamp] cx=211.5 cy=111.0 r=6 total=113 skipped_zero=111 erased=2
[GradualEraser::verify] center(212,111) rgba=(0,0,0,0)
[BrushEngine::stampEraser] cx=213.0 cy=110.0 m_eraser=0x5e2e38fafc58
[GradualEraser::stamp] cx=213.0 cy=110.0 r=6 total=113 skipped_zero=108 erased=5
[GradualEraser::verify] center(213,110) rgba=(0,0,0,0)
[BrushEngine::stampEraser] cx=213.0 cy=110.0 m_eraser=0x5e2e38fafc58
[GradualEraser::stamp] cx=213.0 cy=110.0 r=6 total=113 skipped_zero=113 erased=0
[GradualEraser::verify] center(213,110) rgba=(0,0,0,0)
[MOUSE_MOVE] drawing=true tool=1 drawing at (558.0,192.0)
[handleDrawing] tool=1 brushType=4 eraserSize=12.0 eraserOp=1.00 layer=0x5e2e67ee0d30
[BrushEngine::stampEraser] cx=213.0 cy=110.0 m_eraser=0x5e2e38fafc58
[GradualEraser::stamp] cx=213.0 cy=110.0 r=6 total=113 skipped_zero=113 erased=0
[GradualEraser::verify] center(213,110) rgba=(0,0,0,0)
[BrushEngine::stampEraser] cx=214.0 cy=110.0 m_eraser=0x5e2e38fafc58
[GradualEraser::stamp] cx=214.0 cy=110.0 r=6 total=113 skipped_zero=112 erased=1
[GradualEraser::verify] center(214,110) rgba=(0,0,0,0)
[BrushEngine::stampEraser] cx=214.0 cy=110.0 m_eraser=0x5e2e38fafc58
[GradualEraser::stamp] cx=214.0 cy=110.0 r=6 total=113 skipped_zero=113 erased=0
[GradualEraser::verify] center(214,110) rgba=(0,0,0,0)
[MOUSE_MOVE] drawing=true tool=1 drawing at (559.0,192.0)
[handleDrawing] tool=1 brushType=4 eraserSize=12.0 eraserOp=1.00 layer=0x5e2e67ee0d30
[BrushEngine::stampEraser] cx=214.0 cy=110.0 m_eraser=0x5e2e38fafc58
[GradualEraser::stamp] cx=214.0 cy=110.0 r=6 total=113 skipped_zero=113 erased=0
[GradualEraser::verify] center(214,110) rgba=(0,0,0,0)
[BrushEngine::stampEraser] cx=215.0 cy=110.0 m_eraser=0x5e2e38fafc58
[GradualEraser::stamp] cx=215.0 cy=110.0 r=6 total=113 skipped_zero=112 erased=1
[GradualEraser::verify] center(215,110) rgba=(0,0,0,0)
[BrushEngine::stampEraser] cx=215.0 cy=110.0 m_eraser=0x5e2e38fafc58
[GradualEraser::stamp] cx=215.0 cy=110.0 r=6 total=113 skipped_zero=113 erased=0
[GradualEraser::verify] center(215,110) rgba=(0,0,0,0)
[MOUSE_MOVE] drawing=true tool=1 drawing at (562.0,192.0)
[handleDrawing] tool=1 brushType=4 eraserSize=12.0 eraserOp=1.00 layer=0x5e2e67ee0d30
[BrushEngine::stampEraser] cx=215.0 cy=110.0 m_eraser=0x5e2e38fafc58
[GradualEraser::stamp] cx=215.0 cy=110.0 r=6 total=113 skipped_zero=113 erased=0
[GradualEraser::verify] center(215,110) rgba=(0,0,0,0)
[BrushEngine::stampEraser] cx=218.0 cy=110.0 m_eraser=0x5e2e38fafc58
[GradualEraser::stamp] cx=218.0 cy=110.0 r=6 total=113 skipped_zero=113 erased=0
[GradualEraser::verify] center(218,110) rgba=(0,0,0,0)
[BrushEngine::stampEraser] cx=218.0 cy=110.0 m_eraser=0x5e2e38fafc58
[GradualEraser::stamp] cx=218.0 cy=110.0 r=6 total=113 skipped_zero=113 erased=0
[GradualEraser::verify] center(218,110) rgba=(0,0,0,0)
[CANVAS_UPDATE] recompositing (frameDirty=1 canvasDirty=0)
[CANVAS_UPDATE] sample pixel (207,154): rgba=(255,101,50,255)
[MOUSE_MOVE] drawing=true tool=1 drawing at (563.0,192.0)
[handleDrawing] tool=1 brushType=4 eraserSize=12.0 eraserOp=1.00 layer=0x5e2e67ee0d30
[BrushEngine::stampEraser] cx=218.0 cy=110.0 m_eraser=0x5e2e38fafc58
[GradualEraser::stamp] cx=218.0 cy=110.0 r=6 total=113 skipped_zero=113 erased=0
[GradualEraser::verify] center(218,110) rgba=(0,0,0,0)
[BrushEngine::stampEraser] cx=219.0 cy=110.0 m_eraser=0x5e2e38fafc58
[GradualEraser::stamp] cx=219.0 cy=110.0 r=6 total=113 skipped_zero=113 erased=0
[GradualEraser::verify] center(219,110) rgba=(0,0,0,0)
[BrushEngine::stampEraser] cx=219.0 cy=110.0 m_eraser=0x5e2e38fafc58
[GradualEraser::stamp] cx=219.0 cy=110.0 r=6 total=113 skipped_zero=113 erased=0
[GradualEraser::verify] center(219,110) rgba=(0,0,0,0)
[MOUSE_MOVE] drawing=true tool=1 drawing at (566.0,192.0)
[handleDrawing] tool=1 brushType=4 eraserSize=12.0 eraserOp=1.00 layer=0x5e2e67ee0d30
[BrushEngine::stampEraser] cx=219.0 cy=110.0 m_eraser=0x5e2e38fafc58
[GradualEraser::stamp] cx=219.0 cy=110.0 r=6 total=113 skipped_zero=113 erased=0
[GradualEraser::verify] center(219,110) rgba=(0,0,0,0)
[BrushEngine::stampEraser] cx=222.0 cy=110.0 m_eraser=0x5e2e38fafc58
[GradualEraser::stamp] cx=222.0 cy=110.0 r=6 total=113 skipped_zero=113 erased=0
[GradualEraser::verify] center(222,110) rgba=(0,0,0,0)
[BrushEngine::stampEraser] cx=222.0 cy=110.0 m_eraser=0x5e2e38fafc58
[GradualEraser::stamp] cx=222.0 cy=110.0 r=6 total=113 skipped_zero=113 erased=0
[GradualEraser::verify] center(222,110) rgba=(0,0,0,0)
[MOUSE_MOVE] drawing=true tool=1 drawing at (567.0,192.0)
[handleDrawing] tool=1 brushType=4 eraserSize=12.0 eraserOp=1.00 layer=0x5e2e67ee0d30
[BrushEngine::stampEraser] cx=222.0 cy=110.0 m_eraser=0x5e2e38fafc58
[GradualEraser::stamp] cx=222.0 cy=110.0 r=6 total=113 skipped_zero=113 erased=0
[GradualEraser::verify] center(222,110) rgba=(0,0,0,0)
[BrushEngine::stampEraser] cx=223.0 cy=110.0 m_eraser=0x5e2e38fafc58
[GradualEraser::stamp] cx=223.0 cy=110.0 r=6 total=113 skipped_zero=112 erased=1
[GradualEraser::verify] center(223,110) rgba=(0,0,0,0)
[BrushEngine::stampEraser] cx=223.0 cy=110.0 m_eraser=0x5e2e38fafc58
[GradualEraser::stamp] cx=223.0 cy=110.0 r=6 total=113 skipped_zero=113 erased=0
[GradualEraser::verify] center(223,110) rgba=(0,0,0,0)
[MOUSE_MOVE] drawing=true tool=1 drawing at (568.0,192.0)
[handleDrawing] tool=1 brushType=4 eraserSize=12.0 eraserOp=1.00 layer=0x5e2e67ee0d30
[BrushEngine::stampEraser] cx=223.0 cy=110.0 m_eraser=0x5e2e38fafc58
[GradualEraser::stamp] cx=223.0 cy=110.0 r=6 total=113 skipped_zero=113 erased=0
[GradualEraser::verify] center(223,110) rgba=(0,0,0,0)
[BrushEngine::stampEraser] cx=224.0 cy=110.0 m_eraser=0x5e2e38fafc58
[GradualEraser::stamp] cx=224.0 cy=110.0 r=6 total=113 skipped_zero=111 erased=2
[GradualEraser::verify] center(224,110) rgba=(0,0,0,0)
[BrushEngine::stampEraser] cx=224.0 cy=110.0 m_eraser=0x5e2e38fafc58
[GradualEraser::stamp] cx=224.0 cy=110.0 r=6 total=113 skipped_zero=113 erased=0
[GradualEraser::verify] center(224,110) rgba=(0,0,0,0)
[MOUSE_MOVE] drawing=true tool=1 drawing at (569.0,192.0)
[handleDrawing] tool=1 brushType=4 eraserSize=12.0 eraserOp=1.00 layer=0x5e2e67ee0d30
[BrushEngine::stampEraser] cx=224.0 cy=110.0 m_eraser=0x5e2e38fafc58
[GradualEraser::stamp] cx=224.0 cy=110.0 r=6 total=113 skipped_zero=113 erased=0
[GradualEraser::verify] center(224,110) rgba=(0,0,0,0)
[BrushEngine::stampEraser] cx=225.0 cy=110.0 m_eraser=0x5e2e38fafc58
[GradualEraser::stamp] cx=225.0 cy=110.0 r=6 total=113 skipped_zero=112 erased=1
[GradualEraser::verify] center(225,110) rgba=(0,0,0,0)
[BrushEngine::stampEraser] cx=225.0 cy=110.0 m_eraser=0x5e2e38fafc58
[GradualEraser::stamp] cx=225.0 cy=110.0 r=6 total=113 skipped_zero=113 erased=0
[GradualEraser::verify] center(225,110) rgba=(0,0,0,0)
[MOUSE_MOVE] drawing=true tool=1 drawing at (572.0,192.0)
[handleDrawing] tool=1 brushType=4 eraserSize=12.0 eraserOp=1.00 layer=0x5e2e67ee0d30
[BrushEngine::stampEraser] cx=225.0 cy=110.0 m_eraser=0x5e2e38fafc58
[GradualEraser::stamp] cx=225.0 cy=110.0 r=6 total=113 skipped_zero=113 erased=0
[GradualEraser::verify] center(225,110) rgba=(0,0,0,0)
[BrushEngine::stampEraser] cx=228.0 cy=110.0 m_eraser=0x5e2e38fafc58
[GradualEraser::stamp] cx=228.0 cy=110.0 r=6 total=113 skipped_zero=111 erased=2
[GradualEraser::verify] center(228,110) rgba=(0,0,0,0)
[BrushEngine::stampEraser] cx=228.0 cy=110.0 m_eraser=0x5e2e38fafc58
[GradualEraser::stamp] cx=228.0 cy=110.0 r=6 total=113 skipped_zero=113 erased=0
[GradualEraser::verify] center(228,110) rgba=(0,0,0,0)
[MOUSE_MOVE] drawing=true tool=1 drawing at (574.0,192.0)
[handleDrawing] tool=1 brushType=4 eraserSize=12.0 eraserOp=1.00 layer=0x5e2e67ee0d30
[BrushEngine::stampEraser] cx=228.0 cy=110.0 m_eraser=0x5e2e38fafc58
[GradualEraser::stamp] cx=228.0 cy=110.0 r=6 total=113 skipped_zero=113 erased=0
[GradualEraser::verify] center(228,110) rgba=(0,0,0,0)
[BrushEngine::stampEraser] cx=230.0 cy=110.0 m_eraser=0x5e2e38fafc58
[GradualEraser::stamp] cx=230.0 cy=110.0 r=6 total=113 skipped_zero=110 erased=3
[GradualEraser::verify] center(230,110) rgba=(0,0,0,0)
[BrushEngine::stampEraser] cx=230.0 cy=110.0 m_eraser=0x5e2e38fafc58
[GradualEraser::stamp] cx=230.0 cy=110.0 r=6 total=113 skipped_zero=113 erased=0
[GradualEraser::verify] center(230,110) rgba=(0,0,0,0)
[MOUSE_MOVE] drawing=true tool=1 drawing at (575.0,192.0)
[handleDrawing] tool=1 brushType=4 eraserSize=12.0 eraserOp=1.00 layer=0x5e2e67ee0d30
[BrushEngine::stampEraser] cx=230.0 cy=110.0 m_eraser=0x5e2e38fafc58
[GradualEraser::stamp] cx=230.0 cy=110.0 r=6 total=113 skipped_zero=113 erased=0
[GradualEraser::verify] center(230,110) rgba=(0,0,0,0)
[BrushEngine::stampEraser] cx=231.0 cy=110.0 m_eraser=0x5e2e38fafc58
[GradualEraser::stamp] cx=231.0 cy=110.0 r=6 total=113 skipped_zero=111 erased=2
[GradualEraser::verify] center(231,110) rgba=(0,0,0,0)
[BrushEngine::stampEraser] cx=231.0 cy=110.0 m_eraser=0x5e2e38fafc58
[GradualEraser::stamp] cx=231.0 cy=110.0 r=6 total=113 skipped_zero=113 erased=0
[GradualEraser::verify] center(231,110) rgba=(0,0,0,0)
[CANVAS_UPDATE] recompositing (frameDirty=1 canvasDirty=0)
[CANVAS_UPDATE] sample pixel (207,154): rgba=(255,101,50,255)
[MOUSE_MOVE] drawing=true tool=1 drawing at (577.0,192.0)
[handleDrawing] tool=1 brushType=4 eraserSize=12.0 eraserOp=1.00 layer=0x5e2e67ee0d30
[BrushEngine::stampEraser] cx=231.0 cy=110.0 m_eraser=0x5e2e38fafc58
[GradualEraser::stamp] cx=231.0 cy=110.0 r=6 total=113 skipped_zero=113 erased=0
[GradualEraser::verify] center(231,110) rgba=(0,0,0,0)
[BrushEngine::stampEraser] cx=233.0 cy=110.0 m_eraser=0x5e2e38fafc58
[GradualEraser::stamp] cx=233.0 cy=110.0 r=6 total=113 skipped_zero=111 erased=2
[GradualEraser::verify] center(233,110) rgba=(0,0,0,0)
[BrushEngine::stampEraser] cx=233.0 cy=110.0 m_eraser=0x5e2e38fafc58
[GradualEraser::stamp] cx=233.0 cy=110.0 r=6 total=113 skipped_zero=113 erased=0
[GradualEraser::verify] center(233,110) rgba=(0,0,0,0)
[MOUSE_MOVE] drawing=true tool=1 drawing at (579.0,192.0)
[handleDrawing] tool=1 brushType=4 eraserSize=12.0 eraserOp=1.00 layer=0x5e2e67ee0d30
[BrushEngine::stampEraser] cx=233.0 cy=110.0 m_eraser=0x5e2e38fafc58
[GradualEraser::stamp] cx=233.0 cy=110.0 r=6 total=113 skipped_zero=113 erased=0
[GradualEraser::verify] center(233,110) rgba=(0,0,0,0)
[BrushEngine::stampEraser] cx=235.0 cy=110.0 m_eraser=0x5e2e38fafc58
[GradualEraser::stamp] cx=235.0 cy=110.0 r=6 total=113 skipped_zero=110 erased=3
[GradualEraser::verify] center(235,110) rgba=(0,0,0,0)
[BrushEngine::stampEraser] cx=235.0 cy=110.0 m_eraser=0x5e2e38fafc58
[GradualEraser::stamp] cx=235.0 cy=110.0 r=6 total=113 skipped_zero=113 erased=0
[GradualEraser::verify] center(235,110) rgba=(0,0,0,0)
[MOUSE_MOVE] drawing=true tool=1 drawing at (581.0,192.0)
[handleDrawing] tool=1 brushType=4 eraserSize=12.0 eraserOp=1.00 layer=0x5e2e67ee0d30
[BrushEngine::stampEraser] cx=235.0 cy=110.0 m_eraser=0x5e2e38fafc58
[GradualEraser::stamp] cx=235.0 cy=110.0 r=6 total=113 skipped_zero=113 erased=0
[GradualEraser::verify] center(235,110) rgba=(0,0,0,0)
[BrushEngine::stampEraser] cx=237.0 cy=110.0 m_eraser=0x5e2e38fafc58
[GradualEraser::stamp] cx=237.0 cy=110.0 r=6 total=113 skipped_zero=110 erased=3
[GradualEraser::verify] center(237,110) rgba=(0,0,0,0)
[BrushEngine::stampEraser] cx=237.0 cy=110.0 m_eraser=0x5e2e38fafc58
[GradualEraser::stamp] cx=237.0 cy=110.0 r=6 total=113 skipped_zero=113 erased=0
[GradualEraser::verify] center(237,110) rgba=(0,0,0,0)
[MOUSE_MOVE] drawing=true tool=1 drawing at (582.0,192.0)
[handleDrawing] tool=1 brushType=4 eraserSize=12.0 eraserOp=1.00 layer=0x5e2e67ee0d30
[BrushEngine::stampEraser] cx=237.0 cy=110.0 m_eraser=0x5e2e38fafc58
[GradualEraser::stamp] cx=237.0 cy=110.0 r=6 total=113 skipped_zero=113 erased=0
[GradualEraser::verify] center(237,110) rgba=(0,0,0,0)
[BrushEngine::stampEraser] cx=238.0 cy=110.0 m_eraser=0x5e2e38fafc58
[GradualEraser::stamp] cx=238.0 cy=110.0 r=6 total=113 skipped_zero=111 erased=2
[GradualEraser::verify] center(238,110) rgba=(0,0,0,0)
[BrushEngine::stampEraser] cx=238.0 cy=110.0 m_eraser=0x5e2e38fafc58
[GradualEraser::stamp] cx=238.0 cy=110.0 r=6 total=113 skipped_zero=113 erased=0
[GradualEraser::verify] center(238,110) rgba=(0,0,0,0)
[MOUSE_MOVE] drawing=true tool=1 drawing at (583.0,192.0)
[handleDrawing] tool=1 brushType=4 eraserSize=12.0 eraserOp=1.00 layer=0x5e2e67ee0d30
[BrushEngine::stampEraser] cx=238.0 cy=110.0 m_eraser=0x5e2e38fafc58
[GradualEraser::stamp] cx=238.0 cy=110.0 r=6 total=113 skipped_zero=113 erased=0
[GradualEraser::verify] center(238,110) rgba=(0,0,0,0)
[BrushEngine::stampEraser] cx=239.0 cy=110.0 m_eraser=0x5e2e38fafc58
[GradualEraser::stamp] cx=239.0 cy=110.0 r=6 total=113 skipped_zero=111 erased=2
[GradualEraser::verify] center(239,110) rgba=(0,0,0,0)
[BrushEngine::stampEraser] cx=239.0 cy=110.0 m_eraser=0x5e2e38fafc58
[GradualEraser::stamp] cx=239.0 cy=110.0 r=6 total=113 skipped_zero=113 erased=0
[GradualEraser::verify] center(239,110) rgba=(0,0,0,0)
[MOUSE_MOVE] drawing=true tool=1 drawing at (584.0,192.0)
[handleDrawing] tool=1 brushType=4 eraserSize=12.0 eraserOp=1.00 layer=0x5e2e67ee0d30
[BrushEngine::stampEraser] cx=239.0 cy=110.0 m_eraser=0x5e2e38fafc58
[GradualEraser::stamp] cx=239.0 cy=110.0 r=6 total=113 skipped_zero=113 erased=0
[GradualEraser::verify] center(239,110) rgba=(0,0,0,0)
[BrushEngine::stampEraser] cx=240.0 cy=110.0 m_eraser=0x5e2e38fafc58
[GradualEraser::stamp] cx=240.0 cy=110.0 r=6 total=113 skipped_zero=111 erased=2
[GradualEraser::verify] center(240,110) rgba=(0,0,0,0)
[BrushEngine::stampEraser] cx=240.0 cy=110.0 m_eraser=0x5e2e38fafc58
[GradualEraser::stamp] cx=240.0 cy=110.0 r=6 total=113 skipped_zero=113 erased=0
[GradualEraser::verify] center(240,110) rgba=(0,0,0,0)
[MOUSE_MOVE] drawing=true tool=1 drawing at (585.0,192.0)
[handleDrawing] tool=1 brushType=4 eraserSize=12.0 eraserOp=1.00 layer=0x5e2e67ee0d30
[BrushEngine::stampEraser] cx=240.0 cy=110.0 m_eraser=0x5e2e38fafc58
[GradualEraser::stamp] cx=240.0 cy=110.0 r=6 total=113 skipped_zero=113 erased=0
[GradualEraser::verify] center(240,110) rgba=(0,0,0,0)
[BrushEngine::stampEraser] cx=241.0 cy=110.0 m_eraser=0x5e2e38fafc58
[GradualEraser::stamp] cx=241.0 cy=110.0 r=6 total=113 skipped_zero=111 erased=2
[GradualEraser::verify] center(241,110) rgba=(0,0,0,0)
[BrushEngine::stampEraser] cx=241.0 cy=110.0 m_eraser=0x5e2e38fafc58
[GradualEraser::stamp] cx=241.0 cy=110.0 r=6 total=113 skipped_zero=113 erased=0
[GradualEraser::verify] center(241,110) rgba=(0,0,0,0)
[MOUSE_MOVE] drawing=true tool=1 drawing at (587.0,192.0)
[handleDrawing] tool=1 brushType=4 eraserSize=12.0 eraserOp=1.00 layer=0x5e2e67ee0d30
[BrushEngine::stampEraser] cx=241.0 cy=110.0 m_eraser=0x5e2e38fafc58
[GradualEraser::stamp] cx=241.0 cy=110.0 r=6 total=113 skipped_zero=113 erased=0
[GradualEraser::verify] center(241,110) rgba=(0,0,0,0)
[BrushEngine::stampEraser] cx=243.0 cy=110.0 m_eraser=0x5e2e38fafc58
[GradualEraser::stamp] cx=243.0 cy=110.0 r=6 total=113 skipped_zero=111 erased=2
[GradualEraser::verify] center(243,110) rgba=(0,0,0,0)
[BrushEngine::stampEraser] cx=243.0 cy=110.0 m_eraser=0x5e2e38fafc58
[GradualEraser::stamp] cx=243.0 cy=110.0 r=6 total=113 skipped_zero=113 erased=0
[GradualEraser::verify] center(243,110) rgba=(0,0,0,0)
[CANVAS_UPDATE] recompositing (frameDirty=1 canvasDirty=0)
[CANVAS_UPDATE] sample pixel (207,154): rgba=(255,101,50,255)
[MOUSE_MOVE] drawing=true tool=1 drawing at (588.0,192.0)
[handleDrawing] tool=1 brushType=4 eraserSize=12.0 eraserOp=1.00 layer=0x5e2e67ee0d30
[BrushEngine::stampEraser] cx=243.0 cy=110.0 m_eraser=0x5e2e38fafc58
[GradualEraser::stamp] cx=243.0 cy=110.0 r=6 total=113 skipped_zero=113 erased=0
[GradualEraser::verify] center(243,110) rgba=(0,0,0,0)
[BrushEngine::stampEraser] cx=244.0 cy=110.0 m_eraser=0x5e2e38fafc58
[GradualEraser::stamp] cx=244.0 cy=110.0 r=6 total=113 skipped_zero=111 erased=2
[GradualEraser::verify] center(244,110) rgba=(0,0,0,0)
[BrushEngine::stampEraser] cx=244.0 cy=110.0 m_eraser=0x5e2e38fafc58
[GradualEraser::stamp] cx=244.0 cy=110.0 r=6 total=113 skipped_zero=113 erased=0
[GradualEraser::verify] center(244,110) rgba=(0,0,0,0)
[MOUSE_MOVE] drawing=true tool=1 drawing at (590.0,192.0)
[handleDrawing] tool=1 brushType=4 eraserSize=12.0 eraserOp=1.00 layer=0x5e2e67ee0d30
[BrushEngine::stampEraser] cx=244.0 cy=110.0 m_eraser=0x5e2e38fafc58
[GradualEraser::stamp] cx=244.0 cy=110.0 r=6 total=113 skipped_zero=113 erased=0
[GradualEraser::verify] center(244,110) rgba=(0,0,0,0)
[BrushEngine::stampEraser] cx=246.0 cy=110.0 m_eraser=0x5e2e38fafc58
[GradualEraser::stamp] cx=246.0 cy=110.0 r=6 total=113 skipped_zero=110 erased=3
[GradualEraser::verify] center(246,110) rgba=(0,0,0,0)
[BrushEngine::stampEraser] cx=246.0 cy=110.0 m_eraser=0x5e2e38fafc58
[GradualEraser::stamp] cx=246.0 cy=110.0 r=6 total=113 skipped_zero=113 erased=0
[GradualEraser::verify] center(246,110) rgba=(0,0,0,0)
[MOUSE_MOVE] drawing=true tool=1 drawing at (592.0,192.0)
[handleDrawing] tool=1 brushType=4 eraserSize=12.0 eraserOp=1.00 layer=0x5e2e67ee0d30
[BrushEngine::stampEraser] cx=246.0 cy=110.0 m_eraser=0x5e2e38fafc58
[GradualEraser::stamp] cx=246.0 cy=110.0 r=6 total=113 skipped_zero=113 erased=0
[GradualEraser::verify] center(246,110) rgba=(0,0,0,0)
[BrushEngine::stampEraser] cx=248.0 cy=110.0 m_eraser=0x5e2e38fafc58
[GradualEraser::stamp] cx=248.0 cy=110.0 r=6 total=113 skipped_zero=110 erased=3
[GradualEraser::verify] center(248,110) rgba=(0,0,0,0)
[BrushEngine::stampEraser] cx=248.0 cy=110.0 m_eraser=0x5e2e38fafc58
[GradualEraser::stamp] cx=248.0 cy=110.0 r=6 total=113 skipped_zero=113 erased=0
[GradualEraser::verify] center(248,110) rgba=(0,0,0,0)
[MOUSE_MOVE] drawing=true tool=1 drawing at (594.0,192.0)
[handleDrawing] tool=1 brushType=4 eraserSize=12.0 eraserOp=1.00 layer=0x5e2e67ee0d30
[BrushEngine::stampEraser] cx=248.0 cy=110.0 m_eraser=0x5e2e38fafc58
[GradualEraser::stamp] cx=248.0 cy=110.0 r=6 total=113 skipped_zero=113 erased=0
[GradualEraser::verify] center(248,110) rgba=(0,0,0,0)
[BrushEngine::stampEraser] cx=250.0 cy=110.0 m_eraser=0x5e2e38fafc58
[GradualEraser::stamp] cx=250.0 cy=110.0 r=6 total=113 skipped_zero=111 erased=2
[GradualEraser::verify] center(250,110) rgba=(0,0,0,0)
[BrushEngine::stampEraser] cx=250.0 cy=110.0 m_eraser=0x5e2e38fafc58
[GradualEraser::stamp] cx=250.0 cy=110.0 r=6 total=113 skipped_zero=113 erased=0
[GradualEraser::verify] center(250,110) rgba=(0,0,0,0)
[MOUSE_MOVE] drawing=true tool=1 drawing at (596.0,192.0)
[handleDrawing] tool=1 brushType=4 eraserSize=12.0 eraserOp=1.00 layer=0x5e2e67ee0d30
[BrushEngine::stampEraser] cx=250.0 cy=110.0 m_eraser=0x5e2e38fafc58
[GradualEraser::stamp] cx=250.0 cy=110.0 r=6 total=113 skipped_zero=113 erased=0
[GradualEraser::verify] center(250,110) rgba=(0,0,0,0)
[BrushEngine::stampEraser] cx=252.0 cy=110.0 m_eraser=0x5e2e38fafc58
[GradualEraser::stamp] cx=252.0 cy=110.0 r=6 total=113 skipped_zero=110 erased=3
[GradualEraser::verify] center(252,110) rgba=(0,0,0,0)
[BrushEngine::stampEraser] cx=252.0 cy=110.0 m_eraser=0x5e2e38fafc58
[GradualEraser::stamp] cx=252.0 cy=110.0 r=6 total=113 skipped_zero=113 erased=0
[GradualEraser::verify] center(252,110) rgba=(0,0,0,0)
[MOUSE_MOVE] drawing=true tool=1 drawing at (597.0,192.0)
[handleDrawing] tool=1 brushType=4 eraserSize=12.0 eraserOp=1.00 layer=0x5e2e67ee0d30
[BrushEngine::stampEraser] cx=252.0 cy=110.0 m_eraser=0x5e2e38fafc58
[GradualEraser::stamp] cx=252.0 cy=110.0 r=6 total=113 skipped_zero=113 erased=0
[GradualEraser::verify] center(252,110) rgba=(0,0,0,0)
[BrushEngine::stampEraser] cx=253.0 cy=110.0 m_eraser=0x5e2e38fafc58
[GradualEraser::stamp] cx=253.0 cy=110.0 r=6 total=113 skipped_zero=111 erased=2
[GradualEraser::verify] center(253,110) rgba=(0,0,0,0)
[BrushEngine::stampEraser] cx=253.0 cy=110.0 m_eraser=0x5e2e38fafc58
[GradualEraser::stamp] cx=253.0 cy=110.0 r=6 total=113 skipped_zero=113 erased=0
[GradualEraser::verify] center(253,110) rgba=(0,0,0,0)
[CANVAS_UPDATE] recompositing (frameDirty=1 canvasDirty=0)
[CANVAS_UPDATE] sample pixel (207,154): rgba=(255,101,50,255)
[MOUSE_MOVE] drawing=true tool=1 drawing at (598.0,192.0)
[handleDrawing] tool=1 brushType=4 eraserSize=12.0 eraserOp=1.00 layer=0x5e2e67ee0d30
[BrushEngine::stampEraser] cx=253.0 cy=110.0 m_eraser=0x5e2e38fafc58
[GradualEraser::stamp] cx=253.0 cy=110.0 r=6 total=113 skipped_zero=113 erased=0
[GradualEraser::verify] center(253,110) rgba=(0,0,0,0)
[BrushEngine::stampEraser] cx=254.0 cy=110.0 m_eraser=0x5e2e38fafc58
[GradualEraser::stamp] cx=254.0 cy=110.0 r=6 total=113 skipped_zero=111 erased=2
[GradualEraser::verify] center(254,110) rgba=(0,0,0,0)
[BrushEngine::stampEraser] cx=254.0 cy=110.0 m_eraser=0x5e2e38fafc58
[GradualEraser::stamp] cx=254.0 cy=110.0 r=6 total=113 skipped_zero=113 erased=0
[GradualEraser::verify] center(254,110) rgba=(0,0,0,0)
[MOUSE_MOVE] drawing=true tool=1 drawing at (599.0,192.0)
[handleDrawing] tool=1 brushType=4 eraserSize=12.0 eraserOp=1.00 layer=0x5e2e67ee0d30
[BrushEngine::stampEraser] cx=254.0 cy=110.0 m_eraser=0x5e2e38fafc58
[GradualEraser::stamp] cx=254.0 cy=110.0 r=6 total=113 skipped_zero=113 erased=0
[GradualEraser::verify] center(254,110) rgba=(0,0,0,0)
[BrushEngine::stampEraser] cx=255.0 cy=110.0 m_eraser=0x5e2e38fafc58
[GradualEraser::stamp] cx=255.0 cy=110.0 r=6 total=113 skipped_zero=111 erased=2
[GradualEraser::verify] center(255,110) rgba=(0,0,0,0)
[BrushEngine::stampEraser] cx=255.0 cy=110.0 m_eraser=0x5e2e38fafc58
[GradualEraser::stamp] cx=255.0 cy=110.0 r=6 total=113 skipped_zero=113 erased=0
[GradualEraser::verify] center(255,110) rgba=(0,0,0,0)
[MOUSE_MOVE] drawing=true tool=1 drawing at (600.0,192.0)
[handleDrawing] tool=1 brushType=4 eraserSize=12.0 eraserOp=1.00 layer=0x5e2e67ee0d30
[BrushEngine::stampEraser] cx=255.0 cy=110.0 m_eraser=0x5e2e38fafc58
[GradualEraser::stamp] cx=255.0 cy=110.0 r=6 total=113 skipped_zero=113 erased=0
[GradualEraser::verify] center(255,110) rgba=(0,0,0,0)
[BrushEngine::stampEraser] cx=256.0 cy=110.0 m_eraser=0x5e2e38fafc58
[GradualEraser::stamp] cx=256.0 cy=110.0 r=6 total=113 skipped_zero=111 erased=2
[GradualEraser::verify] center(256,110) rgba=(0,0,0,0)
[BrushEngine::stampEraser] cx=256.0 cy=110.0 m_eraser=0x5e2e38fafc58
[GradualEraser::stamp] cx=256.0 cy=110.0 r=6 total=113 skipped_zero=113 erased=0
[GradualEraser::verify] center(256,110) rgba=(0,0,0,0)
[MOUSE_MOVE] drawing=true tool=1 drawing at (601.0,193.0)
[handleDrawing] tool=1 brushType=4 eraserSize=12.0 eraserOp=1.00 layer=0x5e2e67ee0d30
[BrushEngine::stampEraser] cx=256.0 cy=110.0 m_eraser=0x5e2e38fafc58
[GradualEraser::stamp] cx=256.0 cy=110.0 r=6 total=113 skipped_zero=113 erased=0
[GradualEraser::verify] center(256,110) rgba=(0,0,0,0)
[BrushEngine::stampEraser] cx=257.0 cy=111.0 m_eraser=0x5e2e38fafc58
[GradualEraser::stamp] cx=257.0 cy=111.0 r=6 total=113 skipped_zero=108 erased=5
[GradualEraser::verify] center(257,111) rgba=(0,0,0,0)
[BrushEngine::stampEraser] cx=257.0 cy=111.0 m_eraser=0x5e2e38fafc58
[GradualEraser::stamp] cx=257.0 cy=111.0 r=6 total=113 skipped_zero=113 erased=0
[GradualEraser::verify] center(257,111) rgba=(0,0,0,0)
[CANVAS_UPDATE] recompositing (frameDirty=1 canvasDirty=0)
[CANVAS_UPDATE] sample pixel (207,154): rgba=(255,101,50,255)
[MOUSE_MOVE] drawing=true tool=1 drawing at (600.0,193.0)
[handleDrawing] tool=1 brushType=4 eraserSize=12.0 eraserOp=1.00 layer=0x5e2e67ee0d30
[BrushEngine::stampEraser] cx=257.0 cy=111.0 m_eraser=0x5e2e38fafc58
[GradualEraser::stamp] cx=257.0 cy=111.0 r=6 total=113 skipped_zero=113 erased=0
[GradualEraser::verify] center(257,111) rgba=(0,0,0,0)
[BrushEngine::stampEraser] cx=256.0 cy=111.0 m_eraser=0x5e2e38fafc58
[GradualEraser::stamp] cx=256.0 cy=111.0 r=6 total=113 skipped_zero=112 erased=1
[GradualEraser::verify] center(256,111) rgba=(0,0,0,0)
[BrushEngine::stampEraser] cx=256.0 cy=111.0 m_eraser=0x5e2e38fafc58
[GradualEraser::stamp] cx=256.0 cy=111.0 r=6 total=113 skipped_zero=113 erased=0
[GradualEraser::verify] center(256,111) rgba=(0,0,0,0)
[MOUSE_MOVE] drawing=true tool=1 drawing at (599.0,193.0)
[handleDrawing] tool=1 brushType=4 eraserSize=12.0 eraserOp=1.00 layer=0x5e2e67ee0d30
[BrushEngine::stampEraser] cx=256.0 cy=111.0 m_eraser=0x5e2e38fafc58
[GradualEraser::stamp] cx=256.0 cy=111.0 r=6 total=113 skipped_zero=113 erased=0
[GradualEraser::verify] center(256,111) rgba=(0,0,0,0)
[BrushEngine::stampEraser] cx=255.0 cy=111.0 m_eraser=0x5e2e38fafc58
[GradualEraser::stamp] cx=255.0 cy=111.0 r=6 total=113 skipped_zero=112 erased=1
[GradualEraser::verify] center(255,111) rgba=(0,0,0,0)
[BrushEngine::stampEraser] cx=255.0 cy=111.0 m_eraser=0x5e2e38fafc58
[GradualEraser::stamp] cx=255.0 cy=111.0 r=6 total=113 skipped_zero=113 erased=0
[GradualEraser::verify] center(255,111) rgba=(0,0,0,0)
[MOUSE_MOVE] drawing=true tool=1 drawing at (597.0,194.0)
[handleDrawing] tool=1 brushType=4 eraserSize=12.0 eraserOp=1.00 layer=0x5e2e67ee0d30
[BrushEngine::stampEraser] cx=255.0 cy=111.0 m_eraser=0x5e2e38fafc58
[GradualEraser::stamp] cx=255.0 cy=111.0 r=6 total=113 skipped_zero=113 erased=0
[GradualEraser::verify] center(255,111) rgba=(0,0,0,0)
[BrushEngine::stampEraser] cx=253.0 cy=112.0 m_eraser=0x5e2e38fafc58
[GradualEraser::stamp] cx=253.0 cy=112.0 r=6 total=113 skipped_zero=105 erased=8
[GradualEraser::verify] center(253,112) rgba=(0,0,0,0)
[BrushEngine::stampEraser] cx=253.0 cy=112.0 m_eraser=0x5e2e38fafc58
[GradualEraser::stamp] cx=253.0 cy=112.0 r=6 total=113 skipped_zero=113 erased=0
[GradualEraser::verify] center(253,112) rgba=(0,0,0,0)
[MOUSE_MOVE] drawing=true tool=1 drawing at (596.0,194.0)
[handleDrawing] tool=1 brushType=4 eraserSize=12.0 eraserOp=1.00 layer=0x5e2e67ee0d30
[BrushEngine::stampEraser] cx=253.0 cy=112.0 m_eraser=0x5e2e38fafc58
[GradualEraser::stamp] cx=253.0 cy=112.0 r=6 total=113 skipped_zero=113 erased=0
[GradualEraser::verify] center(253,112) rgba=(0,0,0,0)
[BrushEngine::stampEraser] cx=252.0 cy=112.0 m_eraser=0x5e2e38fafc58
[GradualEraser::stamp] cx=252.0 cy=112.0 r=6 total=113 skipped_zero=111 erased=2
[GradualEraser::verify] center(252,112) rgba=(0,0,0,0)
[BrushEngine::stampEraser] cx=252.0 cy=112.0 m_eraser=0x5e2e38fafc58
[GradualEraser::stamp] cx=252.0 cy=112.0 r=6 total=113 skipped_zero=113 erased=0
[GradualEraser::verify] center(252,112) rgba=(0,0,0,0)
[MOUSE_MOVE] drawing=true tool=1 drawing at (595.0,194.0)
[handleDrawing] tool=1 brushType=4 eraserSize=12.0 eraserOp=1.00 layer=0x5e2e67ee0d30
[BrushEngine::stampEraser] cx=252.0 cy=112.0 m_eraser=0x5e2e38fafc58
[GradualEraser::stamp] cx=252.0 cy=112.0 r=6 total=113 skipped_zero=113 erased=0
[GradualEraser::verify] center(252,112) rgba=(0,0,0,0)
[BrushEngine::stampEraser] cx=251.0 cy=112.0 m_eraser=0x5e2e38fafc58
[GradualEraser::stamp] cx=251.0 cy=112.0 r=6 total=113 skipped_zero=110 erased=3
[GradualEraser::verify] center(251,112) rgba=(0,0,0,0)
[BrushEngine::stampEraser] cx=251.0 cy=112.0 m_eraser=0x5e2e38fafc58
[GradualEraser::stamp] cx=251.0 cy=112.0 r=6 total=113 skipped_zero=113 erased=0
[GradualEraser::verify] center(251,112) rgba=(0,0,0,0)
[CANVAS_UPDATE] recompositing (frameDirty=1 canvasDirty=0)
[CANVAS_UPDATE] sample pixel (207,154): rgba=(255,101,50,255)
[MOUSE_MOVE] drawing=true tool=1 drawing at (594.0,194.0)
[handleDrawing] tool=1 brushType=4 eraserSize=12.0 eraserOp=1.00 layer=0x5e2e67ee0d30
[BrushEngine::stampEraser] cx=251.0 cy=112.0 m_eraser=0x5e2e38fafc58
[GradualEraser::stamp] cx=251.0 cy=112.0 r=6 total=113 skipped_zero=113 erased=0
[GradualEraser::verify] center(251,112) rgba=(0,0,0,0)
[BrushEngine::stampEraser] cx=250.0 cy=112.0 m_eraser=0x5e2e38fafc58
[GradualEraser::stamp] cx=250.0 cy=112.0 r=6 total=113 skipped_zero=111 erased=2
[GradualEraser::verify] center(250,112) rgba=(0,0,0,0)
[BrushEngine::stampEraser] cx=250.0 cy=112.0 m_eraser=0x5e2e38fafc58
[GradualEraser::stamp] cx=250.0 cy=112.0 r=6 total=113 skipped_zero=113 erased=0
[GradualEraser::verify] center(250,112) rgba=(0,0,0,0)
[MOUSE_MOVE] drawing=true tool=1 drawing at (593.0,194.0)
[handleDrawing] tool=1 brushType=4 eraserSize=12.0 eraserOp=1.00 layer=0x5e2e67ee0d30
[BrushEngine::stampEraser] cx=250.0 cy=112.0 m_eraser=0x5e2e38fafc58
[GradualEraser::stamp] cx=250.0 cy=112.0 r=6 total=113 skipped_zero=113 erased=0
[GradualEraser::verify] center(250,112) rgba=(0,0,0,0)
[BrushEngine::stampEraser] cx=249.0 cy=112.0 m_eraser=0x5e2e38fafc58
[GradualEraser::stamp] cx=249.0 cy=112.0 r=6 total=113 skipped_zero=110 erased=3
[GradualEraser::verify] center(249,112) rgba=(0,0,0,0)
[BrushEngine::stampEraser] cx=249.0 cy=112.0 m_eraser=0x5e2e38fafc58
[GradualEraser::stamp] cx=249.0 cy=112.0 r=6 total=113 skipped_zero=113 erased=0
[GradualEraser::verify] center(249,112) rgba=(0,0,0,0)
[MOUSE_MOVE] drawing=true tool=1 drawing at (592.0,194.0)
[handleDrawing] tool=1 brushType=4 eraserSize=12.0 eraserOp=1.00 layer=0x5e2e67ee0d30
[BrushEngine::stampEraser] cx=249.0 cy=112.0 m_eraser=0x5e2e38fafc58
[GradualEraser::stamp] cx=249.0 cy=112.0 r=6 total=113 skipped_zero=113 erased=0
[GradualEraser::verify] center(249,112) rgba=(0,0,0,0)
[BrushEngine::stampEraser] cx=248.0 cy=112.0 m_eraser=0x5e2e38fafc58
[GradualEraser::stamp] cx=248.0 cy=112.0 r=6 total=113 skipped_zero=111 erased=2
[GradualEraser::verify] center(248,112) rgba=(0,0,0,0)
[BrushEngine::stampEraser] cx=248.0 cy=112.0 m_eraser=0x5e2e38fafc58
[GradualEraser::stamp] cx=248.0 cy=112.0 r=6 total=113 skipped_zero=113 erased=0
[GradualEraser::verify] center(248,112) rgba=(0,0,0,0)
[MOUSE_MOVE] drawing=true tool=1 drawing at (589.0,194.0)
[handleDrawing] tool=1 brushType=4 eraserSize=12.0 eraserOp=1.00 layer=0x5e2e67ee0d30
[BrushEngine::stampEraser] cx=248.0 cy=112.0 m_eraser=0x5e2e38fafc58
[GradualEraser::stamp] cx=248.0 cy=112.0 r=6 total=113 skipped_zero=113 erased=0
[GradualEraser::verify] center(248,112) rgba=(0,0,0,0)
[BrushEngine::stampEraser] cx=245.0 cy=112.0 m_eraser=0x5e2e38fafc58
[GradualEraser::stamp] cx=245.0 cy=112.0 r=6 total=113 skipped_zero=108 erased=5
[GradualEraser::verify] center(245,112) rgba=(0,0,0,0)
[BrushEngine::stampEraser] cx=245.0 cy=112.0 m_eraser=0x5e2e38fafc58
[GradualEraser::stamp] cx=245.0 cy=112.0 r=6 total=113 skipped_zero=113 erased=0
[GradualEraser::verify] center(245,112) rgba=(0,0,0,0)
[MOUSE_MOVE] drawing=true tool=1 drawing at (588.0,194.0)
[handleDrawing] tool=1 brushType=4 eraserSize=12.0 eraserOp=1.00 layer=0x5e2e67ee0d30
[BrushEngine::stampEraser] cx=245.0 cy=112.0 m_eraser=0x5e2e38fafc58
[GradualEraser::stamp] cx=245.0 cy=112.0 r=6 total=113 skipped_zero=113 erased=0
[GradualEraser::verify] center(245,112) rgba=(0,0,0,0)
[BrushEngine::stampEraser] cx=244.0 cy=112.0 m_eraser=0x5e2e38fafc58
[GradualEraser::stamp] cx=244.0 cy=112.0 r=6 total=113 skipped_zero=111 erased=2
[GradualEraser::verify] center(244,112) rgba=(0,0,0,0)
[BrushEngine::stampEraser] cx=244.0 cy=112.0 m_eraser=0x5e2e38fafc58
[GradualEraser::stamp] cx=244.0 cy=112.0 r=6 total=113 skipped_zero=113 erased=0
[GradualEraser::verify] center(244,112) rgba=(0,0,0,0)
[MOUSE_MOVE] drawing=true tool=1 drawing at (586.0,195.0)
[handleDrawing] tool=1 brushType=4 eraserSize=12.0 eraserOp=1.00 layer=0x5e2e67ee0d30
[BrushEngine::stampEraser] cx=244.0 cy=112.0 m_eraser=0x5e2e38fafc58
[GradualEraser::stamp] cx=244.0 cy=112.0 r=6 total=113 skipped_zero=113 erased=0
[GradualEraser::verify] center(244,112) rgba=(0,0,0,0)
[BrushEngine::stampEraser] cx=242.0 cy=113.0 m_eraser=0x5e2e38fafc58
[GradualEraser::stamp] cx=242.0 cy=113.0 r=6 total=113 skipped_zero=104 erased=9
[GradualEraser::verify] center(242,113) rgba=(0,0,0,0)
[BrushEngine::stampEraser] cx=242.0 cy=113.0 m_eraser=0x5e2e38fafc58
[GradualEraser::stamp] cx=242.0 cy=113.0 r=6 total=113 skipped_zero=113 erased=0
[GradualEraser::verify] center(242,113) rgba=(0,0,0,0)
[CANVAS_UPDATE] recompositing (frameDirty=1 canvasDirty=0)
[CANVAS_UPDATE] sample pixel (207,154): rgba=(255,101,50,255)
[MOUSE_MOVE] drawing=true tool=1 drawing at (585.0,195.0)
[handleDrawing] tool=1 brushType=4 eraserSize=12.0 eraserOp=1.00 layer=0x5e2e67ee0d30
[BrushEngine::stampEraser] cx=242.0 cy=113.0 m_eraser=0x5e2e38fafc58
[GradualEraser::stamp] cx=242.0 cy=113.0 r=6 total=113 skipped_zero=113 erased=0
[GradualEraser::verify] center(242,113) rgba=(0,0,0,0)
[BrushEngine::stampEraser] cx=241.0 cy=113.0 m_eraser=0x5e2e38fafc58
[GradualEraser::stamp] cx=241.0 cy=113.0 r=6 total=113 skipped_zero=109 erased=4
[GradualEraser::verify] center(241,113) rgba=(0,0,0,0)
[BrushEngine::stampEraser] cx=241.0 cy=113.0 m_eraser=0x5e2e38fafc58
[GradualEraser::stamp] cx=241.0 cy=113.0 r=6 total=113 skipped_zero=113 erased=0
[GradualEraser::verify] center(241,113) rgba=(0,0,0,0)
[MOUSE_MOVE] drawing=true tool=1 drawing at (584.0,195.0)
[handleDrawing] tool=1 brushType=4 eraserSize=12.0 eraserOp=1.00 layer=0x5e2e67ee0d30
[BrushEngine::stampEraser] cx=241.0 cy=113.0 m_eraser=0x5e2e38fafc58
[GradualEraser::stamp] cx=241.0 cy=113.0 r=6 total=113 skipped_zero=113 erased=0
[GradualEraser::verify] center(241,113) rgba=(0,0,0,0)
[BrushEngine::stampEraser] cx=240.0 cy=113.0 m_eraser=0x5e2e38fafc58
[GradualEraser::stamp] cx=240.0 cy=113.0 r=6 total=113 skipped_zero=110 erased=3
[GradualEraser::verify] center(240,113) rgba=(0,0,0,0)
[BrushEngine::stampEraser] cx=240.0 cy=113.0 m_eraser=0x5e2e38fafc58
[GradualEraser::stamp] cx=240.0 cy=113.0 r=6 total=113 skipped_zero=113 erased=0
[GradualEraser::verify] center(240,113) rgba=(0,0,0,0)
[MOUSE_MOVE] drawing=true tool=1 drawing at (583.0,195.0)
[handleDrawing] tool=1 brushType=4 eraserSize=12.0 eraserOp=1.00 layer=0x5e2e67ee0d30
[BrushEngine::stampEraser] cx=240.0 cy=113.0 m_eraser=0x5e2e38fafc58
[GradualEraser::stamp] cx=240.0 cy=113.0 r=6 total=113 skipped_zero=113 erased=0
[GradualEraser::verify] center(240,113) rgba=(0,0,0,0)
[BrushEngine::stampEraser] cx=239.0 cy=113.0 m_eraser=0x5e2e38fafc58
[GradualEraser::stamp] cx=239.0 cy=113.0 r=6 total=113 skipped_zero=109 erased=4
[GradualEraser::verify] center(239,113) rgba=(0,0,0,0)
[BrushEngine::stampEraser] cx=239.0 cy=113.0 m_eraser=0x5e2e38fafc58
[GradualEraser::stamp] cx=239.0 cy=113.0 r=6 total=113 skipped_zero=113 erased=0
[GradualEraser::verify] center(239,113) rgba=(0,0,0,0)
[MOUSE_MOVE] drawing=true tool=1 drawing at (581.0,197.0)
[handleDrawing] tool=1 brushType=4 eraserSize=12.0 eraserOp=1.00 layer=0x5e2e67ee0d30
[BrushEngine::stampEraser] cx=239.0 cy=113.0 m_eraser=0x5e2e38fafc58
[GradualEraser::stamp] cx=239.0 cy=113.0 r=6 total=113 skipped_zero=113 erased=0
[GradualEraser::verify] center(239,113) rgba=(0,0,0,0)
[BrushEngine::stampEraser] cx=237.0 cy=115.0 m_eraser=0x5e2e38fafc58
[GradualEraser::stamp] cx=237.0 cy=115.0 r=6 total=113 skipped_zero=91 erased=22
[GradualEraser::verify] center(237,115) rgba=(0,0,0,0)
[BrushEngine::stampEraser] cx=237.0 cy=115.0 m_eraser=0x5e2e38fafc58
[GradualEraser::stamp] cx=237.0 cy=115.0 r=6 total=113 skipped_zero=113 erased=0
[GradualEraser::verify] center(237,115) rgba=(0,0,0,0)
[MOUSE_MOVE] drawing=true tool=1 drawing at (580.0,197.0)
[handleDrawing] tool=1 brushType=4 eraserSize=12.0 eraserOp=1.00 layer=0x5e2e67ee0d30
[BrushEngine::stampEraser] cx=237.0 cy=115.0 m_eraser=0x5e2e38fafc58
[GradualEraser::stamp] cx=237.0 cy=115.0 r=6 total=113 skipped_zero=113 erased=0
[GradualEraser::verify] center(237,115) rgba=(0,0,0,0)
[BrushEngine::stampEraser] cx=236.0 cy=115.0 m_eraser=0x5e2e38fafc58
[GradualEraser::stamp] cx=236.0 cy=115.0 r=6 total=113 skipped_zero=108 erased=5
[GradualEraser::verify] center(236,115) rgba=(0,0,0,0)
[BrushEngine::stampEraser] cx=236.0 cy=115.0 m_eraser=0x5e2e38fafc58
[GradualEraser::stamp] cx=236.0 cy=115.0 r=6 total=113 skipped_zero=113 erased=0
[GradualEraser::verify] center(236,115) rgba=(0,0,0,0)
[MOUSE_MOVE] drawing=true tool=1 drawing at (579.0,197.0)
[handleDrawing] tool=1 brushType=4 eraserSize=12.0 eraserOp=1.00 layer=0x5e2e67ee0d30
[BrushEngine::stampEraser] cx=236.0 cy=115.0 m_eraser=0x5e2e38fafc58
[GradualEraser::stamp] cx=236.0 cy=115.0 r=6 total=113 skipped_zero=113 erased=0
[GradualEraser::verify] center(236,115) rgba=(0,0,0,0)
[BrushEngine::stampEraser] cx=235.0 cy=115.0 m_eraser=0x5e2e38fafc58
[GradualEraser::stamp] cx=235.0 cy=115.0 r=6 total=113 skipped_zero=108 erased=5
[GradualEraser::verify] center(235,115) rgba=(0,0,0,0)
[BrushEngine::stampEraser] cx=235.0 cy=115.0 m_eraser=0x5e2e38fafc58
[GradualEraser::stamp] cx=235.0 cy=115.0 r=6 total=113 skipped_zero=113 erased=0
[GradualEraser::verify] center(235,115) rgba=(0,0,0,0)
[MOUSE_MOVE] drawing=true tool=1 drawing at (576.0,197.0)
[handleDrawing] tool=1 brushType=4 eraserSize=12.0 eraserOp=1.00 layer=0x5e2e67ee0d30
[BrushEngine::stampEraser] cx=235.0 cy=115.0 m_eraser=0x5e2e38fafc58
[GradualEraser::stamp] cx=235.0 cy=115.0 r=6 total=113 skipped_zero=113 erased=0
[GradualEraser::verify] center(235,115) rgba=(0,0,0,0)
[BrushEngine::stampEraser] cx=232.0 cy=115.0 m_eraser=0x5e2e38fafc58
[GradualEraser::stamp] cx=232.0 cy=115.0 r=6 total=113 skipped_zero=98 erased=15
[GradualEraser::verify] center(232,115) rgba=(0,0,0,0)
[BrushEngine::stampEraser] cx=232.0 cy=115.0 m_eraser=0x5e2e38fafc58
[GradualEraser::stamp] cx=232.0 cy=115.0 r=6 total=113 skipped_zero=113 erased=0
[GradualEraser::verify] center(232,115) rgba=(0,0,0,0)
[MOUSE_MOVE] drawing=true tool=1 drawing at (575.0,197.0)
[handleDrawing] tool=1 brushType=4 eraserSize=12.0 eraserOp=1.00 layer=0x5e2e67ee0d30
[BrushEngine::stampEraser] cx=232.0 cy=115.0 m_eraser=0x5e2e38fafc58
[GradualEraser::stamp] cx=232.0 cy=115.0 r=6 total=113 skipped_zero=113 erased=0
[GradualEraser::verify] center(232,115) rgba=(0,0,0,0)
[BrushEngine::stampEraser] cx=231.0 cy=115.0 m_eraser=0x5e2e38fafc58
[GradualEraser::stamp] cx=231.0 cy=115.0 r=6 total=113 skipped_zero=107 erased=6
[GradualEraser::verify] center(231,115) rgba=(0,0,0,0)
[BrushEngine::stampEraser] cx=231.0 cy=115.0 m_eraser=0x5e2e38fafc58
[GradualEraser::stamp] cx=231.0 cy=115.0 r=6 total=113 skipped_zero=113 erased=0
[GradualEraser::verify] center(231,115) rgba=(0,0,0,0)
[CANVAS_UPDATE] recompositing (frameDirty=1 canvasDirty=0)
[CANVAS_UPDATE] sample pixel (207,154): rgba=(255,101,50,255)
[MOUSE_MOVE] drawing=true tool=1 drawing at (574.0,198.0)
[handleDrawing] tool=1 brushType=4 eraserSize=12.0 eraserOp=1.00 layer=0x5e2e67ee0d30
[BrushEngine::stampEraser] cx=231.0 cy=115.0 m_eraser=0x5e2e38fafc58
[GradualEraser::stamp] cx=231.0 cy=115.0 r=6 total=113 skipped_zero=113 erased=0
[GradualEraser::verify] center(231,115) rgba=(0,0,0,0)
[BrushEngine::stampEraser] cx=230.0 cy=116.0 m_eraser=0x5e2e38fafc58
[GradualEraser::stamp] cx=230.0 cy=116.0 r=6 total=113 skipped_zero=101 erased=12
[GradualEraser::verify] center(230,116) rgba=(0,0,0,0)
[BrushEngine::stampEraser] cx=230.0 cy=116.0 m_eraser=0x5e2e38fafc58
[GradualEraser::stamp] cx=230.0 cy=116.0 r=6 total=113 skipped_zero=113 erased=0
[GradualEraser::verify] center(230,116) rgba=(0,0,0,0)
[MOUSE_MOVE] drawing=true tool=1 drawing at (571.0,198.0)
[handleDrawing] tool=1 brushType=4 eraserSize=12.0 eraserOp=1.00 layer=0x5e2e67ee0d30
[BrushEngine::stampEraser] cx=230.0 cy=116.0 m_eraser=0x5e2e38fafc58
[GradualEraser::stamp] cx=230.0 cy=116.0 r=6 total=113 skipped_zero=113 erased=0
[GradualEraser::verify] center(230,116) rgba=(0,0,0,0)
[BrushEngine::stampEraser] cx=227.0 cy=116.0 m_eraser=0x5e2e38fafc58
[GradualEraser::stamp] cx=227.0 cy=116.0 r=6 total=113 skipped_zero=97 erased=16
[GradualEraser::verify] center(227,116) rgba=(0,0,0,0)
[BrushEngine::stampEraser] cx=227.0 cy=116.0 m_eraser=0x5e2e38fafc58
[GradualEraser::stamp] cx=227.0 cy=116.0 r=6 total=113 skipped_zero=113 erased=0
[GradualEraser::verify] center(227,116) rgba=(0,0,0,0)
[MOUSE_MOVE] drawing=true tool=1 drawing at (569.0,198.0)
[handleDrawing] tool=1 brushType=4 eraserSize=12.0 eraserOp=1.00 layer=0x5e2e67ee0d30
[BrushEngine::stampEraser] cx=227.0 cy=116.0 m_eraser=0x5e2e38fafc58
[GradualEraser::stamp] cx=227.0 cy=116.0 r=6 total=113 skipped_zero=113 erased=0
[GradualEraser::verify] center(227,116) rgba=(0,0,0,0)
[BrushEngine::stampEraser] cx=225.0 cy=116.0 m_eraser=0x5e2e38fafc58
[GradualEraser::stamp] cx=225.0 cy=116.0 r=6 total=113 skipped_zero=101 erased=12
[GradualEraser::verify] center(225,116) rgba=(0,0,0,0)
[BrushEngine::stampEraser] cx=225.0 cy=116.0 m_eraser=0x5e2e38fafc58
[GradualEraser::stamp] cx=225.0 cy=116.0 r=6 total=113 skipped_zero=113 erased=0
[GradualEraser::verify] center(225,116) rgba=(0,0,0,0)
[MOUSE_MOVE] drawing=true tool=1 drawing at (568.0,199.0)
[handleDrawing] tool=1 brushType=4 eraserSize=12.0 eraserOp=1.00 layer=0x5e2e67ee0d30
[BrushEngine::stampEraser] cx=225.0 cy=116.0 m_eraser=0x5e2e38fafc58
[GradualEraser::stamp] cx=225.0 cy=116.0 r=6 total=113 skipped_zero=113 erased=0
[GradualEraser::verify] center(225,116) rgba=(0,0,0,0)
[BrushEngine::stampEraser] cx=224.0 cy=117.0 m_eraser=0x5e2e38fafc58
[GradualEraser::stamp] cx=224.0 cy=117.0 r=6 total=113 skipped_zero=99 erased=14
[GradualEraser::verify] center(224,117) rgba=(0,0,0,0)
[BrushEngine::stampEraser] cx=224.0 cy=117.0 m_eraser=0x5e2e38fafc58
[GradualEraser::stamp] cx=224.0 cy=117.0 r=6 total=113 skipped_zero=113 erased=0
[GradualEraser::verify] center(224,117) rgba=(0,0,0,0)
[MOUSE_MOVE] drawing=true tool=1 drawing at (565.0,199.0)
[handleDrawing] tool=1 brushType=4 eraserSize=12.0 eraserOp=1.00 layer=0x5e2e67ee0d30
[BrushEngine::stampEraser] cx=224.0 cy=117.0 m_eraser=0x5e2e38fafc58
[GradualEraser::stamp] cx=224.0 cy=117.0 r=6 total=113 skipped_zero=113 erased=0
[GradualEraser::verify] center(224,117) rgba=(0,0,0,0)
[BrushEngine::stampEraser] cx=221.0 cy=117.0 m_eraser=0x5e2e38fafc58
[GradualEraser::stamp] cx=221.0 cy=117.0 r=6 total=113 skipped_zero=95 erased=18
[GradualEraser::verify] center(221,117) rgba=(0,0,0,0)
[BrushEngine::stampEraser] cx=221.0 cy=117.0 m_eraser=0x5e2e38fafc58
[GradualEraser::stamp] cx=221.0 cy=117.0 r=6 total=113 skipped_zero=113 erased=0
[GradualEraser::verify] center(221,117) rgba=(0,0,0,0)
[MOUSE_MOVE] drawing=true tool=1 drawing at (564.0,199.0)
[handleDrawing] tool=1 brushType=4 eraserSize=12.0 eraserOp=1.00 layer=0x5e2e67ee0d30
[BrushEngine::stampEraser] cx=221.0 cy=117.0 m_eraser=0x5e2e38fafc58
[GradualEraser::stamp] cx=221.0 cy=117.0 r=6 total=113 skipped_zero=113 erased=0
[GradualEraser::verify] center(221,117) rgba=(0,0,0,0)
[BrushEngine::stampEraser] cx=220.0 cy=117.0 m_eraser=0x5e2e38fafc58
[GradualEraser::stamp] cx=220.0 cy=117.0 r=6 total=113 skipped_zero=107 erased=6
[GradualEraser::verify] center(220,117) rgba=(0,0,0,0)
[BrushEngine::stampEraser] cx=220.0 cy=117.0 m_eraser=0x5e2e38fafc58
[GradualEraser::stamp] cx=220.0 cy=117.0 r=6 total=113 skipped_zero=113 erased=0
[GradualEraser::verify] center(220,117) rgba=(0,0,0,0)
[MOUSE_MOVE] drawing=true tool=1 drawing at (562.0,200.0)
[handleDrawing] tool=1 brushType=4 eraserSize=12.0 eraserOp=1.00 layer=0x5e2e67ee0d30
[BrushEngine::stampEraser] cx=220.0 cy=117.0 m_eraser=0x5e2e38fafc58
[GradualEraser::stamp] cx=220.0 cy=117.0 r=6 total=113 skipped_zero=113 erased=0
[GradualEraser::verify] center(220,117) rgba=(0,0,0,0)
[BrushEngine::stampEraser] cx=218.0 cy=118.0 m_eraser=0x5e2e38fafc58
[GradualEraser::stamp] cx=218.0 cy=118.0 r=6 total=113 skipped_zero=94 erased=19
[GradualEraser::verify] center(218,118) rgba=(0,0,0,0)
[BrushEngine::stampEraser] cx=218.0 cy=118.0 m_eraser=0x5e2e38fafc58
[GradualEraser::stamp] cx=218.0 cy=118.0 r=6 total=113 skipped_zero=113 erased=0
[GradualEraser::verify] center(218,118) rgba=(0,0,0,0)
[MOUSE_MOVE] drawing=true tool=1 drawing at (559.0,200.0)
[handleDrawing] tool=1 brushType=4 eraserSize=12.0 eraserOp=1.00 layer=0x5e2e67ee0d30
[BrushEngine::stampEraser] cx=218.0 cy=118.0 m_eraser=0x5e2e38fafc58
[GradualEraser::stamp] cx=218.0 cy=118.0 r=6 total=113 skipped_zero=113 erased=0
[GradualEraser::verify] center(218,118) rgba=(0,0,0,0)
[BrushEngine::stampEraser] cx=215.0 cy=118.0 m_eraser=0x5e2e38fafc58
[GradualEraser::stamp] cx=215.0 cy=118.0 r=6 total=113 skipped_zero=96 erased=17
[GradualEraser::verify] center(215,118) rgba=(0,0,0,0)
[BrushEngine::stampEraser] cx=215.0 cy=118.0 m_eraser=0x5e2e38fafc58
[GradualEraser::stamp] cx=215.0 cy=118.0 r=6 total=113 skipped_zero=113 erased=0
[GradualEraser::verify] center(215,118) rgba=(0,0,0,0)
[MOUSE_MOVE] drawing=true tool=1 drawing at (558.0,200.0)
[handleDrawing] tool=1 brushType=4 eraserSize=12.0 eraserOp=1.00 layer=0x5e2e67ee0d30
[BrushEngine::stampEraser] cx=215.0 cy=118.0 m_eraser=0x5e2e38fafc58
[GradualEraser::stamp] cx=215.0 cy=118.0 r=6 total=113 skipped_zero=113 erased=0
[GradualEraser::verify] center(215,118) rgba=(0,0,0,0)
[BrushEngine::stampEraser] cx=214.0 cy=118.0 m_eraser=0x5e2e38fafc58
[GradualEraser::stamp] cx=214.0 cy=118.0 r=6 total=113 skipped_zero=107 erased=6
[GradualEraser::verify] center(214,118) rgba=(0,0,0,0)
[BrushEngine::stampEraser] cx=214.0 cy=118.0 m_eraser=0x5e2e38fafc58
[GradualEraser::stamp] cx=214.0 cy=118.0 r=6 total=113 skipped_zero=113 erased=0
[GradualEraser::verify] center(214,118) rgba=(0,0,0,0)
[CANVAS_UPDATE] recompositing (frameDirty=1 canvasDirty=0)
[CANVAS_UPDATE] sample pixel (207,154): rgba=(255,101,50,255)
[MOUSE_MOVE] drawing=true tool=1 drawing at (557.0,201.0)
[handleDrawing] tool=1 brushType=4 eraserSize=12.0 eraserOp=1.00 layer=0x5e2e67ee0d30
[BrushEngine::stampEraser] cx=214.0 cy=118.0 m_eraser=0x5e2e38fafc58
[GradualEraser::stamp] cx=214.0 cy=118.0 r=6 total=113 skipped_zero=113 erased=0
[GradualEraser::verify] center(214,118) rgba=(0,0,0,0)
[BrushEngine::stampEraser] cx=213.0 cy=119.0 m_eraser=0x5e2e38fafc58
[GradualEraser::stamp] cx=213.0 cy=119.0 r=6 total=113 skipped_zero=99 erased=14
[GradualEraser::verify] center(213,119) rgba=(0,0,0,0)
[BrushEngine::stampEraser] cx=213.0 cy=119.0 m_eraser=0x5e2e38fafc58
[GradualEraser::stamp] cx=213.0 cy=119.0 r=6 total=113 skipped_zero=113 erased=0
[GradualEraser::verify] center(213,119) rgba=(0,0,0,0)
[MOUSE_MOVE] drawing=true tool=1 drawing at (556.0,201.0)
[handleDrawing] tool=1 brushType=4 eraserSize=12.0 eraserOp=1.00 layer=0x5e2e67ee0d30
[BrushEngine::stampEraser] cx=213.0 cy=119.0 m_eraser=0x5e2e38fafc58
[GradualEraser::stamp] cx=213.0 cy=119.0 r=6 total=113 skipped_zero=113 erased=0
[GradualEraser::verify] center(213,119) rgba=(0,0,0,0)
[BrushEngine::stampEraser] cx=212.0 cy=119.0 m_eraser=0x5e2e38fafc58
[GradualEraser::stamp] cx=212.0 cy=119.0 r=6 total=113 skipped_zero=106 erased=7
[GradualEraser::verify] center(212,119) rgba=(0,0,0,0)
[BrushEngine::stampEraser] cx=212.0 cy=119.0 m_eraser=0x5e2e38fafc58
[GradualEraser::stamp] cx=212.0 cy=119.0 r=6 total=113 skipped_zero=113 erased=0
[GradualEraser::verify] center(212,119) rgba=(0,0,0,0)
[MOUSE_MOVE] drawing=true tool=1 drawing at (553.0,201.0)
[handleDrawing] tool=1 brushType=4 eraserSize=12.0 eraserOp=1.00 layer=0x5e2e67ee0d30
[BrushEngine::stampEraser] cx=212.0 cy=119.0 m_eraser=0x5e2e38fafc58
[GradualEraser::stamp] cx=212.0 cy=119.0 r=6 total=113 skipped_zero=113 erased=0
[GradualEraser::verify] center(212,119) rgba=(0,0,0,0)
[BrushEngine::stampEraser] cx=209.0 cy=119.0 m_eraser=0x5e2e38fafc58
[GradualEraser::stamp] cx=209.0 cy=119.0 r=6 total=113 skipped_zero=96 erased=17
[GradualEraser::verify] center(209,119) rgba=(0,0,0,0)
[BrushEngine::stampEraser] cx=209.0 cy=119.0 m_eraser=0x5e2e38fafc58
[GradualEraser::stamp] cx=209.0 cy=119.0 r=6 total=113 skipped_zero=113 erased=0
[GradualEraser::verify] center(209,119) rgba=(0,0,0,0)
[MOUSE_MOVE] drawing=true tool=1 drawing at (551.0,203.0)
[handleDrawing] tool=1 brushType=4 eraserSize=12.0 eraserOp=1.00 layer=0x5e2e67ee0d30
[BrushEngine::stampEraser] cx=209.0 cy=119.0 m_eraser=0x5e2e38fafc58
[GradualEraser::stamp] cx=209.0 cy=119.0 r=6 total=113 skipped_zero=113 erased=0
[GradualEraser::verify] center(209,119) rgba=(0,0,0,0)
[BrushEngine::stampEraser] cx=207.0 cy=121.0 m_eraser=0x5e2e38fafc58
[GradualEraser::stamp] cx=207.0 cy=121.0 r=6 total=113 skipped_zero=83 erased=30
[GradualEraser::verify] center(207,121) rgba=(0,0,0,0)
[BrushEngine::stampEraser] cx=207.0 cy=121.0 m_eraser=0x5e2e38fafc58
[GradualEraser::stamp] cx=207.0 cy=121.0 r=6 total=113 skipped_zero=113 erased=0
[GradualEraser::verify] center(207,121) rgba=(0,0,0,0)
[MOUSE_MOVE] drawing=true tool=1 drawing at (550.0,203.0)
[handleDrawing] tool=1 brushType=4 eraserSize=12.0 eraserOp=1.00 layer=0x5e2e67ee0d30
[BrushEngine::stampEraser] cx=207.0 cy=121.0 m_eraser=0x5e2e38fafc58
[GradualEraser::stamp] cx=207.0 cy=121.0 r=6 total=113 skipped_zero=113 erased=0
[GradualEraser::verify] center(207,121) rgba=(0,0,0,0)
[BrushEngine::stampEraser] cx=206.0 cy=121.0 m_eraser=0x5e2e38fafc58
[GradualEraser::stamp] cx=206.0 cy=121.0 r=6 total=113 skipped_zero=106 erased=7
[GradualEraser::verify] center(206,121) rgba=(0,0,0,0)
[BrushEngine::stampEraser] cx=206.0 cy=121.0 m_eraser=0x5e2e38fafc58
[GradualEraser::stamp] cx=206.0 cy=121.0 r=6 total=113 skipped_zero=113 erased=0
[GradualEraser::verify] center(206,121) rgba=(0,0,0,0)
[MOUSE_MOVE] drawing=true tool=1 drawing at (547.0,204.0)
[handleDrawing] tool=1 brushType=4 eraserSize=12.0 eraserOp=1.00 layer=0x5e2e67ee0d30
[BrushEngine::stampEraser] cx=206.0 cy=121.0 m_eraser=0x5e2e38fafc58
[GradualEraser::stamp] cx=206.0 cy=121.0 r=6 total=113 skipped_zero=113 erased=0
[GradualEraser::verify] center(206,121) rgba=(0,0,0,0)
[BrushEngine::stampEraser] cx=204.5 cy=121.5 m_eraser=0x5e2e38fafc58
[GradualEraser::stamp] cx=204.5 cy=121.5 r=6 total=113 skipped_zero=99 erased=14
[GradualEraser::verify] center(205,122) rgba=(0,0,0,0)
[BrushEngine::stampEraser] cx=203.0 cy=122.0 m_eraser=0x5e2e38fafc58
[GradualEraser::stamp] cx=203.0 cy=122.0 r=6 total=113 skipped_zero=99 erased=14
[GradualEraser::verify] center(203,122) rgba=(0,0,0,0)
[BrushEngine::stampEraser] cx=203.0 cy=122.0 m_eraser=0x5e2e38fafc58
[GradualEraser::stamp] cx=203.0 cy=122.0 r=6 total=113 skipped_zero=113 erased=0
[GradualEraser::verify] center(203,122) rgba=(0,0,0,0)
[MOUSE_MOVE] drawing=true tool=1 drawing at (546.0,204.0)
[handleDrawing] tool=1 brushType=4 eraserSize=12.0 eraserOp=1.00 layer=0x5e2e67ee0d30
[BrushEngine::stampEraser] cx=203.0 cy=122.0 m_eraser=0x5e2e38fafc58
[GradualEraser::stamp] cx=203.0 cy=122.0 r=6 total=113 skipped_zero=113 erased=0
[GradualEraser::verify] center(203,122) rgba=(0,0,0,0)
[BrushEngine::stampEraser] cx=202.0 cy=122.0 m_eraser=0x5e2e38fafc58
[GradualEraser::stamp] cx=202.0 cy=122.0 r=6 total=113 skipped_zero=106 erased=7
[GradualEraser::verify] center(202,122) rgba=(0,0,0,0)
[BrushEngine::stampEraser] cx=202.0 cy=122.0 m_eraser=0x5e2e38fafc58
[GradualEraser::stamp] cx=202.0 cy=122.0 r=6 total=113 skipped_zero=113 erased=0
[GradualEraser::verify] center(202,122) rgba=(0,0,0,0)
[CANVAS_UPDATE] recompositing (frameDirty=1 canvasDirty=0)
[CANVAS_UPDATE] sample pixel (207,154): rgba=(255,101,50,255)
[MOUSE_MOVE] drawing=true tool=1 drawing at (543.0,206.0)
[handleDrawing] tool=1 brushType=4 eraserSize=12.0 eraserOp=1.00 layer=0x5e2e67ee0d30
[BrushEngine::stampEraser] cx=202.0 cy=122.0 m_eraser=0x5e2e38fafc58
[GradualEraser::stamp] cx=202.0 cy=122.0 r=6 total=113 skipped_zero=113 erased=0
[GradualEraser::verify] center(202,122) rgba=(0,0,0,0)
[BrushEngine::stampEraser] cx=200.5 cy=123.0 m_eraser=0x5e2e38fafc58
[GradualEraser::stamp] cx=200.5 cy=123.0 r=6 total=113 skipped_zero=101 erased=12
[GradualEraser::verify] center(201,123) rgba=(0,0,0,0)
[BrushEngine::stampEraser] cx=199.0 cy=124.0 m_eraser=0x5e2e38fafc58
[GradualEraser::stamp] cx=199.0 cy=124.0 r=6 total=113 skipped_zero=104 erased=9
[GradualEraser::verify] center(199,124) rgba=(0,0,0,0)
[BrushEngine::stampEraser] cx=199.0 cy=124.0 m_eraser=0x5e2e38fafc58
[GradualEraser::stamp] cx=199.0 cy=124.0 r=6 total=113 skipped_zero=113 erased=0
[GradualEraser::verify] center(199,124) rgba=(0,0,0,0)
[MOUSE_MOVE] drawing=true tool=1 drawing at (542.0,206.0)
[handleDrawing] tool=1 brushType=4 eraserSize=12.0 eraserOp=1.00 layer=0x5e2e67ee0d30
[BrushEngine::stampEraser] cx=199.0 cy=124.0 m_eraser=0x5e2e38fafc58
[GradualEraser::stamp] cx=199.0 cy=124.0 r=6 total=113 skipped_zero=113 erased=0
[GradualEraser::verify] center(199,124) rgba=(0,0,0,0)
[BrushEngine::stampEraser] cx=198.0 cy=124.0 m_eraser=0x5e2e38fafc58
[GradualEraser::stamp] cx=198.0 cy=124.0 r=6 total=113 skipped_zero=110 erased=3
[GradualEraser::verify] center(198,124) rgba=(0,0,0,0)
[BrushEngine::stampEraser] cx=198.0 cy=124.0 m_eraser=0x5e2e38fafc58
[GradualEraser::stamp] cx=198.0 cy=124.0 r=6 total=113 skipped_zero=113 erased=0
[GradualEraser::verify] center(198,124) rgba=(0,0,0,0)
[MOUSE_MOVE] drawing=true tool=1 drawing at (541.0,206.0)
[handleDrawing] tool=1 brushType=4 eraserSize=12.0 eraserOp=1.00 layer=0x5e2e67ee0d30
[BrushEngine::stampEraser] cx=198.0 cy=124.0 m_eraser=0x5e2e38fafc58
[GradualEraser::stamp] cx=198.0 cy=124.0 r=6 total=113 skipped_zero=113 erased=0
[GradualEraser::verify] center(198,124) rgba=(0,0,0,0)
[BrushEngine::stampEraser] cx=197.0 cy=124.0 m_eraser=0x5e2e38fafc58
[GradualEraser::stamp] cx=197.0 cy=124.0 r=6 total=113 skipped_zero=111 erased=2
[GradualEraser::verify] center(197,124) rgba=(0,0,0,0)
[BrushEngine::stampEraser] cx=197.0 cy=124.0 m_eraser=0x5e2e38fafc58
[GradualEraser::stamp] cx=197.0 cy=124.0 r=6 total=113 skipped_zero=113 erased=0
[GradualEraser::verify] center(197,124) rgba=(0,0,0,0)
[MOUSE_MOVE] drawing=true tool=1 drawing at (540.0,207.0)
[handleDrawing] tool=1 brushType=4 eraserSize=12.0 eraserOp=1.00 layer=0x5e2e67ee0d30
[BrushEngine::stampEraser] cx=197.0 cy=124.0 m_eraser=0x5e2e38fafc58
[GradualEraser::stamp] cx=197.0 cy=124.0 r=6 total=113 skipped_zero=113 erased=0
[GradualEraser::verify] center(197,124) rgba=(0,0,0,0)
[BrushEngine::stampEraser] cx=196.0 cy=125.0 m_eraser=0x5e2e38fafc58
[GradualEraser::stamp] cx=196.0 cy=125.0 r=6 total=113 skipped_zero=111 erased=2
[GradualEraser::verify] center(196,125) rgba=(0,0,0,0)
[BrushEngine::stampEraser] cx=196.0 cy=125.0 m_eraser=0x5e2e38fafc58
[GradualEraser::stamp] cx=196.0 cy=125.0 r=6 total=113 skipped_zero=113 erased=0
[GradualEraser::verify] center(196,125) rgba=(0,0,0,0)
[MOUSE_MOVE] drawing=true tool=1 drawing at (539.0,208.0)
[handleDrawing] tool=1 brushType=4 eraserSize=12.0 eraserOp=1.00 layer=0x5e2e67ee0d30
[BrushEngine::stampEraser] cx=196.0 cy=125.0 m_eraser=0x5e2e38fafc58
[GradualEraser::stamp] cx=196.0 cy=125.0 r=6 total=113 skipped_zero=113 erased=0
[GradualEraser::verify] center(196,125) rgba=(0,0,0,0)
[BrushEngine::stampEraser] cx=195.0 cy=126.0 m_eraser=0x5e2e38fafc58
[GradualEraser::stamp] cx=195.0 cy=126.0 r=6 total=113 skipped_zero=111 erased=2
[GradualEraser::verify] center(195,126) rgba=(0,0,0,0)
[BrushEngine::stampEraser] cx=195.0 cy=126.0 m_eraser=0x5e2e38fafc58
[GradualEraser::stamp] cx=195.0 cy=126.0 r=6 total=113 skipped_zero=113 erased=0
[GradualEraser::verify] center(195,126) rgba=(0,0,0,0)
[MOUSE_MOVE] drawing=true tool=1 drawing at (537.0,208.0)
[handleDrawing] tool=1 brushType=4 eraserSize=12.0 eraserOp=1.00 layer=0x5e2e67ee0d30
[BrushEngine::stampEraser] cx=195.0 cy=126.0 m_eraser=0x5e2e38fafc58
[GradualEraser::stamp] cx=195.0 cy=126.0 r=6 total=113 skipped_zero=113 erased=0
[GradualEraser::verify] center(195,126) rgba=(0,0,0,0)
[BrushEngine::stampEraser] cx=193.0 cy=126.0 m_eraser=0x5e2e38fafc58
[GradualEraser::stamp] cx=193.0 cy=126.0 r=6 total=113 skipped_zero=111 erased=2
[GradualEraser::verify] center(193,126) rgba=(0,0,0,0)
[BrushEngine::stampEraser] cx=193.0 cy=126.0 m_eraser=0x5e2e38fafc58
[GradualEraser::stamp] cx=193.0 cy=126.0 r=6 total=113 skipped_zero=113 erased=0
[GradualEraser::verify] center(193,126) rgba=(0,0,0,0)
[MOUSE_MOVE] drawing=true tool=1 drawing at (536.0,208.0)
[handleDrawing] tool=1 brushType=4 eraserSize=12.0 eraserOp=1.00 layer=0x5e2e67ee0d30
[BrushEngine::stampEraser] cx=193.0 cy=126.0 m_eraser=0x5e2e38fafc58
[GradualEraser::stamp] cx=193.0 cy=126.0 r=6 total=113 skipped_zero=113 erased=0
[GradualEraser::verify] center(193,126) rgba=(0,0,0,0)
[BrushEngine::stampEraser] cx=192.0 cy=126.0 m_eraser=0x5e2e38fafc58
[GradualEraser::stamp] cx=192.0 cy=126.0 r=6 total=113 skipped_zero=111 erased=2
[GradualEraser::verify] center(192,126) rgba=(0,0,0,0)
[BrushEngine::stampEraser] cx=192.0 cy=126.0 m_eraser=0x5e2e38fafc58
[GradualEraser::stamp] cx=192.0 cy=126.0 r=6 total=113 skipped_zero=113 erased=0
[GradualEraser::verify] center(192,126) rgba=(0,0,0,0)
[MOUSE_MOVE] drawing=true tool=1 drawing at (535.0,209.0)
[handleDrawing] tool=1 brushType=4 eraserSize=12.0 eraserOp=1.00 layer=0x5e2e67ee0d30
[BrushEngine::stampEraser] cx=192.0 cy=126.0 m_eraser=0x5e2e38fafc58
[GradualEraser::stamp] cx=192.0 cy=126.0 r=6 total=113 skipped_zero=113 erased=0
[GradualEraser::verify] center(192,126) rgba=(0,0,0,0)
[BrushEngine::stampEraser] cx=191.0 cy=127.0 m_eraser=0x5e2e38fafc58
[GradualEraser::stamp] cx=191.0 cy=127.0 r=6 total=113 skipped_zero=111 erased=2
[GradualEraser::verify] center(191,127) rgba=(0,0,0,0)
[BrushEngine::stampEraser] cx=191.0 cy=127.0 m_eraser=0x5e2e38fafc58
[GradualEraser::stamp] cx=191.0 cy=127.0 r=6 total=113 skipped_zero=113 erased=0
[GradualEraser::verify] center(191,127) rgba=(0,0,0,0)
[CANVAS_UPDATE] recompositing (frameDirty=1 canvasDirty=0)
[CANVAS_UPDATE] sample pixel (207,154): rgba=(255,101,50,255)
[MOUSE_MOVE] drawing=true tool=1 drawing at (534.0,209.0)
[handleDrawing] tool=1 brushType=4 eraserSize=12.0 eraserOp=1.00 layer=0x5e2e67ee0d30
[BrushEngine::stampEraser] cx=191.0 cy=127.0 m_eraser=0x5e2e38fafc58
[GradualEraser::stamp] cx=191.0 cy=127.0 r=6 total=113 skipped_zero=113 erased=0
[GradualEraser::verify] center(191,127) rgba=(0,0,0,0)
[BrushEngine::stampEraser] cx=190.0 cy=127.0 m_eraser=0x5e2e38fafc58
[GradualEraser::stamp] cx=190.0 cy=127.0 r=6 total=113 skipped_zero=111 erased=2
[GradualEraser::verify] center(190,127) rgba=(0,0,0,0)
[BrushEngine::stampEraser] cx=190.0 cy=127.0 m_eraser=0x5e2e38fafc58
[GradualEraser::stamp] cx=190.0 cy=127.0 r=6 total=113 skipped_zero=113 erased=0
[GradualEraser::verify] center(190,127) rgba=(0,0,0,0)
[MOUSE_MOVE] drawing=true tool=1 drawing at (533.0,209.0)
[handleDrawing] tool=1 brushType=4 eraserSize=12.0 eraserOp=1.00 layer=0x5e2e67ee0d30
[BrushEngine::stampEraser] cx=190.0 cy=127.0 m_eraser=0x5e2e38fafc58
[GradualEraser::stamp] cx=190.0 cy=127.0 r=6 total=113 skipped_zero=113 erased=0
[GradualEraser::verify] center(190,127) rgba=(0,0,0,0)
[BrushEngine::stampEraser] cx=189.0 cy=127.0 m_eraser=0x5e2e38fafc58
[GradualEraser::stamp] cx=189.0 cy=127.0 r=6 total=113 skipped_zero=112 erased=1
[GradualEraser::verify] center(189,127) rgba=(0,0,0,0)
[BrushEngine::stampEraser] cx=189.0 cy=127.0 m_eraser=0x5e2e38fafc58
[GradualEraser::stamp] cx=189.0 cy=127.0 r=6 total=113 skipped_zero=113 erased=0
[GradualEraser::verify] center(189,127) rgba=(0,0,0,0)
[MOUSE_MOVE] drawing=true tool=1 drawing at (532.0,209.0)
[handleDrawing] tool=1 brushType=4 eraserSize=12.0 eraserOp=1.00 layer=0x5e2e67ee0d30
[BrushEngine::stampEraser] cx=189.0 cy=127.0 m_eraser=0x5e2e38fafc58
[GradualEraser::stamp] cx=189.0 cy=127.0 r=6 total=113 skipped_zero=113 erased=0
[GradualEraser::verify] center(189,127) rgba=(0,0,0,0)
[BrushEngine::stampEraser] cx=188.0 cy=127.0 m_eraser=0x5e2e38fafc58
[GradualEraser::stamp] cx=188.0 cy=127.0 r=6 total=113 skipped_zero=113 erased=0
[GradualEraser::verify] center(188,127) rgba=(0,0,0,0)
[BrushEngine::stampEraser] cx=188.0 cy=127.0 m_eraser=0x5e2e38fafc58
[GradualEraser::stamp] cx=188.0 cy=127.0 r=6 total=113 skipped_zero=113 erased=0
[GradualEraser::verify] center(188,127) rgba=(0,0,0,0)
[MOUSE_MOVE] drawing=true tool=1 drawing at (531.0,209.0)
[handleDrawing] tool=1 brushType=4 eraserSize=12.0 eraserOp=1.00 layer=0x5e2e67ee0d30
[BrushEngine::stampEraser] cx=188.0 cy=127.0 m_eraser=0x5e2e38fafc58
[GradualEraser::stamp] cx=188.0 cy=127.0 r=6 total=113 skipped_zero=113 erased=0
[GradualEraser::verify] center(188,127) rgba=(0,0,0,0)
[BrushEngine::stampEraser] cx=187.0 cy=127.0 m_eraser=0x5e2e38fafc58
[GradualEraser::stamp] cx=187.0 cy=127.0 r=6 total=113 skipped_zero=113 erased=0
[GradualEraser::verify] center(187,127) rgba=(0,0,0,0)
[BrushEngine::stampEraser] cx=187.0 cy=127.0 m_eraser=0x5e2e38fafc58
[GradualEraser::stamp] cx=187.0 cy=127.0 r=6 total=113 skipped_zero=113 erased=0
[GradualEraser::verify] center(187,127) rgba=(0,0,0,0)
[CANVAS_UPDATE] recompositing (frameDirty=1 canvasDirty=0)
[CANVAS_UPDATE] sample pixel (207,154): rgba=(255,101,50,255)
[MOUSE_MOVE] drawing=true tool=1 drawing at (532.0,209.0)
[handleDrawing] tool=1 brushType=4 eraserSize=12.0 eraserOp=1.00 layer=0x5e2e67ee0d30
[BrushEngine::stampEraser] cx=187.0 cy=127.0 m_eraser=0x5e2e38fafc58
[GradualEraser::stamp] cx=187.0 cy=127.0 r=6 total=113 skipped_zero=113 erased=0
[GradualEraser::verify] center(187,127) rgba=(0,0,0,0)
[BrushEngine::stampEraser] cx=188.0 cy=127.0 m_eraser=0x5e2e38fafc58
[GradualEraser::stamp] cx=188.0 cy=127.0 r=6 total=113 skipped_zero=113 erased=0
[GradualEraser::verify] center(188,127) rgba=(0,0,0,0)
[BrushEngine::stampEraser] cx=188.0 cy=127.0 m_eraser=0x5e2e38fafc58
[GradualEraser::stamp] cx=188.0 cy=127.0 r=6 total=113 skipped_zero=113 erased=0
[GradualEraser::verify] center(188,127) rgba=(0,0,0,0)
[MOUSE_MOVE] drawing=true tool=1 drawing at (533.0,209.0)
[handleDrawing] tool=1 brushType=4 eraserSize=12.0 eraserOp=1.00 layer=0x5e2e67ee0d30
[BrushEngine::stampEraser] cx=188.0 cy=127.0 m_eraser=0x5e2e38fafc58
[GradualEraser::stamp] cx=188.0 cy=127.0 r=6 total=113 skipped_zero=113 erased=0
[GradualEraser::verify] center(188,127) rgba=(0,0,0,0)
[BrushEngine::stampEraser] cx=189.0 cy=127.0 m_eraser=0x5e2e38fafc58
[GradualEraser::stamp] cx=189.0 cy=127.0 r=6 total=113 skipped_zero=113 erased=0
[GradualEraser::verify] center(189,127) rgba=(0,0,0,0)
[BrushEngine::stampEraser] cx=189.0 cy=127.0 m_eraser=0x5e2e38fafc58
[GradualEraser::stamp] cx=189.0 cy=127.0 r=6 total=113 skipped_zero=113 erased=0
[GradualEraser::verify] center(189,127) rgba=(0,0,0,0)
[CANVAS_UPDATE] recompositing (frameDirty=1 canvasDirty=0)
[CANVAS_UPDATE] sample pixel (207,154): rgba=(255,101,50,255)
[MOUSE_MOVE] drawing=true tool=1 drawing at (534.0,209.0)
[handleDrawing] tool=1 brushType=4 eraserSize=12.0 eraserOp=1.00 layer=0x5e2e67ee0d30
[BrushEngine::stampEraser] cx=189.0 cy=127.0 m_eraser=0x5e2e38fafc58
[GradualEraser::stamp] cx=189.0 cy=127.0 r=6 total=113 skipped_zero=113 erased=0
[GradualEraser::verify] center(189,127) rgba=(0,0,0,0)
[BrushEngine::stampEraser] cx=190.0 cy=127.0 m_eraser=0x5e2e38fafc58
[GradualEraser::stamp] cx=190.0 cy=127.0 r=6 total=113 skipped_zero=113 erased=0
[GradualEraser::verify] center(190,127) rgba=(0,0,0,0)
[BrushEngine::stampEraser] cx=190.0 cy=127.0 m_eraser=0x5e2e38fafc58
[GradualEraser::stamp] cx=190.0 cy=127.0 r=6 total=113 skipped_zero=113 erased=0
[GradualEraser::verify] center(190,127) rgba=(0,0,0,0)
[MOUSE_MOVE] drawing=true tool=1 drawing at (535.0,209.0)
[handleDrawing] tool=1 brushType=4 eraserSize=12.0 eraserOp=1.00 layer=0x5e2e67ee0d30
[BrushEngine::stampEraser] cx=190.0 cy=127.0 m_eraser=0x5e2e38fafc58
[GradualEraser::stamp] cx=190.0 cy=127.0 r=6 total=113 skipped_zero=113 erased=0
[GradualEraser::verify] center(190,127) rgba=(0,0,0,0)
[BrushEngine::stampEraser] cx=191.0 cy=127.0 m_eraser=0x5e2e38fafc58
[GradualEraser::stamp] cx=191.0 cy=127.0 r=6 total=113 skipped_zero=113 erased=0
[GradualEraser::verify] center(191,127) rgba=(0,0,0,0)
[BrushEngine::stampEraser] cx=191.0 cy=127.0 m_eraser=0x5e2e38fafc58
[GradualEraser::stamp] cx=191.0 cy=127.0 r=6 total=113 skipped_zero=113 erased=0
[GradualEraser::verify] center(191,127) rgba=(0,0,0,0)
[MOUSE_MOVE] drawing=true tool=1 drawing at (536.0,209.0)
[handleDrawing] tool=1 brushType=4 eraserSize=12.0 eraserOp=1.00 layer=0x5e2e67ee0d30
[BrushEngine::stampEraser] cx=191.0 cy=127.0 m_eraser=0x5e2e38fafc58
[GradualEraser::stamp] cx=191.0 cy=127.0 r=6 total=113 skipped_zero=113 erased=0
[GradualEraser::verify] center(191,127) rgba=(0,0,0,0)
[BrushEngine::stampEraser] cx=192.0 cy=127.0 m_eraser=0x5e2e38fafc58
[GradualEraser::stamp] cx=192.0 cy=127.0 r=6 total=113 skipped_zero=113 erased=0
[GradualEraser::verify] center(192,127) rgba=(0,0,0,0)
[BrushEngine::stampEraser] cx=192.0 cy=127.0 m_eraser=0x5e2e38fafc58
[GradualEraser::stamp] cx=192.0 cy=127.0 r=6 total=113 skipped_zero=113 erased=0
[GradualEraser::verify] center(192,127) rgba=(0,0,0,0)
[MOUSE_MOVE] drawing=true tool=1 drawing at (537.0,209.0)
[handleDrawing] tool=1 brushType=4 eraserSize=12.0 eraserOp=1.00 layer=0x5e2e67ee0d30
[BrushEngine::stampEraser] cx=192.0 cy=127.0 m_eraser=0x5e2e38fafc58
[GradualEraser::stamp] cx=192.0 cy=127.0 r=6 total=113 skipped_zero=113 erased=0
[GradualEraser::verify] center(192,127) rgba=(0,0,0,0)
[BrushEngine::stampEraser] cx=193.0 cy=127.0 m_eraser=0x5e2e38fafc58
[GradualEraser::stamp] cx=193.0 cy=127.0 r=6 total=113 skipped_zero=113 erased=0
[GradualEraser::verify] center(193,127) rgba=(0,0,0,0)
[BrushEngine::stampEraser] cx=193.0 cy=127.0 m_eraser=0x5e2e38fafc58
[GradualEraser::stamp] cx=193.0 cy=127.0 r=6 total=113 skipped_zero=113 erased=0
[GradualEraser::verify] center(193,127) rgba=(0,0,0,0)
[MOUSE_MOVE] drawing=true tool=1 drawing at (538.0,209.0)
[handleDrawing] tool=1 brushType=4 eraserSize=12.0 eraserOp=1.00 layer=0x5e2e67ee0d30
[BrushEngine::stampEraser] cx=193.0 cy=127.0 m_eraser=0x5e2e38fafc58
[GradualEraser::stamp] cx=193.0 cy=127.0 r=6 total=113 skipped_zero=113 erased=0
[GradualEraser::verify] center(193,127) rgba=(0,0,0,0)
[BrushEngine::stampEraser] cx=194.0 cy=127.0 m_eraser=0x5e2e38fafc58
[GradualEraser::stamp] cx=194.0 cy=127.0 r=6 total=113 skipped_zero=113 erased=0
[GradualEraser::verify] center(194,127) rgba=(0,0,0,0)
[BrushEngine::stampEraser] cx=194.0 cy=127.0 m_eraser=0x5e2e38fafc58
[GradualEraser::stamp] cx=194.0 cy=127.0 r=6 total=113 skipped_zero=113 erased=0
[GradualEraser::verify] center(194,127) rgba=(0,0,0,0)
[MOUSE_MOVE] drawing=true tool=1 drawing at (539.0,209.0)
[handleDrawing] tool=1 brushType=4 eraserSize=12.0 eraserOp=1.00 layer=0x5e2e67ee0d30
[BrushEngine::stampEraser] cx=194.0 cy=127.0 m_eraser=0x5e2e38fafc58
[GradualEraser::stamp] cx=194.0 cy=127.0 r=6 total=113 skipped_zero=113 erased=0
[GradualEraser::verify] center(194,127) rgba=(0,0,0,0)
[BrushEngine::stampEraser] cx=195.0 cy=127.0 m_eraser=0x5e2e38fafc58
[GradualEraser::stamp] cx=195.0 cy=127.0 r=6 total=113 skipped_zero=113 erased=0
[GradualEraser::verify] center(195,127) rgba=(0,0,0,0)
[BrushEngine::stampEraser] cx=195.0 cy=127.0 m_eraser=0x5e2e38fafc58
[GradualEraser::stamp] cx=195.0 cy=127.0 r=6 total=113 skipped_zero=113 erased=0
[GradualEraser::verify] center(195,127) rgba=(0,0,0,0)
[CANVAS_UPDATE] recompositing (frameDirty=1 canvasDirty=0)
[CANVAS_UPDATE] sample pixel (207,154): rgba=(255,101,50,255)
[MOUSE_MOVE] drawing=true tool=1 drawing at (540.0,209.0)
[handleDrawing] tool=1 brushType=4 eraserSize=12.0 eraserOp=1.00 layer=0x5e2e67ee0d30
[BrushEngine::stampEraser] cx=195.0 cy=127.0 m_eraser=0x5e2e38fafc58
[GradualEraser::stamp] cx=195.0 cy=127.0 r=6 total=113 skipped_zero=113 erased=0
[GradualEraser::verify] center(195,127) rgba=(0,0,0,0)
[BrushEngine::stampEraser] cx=196.0 cy=127.0 m_eraser=0x5e2e38fafc58
[GradualEraser::stamp] cx=196.0 cy=127.0 r=6 total=113 skipped_zero=113 erased=0
[GradualEraser::verify] center(196,127) rgba=(0,0,0,0)
[BrushEngine::stampEraser] cx=196.0 cy=127.0 m_eraser=0x5e2e38fafc58
[GradualEraser::stamp] cx=196.0 cy=127.0 r=6 total=113 skipped_zero=113 erased=0
[GradualEraser::verify] center(196,127) rgba=(0,0,0,0)
[MOUSE_MOVE] drawing=true tool=1 drawing at (541.0,209.0)
[handleDrawing] tool=1 brushType=4 eraserSize=12.0 eraserOp=1.00 layer=0x5e2e67ee0d30
[BrushEngine::stampEraser] cx=196.0 cy=127.0 m_eraser=0x5e2e38fafc58
[GradualEraser::stamp] cx=196.0 cy=127.0 r=6 total=113 skipped_zero=113 erased=0
[GradualEraser::verify] center(196,127) rgba=(0,0,0,0)
[BrushEngine::stampEraser] cx=197.0 cy=127.0 m_eraser=0x5e2e38fafc58
[GradualEraser::stamp] cx=197.0 cy=127.0 r=6 total=113 skipped_zero=113 erased=0
[GradualEraser::verify] center(197,127) rgba=(0,0,0,0)
[BrushEngine::stampEraser] cx=197.0 cy=127.0 m_eraser=0x5e2e38fafc58
[GradualEraser::stamp] cx=197.0 cy=127.0 r=6 total=113 skipped_zero=113 erased=0
[GradualEraser::verify] center(197,127) rgba=(0,0,0,0)
[MOUSE_MOVE] drawing=true tool=1 drawing at (542.0,209.0)
[handleDrawing] tool=1 brushType=4 eraserSize=12.0 eraserOp=1.00 layer=0x5e2e67ee0d30
[BrushEngine::stampEraser] cx=197.0 cy=127.0 m_eraser=0x5e2e38fafc58
[GradualEraser::stamp] cx=197.0 cy=127.0 r=6 total=113 skipped_zero=113 erased=0
[GradualEraser::verify] center(197,127) rgba=(0,0,0,0)
[BrushEngine::stampEraser] cx=198.0 cy=127.0 m_eraser=0x5e2e38fafc58
[GradualEraser::stamp] cx=198.0 cy=127.0 r=6 total=113 skipped_zero=111 erased=2
[GradualEraser::verify] center(198,127) rgba=(0,0,0,0)
[BrushEngine::stampEraser] cx=198.0 cy=127.0 m_eraser=0x5e2e38fafc58
[GradualEraser::stamp] cx=198.0 cy=127.0 r=6 total=113 skipped_zero=113 erased=0
[GradualEraser::verify] center(198,127) rgba=(0,0,0,0)
[MOUSE_MOVE] drawing=true tool=1 drawing at (544.0,209.0)
[handleDrawing] tool=1 brushType=4 eraserSize=12.0 eraserOp=1.00 layer=0x5e2e67ee0d30
[BrushEngine::stampEraser] cx=198.0 cy=127.0 m_eraser=0x5e2e38fafc58
[GradualEraser::stamp] cx=198.0 cy=127.0 r=6 total=113 skipped_zero=113 erased=0
[GradualEraser::verify] center(198,127) rgba=(0,0,0,0)
[BrushEngine::stampEraser] cx=200.0 cy=127.0 m_eraser=0x5e2e38fafc58
[GradualEraser::stamp] cx=200.0 cy=127.0 r=6 total=113 skipped_zero=109 erased=4
[GradualEraser::verify] center(200,127) rgba=(0,0,0,0)
[BrushEngine::stampEraser] cx=200.0 cy=127.0 m_eraser=0x5e2e38fafc58
[GradualEraser::stamp] cx=200.0 cy=127.0 r=6 total=113 skipped_zero=113 erased=0
[GradualEraser::verify] center(200,127) rgba=(0,0,0,0)
[MOUSE_MOVE] drawing=true tool=1 drawing at (545.0,209.0)
[handleDrawing] tool=1 brushType=4 eraserSize=12.0 eraserOp=1.00 layer=0x5e2e67ee0d30
[BrushEngine::stampEraser] cx=200.0 cy=127.0 m_eraser=0x5e2e38fafc58
[GradualEraser::stamp] cx=200.0 cy=127.0 r=6 total=113 skipped_zero=113 erased=0
[GradualEraser::verify] center(200,127) rgba=(0,0,0,0)
[BrushEngine::stampEraser] cx=201.0 cy=127.0 m_eraser=0x5e2e38fafc58
[GradualEraser::stamp] cx=201.0 cy=127.0 r=6 total=113 skipped_zero=109 erased=4
[GradualEraser::verify] center(201,127) rgba=(0,0,0,0)
[BrushEngine::stampEraser] cx=201.0 cy=127.0 m_eraser=0x5e2e38fafc58
[GradualEraser::stamp] cx=201.0 cy=127.0 r=6 total=113 skipped_zero=113 erased=0
[GradualEraser::verify] center(201,127) rgba=(0,0,0,0)
[MOUSE_MOVE] drawing=true tool=1 drawing at (546.0,209.0)
[handleDrawing] tool=1 brushType=4 eraserSize=12.0 eraserOp=1.00 layer=0x5e2e67ee0d30
[BrushEngine::stampEraser] cx=201.0 cy=127.0 m_eraser=0x5e2e38fafc58
[GradualEraser::stamp] cx=201.0 cy=127.0 r=6 total=113 skipped_zero=113 erased=0
[GradualEraser::verify] center(201,127) rgba=(0,0,0,0)
[BrushEngine::stampEraser] cx=202.0 cy=127.0 m_eraser=0x5e2e38fafc58
[GradualEraser::stamp] cx=202.0 cy=127.0 r=6 total=113 skipped_zero=109 erased=4
[GradualEraser::verify] center(202,127) rgba=(0,0,0,0)
[BrushEngine::stampEraser] cx=202.0 cy=127.0 m_eraser=0x5e2e38fafc58
[GradualEraser::stamp] cx=202.0 cy=127.0 r=6 total=113 skipped_zero=113 erased=0
[GradualEraser::verify] center(202,127) rgba=(0,0,0,0)
[MOUSE_MOVE] drawing=true tool=1 drawing at (547.0,209.0)
[handleDrawing] tool=1 brushType=4 eraserSize=12.0 eraserOp=1.00 layer=0x5e2e67ee0d30
[BrushEngine::stampEraser] cx=202.0 cy=127.0 m_eraser=0x5e2e38fafc58
[GradualEraser::stamp] cx=202.0 cy=127.0 r=6 total=113 skipped_zero=113 erased=0
[GradualEraser::verify] center(202,127) rgba=(0,0,0,0)
[BrushEngine::stampEraser] cx=203.0 cy=127.0 m_eraser=0x5e2e38fafc58
[GradualEraser::stamp] cx=203.0 cy=127.0 r=6 total=113 skipped_zero=108 erased=5
[GradualEraser::verify] center(203,127) rgba=(0,0,0,0)
[BrushEngine::stampEraser] cx=203.0 cy=127.0 m_eraser=0x5e2e38fafc58
[GradualEraser::stamp] cx=203.0 cy=127.0 r=6 total=113 skipped_zero=113 erased=0
[GradualEraser::verify] center(203,127) rgba=(0,0,0,0)
[MOUSE_MOVE] drawing=true tool=1 drawing at (548.0,209.0)
[handleDrawing] tool=1 brushType=4 eraserSize=12.0 eraserOp=1.00 layer=0x5e2e67ee0d30
[BrushEngine::stampEraser] cx=203.0 cy=127.0 m_eraser=0x5e2e38fafc58
[GradualEraser::stamp] cx=203.0 cy=127.0 r=6 total=113 skipped_zero=113 erased=0
[GradualEraser::verify] center(203,127) rgba=(0,0,0,0)
[BrushEngine::stampEraser] cx=204.0 cy=127.0 m_eraser=0x5e2e38fafc58
[GradualEraser::stamp] cx=204.0 cy=127.0 r=6 total=113 skipped_zero=108 erased=5
[GradualEraser::verify] center(204,127) rgba=(0,0,0,0)
[BrushEngine::stampEraser] cx=204.0 cy=127.0 m_eraser=0x5e2e38fafc58
[GradualEraser::stamp] cx=204.0 cy=127.0 r=6 total=113 skipped_zero=113 erased=0
[GradualEraser::verify] center(204,127) rgba=(0,0,0,0)
[CANVAS_UPDATE] recompositing (frameDirty=1 canvasDirty=0)
[CANVAS_UPDATE] sample pixel (207,154): rgba=(255,101,50,255)
[MOUSE_MOVE] drawing=true tool=1 drawing at (549.0,209.0)
[handleDrawing] tool=1 brushType=4 eraserSize=12.0 eraserOp=1.00 layer=0x5e2e67ee0d30
[BrushEngine::stampEraser] cx=204.0 cy=127.0 m_eraser=0x5e2e38fafc58
[GradualEraser::stamp] cx=204.0 cy=127.0 r=6 total=113 skipped_zero=113 erased=0
[GradualEraser::verify] center(204,127) rgba=(0,0,0,0)
[BrushEngine::stampEraser] cx=205.0 cy=127.0 m_eraser=0x5e2e38fafc58
[GradualEraser::stamp] cx=205.0 cy=127.0 r=6 total=113 skipped_zero=107 erased=6
[GradualEraser::verify] center(205,127) rgba=(0,0,0,0)
[BrushEngine::stampEraser] cx=205.0 cy=127.0 m_eraser=0x5e2e38fafc58
[GradualEraser::stamp] cx=205.0 cy=127.0 r=6 total=113 skipped_zero=113 erased=0
[GradualEraser::verify] center(205,127) rgba=(0,0,0,0)
[MOUSE_MOVE] drawing=true tool=1 drawing at (550.0,209.0)
[handleDrawing] tool=1 brushType=4 eraserSize=12.0 eraserOp=1.00 layer=0x5e2e67ee0d30
[BrushEngine::stampEraser] cx=205.0 cy=127.0 m_eraser=0x5e2e38fafc58
[GradualEraser::stamp] cx=205.0 cy=127.0 r=6 total=113 skipped_zero=113 erased=0
[GradualEraser::verify] center(205,127) rgba=(0,0,0,0)
[BrushEngine::stampEraser] cx=206.0 cy=127.0 m_eraser=0x5e2e38fafc58
[GradualEraser::stamp] cx=206.0 cy=127.0 r=6 total=113 skipped_zero=107 erased=6
[GradualEraser::verify] center(206,127) rgba=(0,0,0,0)
[BrushEngine::stampEraser] cx=206.0 cy=127.0 m_eraser=0x5e2e38fafc58
[GradualEraser::stamp] cx=206.0 cy=127.0 r=6 total=113 skipped_zero=113 erased=0
[GradualEraser::verify] center(206,127) rgba=(0,0,0,0)
[MOUSE_MOVE] drawing=true tool=1 drawing at (551.0,209.0)
[handleDrawing] tool=1 brushType=4 eraserSize=12.0 eraserOp=1.00 layer=0x5e2e67ee0d30
[BrushEngine::stampEraser] cx=206.0 cy=127.0 m_eraser=0x5e2e38fafc58
[GradualEraser::stamp] cx=206.0 cy=127.0 r=6 total=113 skipped_zero=113 erased=0
[GradualEraser::verify] center(206,127) rgba=(0,0,0,0)
[BrushEngine::stampEraser] cx=207.0 cy=127.0 m_eraser=0x5e2e38fafc58
[GradualEraser::stamp] cx=207.0 cy=127.0 r=6 total=113 skipped_zero=107 erased=6
[GradualEraser::verify] center(207,127) rgba=(0,0,0,0)
[BrushEngine::stampEraser] cx=207.0 cy=127.0 m_eraser=0x5e2e38fafc58
[GradualEraser::stamp] cx=207.0 cy=127.0 r=6 total=113 skipped_zero=113 erased=0
[GradualEraser::verify] center(207,127) rgba=(0,0,0,0)
[MOUSE_MOVE] drawing=true tool=1 drawing at (552.0,209.0)
[handleDrawing] tool=1 brushType=4 eraserSize=12.0 eraserOp=1.00 layer=0x5e2e67ee0d30
[BrushEngine::stampEraser] cx=207.0 cy=127.0 m_eraser=0x5e2e38fafc58
[GradualEraser::stamp] cx=207.0 cy=127.0 r=6 total=113 skipped_zero=113 erased=0
[GradualEraser::verify] center(207,127) rgba=(0,0,0,0)
[BrushEngine::stampEraser] cx=208.0 cy=127.0 m_eraser=0x5e2e38fafc58
[GradualEraser::stamp] cx=208.0 cy=127.0 r=6 total=113 skipped_zero=108 erased=5
[GradualEraser::verify] center(208,127) rgba=(0,0,0,0)
[BrushEngine::stampEraser] cx=208.0 cy=127.0 m_eraser=0x5e2e38fafc58
[GradualEraser::stamp] cx=208.0 cy=127.0 r=6 total=113 skipped_zero=113 erased=0
[GradualEraser::verify] center(208,127) rgba=(0,0,0,0)
[MOUSE_MOVE] drawing=true tool=1 drawing at (553.0,209.0)
[handleDrawing] tool=1 brushType=4 eraserSize=12.0 eraserOp=1.00 layer=0x5e2e67ee0d30
[BrushEngine::stampEraser] cx=208.0 cy=127.0 m_eraser=0x5e2e38fafc58
[GradualEraser::stamp] cx=208.0 cy=127.0 r=6 total=113 skipped_zero=113 erased=0
[GradualEraser::verify] center(208,127) rgba=(0,0,0,0)
[BrushEngine::stampEraser] cx=209.0 cy=127.0 m_eraser=0x5e2e38fafc58
[GradualEraser::stamp] cx=209.0 cy=127.0 r=6 total=113 skipped_zero=106 erased=7
[GradualEraser::verify] center(209,127) rgba=(0,0,0,0)
[BrushEngine::stampEraser] cx=209.0 cy=127.0 m_eraser=0x5e2e38fafc58
[GradualEraser::stamp] cx=209.0 cy=127.0 r=6 total=113 skipped_zero=113 erased=0
[GradualEraser::verify] center(209,127) rgba=(0,0,0,0)
[MOUSE_MOVE] drawing=true tool=1 drawing at (554.0,209.0)
[handleDrawing] tool=1 brushType=4 eraserSize=12.0 eraserOp=1.00 layer=0x5e2e67ee0d30
[BrushEngine::stampEraser] cx=209.0 cy=127.0 m_eraser=0x5e2e38fafc58
[GradualEraser::stamp] cx=209.0 cy=127.0 r=6 total=113 skipped_zero=113 erased=0
[GradualEraser::verify] center(209,127) rgba=(0,0,0,0)
[BrushEngine::stampEraser] cx=210.0 cy=127.0 m_eraser=0x5e2e38fafc58
[GradualEraser::stamp] cx=210.0 cy=127.0 r=6 total=113 skipped_zero=107 erased=6
[GradualEraser::verify] center(210,127) rgba=(0,0,0,0)
[BrushEngine::stampEraser] cx=210.0 cy=127.0 m_eraser=0x5e2e38fafc58
[GradualEraser::stamp] cx=210.0 cy=127.0 r=6 total=113 skipped_zero=113 erased=0
[GradualEraser::verify] center(210,127) rgba=(0,0,0,0)
[MOUSE_MOVE] drawing=true tool=1 drawing at (556.0,209.0)
[handleDrawing] tool=1 brushType=4 eraserSize=12.0 eraserOp=1.00 layer=0x5e2e67ee0d30
[BrushEngine::stampEraser] cx=210.0 cy=127.0 m_eraser=0x5e2e38fafc58
[GradualEraser::stamp] cx=210.0 cy=127.0 r=6 total=113 skipped_zero=113 erased=0
[GradualEraser::verify] center(210,127) rgba=(0,0,0,0)
[BrushEngine::stampEraser] cx=212.0 cy=127.0 m_eraser=0x5e2e38fafc58
[GradualEraser::stamp] cx=212.0 cy=127.0 r=6 total=113 skipped_zero=99 erased=14
[GradualEraser::verify] center(212,127) rgba=(0,0,0,0)
[BrushEngine::stampEraser] cx=212.0 cy=127.0 m_eraser=0x5e2e38fafc58
[GradualEraser::stamp] cx=212.0 cy=127.0 r=6 total=113 skipped_zero=113 erased=0
[GradualEraser::verify] center(212,127) rgba=(0,0,0,0)
[MOUSE_MOVE] drawing=true tool=1 drawing at (557.0,209.0)
[handleDrawing] tool=1 brushType=4 eraserSize=12.0 eraserOp=1.00 layer=0x5e2e67ee0d30
[BrushEngine::stampEraser] cx=212.0 cy=127.0 m_eraser=0x5e2e38fafc58
[GradualEraser::stamp] cx=212.0 cy=127.0 r=6 total=113 skipped_zero=113 erased=0
[GradualEraser::verify] center(212,127) rgba=(0,0,0,0)
[BrushEngine::stampEraser] cx=213.0 cy=127.0 m_eraser=0x5e2e38fafc58
[GradualEraser::stamp] cx=213.0 cy=127.0 r=6 total=113 skipped_zero=107 erased=6
[GradualEraser::verify] center(213,127) rgba=(0,0,0,0)
[BrushEngine::stampEraser] cx=213.0 cy=127.0 m_eraser=0x5e2e38fafc58
[GradualEraser::stamp] cx=213.0 cy=127.0 r=6 total=113 skipped_zero=113 erased=0
[GradualEraser::verify] center(213,127) rgba=(0,0,0,0)
[CANVAS_UPDATE] recompositing (frameDirty=1 canvasDirty=0)
[CANVAS_UPDATE] sample pixel (207,154): rgba=(255,101,50,255)
[MOUSE_MOVE] drawing=true tool=1 drawing at (558.0,209.0)
[handleDrawing] tool=1 brushType=4 eraserSize=12.0 eraserOp=1.00 layer=0x5e2e67ee0d30
[BrushEngine::stampEraser] cx=213.0 cy=127.0 m_eraser=0x5e2e38fafc58
[GradualEraser::stamp] cx=213.0 cy=127.0 r=6 total=113 skipped_zero=113 erased=0
[GradualEraser::verify] center(213,127) rgba=(0,0,0,0)
[BrushEngine::stampEraser] cx=214.0 cy=127.0 m_eraser=0x5e2e38fafc58
[GradualEraser::stamp] cx=214.0 cy=127.0 r=6 total=113 skipped_zero=106 erased=7
[GradualEraser::verify] center(214,127) rgba=(0,0,0,0)
[BrushEngine::stampEraser] cx=214.0 cy=127.0 m_eraser=0x5e2e38fafc58
[GradualEraser::stamp] cx=214.0 cy=127.0 r=6 total=113 skipped_zero=113 erased=0
[GradualEraser::verify] center(214,127) rgba=(0,0,0,0)
[MOUSE_MOVE] drawing=true tool=1 drawing at (559.0,208.0)
[handleDrawing] tool=1 brushType=4 eraserSize=12.0 eraserOp=1.00 layer=0x5e2e67ee0d30
[BrushEngine::stampEraser] cx=214.0 cy=127.0 m_eraser=0x5e2e38fafc58
[GradualEraser::stamp] cx=214.0 cy=127.0 r=6 total=113 skipped_zero=113 erased=0
[GradualEraser::verify] center(214,127) rgba=(0,0,0,0)
[BrushEngine::stampEraser] cx=215.0 cy=126.0 m_eraser=0x5e2e38fafc58
[GradualEraser::stamp] cx=215.0 cy=126.0 r=6 total=113 skipped_zero=107 erased=6
[GradualEraser::verify] center(215,126) rgba=(0,0,0,0)
[BrushEngine::stampEraser] cx=215.0 cy=126.0 m_eraser=0x5e2e38fafc58
[GradualEraser::stamp] cx=215.0 cy=126.0 r=6 total=113 skipped_zero=113 erased=0
[GradualEraser::verify] center(215,126) rgba=(0,0,0,0)
[MOUSE_MOVE] drawing=true tool=1 drawing at (560.0,208.0)
[handleDrawing] tool=1 brushType=4 eraserSize=12.0 eraserOp=1.00 layer=0x5e2e67ee0d30
[BrushEngine::stampEraser] cx=215.0 cy=126.0 m_eraser=0x5e2e38fafc58
[GradualEraser::stamp] cx=215.0 cy=126.0 r=6 total=113 skipped_zero=113 erased=0
[GradualEraser::verify] center(215,126) rgba=(0,0,0,0)
[BrushEngine::stampEraser] cx=216.0 cy=126.0 m_eraser=0x5e2e38fafc58
[GradualEraser::stamp] cx=216.0 cy=126.0 r=6 total=113 skipped_zero=107 erased=6
[GradualEraser::verify] center(216,126) rgba=(0,0,0,0)
[BrushEngine::stampEraser] cx=216.0 cy=126.0 m_eraser=0x5e2e38fafc58
[GradualEraser::stamp] cx=216.0 cy=126.0 r=6 total=113 skipped_zero=113 erased=0
[GradualEraser::verify] center(216,126) rgba=(0,0,0,0)
[MOUSE_MOVE] drawing=true tool=1 drawing at (561.0,208.0)
[handleDrawing] tool=1 brushType=4 eraserSize=12.0 eraserOp=1.00 layer=0x5e2e67ee0d30
[BrushEngine::stampEraser] cx=216.0 cy=126.0 m_eraser=0x5e2e38fafc58
[GradualEraser::stamp] cx=216.0 cy=126.0 r=6 total=113 skipped_zero=113 erased=0
[GradualEraser::verify] center(216,126) rgba=(0,0,0,0)
[BrushEngine::stampEraser] cx=217.0 cy=126.0 m_eraser=0x5e2e38fafc58
[GradualEraser::stamp] cx=217.0 cy=126.0 r=6 total=113 skipped_zero=106 erased=7
[GradualEraser::verify] center(217,126) rgba=(0,0,0,0)
[BrushEngine::stampEraser] cx=217.0 cy=126.0 m_eraser=0x5e2e38fafc58
[GradualEraser::stamp] cx=217.0 cy=126.0 r=6 total=113 skipped_zero=113 erased=0
[GradualEraser::verify] center(217,126) rgba=(0,0,0,0)
[MOUSE_MOVE] drawing=true tool=1 drawing at (562.0,208.0)
[handleDrawing] tool=1 brushType=4 eraserSize=12.0 eraserOp=1.00 layer=0x5e2e67ee0d30
[BrushEngine::stampEraser] cx=217.0 cy=126.0 m_eraser=0x5e2e38fafc58
[GradualEraser::stamp] cx=217.0 cy=126.0 r=6 total=113 skipped_zero=113 erased=0
[GradualEraser::verify] center(217,126) rgba=(0,0,0,0)
[BrushEngine::stampEraser] cx=218.0 cy=126.0 m_eraser=0x5e2e38fafc58
[GradualEraser::stamp] cx=218.0 cy=126.0 r=6 total=113 skipped_zero=107 erased=6
[GradualEraser::verify] center(218,126) rgba=(0,0,0,0)
[BrushEngine::stampEraser] cx=218.0 cy=126.0 m_eraser=0x5e2e38fafc58
[GradualEraser::stamp] cx=218.0 cy=126.0 r=6 total=113 skipped_zero=113 erased=0
[GradualEraser::verify] center(218,126) rgba=(0,0,0,0)
[CANVAS_UPDATE] recompositing (frameDirty=1 canvasDirty=0)
[CANVAS_UPDATE] sample pixel (207,154): rgba=(255,101,50,255)
[MOUSE_MOVE] drawing=true tool=1 drawing at (562.0,207.0)
[handleDrawing] tool=1 brushType=4 eraserSize=12.0 eraserOp=1.00 layer=0x5e2e67ee0d30
[BrushEngine::stampEraser] cx=218.0 cy=126.0 m_eraser=0x5e2e38fafc58
[GradualEraser::stamp] cx=218.0 cy=126.0 r=6 total=113 skipped_zero=113 erased=0
[GradualEraser::verify] center(218,126) rgba=(0,0,0,0)
[BrushEngine::stampEraser] cx=218.0 cy=125.0 m_eraser=0x5e2e38fafc58
[GradualEraser::stamp] cx=218.0 cy=125.0 r=6 total=113 skipped_zero=112 erased=1
[GradualEraser::verify] center(218,125) rgba=(0,0,0,0)
[BrushEngine::stampEraser] cx=218.0 cy=125.0 m_eraser=0x5e2e38fafc58
[GradualEraser::stamp] cx=218.0 cy=125.0 r=6 total=113 skipped_zero=113 erased=0
[GradualEraser::verify] center(218,125) rgba=(0,0,0,0)
[MOUSE_MOVE] drawing=true tool=1 drawing at (563.0,207.0)
[handleDrawing] tool=1 brushType=4 eraserSize=12.0 eraserOp=1.00 layer=0x5e2e67ee0d30
[BrushEngine::stampEraser] cx=218.0 cy=125.0 m_eraser=0x5e2e38fafc58
[GradualEraser::stamp] cx=218.0 cy=125.0 r=6 total=113 skipped_zero=113 erased=0
[GradualEraser::verify] center(218,125) rgba=(0,0,0,0)
[BrushEngine::stampEraser] cx=219.0 cy=125.0 m_eraser=0x5e2e38fafc58
[GradualEraser::stamp] cx=219.0 cy=125.0 r=6 total=113 skipped_zero=109 erased=4
[GradualEraser::verify] center(219,125) rgba=(0,0,0,0)
[BrushEngine::stampEraser] cx=219.0 cy=125.0 m_eraser=0x5e2e38fafc58
[GradualEraser::stamp] cx=219.0 cy=125.0 r=6 total=113 skipped_zero=113 erased=0
[GradualEraser::verify] center(219,125) rgba=(0,0,0,0)
[CANVAS_UPDATE] recompositing (frameDirty=1 canvasDirty=0)
[CANVAS_UPDATE] sample pixel (207,154): rgba=(255,101,50,255)
[MOUSE_MOVE] drawing=true tool=1 drawing at (561.0,207.0)
[handleDrawing] tool=1 brushType=4 eraserSize=12.0 eraserOp=1.00 layer=0x5e2e67ee0d30
[BrushEngine::stampEraser] cx=219.0 cy=125.0 m_eraser=0x5e2e38fafc58
[GradualEraser::stamp] cx=219.0 cy=125.0 r=6 total=113 skipped_zero=113 erased=0
[GradualEraser::verify] center(219,125) rgba=(0,0,0,0)
[BrushEngine::stampEraser] cx=217.0 cy=125.0 m_eraser=0x5e2e38fafc58
[GradualEraser::stamp] cx=217.0 cy=125.0 r=6 total=113 skipped_zero=113 erased=0
[GradualEraser::verify] center(217,125) rgba=(0,0,0,0)
[BrushEngine::stampEraser] cx=217.0 cy=125.0 m_eraser=0x5e2e38fafc58
[GradualEraser::stamp] cx=217.0 cy=125.0 r=6 total=113 skipped_zero=113 erased=0
[GradualEraser::verify] center(217,125) rgba=(0,0,0,0)
[CANVAS_UPDATE] recompositing (frameDirty=1 canvasDirty=0)
[CANVAS_UPDATE] sample pixel (207,154): rgba=(255,101,50,255)
[MOUSE_MOVE] drawing=true tool=1 drawing at (560.0,207.0)
[handleDrawing] tool=1 brushType=4 eraserSize=12.0 eraserOp=1.00 layer=0x5e2e67ee0d30
[BrushEngine::stampEraser] cx=217.0 cy=125.0 m_eraser=0x5e2e38fafc58
[GradualEraser::stamp] cx=217.0 cy=125.0 r=6 total=113 skipped_zero=113 erased=0
[GradualEraser::verify] center(217,125) rgba=(0,0,0,0)
[BrushEngine::stampEraser] cx=216.0 cy=125.0 m_eraser=0x5e2e38fafc58
[GradualEraser::stamp] cx=216.0 cy=125.0 r=6 total=113 skipped_zero=113 erased=0
[GradualEraser::verify] center(216,125) rgba=(0,0,0,0)
[BrushEngine::stampEraser] cx=216.0 cy=125.0 m_eraser=0x5e2e38fafc58
[GradualEraser::stamp] cx=216.0 cy=125.0 r=6 total=113 skipped_zero=113 erased=0
[GradualEraser::verify] center(216,125) rgba=(0,0,0,0)
[MOUSE_MOVE] drawing=true tool=1 drawing at (559.0,207.0)
[handleDrawing] tool=1 brushType=4 eraserSize=12.0 eraserOp=1.00 layer=0x5e2e67ee0d30
[BrushEngine::stampEraser] cx=216.0 cy=125.0 m_eraser=0x5e2e38fafc58
[GradualEraser::stamp] cx=216.0 cy=125.0 r=6 total=113 skipped_zero=113 erased=0
[GradualEraser::verify] center(216,125) rgba=(0,0,0,0)
[BrushEngine::stampEraser] cx=215.0 cy=125.0 m_eraser=0x5e2e38fafc58
[GradualEraser::stamp] cx=215.0 cy=125.0 r=6 total=113 skipped_zero=113 erased=0
[GradualEraser::verify] center(215,125) rgba=(0,0,0,0)
[BrushEngine::stampEraser] cx=215.0 cy=125.0 m_eraser=0x5e2e38fafc58
[GradualEraser::stamp] cx=215.0 cy=125.0 r=6 total=113 skipped_zero=113 erased=0
[GradualEraser::verify] center(215,125) rgba=(0,0,0,0)
[MOUSE_MOVE] drawing=true tool=1 drawing at (558.0,207.0)
[handleDrawing] tool=1 brushType=4 eraserSize=12.0 eraserOp=1.00 layer=0x5e2e67ee0d30
[BrushEngine::stampEraser] cx=215.0 cy=125.0 m_eraser=0x5e2e38fafc58
[GradualEraser::stamp] cx=215.0 cy=125.0 r=6 total=113 skipped_zero=113 erased=0
[GradualEraser::verify] center(215,125) rgba=(0,0,0,0)
[BrushEngine::stampEraser] cx=214.0 cy=125.0 m_eraser=0x5e2e38fafc58
[GradualEraser::stamp] cx=214.0 cy=125.0 r=6 total=113 skipped_zero=113 erased=0
[GradualEraser::verify] center(214,125) rgba=(0,0,0,0)
[BrushEngine::stampEraser] cx=214.0 cy=125.0 m_eraser=0x5e2e38fafc58
[GradualEraser::stamp] cx=214.0 cy=125.0 r=6 total=113 skipped_zero=113 erased=0
[GradualEraser::verify] center(214,125) rgba=(0,0,0,0)
[MOUSE_MOVE] drawing=true tool=1 drawing at (557.0,207.0)
[handleDrawing] tool=1 brushType=4 eraserSize=12.0 eraserOp=1.00 layer=0x5e2e67ee0d30
[BrushEngine::stampEraser] cx=214.0 cy=125.0 m_eraser=0x5e2e38fafc58
[GradualEraser::stamp] cx=214.0 cy=125.0 r=6 total=113 skipped_zero=113 erased=0
[GradualEraser::verify] center(214,125) rgba=(0,0,0,0)
[BrushEngine::stampEraser] cx=213.0 cy=125.0 m_eraser=0x5e2e38fafc58
[GradualEraser::stamp] cx=213.0 cy=125.0 r=6 total=113 skipped_zero=113 erased=0
[GradualEraser::verify] center(213,125) rgba=(0,0,0,0)
[BrushEngine::stampEraser] cx=213.0 cy=125.0 m_eraser=0x5e2e38fafc58
[GradualEraser::stamp] cx=213.0 cy=125.0 r=6 total=113 skipped_zero=113 erased=0
[GradualEraser::verify] center(213,125) rgba=(0,0,0,0)
[MOUSE_MOVE] drawing=true tool=1 drawing at (556.0,207.0)
[handleDrawing] tool=1 brushType=4 eraserSize=12.0 eraserOp=1.00 layer=0x5e2e67ee0d30
[BrushEngine::stampEraser] cx=213.0 cy=125.0 m_eraser=0x5e2e38fafc58
[GradualEraser::stamp] cx=213.0 cy=125.0 r=6 total=113 skipped_zero=113 erased=0
[GradualEraser::verify] center(213,125) rgba=(0,0,0,0)
[BrushEngine::stampEraser] cx=212.0 cy=125.0 m_eraser=0x5e2e38fafc58
[GradualEraser::stamp] cx=212.0 cy=125.0 r=6 total=113 skipped_zero=113 erased=0
[GradualEraser::verify] center(212,125) rgba=(0,0,0,0)
[BrushEngine::stampEraser] cx=212.0 cy=125.0 m_eraser=0x5e2e38fafc58
[GradualEraser::stamp] cx=212.0 cy=125.0 r=6 total=113 skipped_zero=113 erased=0
[GradualEraser::verify] center(212,125) rgba=(0,0,0,0)
[MOUSE_MOVE] drawing=true tool=1 drawing at (555.0,207.0)
[handleDrawing] tool=1 brushType=4 eraserSize=12.0 eraserOp=1.00 layer=0x5e2e67ee0d30
[BrushEngine::stampEraser] cx=212.0 cy=125.0 m_eraser=0x5e2e38fafc58
[GradualEraser::stamp] cx=212.0 cy=125.0 r=6 total=113 skipped_zero=113 erased=0
[GradualEraser::verify] center(212,125) rgba=(0,0,0,0)
[BrushEngine::stampEraser] cx=211.0 cy=125.0 m_eraser=0x5e2e38fafc58
[GradualEraser::stamp] cx=211.0 cy=125.0 r=6 total=113 skipped_zero=113 erased=0
[GradualEraser::verify] center(211,125) rgba=(0,0,0,0)
[BrushEngine::stampEraser] cx=211.0 cy=125.0 m_eraser=0x5e2e38fafc58
[GradualEraser::stamp] cx=211.0 cy=125.0 r=6 total=113 skipped_zero=113 erased=0
[GradualEraser::verify] center(211,125) rgba=(0,0,0,0)
[MOUSE_MOVE] drawing=true tool=1 drawing at (554.0,207.0)
[handleDrawing] tool=1 brushType=4 eraserSize=12.0 eraserOp=1.00 layer=0x5e2e67ee0d30
[BrushEngine::stampEraser] cx=211.0 cy=125.0 m_eraser=0x5e2e38fafc58
[GradualEraser::stamp] cx=211.0 cy=125.0 r=6 total=113 skipped_zero=113 erased=0
[GradualEraser::verify] center(211,125) rgba=(0,0,0,0)
[BrushEngine::stampEraser] cx=210.0 cy=125.0 m_eraser=0x5e2e38fafc58
[GradualEraser::stamp] cx=210.0 cy=125.0 r=6 total=113 skipped_zero=113 erased=0
[GradualEraser::verify] center(210,125) rgba=(0,0,0,0)
[BrushEngine::stampEraser] cx=210.0 cy=125.0 m_eraser=0x5e2e38fafc58
[GradualEraser::stamp] cx=210.0 cy=125.0 r=6 total=113 skipped_zero=113 erased=0
[GradualEraser::verify] center(210,125) rgba=(0,0,0,0)
[CANVAS_UPDATE] recompositing (frameDirty=1 canvasDirty=0)
[CANVAS_UPDATE] sample pixel (207,154): rgba=(255,101,50,255)
[MOUSE_MOVE] drawing=true tool=1 drawing at (551.0,207.0)
[handleDrawing] tool=1 brushType=4 eraserSize=12.0 eraserOp=1.00 layer=0x5e2e67ee0d30
[BrushEngine::stampEraser] cx=210.0 cy=125.0 m_eraser=0x5e2e38fafc58
[GradualEraser::stamp] cx=210.0 cy=125.0 r=6 total=113 skipped_zero=113 erased=0
[GradualEraser::verify] center(210,125) rgba=(0,0,0,0)
[BrushEngine::stampEraser] cx=207.0 cy=125.0 m_eraser=0x5e2e38fafc58
[GradualEraser::stamp] cx=207.0 cy=125.0 r=6 total=113 skipped_zero=113 erased=0
[GradualEraser::verify] center(207,125) rgba=(0,0,0,0)
[BrushEngine::stampEraser] cx=207.0 cy=125.0 m_eraser=0x5e2e38fafc58
[GradualEraser::stamp] cx=207.0 cy=125.0 r=6 total=113 skipped_zero=113 erased=0
[GradualEraser::verify] center(207,125) rgba=(0,0,0,0)
[MOUSE_MOVE] drawing=true tool=1 drawing at (550.0,207.0)
[handleDrawing] tool=1 brushType=4 eraserSize=12.0 eraserOp=1.00 layer=0x5e2e67ee0d30
[BrushEngine::stampEraser] cx=207.0 cy=125.0 m_eraser=0x5e2e38fafc58
[GradualEraser::stamp] cx=207.0 cy=125.0 r=6 total=113 skipped_zero=113 erased=0
[GradualEraser::verify] center(207,125) rgba=(0,0,0,0)
[BrushEngine::stampEraser] cx=206.0 cy=125.0 m_eraser=0x5e2e38fafc58
[GradualEraser::stamp] cx=206.0 cy=125.0 r=6 total=113 skipped_zero=113 erased=0
[GradualEraser::verify] center(206,125) rgba=(0,0,0,0)
[BrushEngine::stampEraser] cx=206.0 cy=125.0 m_eraser=0x5e2e38fafc58
[GradualEraser::stamp] cx=206.0 cy=125.0 r=6 total=113 skipped_zero=113 erased=0
[GradualEraser::verify] center(206,125) rgba=(0,0,0,0)
[MOUSE_MOVE] drawing=true tool=1 drawing at (549.0,207.0)
[handleDrawing] tool=1 brushType=4 eraserSize=12.0 eraserOp=1.00 layer=0x5e2e67ee0d30
[BrushEngine::stampEraser] cx=206.0 cy=125.0 m_eraser=0x5e2e38fafc58
[GradualEraser::stamp] cx=206.0 cy=125.0 r=6 total=113 skipped_zero=113 erased=0
[GradualEraser::verify] center(206,125) rgba=(0,0,0,0)
[BrushEngine::stampEraser] cx=205.0 cy=125.0 m_eraser=0x5e2e38fafc58
[GradualEraser::stamp] cx=205.0 cy=125.0 r=6 total=113 skipped_zero=113 erased=0
[GradualEraser::verify] center(205,125) rgba=(0,0,0,0)
[BrushEngine::stampEraser] cx=205.0 cy=125.0 m_eraser=0x5e2e38fafc58
[GradualEraser::stamp] cx=205.0 cy=125.0 r=6 total=113 skipped_zero=113 erased=0
[GradualEraser::verify] center(205,125) rgba=(0,0,0,0)
[MOUSE_MOVE] drawing=true tool=1 drawing at (548.0,207.0)
[handleDrawing] tool=1 brushType=4 eraserSize=12.0 eraserOp=1.00 layer=0x5e2e67ee0d30
[BrushEngine::stampEraser] cx=205.0 cy=125.0 m_eraser=0x5e2e38fafc58
[GradualEraser::stamp] cx=205.0 cy=125.0 r=6 total=113 skipped_zero=113 erased=0
[GradualEraser::verify] center(205,125) rgba=(0,0,0,0)
[BrushEngine::stampEraser] cx=204.0 cy=125.0 m_eraser=0x5e2e38fafc58
[GradualEraser::stamp] cx=204.0 cy=125.0 r=6 total=113 skipped_zero=113 erased=0
[GradualEraser::verify] center(204,125) rgba=(0,0,0,0)
[BrushEngine::stampEraser] cx=204.0 cy=125.0 m_eraser=0x5e2e38fafc58
[GradualEraser::stamp] cx=204.0 cy=125.0 r=6 total=113 skipped_zero=113 erased=0
[GradualEraser::verify] center(204,125) rgba=(0,0,0,0)
[MOUSE_MOVE] drawing=true tool=1 drawing at (546.0,207.0)
[handleDrawing] tool=1 brushType=4 eraserSize=12.0 eraserOp=1.00 layer=0x5e2e67ee0d30
[BrushEngine::stampEraser] cx=204.0 cy=125.0 m_eraser=0x5e2e38fafc58
[GradualEraser::stamp] cx=204.0 cy=125.0 r=6 total=113 skipped_zero=113 erased=0
[GradualEraser::verify] center(204,125) rgba=(0,0,0,0)
[BrushEngine::stampEraser] cx=202.0 cy=125.0 m_eraser=0x5e2e38fafc58
[GradualEraser::stamp] cx=202.0 cy=125.0 r=6 total=113 skipped_zero=113 erased=0
[GradualEraser::verify] center(202,125) rgba=(0,0,0,0)
[BrushEngine::stampEraser] cx=202.0 cy=125.0 m_eraser=0x5e2e38fafc58
[GradualEraser::stamp] cx=202.0 cy=125.0 r=6 total=113 skipped_zero=113 erased=0
[GradualEraser::verify] center(202,125) rgba=(0,0,0,0)
[MOUSE_MOVE] drawing=true tool=1 drawing at (544.0,207.0)
[handleDrawing] tool=1 brushType=4 eraserSize=12.0 eraserOp=1.00 layer=0x5e2e67ee0d30
[BrushEngine::stampEraser] cx=202.0 cy=125.0 m_eraser=0x5e2e38fafc58
[GradualEraser::stamp] cx=202.0 cy=125.0 r=6 total=113 skipped_zero=113 erased=0
[GradualEraser::verify] center(202,125) rgba=(0,0,0,0)
[BrushEngine::stampEraser] cx=200.0 cy=125.0 m_eraser=0x5e2e38fafc58
[GradualEraser::stamp] cx=200.0 cy=125.0 r=6 total=113 skipped_zero=113 erased=0
[GradualEraser::verify] center(200,125) rgba=(0,0,0,0)
[BrushEngine::stampEraser] cx=200.0 cy=125.0 m_eraser=0x5e2e38fafc58
[GradualEraser::stamp] cx=200.0 cy=125.0 r=6 total=113 skipped_zero=113 erased=0
[GradualEraser::verify] center(200,125) rgba=(0,0,0,0)
[MOUSE_MOVE] drawing=true tool=1 drawing at (542.0,207.0)
[handleDrawing] tool=1 brushType=4 eraserSize=12.0 eraserOp=1.00 layer=0x5e2e67ee0d30
[BrushEngine::stampEraser] cx=200.0 cy=125.0 m_eraser=0x5e2e38fafc58
[GradualEraser::stamp] cx=200.0 cy=125.0 r=6 total=113 skipped_zero=113 erased=0
[GradualEraser::verify] center(200,125) rgba=(0,0,0,0)
[BrushEngine::stampEraser] cx=198.0 cy=125.0 m_eraser=0x5e2e38fafc58
[GradualEraser::stamp] cx=198.0 cy=125.0 r=6 total=113 skipped_zero=113 erased=0
[GradualEraser::verify] center(198,125) rgba=(0,0,0,0)
[BrushEngine::stampEraser] cx=198.0 cy=125.0 m_eraser=0x5e2e38fafc58
[GradualEraser::stamp] cx=198.0 cy=125.0 r=6 total=113 skipped_zero=113 erased=0
[GradualEraser::verify] center(198,125) rgba=(0,0,0,0)
[CANVAS_UPDATE] recompositing (frameDirty=1 canvasDirty=0)
[CANVAS_UPDATE] sample pixel (207,154): rgba=(255,101,50,255)
[MOUSE_MOVE] drawing=true tool=1 drawing at (541.0,207.0)
[handleDrawing] tool=1 brushType=4 eraserSize=12.0 eraserOp=1.00 layer=0x5e2e67ee0d30
[BrushEngine::stampEraser] cx=198.0 cy=125.0 m_eraser=0x5e2e38fafc58
[GradualEraser::stamp] cx=198.0 cy=125.0 r=6 total=113 skipped_zero=113 erased=0
[GradualEraser::verify] center(198,125) rgba=(0,0,0,0)
[BrushEngine::stampEraser] cx=197.0 cy=125.0 m_eraser=0x5e2e38fafc58
[GradualEraser::stamp] cx=197.0 cy=125.0 r=6 total=113 skipped_zero=113 erased=0
[GradualEraser::verify] center(197,125) rgba=(0,0,0,0)
[BrushEngine::stampEraser] cx=197.0 cy=125.0 m_eraser=0x5e2e38fafc58
[GradualEraser::stamp] cx=197.0 cy=125.0 r=6 total=113 skipped_zero=113 erased=0
[GradualEraser::verify] center(197,125) rgba=(0,0,0,0)
[MOUSE_MOVE] drawing=true tool=1 drawing at (540.0,207.0)
[handleDrawing] tool=1 brushType=4 eraserSize=12.0 eraserOp=1.00 layer=0x5e2e67ee0d30
[BrushEngine::stampEraser] cx=197.0 cy=125.0 m_eraser=0x5e2e38fafc58
[GradualEraser::stamp] cx=197.0 cy=125.0 r=6 total=113 skipped_zero=113 erased=0
[GradualEraser::verify] center(197,125) rgba=(0,0,0,0)
[BrushEngine::stampEraser] cx=196.0 cy=125.0 m_eraser=0x5e2e38fafc58
[GradualEraser::stamp] cx=196.0 cy=125.0 r=6 total=113 skipped_zero=113 erased=0
[GradualEraser::verify] center(196,125) rgba=(0,0,0,0)
[BrushEngine::stampEraser] cx=196.0 cy=125.0 m_eraser=0x5e2e38fafc58
[GradualEraser::stamp] cx=196.0 cy=125.0 r=6 total=113 skipped_zero=113 erased=0
[GradualEraser::verify] center(196,125) rgba=(0,0,0,0)
[MOUSE_MOVE] drawing=true tool=1 drawing at (539.0,207.0)
[handleDrawing] tool=1 brushType=4 eraserSize=12.0 eraserOp=1.00 layer=0x5e2e67ee0d30
[BrushEngine::stampEraser] cx=196.0 cy=125.0 m_eraser=0x5e2e38fafc58
[GradualEraser::stamp] cx=196.0 cy=125.0 r=6 total=113 skipped_zero=113 erased=0
[GradualEraser::verify] center(196,125) rgba=(0,0,0,0)
[BrushEngine::stampEraser] cx=195.0 cy=125.0 m_eraser=0x5e2e38fafc58
[GradualEraser::stamp] cx=195.0 cy=125.0 r=6 total=113 skipped_zero=113 erased=0
[GradualEraser::verify] center(195,125) rgba=(0,0,0,0)
[BrushEngine::stampEraser] cx=195.0 cy=125.0 m_eraser=0x5e2e38fafc58
[GradualEraser::stamp] cx=195.0 cy=125.0 r=6 total=113 skipped_zero=113 erased=0
[GradualEraser::verify] center(195,125) rgba=(0,0,0,0)
[MOUSE_MOVE] drawing=true tool=1 drawing at (538.0,207.0)
[handleDrawing] tool=1 brushType=4 eraserSize=12.0 eraserOp=1.00 layer=0x5e2e67ee0d30
[BrushEngine::stampEraser] cx=195.0 cy=125.0 m_eraser=0x5e2e38fafc58
[GradualEraser::stamp] cx=195.0 cy=125.0 r=6 total=113 skipped_zero=113 erased=0
[GradualEraser::verify] center(195,125) rgba=(0,0,0,0)
[BrushEngine::stampEraser] cx=194.0 cy=125.0 m_eraser=0x5e2e38fafc58
[GradualEraser::stamp] cx=194.0 cy=125.0 r=6 total=113 skipped_zero=113 erased=0
[GradualEraser::verify] center(194,125) rgba=(0,0,0,0)
[BrushEngine::stampEraser] cx=194.0 cy=125.0 m_eraser=0x5e2e38fafc58
[GradualEraser::stamp] cx=194.0 cy=125.0 r=6 total=113 skipped_zero=113 erased=0
[GradualEraser::verify] center(194,125) rgba=(0,0,0,0)
[MOUSE_MOVE] drawing=true tool=1 drawing at (537.0,207.0)
[handleDrawing] tool=1 brushType=4 eraserSize=12.0 eraserOp=1.00 layer=0x5e2e67ee0d30
[BrushEngine::stampEraser] cx=194.0 cy=125.0 m_eraser=0x5e2e38fafc58
[GradualEraser::stamp] cx=194.0 cy=125.0 r=6 total=113 skipped_zero=113 erased=0
[GradualEraser::verify] center(194,125) rgba=(0,0,0,0)
[BrushEngine::stampEraser] cx=193.0 cy=125.0 m_eraser=0x5e2e38fafc58
[GradualEraser::stamp] cx=193.0 cy=125.0 r=6 total=113 skipped_zero=113 erased=0
[GradualEraser::verify] center(193,125) rgba=(0,0,0,0)
[BrushEngine::stampEraser] cx=193.0 cy=125.0 m_eraser=0x5e2e38fafc58
[GradualEraser::stamp] cx=193.0 cy=125.0 r=6 total=113 skipped_zero=113 erased=0
[GradualEraser::verify] center(193,125) rgba=(0,0,0,0)
[MOUSE_MOVE] drawing=true tool=1 drawing at (534.0,207.0)
[handleDrawing] tool=1 brushType=4 eraserSize=12.0 eraserOp=1.00 layer=0x5e2e67ee0d30
[BrushEngine::stampEraser] cx=193.0 cy=125.0 m_eraser=0x5e2e38fafc58
[GradualEraser::stamp] cx=193.0 cy=125.0 r=6 total=113 skipped_zero=113 erased=0
[GradualEraser::verify] center(193,125) rgba=(0,0,0,0)
[BrushEngine::stampEraser] cx=190.0 cy=125.0 m_eraser=0x5e2e38fafc58
[GradualEraser::stamp] cx=190.0 cy=125.0 r=6 total=113 skipped_zero=113 erased=0
[GradualEraser::verify] center(190,125) rgba=(0,0,0,0)
[BrushEngine::stampEraser] cx=190.0 cy=125.0 m_eraser=0x5e2e38fafc58
[GradualEraser::stamp] cx=190.0 cy=125.0 r=6 total=113 skipped_zero=113 erased=0
[GradualEraser::verify] center(190,125) rgba=(0,0,0,0)
[MOUSE_MOVE] drawing=true tool=1 drawing at (533.0,207.0)
[handleDrawing] tool=1 brushType=4 eraserSize=12.0 eraserOp=1.00 layer=0x5e2e67ee0d30
[BrushEngine::stampEraser] cx=190.0 cy=125.0 m_eraser=0x5e2e38fafc58
[GradualEraser::stamp] cx=190.0 cy=125.0 r=6 total=113 skipped_zero=113 erased=0
[GradualEraser::verify] center(190,125) rgba=(0,0,0,0)
[BrushEngine::stampEraser] cx=189.0 cy=125.0 m_eraser=0x5e2e38fafc58
[GradualEraser::stamp] cx=189.0 cy=125.0 r=6 total=113 skipped_zero=113 erased=0
[GradualEraser::verify] center(189,125) rgba=(0,0,0,0)
[BrushEngine::stampEraser] cx=189.0 cy=125.0 m_eraser=0x5e2e38fafc58
[GradualEraser::stamp] cx=189.0 cy=125.0 r=6 total=113 skipped_zero=113 erased=0
[GradualEraser::verify] center(189,125) rgba=(0,0,0,0)
[CANVAS_UPDATE] recompositing (frameDirty=1 canvasDirty=0)
[CANVAS_UPDATE] sample pixel (207,154): rgba=(255,101,50,255)
[MOUSE_MOVE] drawing=true tool=1 drawing at (530.0,207.0)
[handleDrawing] tool=1 brushType=4 eraserSize=12.0 eraserOp=1.00 layer=0x5e2e67ee0d30
[BrushEngine::stampEraser] cx=189.0 cy=125.0 m_eraser=0x5e2e38fafc58
[GradualEraser::stamp] cx=189.0 cy=125.0 r=6 total=113 skipped_zero=113 erased=0
[GradualEraser::verify] center(189,125) rgba=(0,0,0,0)
[BrushEngine::stampEraser] cx=186.0 cy=125.0 m_eraser=0x5e2e38fafc58
[GradualEraser::stamp] cx=186.0 cy=125.0 r=6 total=113 skipped_zero=113 erased=0
[GradualEraser::verify] center(186,125) rgba=(0,0,0,0)
[BrushEngine::stampEraser] cx=186.0 cy=125.0 m_eraser=0x5e2e38fafc58
[GradualEraser::stamp] cx=186.0 cy=125.0 r=6 total=113 skipped_zero=113 erased=0
[GradualEraser::verify] center(186,125) rgba=(0,0,0,0)
[MOUSE_MOVE] drawing=true tool=1 drawing at (529.0,207.0)
[handleDrawing] tool=1 brushType=4 eraserSize=12.0 eraserOp=1.00 layer=0x5e2e67ee0d30
[BrushEngine::stampEraser] cx=186.0 cy=125.0 m_eraser=0x5e2e38fafc58
[GradualEraser::stamp] cx=186.0 cy=125.0 r=6 total=113 skipped_zero=113 erased=0
[GradualEraser::verify] center(186,125) rgba=(0,0,0,0)
[BrushEngine::stampEraser] cx=185.0 cy=125.0 m_eraser=0x5e2e38fafc58
[GradualEraser::stamp] cx=185.0 cy=125.0 r=6 total=113 skipped_zero=113 erased=0
[GradualEraser::verify] center(185,125) rgba=(0,0,0,0)
[BrushEngine::stampEraser] cx=185.0 cy=125.0 m_eraser=0x5e2e38fafc58
[GradualEraser::stamp] cx=185.0 cy=125.0 r=6 total=113 skipped_zero=113 erased=0
[GradualEraser::verify] center(185,125) rgba=(0,0,0,0)
[MOUSE_MOVE] drawing=true tool=1 drawing at (526.0,207.0)
[handleDrawing] tool=1 brushType=4 eraserSize=12.0 eraserOp=1.00 layer=0x5e2e67ee0d30
[BrushEngine::stampEraser] cx=185.0 cy=125.0 m_eraser=0x5e2e38fafc58
[GradualEraser::stamp] cx=185.0 cy=125.0 r=6 total=113 skipped_zero=113 erased=0
[GradualEraser::verify] center(185,125) rgba=(0,0,0,0)
[BrushEngine::stampEraser] cx=182.0 cy=125.0 m_eraser=0x5e2e38fafc58
[GradualEraser::stamp] cx=182.0 cy=125.0 r=6 total=113 skipped_zero=113 erased=0
[GradualEraser::verify] center(182,125) rgba=(0,0,0,0)
[BrushEngine::stampEraser] cx=182.0 cy=125.0 m_eraser=0x5e2e38fafc58
[GradualEraser::stamp] cx=182.0 cy=125.0 r=6 total=113 skipped_zero=113 erased=0
[GradualEraser::verify] center(182,125) rgba=(0,0,0,0)
[MOUSE_MOVE] drawing=true tool=1 drawing at (525.0,207.0)
[handleDrawing] tool=1 brushType=4 eraserSize=12.0 eraserOp=1.00 layer=0x5e2e67ee0d30
[BrushEngine::stampEraser] cx=182.0 cy=125.0 m_eraser=0x5e2e38fafc58
[GradualEraser::stamp] cx=182.0 cy=125.0 r=6 total=113 skipped_zero=113 erased=0
[GradualEraser::verify] center(182,125) rgba=(0,0,0,0)
[BrushEngine::stampEraser] cx=181.0 cy=125.0 m_eraser=0x5e2e38fafc58
[GradualEraser::stamp] cx=181.0 cy=125.0 r=6 total=113 skipped_zero=113 erased=0
[GradualEraser::verify] center(181,125) rgba=(0,0,0,0)
[BrushEngine::stampEraser] cx=181.0 cy=125.0 m_eraser=0x5e2e38fafc58
[GradualEraser::stamp] cx=181.0 cy=125.0 r=6 total=113 skipped_zero=113 erased=0
[GradualEraser::verify] center(181,125) rgba=(0,0,0,0)
[MOUSE_MOVE] drawing=true tool=1 drawing at (524.0,207.0)
[handleDrawing] tool=1 brushType=4 eraserSize=12.0 eraserOp=1.00 layer=0x5e2e67ee0d30
[BrushEngine::stampEraser] cx=181.0 cy=125.0 m_eraser=0x5e2e38fafc58
[GradualEraser::stamp] cx=181.0 cy=125.0 r=6 total=113 skipped_zero=113 erased=0
[GradualEraser::verify] center(181,125) rgba=(0,0,0,0)
[BrushEngine::stampEraser] cx=180.0 cy=125.0 m_eraser=0x5e2e38fafc58
[GradualEraser::stamp] cx=180.0 cy=125.0 r=6 total=113 skipped_zero=113 erased=0
[GradualEraser::verify] center(180,125) rgba=(0,0,0,0)
[BrushEngine::stampEraser] cx=180.0 cy=125.0 m_eraser=0x5e2e38fafc58
[GradualEraser::stamp] cx=180.0 cy=125.0 r=6 total=113 skipped_zero=113 erased=0
[GradualEraser::verify] center(180,125) rgba=(0,0,0,0)
[MOUSE_MOVE] drawing=true tool=1 drawing at (522.0,207.0)
[handleDrawing] tool=1 brushType=4 eraserSize=12.0 eraserOp=1.00 layer=0x5e2e67ee0d30
[BrushEngine::stampEraser] cx=180.0 cy=125.0 m_eraser=0x5e2e38fafc58
[GradualEraser::stamp] cx=180.0 cy=125.0 r=6 total=113 skipped_zero=113 erased=0
[GradualEraser::verify] center(180,125) rgba=(0,0,0,0)
[BrushEngine::stampEraser] cx=178.0 cy=125.0 m_eraser=0x5e2e38fafc58
[GradualEraser::stamp] cx=178.0 cy=125.0 r=6 total=113 skipped_zero=113 erased=0
[GradualEraser::verify] center(178,125) rgba=(0,0,0,0)
[BrushEngine::stampEraser] cx=178.0 cy=125.0 m_eraser=0x5e2e38fafc58
[GradualEraser::stamp] cx=178.0 cy=125.0 r=6 total=113 skipped_zero=113 erased=0
[GradualEraser::verify] center(178,125) rgba=(0,0,0,0)
[MOUSE_MOVE] drawing=true tool=1 drawing at (520.0,207.0)
[handleDrawing] tool=1 brushType=4 eraserSize=12.0 eraserOp=1.00 layer=0x5e2e67ee0d30
[BrushEngine::stampEraser] cx=178.0 cy=125.0 m_eraser=0x5e2e38fafc58
[GradualEraser::stamp] cx=178.0 cy=125.0 r=6 total=113 skipped_zero=113 erased=0
[GradualEraser::verify] center(178,125) rgba=(0,0,0,0)
[BrushEngine::stampEraser] cx=176.0 cy=125.0 m_eraser=0x5e2e38fafc58
[GradualEraser::stamp] cx=176.0 cy=125.0 r=6 total=113 skipped_zero=108 erased=5
[GradualEraser::verify] center(176,125) rgba=(0,0,0,0)
[BrushEngine::stampEraser] cx=176.0 cy=125.0 m_eraser=0x5e2e38fafc58
[GradualEraser::stamp] cx=176.0 cy=125.0 r=6 total=113 skipped_zero=113 erased=0
[GradualEraser::verify] center(176,125) rgba=(0,0,0,0)
[CANVAS_UPDATE] recompositing (frameDirty=1 canvasDirty=0)
[CANVAS_UPDATE] sample pixel (207,154): rgba=(255,101,50,255)
[MOUSE_MOVE] drawing=true tool=1 drawing at (519.0,207.0)
[handleDrawing] tool=1 brushType=4 eraserSize=12.0 eraserOp=1.00 layer=0x5e2e67ee0d30
[BrushEngine::stampEraser] cx=176.0 cy=125.0 m_eraser=0x5e2e38fafc58
[GradualEraser::stamp] cx=176.0 cy=125.0 r=6 total=113 skipped_zero=113 erased=0
[GradualEraser::verify] center(176,125) rgba=(0,0,0,0)
[BrushEngine::stampEraser] cx=175.0 cy=125.0 m_eraser=0x5e2e38fafc58
[GradualEraser::stamp] cx=175.0 cy=125.0 r=6 total=113 skipped_zero=106 erased=7
[GradualEraser::verify] center(175,125) rgba=(0,0,0,0)
[BrushEngine::stampEraser] cx=175.0 cy=125.0 m_eraser=0x5e2e38fafc58
[GradualEraser::stamp] cx=175.0 cy=125.0 r=6 total=113 skipped_zero=113 erased=0
[GradualEraser::verify] center(175,125) rgba=(0,0,0,0)
[MOUSE_MOVE] drawing=true tool=1 drawing at (518.0,207.0)
[handleDrawing] tool=1 brushType=4 eraserSize=12.0 eraserOp=1.00 layer=0x5e2e67ee0d30
[BrushEngine::stampEraser] cx=175.0 cy=125.0 m_eraser=0x5e2e38fafc58
[GradualEraser::stamp] cx=175.0 cy=125.0 r=6 total=113 skipped_zero=113 erased=0
[GradualEraser::verify] center(175,125) rgba=(0,0,0,0)
[BrushEngine::stampEraser] cx=174.0 cy=125.0 m_eraser=0x5e2e38fafc58
[GradualEraser::stamp] cx=174.0 cy=125.0 r=6 total=113 skipped_zero=103 erased=10
[GradualEraser::verify] center(174,125) rgba=(0,0,0,0)
[BrushEngine::stampEraser] cx=174.0 cy=125.0 m_eraser=0x5e2e38fafc58
[GradualEraser::stamp] cx=174.0 cy=125.0 r=6 total=113 skipped_zero=113 erased=0
[GradualEraser::verify] center(174,125) rgba=(0,0,0,0)
[MOUSE_MOVE] drawing=true tool=1 drawing at (517.0,207.0)
[handleDrawing] tool=1 brushType=4 eraserSize=12.0 eraserOp=1.00 layer=0x5e2e67ee0d30
[BrushEngine::stampEraser] cx=174.0 cy=125.0 m_eraser=0x5e2e38fafc58
[GradualEraser::stamp] cx=174.0 cy=125.0 r=6 total=113 skipped_zero=113 erased=0
[GradualEraser::verify] center(174,125) rgba=(0,0,0,0)
[BrushEngine::stampEraser] cx=173.0 cy=125.0 m_eraser=0x5e2e38fafc58
[GradualEraser::stamp] cx=173.0 cy=125.0 r=6 total=113 skipped_zero=103 erased=10
[GradualEraser::verify] center(173,125) rgba=(0,0,0,0)
[BrushEngine::stampEraser] cx=173.0 cy=125.0 m_eraser=0x5e2e38fafc58
[GradualEraser::stamp] cx=173.0 cy=125.0 r=6 total=113 skipped_zero=113 erased=0
[GradualEraser::verify] center(173,125) rgba=(0,0,0,0)
[MOUSE_MOVE] drawing=true tool=1 drawing at (516.0,207.0)
[handleDrawing] tool=1 brushType=4 eraserSize=12.0 eraserOp=1.00 layer=0x5e2e67ee0d30
[BrushEngine::stampEraser] cx=173.0 cy=125.0 m_eraser=0x5e2e38fafc58
[GradualEraser::stamp] cx=173.0 cy=125.0 r=6 total=113 skipped_zero=113 erased=0
[GradualEraser::verify] center(173,125) rgba=(0,0,0,0)
[BrushEngine::stampEraser] cx=172.0 cy=125.0 m_eraser=0x5e2e38fafc58
[GradualEraser::stamp] cx=172.0 cy=125.0 r=6 total=113 skipped_zero=102 erased=11
[GradualEraser::verify] center(172,125) rgba=(0,0,0,0)
[BrushEngine::stampEraser] cx=172.0 cy=125.0 m_eraser=0x5e2e38fafc58
[GradualEraser::stamp] cx=172.0 cy=125.0 r=6 total=113 skipped_zero=113 erased=0
[GradualEraser::verify] center(172,125) rgba=(0,0,0,0)
[MOUSE_MOVE] drawing=true tool=1 drawing at (515.0,207.0)
[handleDrawing] tool=1 brushType=4 eraserSize=12.0 eraserOp=1.00 layer=0x5e2e67ee0d30
[BrushEngine::stampEraser] cx=172.0 cy=125.0 m_eraser=0x5e2e38fafc58
[GradualEraser::stamp] cx=172.0 cy=125.0 r=6 total=113 skipped_zero=113 erased=0
[GradualEraser::verify] center(172,125) rgba=(0,0,0,0)
[BrushEngine::stampEraser] cx=171.0 cy=125.0 m_eraser=0x5e2e38fafc58
[GradualEraser::stamp] cx=171.0 cy=125.0 r=6 total=113 skipped_zero=101 erased=12
[GradualEraser::verify] center(171,125) rgba=(0,0,0,0)
[BrushEngine::stampEraser] cx=171.0 cy=125.0 m_eraser=0x5e2e38fafc58
[GradualEraser::stamp] cx=171.0 cy=125.0 r=6 total=113 skipped_zero=113 erased=0
[GradualEraser::verify] center(171,125) rgba=(0,0,0,0)
[MOUSE_MOVE] drawing=true tool=1 drawing at (514.0,207.0)
[handleDrawing] tool=1 brushType=4 eraserSize=12.0 eraserOp=1.00 layer=0x5e2e67ee0d30
[BrushEngine::stampEraser] cx=171.0 cy=125.0 m_eraser=0x5e2e38fafc58
[GradualEraser::stamp] cx=171.0 cy=125.0 r=6 total=113 skipped_zero=113 erased=0
[GradualEraser::verify] center(171,125) rgba=(0,0,0,0)
[BrushEngine::stampEraser] cx=170.0 cy=125.0 m_eraser=0x5e2e38fafc58
[GradualEraser::stamp] cx=170.0 cy=125.0 r=6 total=113 skipped_zero=102 erased=11
[GradualEraser::verify] center(170,125) rgba=(0,0,0,0)
[BrushEngine::stampEraser] cx=170.0 cy=125.0 m_eraser=0x5e2e38fafc58
[GradualEraser::stamp] cx=170.0 cy=125.0 r=6 total=113 skipped_zero=113 erased=0
[GradualEraser::verify] center(170,125) rgba=(0,0,0,0)
[MOUSE_MOVE] drawing=true tool=1 drawing at (513.0,207.0)
[handleDrawing] tool=1 brushType=4 eraserSize=12.0 eraserOp=1.00 layer=0x5e2e67ee0d30
[BrushEngine::stampEraser] cx=170.0 cy=125.0 m_eraser=0x5e2e38fafc58
[GradualEraser::stamp] cx=170.0 cy=125.0 r=6 total=113 skipped_zero=113 erased=0
[GradualEraser::verify] center(170,125) rgba=(0,0,0,0)
[BrushEngine::stampEraser] cx=169.0 cy=125.0 m_eraser=0x5e2e38fafc58
[GradualEraser::stamp] cx=169.0 cy=125.0 r=6 total=113 skipped_zero=102 erased=11
[GradualEraser::verify] center(169,125) rgba=(0,0,0,0)
[BrushEngine::stampEraser] cx=169.0 cy=125.0 m_eraser=0x5e2e38fafc58
[GradualEraser::stamp] cx=169.0 cy=125.0 r=6 total=113 skipped_zero=113 erased=0
[GradualEraser::verify] center(169,125) rgba=(0,0,0,0)
[MOUSE_MOVE] drawing=true tool=1 drawing at (512.0,207.0)
[handleDrawing] tool=1 brushType=4 eraserSize=12.0 eraserOp=1.00 layer=0x5e2e67ee0d30
[BrushEngine::stampEraser] cx=169.0 cy=125.0 m_eraser=0x5e2e38fafc58
[GradualEraser::stamp] cx=169.0 cy=125.0 r=6 total=113 skipped_zero=113 erased=0
[GradualEraser::verify] center(169,125) rgba=(0,0,0,0)
[BrushEngine::stampEraser] cx=168.0 cy=125.0 m_eraser=0x5e2e38fafc58
[GradualEraser::stamp] cx=168.0 cy=125.0 r=6 total=113 skipped_zero=100 erased=13
[GradualEraser::verify] center(168,125) rgba=(0,0,0,0)
[BrushEngine::stampEraser] cx=168.0 cy=125.0 m_eraser=0x5e2e38fafc58
[GradualEraser::stamp] cx=168.0 cy=125.0 r=6 total=113 skipped_zero=113 erased=0
[GradualEraser::verify] center(168,125) rgba=(0,0,0,0)
[CANVAS_UPDATE] recompositing (frameDirty=1 canvasDirty=0)
[CANVAS_UPDATE] sample pixel (207,154): rgba=(255,101,50,255)
[MOUSE_MOVE] drawing=true tool=1 drawing at (510.0,207.0)
[handleDrawing] tool=1 brushType=4 eraserSize=12.0 eraserOp=1.00 layer=0x5e2e67ee0d30
[BrushEngine::stampEraser] cx=168.0 cy=125.0 m_eraser=0x5e2e38fafc58
[GradualEraser::stamp] cx=168.0 cy=125.0 r=6 total=113 skipped_zero=113 erased=0
[GradualEraser::verify] center(168,125) rgba=(0,0,0,0)
[BrushEngine::stampEraser] cx=166.0 cy=125.0 m_eraser=0x5e2e38fafc58
[GradualEraser::stamp] cx=166.0 cy=125.0 r=6 total=113 skipped_zero=91 erased=22
[GradualEraser::verify] center(166,125) rgba=(0,0,0,0)
[BrushEngine::stampEraser] cx=166.0 cy=125.0 m_eraser=0x5e2e38fafc58
[GradualEraser::stamp] cx=166.0 cy=125.0 r=6 total=113 skipped_zero=113 erased=0
[GradualEraser::verify] center(166,125) rgba=(0,0,0,0)
[MOUSE_MOVE] drawing=true tool=1 drawing at (509.0,207.0)
[handleDrawing] tool=1 brushType=4 eraserSize=12.0 eraserOp=1.00 layer=0x5e2e67ee0d30
[BrushEngine::stampEraser] cx=166.0 cy=125.0 m_eraser=0x5e2e38fafc58
[GradualEraser::stamp] cx=166.0 cy=125.0 r=6 total=113 skipped_zero=113 erased=0
[GradualEraser::verify] center(166,125) rgba=(0,0,0,0)
[BrushEngine::stampEraser] cx=165.0 cy=125.0 m_eraser=0x5e2e38fafc58
[GradualEraser::stamp] cx=165.0 cy=125.0 r=6 total=113 skipped_zero=100 erased=13
[GradualEraser::verify] center(165,125) rgba=(0,0,0,0)
[BrushEngine::stampEraser] cx=165.0 cy=125.0 m_eraser=0x5e2e38fafc58
[GradualEraser::stamp] cx=165.0 cy=125.0 r=6 total=113 skipped_zero=113 erased=0
[GradualEraser::verify] center(165,125) rgba=(0,0,0,0)
[MOUSE_MOVE] drawing=true tool=1 drawing at (507.0,207.0)
[handleDrawing] tool=1 brushType=4 eraserSize=12.0 eraserOp=1.00 layer=0x5e2e67ee0d30
[BrushEngine::stampEraser] cx=165.0 cy=125.0 m_eraser=0x5e2e38fafc58
[GradualEraser::stamp] cx=165.0 cy=125.0 r=6 total=113 skipped_zero=113 erased=0
[GradualEraser::verify] center(165,125) rgba=(0,0,0,0)
[BrushEngine::stampEraser] cx=163.0 cy=125.0 m_eraser=0x5e2e38fafc58
[GradualEraser::stamp] cx=163.0 cy=125.0 r=6 total=113 skipped_zero=89 erased=24
[GradualEraser::verify] center(163,125) rgba=(0,0,0,0)
[BrushEngine::stampEraser] cx=163.0 cy=125.0 m_eraser=0x5e2e38fafc58
[GradualEraser::stamp] cx=163.0 cy=125.0 r=6 total=113 skipped_zero=113 erased=0
[GradualEraser::verify] center(163,125) rgba=(0,0,0,0)
[MOUSE_MOVE] drawing=true tool=1 drawing at (506.0,207.0)
[handleDrawing] tool=1 brushType=4 eraserSize=12.0 eraserOp=1.00 layer=0x5e2e67ee0d30
[BrushEngine::stampEraser] cx=163.0 cy=125.0 m_eraser=0x5e2e38fafc58
[GradualEraser::stamp] cx=163.0 cy=125.0 r=6 total=113 skipped_zero=113 erased=0
[GradualEraser::verify] center(163,125) rgba=(0,0,0,0)
[BrushEngine::stampEraser] cx=162.0 cy=125.0 m_eraser=0x5e2e38fafc58
[GradualEraser::stamp] cx=162.0 cy=125.0 r=6 total=113 skipped_zero=101 erased=12
[GradualEraser::verify] center(162,125) rgba=(0,0,0,0)
[BrushEngine::stampEraser] cx=162.0 cy=125.0 m_eraser=0x5e2e38fafc58
[GradualEraser::stamp] cx=162.0 cy=125.0 r=6 total=113 skipped_zero=113 erased=0
[GradualEraser::verify] center(162,125) rgba=(0,0,0,0)
[MOUSE_MOVE] drawing=true tool=1 drawing at (505.0,207.0)
[handleDrawing] tool=1 brushType=4 eraserSize=12.0 eraserOp=1.00 layer=0x5e2e67ee0d30
[BrushEngine::stampEraser] cx=162.0 cy=125.0 m_eraser=0x5e2e38fafc58
[GradualEraser::stamp] cx=162.0 cy=125.0 r=6 total=113 skipped_zero=113 erased=0
[GradualEraser::verify] center(162,125) rgba=(0,0,0,0)
[BrushEngine::stampEraser] cx=161.0 cy=125.0 m_eraser=0x5e2e38fafc58
[GradualEraser::stamp] cx=161.0 cy=125.0 r=6 total=113 skipped_zero=100 erased=13
[GradualEraser::verify] center(161,125) rgba=(0,0,0,0)
[BrushEngine::stampEraser] cx=161.0 cy=125.0 m_eraser=0x5e2e38fafc58
[GradualEraser::stamp] cx=161.0 cy=125.0 r=6 total=113 skipped_zero=113 erased=0
[GradualEraser::verify] center(161,125) rgba=(0,0,0,0)
[CANVAS_UPDATE] recompositing (frameDirty=1 canvasDirty=0)
[CANVAS_UPDATE] sample pixel (207,154): rgba=(255,101,50,255)
[MOUSE_MOVE] drawing=true tool=1 drawing at (504.0,207.0)
[handleDrawing] tool=1 brushType=4 eraserSize=12.0 eraserOp=1.00 layer=0x5e2e67ee0d30
[BrushEngine::stampEraser] cx=161.0 cy=125.0 m_eraser=0x5e2e38fafc58
[GradualEraser::stamp] cx=161.0 cy=125.0 r=6 total=113 skipped_zero=113 erased=0
[GradualEraser::verify] center(161,125) rgba=(0,0,0,0)
[BrushEngine::stampEraser] cx=160.0 cy=125.0 m_eraser=0x5e2e38fafc58
[GradualEraser::stamp] cx=160.0 cy=125.0 r=6 total=113 skipped_zero=101 erased=12
[GradualEraser::verify] center(160,125) rgba=(0,0,0,0)
[BrushEngine::stampEraser] cx=160.0 cy=125.0 m_eraser=0x5e2e38fafc58
[GradualEraser::stamp] cx=160.0 cy=125.0 r=6 total=113 skipped_zero=113 erased=0
[GradualEraser::verify] center(160,125) rgba=(0,0,0,0)
[MOUSE_MOVE] drawing=true tool=1 drawing at (504.0,208.0)
[handleDrawing] tool=1 brushType=4 eraserSize=12.0 eraserOp=1.00 layer=0x5e2e67ee0d30
[BrushEngine::stampEraser] cx=160.0 cy=125.0 m_eraser=0x5e2e38fafc58
[GradualEraser::stamp] cx=160.0 cy=125.0 r=6 total=113 skipped_zero=113 erased=0
[GradualEraser::verify] center(160,125) rgba=(0,0,0,0)
[BrushEngine::stampEraser] cx=160.0 cy=126.0 m_eraser=0x5e2e38fafc58
[GradualEraser::stamp] cx=160.0 cy=126.0 r=6 total=113 skipped_zero=109 erased=4
[GradualEraser::verify] center(160,126) rgba=(0,0,0,0)
[BrushEngine::stampEraser] cx=160.0 cy=126.0 m_eraser=0x5e2e38fafc58
[GradualEraser::stamp] cx=160.0 cy=126.0 r=6 total=113 skipped_zero=113 erased=0
[GradualEraser::verify] center(160,126) rgba=(0,0,0,0)
[MOUSE_MOVE] drawing=true tool=1 drawing at (503.0,208.0)
[handleDrawing] tool=1 brushType=4 eraserSize=12.0 eraserOp=1.00 layer=0x5e2e67ee0d30
[BrushEngine::stampEraser] cx=160.0 cy=126.0 m_eraser=0x5e2e38fafc58
[GradualEraser::stamp] cx=160.0 cy=126.0 r=6 total=113 skipped_zero=113 erased=0
[GradualEraser::verify] center(160,126) rgba=(0,0,0,0)
[BrushEngine::stampEraser] cx=159.0 cy=126.0 m_eraser=0x5e2e38fafc58
[GradualEraser::stamp] cx=159.0 cy=126.0 r=6 total=113 skipped_zero=105 erased=8
[GradualEraser::verify] center(159,126) rgba=(0,0,0,0)
[BrushEngine::stampEraser] cx=159.0 cy=126.0 m_eraser=0x5e2e38fafc58
[GradualEraser::stamp] cx=159.0 cy=126.0 r=6 total=113 skipped_zero=113 erased=0
[GradualEraser::verify] center(159,126) rgba=(0,0,0,0)
[MOUSE_MOVE] drawing=true tool=1 drawing at (502.0,208.0)
[handleDrawing] tool=1 brushType=4 eraserSize=12.0 eraserOp=1.00 layer=0x5e2e67ee0d30
[BrushEngine::stampEraser] cx=159.0 cy=126.0 m_eraser=0x5e2e38fafc58
[GradualEraser::stamp] cx=159.0 cy=126.0 r=6 total=113 skipped_zero=113 erased=0
[GradualEraser::verify] center(159,126) rgba=(0,0,0,0)
[BrushEngine::stampEraser] cx=158.0 cy=126.0 m_eraser=0x5e2e38fafc58
[GradualEraser::stamp] cx=158.0 cy=126.0 r=6 total=113 skipped_zero=102 erased=11
[GradualEraser::verify] center(158,126) rgba=(0,0,0,0)
[BrushEngine::stampEraser] cx=158.0 cy=126.0 m_eraser=0x5e2e38fafc58
[GradualEraser::stamp] cx=158.0 cy=126.0 r=6 total=113 skipped_zero=113 erased=0
[GradualEraser::verify] center(158,126) rgba=(0,0,0,0)
[MOUSE_MOVE] drawing=true tool=1 drawing at (501.0,208.0)
[handleDrawing] tool=1 brushType=4 eraserSize=12.0 eraserOp=1.00 layer=0x5e2e67ee0d30
[BrushEngine::stampEraser] cx=158.0 cy=126.0 m_eraser=0x5e2e38fafc58
[GradualEraser::stamp] cx=158.0 cy=126.0 r=6 total=113 skipped_zero=113 erased=0
[GradualEraser::verify] center(158,126) rgba=(0,0,0,0)
[BrushEngine::stampEraser] cx=157.0 cy=126.0 m_eraser=0x5e2e38fafc58
[GradualEraser::stamp] cx=157.0 cy=126.0 r=6 total=113 skipped_zero=103 erased=10
[GradualEraser::verify] center(157,126) rgba=(0,0,0,0)
[BrushEngine::stampEraser] cx=157.0 cy=126.0 m_eraser=0x5e2e38fafc58
[GradualEraser::stamp] cx=157.0 cy=126.0 r=6 total=113 skipped_zero=113 erased=0
[GradualEraser::verify] center(157,126) rgba=(0,0,0,0)
[CANVAS_UPDATE] recompositing (frameDirty=1 canvasDirty=0)
[CANVAS_UPDATE] sample pixel (207,154): rgba=(255,101,50,255)
[MOUSE_MOVE] drawing=true tool=1 drawing at (500.0,208.0)
[handleDrawing] tool=1 brushType=4 eraserSize=12.0 eraserOp=1.00 layer=0x5e2e67ee0d30
[BrushEngine::stampEraser] cx=157.0 cy=126.0 m_eraser=0x5e2e38fafc58
[GradualEraser::stamp] cx=157.0 cy=126.0 r=6 total=113 skipped_zero=113 erased=0
[GradualEraser::verify] center(157,126) rgba=(0,0,0,0)
[BrushEngine::stampEraser] cx=156.0 cy=126.0 m_eraser=0x5e2e38fafc58
[GradualEraser::stamp] cx=156.0 cy=126.0 r=6 total=113 skipped_zero=101 erased=12
[GradualEraser::verify] center(156,126) rgba=(0,0,0,0)
[BrushEngine::stampEraser] cx=156.0 cy=126.0 m_eraser=0x5e2e38fafc58
[GradualEraser::stamp] cx=156.0 cy=126.0 r=6 total=113 skipped_zero=113 erased=0
[GradualEraser::verify] center(156,126) rgba=(0,0,0,0)
[MOUSE_MOVE] drawing=true tool=1 drawing at (499.0,209.0)
[handleDrawing] tool=1 brushType=4 eraserSize=12.0 eraserOp=1.00 layer=0x5e2e67ee0d30
[BrushEngine::stampEraser] cx=156.0 cy=126.0 m_eraser=0x5e2e38fafc58
[GradualEraser::stamp] cx=156.0 cy=126.0 r=6 total=113 skipped_zero=113 erased=0
[GradualEraser::verify] center(156,126) rgba=(0,0,0,0)
[BrushEngine::stampEraser] cx=155.0 cy=127.0 m_eraser=0x5e2e38fafc58
[GradualEraser::stamp] cx=155.0 cy=127.0 r=6 total=113 skipped_zero=104 erased=9
[GradualEraser::verify] center(155,127) rgba=(0,0,0,0)
[BrushEngine::stampEraser] cx=155.0 cy=127.0 m_eraser=0x5e2e38fafc58
[GradualEraser::stamp] cx=155.0 cy=127.0 r=6 total=113 skipped_zero=113 erased=0
[GradualEraser::verify] center(155,127) rgba=(0,0,0,0)
[CANVAS_UPDATE] recompositing (frameDirty=1 canvasDirty=0)
[CANVAS_UPDATE] sample pixel (207,154): rgba=(255,101,50,255)
[MOUSE_MOVE] drawing=true tool=1 drawing at (498.0,209.0)
[handleDrawing] tool=1 brushType=4 eraserSize=12.0 eraserOp=1.00 layer=0x5e2e67ee0d30
[BrushEngine::stampEraser] cx=155.0 cy=127.0 m_eraser=0x5e2e38fafc58
[GradualEraser::stamp] cx=155.0 cy=127.0 r=6 total=113 skipped_zero=113 erased=0
[GradualEraser::verify] center(155,127) rgba=(0,0,0,0)
[BrushEngine::stampEraser] cx=154.0 cy=127.0 m_eraser=0x5e2e38fafc58
[GradualEraser::stamp] cx=154.0 cy=127.0 r=6 total=113 skipped_zero=104 erased=9
[GradualEraser::verify] center(154,127) rgba=(0,0,0,0)
[BrushEngine::stampEraser] cx=154.0 cy=127.0 m_eraser=0x5e2e38fafc58
[GradualEraser::stamp] cx=154.0 cy=127.0 r=6 total=113 skipped_zero=113 erased=0
[GradualEraser::verify] center(154,127) rgba=(0,0,0,0)
[CANVAS_UPDATE] recompositing (frameDirty=1 canvasDirty=0)
[CANVAS_UPDATE] sample pixel (207,154): rgba=(255,101,50,255)
[MOUSE_MOVE] drawing=true tool=1 drawing at (499.0,208.0)
[handleDrawing] tool=1 brushType=4 eraserSize=12.0 eraserOp=1.00 layer=0x5e2e67ee0d30
[BrushEngine::stampEraser] cx=154.0 cy=127.0 m_eraser=0x5e2e38fafc58
[GradualEraser::stamp] cx=154.0 cy=127.0 r=6 total=113 skipped_zero=113 erased=0
[GradualEraser::verify] center(154,127) rgba=(0,0,0,0)
[BrushEngine::stampEraser] cx=155.0 cy=126.0 m_eraser=0x5e2e38fafc58
[GradualEraser::stamp] cx=155.0 cy=126.0 r=6 total=113 skipped_zero=111 erased=2
[GradualEraser::verify] center(155,126) rgba=(0,0,0,0)
[BrushEngine::stampEraser] cx=155.0 cy=126.0 m_eraser=0x5e2e38fafc58
[GradualEraser::stamp] cx=155.0 cy=126.0 r=6 total=113 skipped_zero=113 erased=0
[GradualEraser::verify] center(155,126) rgba=(0,0,0,0)
[MOUSE_MOVE] drawing=true tool=1 drawing at (500.0,208.0)
[handleDrawing] tool=1 brushType=4 eraserSize=12.0 eraserOp=1.00 layer=0x5e2e67ee0d30
[BrushEngine::stampEraser] cx=155.0 cy=126.0 m_eraser=0x5e2e38fafc58
[GradualEraser::stamp] cx=155.0 cy=126.0 r=6 total=113 skipped_zero=113 erased=0
[GradualEraser::verify] center(155,126) rgba=(0,0,0,0)
[BrushEngine::stampEraser] cx=156.0 cy=126.0 m_eraser=0x5e2e38fafc58
[GradualEraser::stamp] cx=156.0 cy=126.0 r=6 total=113 skipped_zero=113 erased=0
[GradualEraser::verify] center(156,126) rgba=(0,0,0,0)
[BrushEngine::stampEraser] cx=156.0 cy=126.0 m_eraser=0x5e2e38fafc58
[GradualEraser::stamp] cx=156.0 cy=126.0 r=6 total=113 skipped_zero=113 erased=0
[GradualEraser::verify] center(156,126) rgba=(0,0,0,0)
[MOUSE_MOVE] drawing=true tool=1 drawing at (500.0,206.0)
[handleDrawing] tool=1 brushType=4 eraserSize=12.0 eraserOp=1.00 layer=0x5e2e67ee0d30
[BrushEngine::stampEraser] cx=156.0 cy=126.0 m_eraser=0x5e2e38fafc58
[GradualEraser::stamp] cx=156.0 cy=126.0 r=6 total=113 skipped_zero=113 erased=0
[GradualEraser::verify] center(156,126) rgba=(0,0,0,0)
[BrushEngine::stampEraser] cx=156.0 cy=124.0 m_eraser=0x5e2e38fafc58
[GradualEraser::stamp] cx=156.0 cy=124.0 r=6 total=113 skipped_zero=101 erased=12
[GradualEraser::verify] center(156,124) rgba=(0,0,0,0)
[BrushEngine::stampEraser] cx=156.0 cy=124.0 m_eraser=0x5e2e38fafc58
[GradualEraser::stamp] cx=156.0 cy=124.0 r=6 total=113 skipped_zero=113 erased=0
[GradualEraser::verify] center(156,124) rgba=(0,0,0,0)
[CANVAS_UPDATE] recompositing (frameDirty=1 canvasDirty=0)
[CANVAS_UPDATE] sample pixel (207,154): rgba=(255,101,50,255)
[MOUSE_MOVE] drawing=true tool=1 drawing at (501.0,205.0)
[handleDrawing] tool=1 brushType=4 eraserSize=12.0 eraserOp=1.00 layer=0x5e2e67ee0d30
[BrushEngine::stampEraser] cx=156.0 cy=124.0 m_eraser=0x5e2e38fafc58
[GradualEraser::stamp] cx=156.0 cy=124.0 r=6 total=113 skipped_zero=113 erased=0
[GradualEraser::verify] center(156,124) rgba=(0,0,0,0)
[BrushEngine::stampEraser] cx=157.0 cy=123.0 m_eraser=0x5e2e38fafc58
[GradualEraser::stamp] cx=157.0 cy=123.0 r=6 total=113 skipped_zero=106 erased=7
[GradualEraser::verify] center(157,123) rgba=(0,0,0,0)
[BrushEngine::stampEraser] cx=157.0 cy=123.0 m_eraser=0x5e2e38fafc58
[GradualEraser::stamp] cx=157.0 cy=123.0 r=6 total=113 skipped_zero=113 erased=0
[GradualEraser::verify] center(157,123) rgba=(0,0,0,0)
[MOUSE_MOVE] drawing=true tool=1 drawing at (502.0,205.0)
[handleDrawing] tool=1 brushType=4 eraserSize=12.0 eraserOp=1.00 layer=0x5e2e67ee0d30
[BrushEngine::stampEraser] cx=157.0 cy=123.0 m_eraser=0x5e2e38fafc58
[GradualEraser::stamp] cx=157.0 cy=123.0 r=6 total=113 skipped_zero=113 erased=0
[GradualEraser::verify] center(157,123) rgba=(0,0,0,0)
[BrushEngine::stampEraser] cx=158.0 cy=123.0 m_eraser=0x5e2e38fafc58
[GradualEraser::stamp] cx=158.0 cy=123.0 r=6 total=113 skipped_zero=111 erased=2
[GradualEraser::verify] center(158,123) rgba=(0,0,0,0)
[BrushEngine::stampEraser] cx=158.0 cy=123.0 m_eraser=0x5e2e38fafc58
[GradualEraser::stamp] cx=158.0 cy=123.0 r=6 total=113 skipped_zero=113 erased=0
[GradualEraser::verify] center(158,123) rgba=(0,0,0,0)
[MOUSE_MOVE] drawing=true tool=1 drawing at (503.0,204.0)
[handleDrawing] tool=1 brushType=4 eraserSize=12.0 eraserOp=1.00 layer=0x5e2e67ee0d30
[BrushEngine::stampEraser] cx=158.0 cy=123.0 m_eraser=0x5e2e38fafc58
[GradualEraser::stamp] cx=158.0 cy=123.0 r=6 total=113 skipped_zero=113 erased=0
[GradualEraser::verify] center(158,123) rgba=(0,0,0,0)
[BrushEngine::stampEraser] cx=159.0 cy=122.0 m_eraser=0x5e2e38fafc58
[GradualEraser::stamp] cx=159.0 cy=122.0 r=6 total=113 skipped_zero=105 erased=8
[GradualEraser::verify] center(159,122) rgba=(0,0,0,0)
[BrushEngine::stampEraser] cx=159.0 cy=122.0 m_eraser=0x5e2e38fafc58
[GradualEraser::stamp] cx=159.0 cy=122.0 r=6 total=113 skipped_zero=113 erased=0
[GradualEraser::verify] center(159,122) rgba=(0,0,0,0)
[MOUSE_MOVE] drawing=true tool=1 drawing at (505.0,203.0)
[handleDrawing] tool=1 brushType=4 eraserSize=12.0 eraserOp=1.00 layer=0x5e2e67ee0d30
[BrushEngine::stampEraser] cx=159.0 cy=122.0 m_eraser=0x5e2e38fafc58
[GradualEraser::stamp] cx=159.0 cy=122.0 r=6 total=113 skipped_zero=113 erased=0
[GradualEraser::verify] center(159,122) rgba=(0,0,0,0)
[BrushEngine::stampEraser] cx=161.0 cy=121.0 m_eraser=0x5e2e38fafc58
[GradualEraser::stamp] cx=161.0 cy=121.0 r=6 total=113 skipped_zero=102 erased=11
[GradualEraser::verify] center(161,121) rgba=(0,0,0,0)
[BrushEngine::stampEraser] cx=161.0 cy=121.0 m_eraser=0x5e2e38fafc58
[GradualEraser::stamp] cx=161.0 cy=121.0 r=6 total=113 skipped_zero=113 erased=0
[GradualEraser::verify] center(161,121) rgba=(0,0,0,0)
[MOUSE_MOVE] drawing=true tool=1 drawing at (506.0,202.0)
[handleDrawing] tool=1 brushType=4 eraserSize=12.0 eraserOp=1.00 layer=0x5e2e67ee0d30
[BrushEngine::stampEraser] cx=161.0 cy=121.0 m_eraser=0x5e2e38fafc58
[GradualEraser::stamp] cx=161.0 cy=121.0 r=6 total=113 skipped_zero=113 erased=0
[GradualEraser::verify] center(161,121) rgba=(0,0,0,0)
[BrushEngine::stampEraser] cx=162.0 cy=120.0 m_eraser=0x5e2e38fafc58
[GradualEraser::stamp] cx=162.0 cy=120.0 r=6 total=113 skipped_zero=104 erased=9
[GradualEraser::verify] center(162,120) rgba=(0,0,0,0)
[BrushEngine::stampEraser] cx=162.0 cy=120.0 m_eraser=0x5e2e38fafc58
[GradualEraser::stamp] cx=162.0 cy=120.0 r=6 total=113 skipped_zero=113 erased=0
[GradualEraser::verify] center(162,120) rgba=(0,0,0,0)
[MOUSE_MOVE] drawing=true tool=1 drawing at (507.0,202.0)
[handleDrawing] tool=1 brushType=4 eraserSize=12.0 eraserOp=1.00 layer=0x5e2e67ee0d30
[BrushEngine::stampEraser] cx=162.0 cy=120.0 m_eraser=0x5e2e38fafc58
[GradualEraser::stamp] cx=162.0 cy=120.0 r=6 total=113 skipped_zero=113 erased=0
[GradualEraser::verify] center(162,120) rgba=(0,0,0,0)
[BrushEngine::stampEraser] cx=163.0 cy=120.0 m_eraser=0x5e2e38fafc58
[GradualEraser::stamp] cx=163.0 cy=120.0 r=6 total=113 skipped_zero=110 erased=3
[GradualEraser::verify] center(163,120) rgba=(0,0,0,0)
[BrushEngine::stampEraser] cx=163.0 cy=120.0 m_eraser=0x5e2e38fafc58
[GradualEraser::stamp] cx=163.0 cy=120.0 r=6 total=113 skipped_zero=113 erased=0
[GradualEraser::verify] center(163,120) rgba=(0,0,0,0)
[CANVAS_UPDATE] recompositing (frameDirty=1 canvasDirty=0)
[CANVAS_UPDATE] sample pixel (207,154): rgba=(255,101,50,255)
[MOUSE_MOVE] drawing=true tool=1 drawing at (508.0,200.0)
[handleDrawing] tool=1 brushType=4 eraserSize=12.0 eraserOp=1.00 layer=0x5e2e67ee0d30
[BrushEngine::stampEraser] cx=163.0 cy=120.0 m_eraser=0x5e2e38fafc58
[GradualEraser::stamp] cx=163.0 cy=120.0 r=6 total=113 skipped_zero=113 erased=0
[GradualEraser::verify] center(163,120) rgba=(0,0,0,0)
[BrushEngine::stampEraser] cx=164.0 cy=118.0 m_eraser=0x5e2e38fafc58
[GradualEraser::stamp] cx=164.0 cy=118.0 r=6 total=113 skipped_zero=93 erased=20
[GradualEraser::verify] center(164,118) rgba=(0,0,0,0)
[BrushEngine::stampEraser] cx=164.0 cy=118.0 m_eraser=0x5e2e38fafc58
[GradualEraser::stamp] cx=164.0 cy=118.0 r=6 total=113 skipped_zero=113 erased=0
[GradualEraser::verify] center(164,118) rgba=(0,0,0,0)
[MOUSE_MOVE] drawing=true tool=1 drawing at (509.0,199.0)
[handleDrawing] tool=1 brushType=4 eraserSize=12.0 eraserOp=1.00 layer=0x5e2e67ee0d30
[BrushEngine::stampEraser] cx=164.0 cy=118.0 m_eraser=0x5e2e38fafc58
[GradualEraser::stamp] cx=164.0 cy=118.0 r=6 total=113 skipped_zero=113 erased=0
[GradualEraser::verify] center(164,118) rgba=(0,0,0,0)
[BrushEngine::stampEraser] cx=165.0 cy=117.0 m_eraser=0x5e2e38fafc58
[GradualEraser::stamp] cx=165.0 cy=117.0 r=6 total=113 skipped_zero=101 erased=12
[GradualEraser::verify] center(165,117) rgba=(0,0,0,0)
[BrushEngine::stampEraser] cx=165.0 cy=117.0 m_eraser=0x5e2e38fafc58
[GradualEraser::stamp] cx=165.0 cy=117.0 r=6 total=113 skipped_zero=113 erased=0
[GradualEraser::verify] center(165,117) rgba=(0,0,0,0)
[MOUSE_MOVE] drawing=true tool=1 drawing at (510.0,198.0)
[handleDrawing] tool=1 brushType=4 eraserSize=12.0 eraserOp=1.00 layer=0x5e2e67ee0d30
[BrushEngine::stampEraser] cx=165.0 cy=117.0 m_eraser=0x5e2e38fafc58
[GradualEraser::stamp] cx=165.0 cy=117.0 r=6 total=113 skipped_zero=113 erased=0
[GradualEraser::verify] center(165,117) rgba=(0,0,0,0)
[BrushEngine::stampEraser] cx=166.0 cy=116.0 m_eraser=0x5e2e38fafc58
[GradualEraser::stamp] cx=166.0 cy=116.0 r=6 total=113 skipped_zero=100 erased=13
[GradualEraser::verify] center(166,116) rgba=(0,0,0,0)
[BrushEngine::stampEraser] cx=166.0 cy=116.0 m_eraser=0x5e2e38fafc58
[GradualEraser::stamp] cx=166.0 cy=116.0 r=6 total=113 skipped_zero=113 erased=0
[GradualEraser::verify] center(166,116) rgba=(0,0,0,0)
[MOUSE_MOVE] drawing=true tool=1 drawing at (510.0,197.0)
[handleDrawing] tool=1 brushType=4 eraserSize=12.0 eraserOp=1.00 layer=0x5e2e67ee0d30
[BrushEngine::stampEraser] cx=166.0 cy=116.0 m_eraser=0x5e2e38fafc58
[GradualEraser::stamp] cx=166.0 cy=116.0 r=6 total=113 skipped_zero=113 erased=0
[GradualEraser::verify] center(166,116) rgba=(0,0,0,0)
[BrushEngine::stampEraser] cx=166.0 cy=115.0 m_eraser=0x5e2e38fafc58
[GradualEraser::stamp] cx=166.0 cy=115.0 r=6 total=113 skipped_zero=101 erased=12
[GradualEraser::verify] center(166,115) rgba=(0,0,0,0)
[BrushEngine::stampEraser] cx=166.0 cy=115.0 m_eraser=0x5e2e38fafc58
[GradualEraser::stamp] cx=166.0 cy=115.0 r=6 total=113 skipped_zero=113 erased=0
[GradualEraser::verify] center(166,115) rgba=(0,0,0,0)
[MOUSE_MOVE] drawing=true tool=1 drawing at (511.0,196.0)
[handleDrawing] tool=1 brushType=4 eraserSize=12.0 eraserOp=1.00 layer=0x5e2e67ee0d30
[BrushEngine::stampEraser] cx=166.0 cy=115.0 m_eraser=0x5e2e38fafc58
[GradualEraser::stamp] cx=166.0 cy=115.0 r=6 total=113 skipped_zero=113 erased=0
[GradualEraser::verify] center(166,115) rgba=(0,0,0,0)
[BrushEngine::stampEraser] cx=167.0 cy=114.0 m_eraser=0x5e2e38fafc58
[GradualEraser::stamp] cx=167.0 cy=114.0 r=6 total=113 skipped_zero=98 erased=15
[GradualEraser::verify] center(167,114) rgba=(0,0,0,0)
[BrushEngine::stampEraser] cx=167.0 cy=114.0 m_eraser=0x5e2e38fafc58
[GradualEraser::stamp] cx=167.0 cy=114.0 r=6 total=113 skipped_zero=113 erased=0
[GradualEraser::verify] center(167,114) rgba=(0,0,0,0)
[MOUSE_MOVE] drawing=true tool=1 drawing at (512.0,196.0)
[handleDrawing] tool=1 brushType=4 eraserSize=12.0 eraserOp=1.00 layer=0x5e2e67ee0d30
[BrushEngine::stampEraser] cx=167.0 cy=114.0 m_eraser=0x5e2e38fafc58
[GradualEraser::stamp] cx=167.0 cy=114.0 r=6 total=113 skipped_zero=113 erased=0
[GradualEraser::verify] center(167,114) rgba=(0,0,0,0)
[BrushEngine::stampEraser] cx=168.0 cy=114.0 m_eraser=0x5e2e38fafc58
[GradualEraser::stamp] cx=168.0 cy=114.0 r=6 total=113 skipped_zero=106 erased=7
[GradualEraser::verify] center(168,114) rgba=(0,0,0,0)
[BrushEngine::stampEraser] cx=168.0 cy=114.0 m_eraser=0x5e2e38fafc58
[GradualEraser::stamp] cx=168.0 cy=114.0 r=6 total=113 skipped_zero=113 erased=0
[GradualEraser::verify] center(168,114) rgba=(0,0,0,0)
[CANVAS_UPDATE] recompositing (frameDirty=1 canvasDirty=0)
[CANVAS_UPDATE] sample pixel (207,154): rgba=(255,101,50,255)
[MOUSE_MOVE] drawing=true tool=1 drawing at (512.0,195.0)
[handleDrawing] tool=1 brushType=4 eraserSize=12.0 eraserOp=1.00 layer=0x5e2e67ee0d30
[BrushEngine::stampEraser] cx=168.0 cy=114.0 m_eraser=0x5e2e38fafc58
[GradualEraser::stamp] cx=168.0 cy=114.0 r=6 total=113 skipped_zero=113 erased=0
[GradualEraser::verify] center(168,114) rgba=(0,0,0,0)
[BrushEngine::stampEraser] cx=168.0 cy=113.0 m_eraser=0x5e2e38fafc58
[GradualEraser::stamp] cx=168.0 cy=113.0 r=6 total=113 skipped_zero=104 erased=9
[GradualEraser::verify] center(168,113) rgba=(0,0,0,0)
[BrushEngine::stampEraser] cx=168.0 cy=113.0 m_eraser=0x5e2e38fafc58
[GradualEraser::stamp] cx=168.0 cy=113.0 r=6 total=113 skipped_zero=113 erased=0
[GradualEraser::verify] center(168,113) rgba=(0,0,0,0)
[MOUSE_MOVE] drawing=true tool=1 drawing at (512.0,194.0)
[handleDrawing] tool=1 brushType=4 eraserSize=12.0 eraserOp=1.00 layer=0x5e2e67ee0d30
[BrushEngine::stampEraser] cx=168.0 cy=113.0 m_eraser=0x5e2e38fafc58
[GradualEraser::stamp] cx=168.0 cy=113.0 r=6 total=113 skipped_zero=113 erased=0
[GradualEraser::verify] center(168,113) rgba=(0,0,0,0)
[BrushEngine::stampEraser] cx=168.0 cy=112.0 m_eraser=0x5e2e38fafc58
[GradualEraser::stamp] cx=168.0 cy=112.0 r=6 total=113 skipped_zero=101 erased=12
[GradualEraser::verify] center(168,112) rgba=(0,0,0,0)
[BrushEngine::stampEraser] cx=168.0 cy=112.0 m_eraser=0x5e2e38fafc58
[GradualEraser::stamp] cx=168.0 cy=112.0 r=6 total=113 skipped_zero=113 erased=0
[GradualEraser::verify] center(168,112) rgba=(0,0,0,0)
[MOUSE_MOVE] drawing=true tool=1 drawing at (512.0,193.0)
[handleDrawing] tool=1 brushType=4 eraserSize=12.0 eraserOp=1.00 layer=0x5e2e67ee0d30
[BrushEngine::stampEraser] cx=168.0 cy=112.0 m_eraser=0x5e2e38fafc58
[GradualEraser::stamp] cx=168.0 cy=112.0 r=6 total=113 skipped_zero=113 erased=0
[GradualEraser::verify] center(168,112) rgba=(0,0,0,0)
[BrushEngine::stampEraser] cx=168.0 cy=111.0 m_eraser=0x5e2e38fafc58
[GradualEraser::stamp] cx=168.0 cy=111.0 r=6 total=113 skipped_zero=101 erased=12
[GradualEraser::verify] center(168,111) rgba=(0,0,0,0)
[BrushEngine::stampEraser] cx=168.0 cy=111.0 m_eraser=0x5e2e38fafc58
[GradualEraser::stamp] cx=168.0 cy=111.0 r=6 total=113 skipped_zero=113 erased=0
[GradualEraser::verify] center(168,111) rgba=(0,0,0,0)
[CANVAS_UPDATE] recompositing (frameDirty=1 canvasDirty=0)
[CANVAS_UPDATE] sample pixel (207,154): rgba=(255,101,50,255)
[MOUSE_MOVE] drawing=true tool=1 drawing at (512.0,192.0)
[handleDrawing] tool=1 brushType=4 eraserSize=12.0 eraserOp=1.00 layer=0x5e2e67ee0d30
[BrushEngine::stampEraser] cx=168.0 cy=111.0 m_eraser=0x5e2e38fafc58
[GradualEraser::stamp] cx=168.0 cy=111.0 r=6 total=113 skipped_zero=113 erased=0
[GradualEraser::verify] center(168,111) rgba=(0,0,0,0)
[BrushEngine::stampEraser] cx=168.0 cy=110.0 m_eraser=0x5e2e38fafc58
[GradualEraser::stamp] cx=168.0 cy=110.0 r=6 total=113 skipped_zero=100 erased=13
[GradualEraser::verify] center(168,110) rgba=(0,0,0,0)
[BrushEngine::stampEraser] cx=168.0 cy=110.0 m_eraser=0x5e2e38fafc58
[GradualEraser::stamp] cx=168.0 cy=110.0 r=6 total=113 skipped_zero=113 erased=0
[GradualEraser::verify] center(168,110) rgba=(0,0,0,0)
[MOUSE_MOVE] drawing=true tool=1 drawing at (511.0,191.0)
[handleDrawing] tool=1 brushType=4 eraserSize=12.0 eraserOp=1.00 layer=0x5e2e67ee0d30
[BrushEngine::stampEraser] cx=168.0 cy=110.0 m_eraser=0x5e2e38fafc58
[GradualEraser::stamp] cx=168.0 cy=110.0 r=6 total=113 skipped_zero=113 erased=0
[GradualEraser::verify] center(168,110) rgba=(0,0,0,0)
[BrushEngine::stampEraser] cx=167.0 cy=109.0 m_eraser=0x5e2e38fafc58
[GradualEraser::stamp] cx=167.0 cy=109.0 r=6 total=113 skipped_zero=103 erased=10
[GradualEraser::verify] center(167,109) rgba=(0,0,0,0)
[BrushEngine::stampEraser] cx=167.0 cy=109.0 m_eraser=0x5e2e38fafc58
[GradualEraser::stamp] cx=167.0 cy=109.0 r=6 total=113 skipped_zero=113 erased=0
[GradualEraser::verify] center(167,109) rgba=(0,0,0,0)
[CANVAS_UPDATE] recompositing (frameDirty=1 canvasDirty=0)
[CANVAS_UPDATE] sample pixel (207,154): rgba=(255,101,50,255)
[MOUSE_MOVE] drawing=true tool=1 drawing at (510.0,191.0)
[handleDrawing] tool=1 brushType=4 eraserSize=12.0 eraserOp=1.00 layer=0x5e2e67ee0d30
[BrushEngine::stampEraser] cx=167.0 cy=109.0 m_eraser=0x5e2e38fafc58
[GradualEraser::stamp] cx=167.0 cy=109.0 r=6 total=113 skipped_zero=113 erased=0
[GradualEraser::verify] center(167,109) rgba=(0,0,0,0)
[BrushEngine::stampEraser] cx=166.0 cy=109.0 m_eraser=0x5e2e38fafc58
[GradualEraser::stamp] cx=166.0 cy=109.0 r=6 total=113 skipped_zero=108 erased=5
[GradualEraser::verify] center(166,109) rgba=(0,0,0,0)
[BrushEngine::stampEraser] cx=166.0 cy=109.0 m_eraser=0x5e2e38fafc58
[GradualEraser::stamp] cx=166.0 cy=109.0 r=6 total=113 skipped_zero=113 erased=0
[GradualEraser::verify] center(166,109) rgba=(0,0,0,0)
[MOUSE_MOVE] drawing=true tool=1 drawing at (509.0,190.0)
[handleDrawing] tool=1 brushType=4 eraserSize=12.0 eraserOp=1.00 layer=0x5e2e67ee0d30
[BrushEngine::stampEraser] cx=166.0 cy=109.0 m_eraser=0x5e2e38fafc58
[GradualEraser::stamp] cx=166.0 cy=109.0 r=6 total=113 skipped_zero=113 erased=0
[GradualEraser::verify] center(166,109) rgba=(0,0,0,0)
[BrushEngine::stampEraser] cx=165.0 cy=108.0 m_eraser=0x5e2e38fafc58
[GradualEraser::stamp] cx=165.0 cy=108.0 r=6 total=113 skipped_zero=108 erased=5
[GradualEraser::verify] center(165,108) rgba=(0,0,0,0)
[BrushEngine::stampEraser] cx=165.0 cy=108.0 m_eraser=0x5e2e38fafc58
[GradualEraser::stamp] cx=165.0 cy=108.0 r=6 total=113 skipped_zero=113 erased=0
[GradualEraser::verify] center(165,108) rgba=(0,0,0,0)
[MOUSE_MOVE] drawing=true tool=1 drawing at (508.0,190.0)
[handleDrawing] tool=1 brushType=4 eraserSize=12.0 eraserOp=1.00 layer=0x5e2e67ee0d30
[BrushEngine::stampEraser] cx=165.0 cy=108.0 m_eraser=0x5e2e38fafc58
[GradualEraser::stamp] cx=165.0 cy=108.0 r=6 total=113 skipped_zero=113 erased=0
[GradualEraser::verify] center(165,108) rgba=(0,0,0,0)
[BrushEngine::stampEraser] cx=164.0 cy=108.0 m_eraser=0x5e2e38fafc58
[GradualEraser::stamp] cx=164.0 cy=108.0 r=6 total=113 skipped_zero=107 erased=6
[GradualEraser::verify] center(164,108) rgba=(0,0,0,0)
[BrushEngine::stampEraser] cx=164.0 cy=108.0 m_eraser=0x5e2e38fafc58
[GradualEraser::stamp] cx=164.0 cy=108.0 r=6 total=113 skipped_zero=113 erased=0
[GradualEraser::verify] center(164,108) rgba=(0,0,0,0)
[CANVAS_UPDATE] recompositing (frameDirty=1 canvasDirty=0)
[CANVAS_UPDATE] sample pixel (207,154): rgba=(255,101,50,255)
[MOUSE_MOVE] drawing=true tool=1 drawing at (507.0,190.0)
[handleDrawing] tool=1 brushType=4 eraserSize=12.0 eraserOp=1.00 layer=0x5e2e67ee0d30
[BrushEngine::stampEraser] cx=164.0 cy=108.0 m_eraser=0x5e2e38fafc58
[GradualEraser::stamp] cx=164.0 cy=108.0 r=6 total=113 skipped_zero=113 erased=0
[GradualEraser::verify] center(164,108) rgba=(0,0,0,0)
[BrushEngine::stampEraser] cx=163.0 cy=108.0 m_eraser=0x5e2e38fafc58
[GradualEraser::stamp] cx=163.0 cy=108.0 r=6 total=113 skipped_zero=107 erased=6
[GradualEraser::verify] center(163,108) rgba=(0,0,0,0)
[BrushEngine::stampEraser] cx=163.0 cy=108.0 m_eraser=0x5e2e38fafc58
[GradualEraser::stamp] cx=163.0 cy=108.0 r=6 total=113 skipped_zero=113 erased=0
[GradualEraser::verify] center(163,108) rgba=(0,0,0,0)
[MOUSE_MOVE] drawing=true tool=1 drawing at (506.0,190.0)
[handleDrawing] tool=1 brushType=4 eraserSize=12.0 eraserOp=1.00 layer=0x5e2e67ee0d30
[BrushEngine::stampEraser] cx=163.0 cy=108.0 m_eraser=0x5e2e38fafc58
[GradualEraser::stamp] cx=163.0 cy=108.0 r=6 total=113 skipped_zero=113 erased=0
[GradualEraser::verify] center(163,108) rgba=(0,0,0,0)
[BrushEngine::stampEraser] cx=162.0 cy=108.0 m_eraser=0x5e2e38fafc58
[GradualEraser::stamp] cx=162.0 cy=108.0 r=6 total=113 skipped_zero=108 erased=5
[GradualEraser::verify] center(162,108) rgba=(0,0,0,0)
[BrushEngine::stampEraser] cx=162.0 cy=108.0 m_eraser=0x5e2e38fafc58
[GradualEraser::stamp] cx=162.0 cy=108.0 r=6 total=113 skipped_zero=113 erased=0
[GradualEraser::verify] center(162,108) rgba=(0,0,0,0)
[MOUSE_MOVE] drawing=true tool=1 drawing at (505.0,190.0)
[handleDrawing] tool=1 brushType=4 eraserSize=12.0 eraserOp=1.00 layer=0x5e2e67ee0d30
[BrushEngine::stampEraser] cx=162.0 cy=108.0 m_eraser=0x5e2e38fafc58
[GradualEraser::stamp] cx=162.0 cy=108.0 r=6 total=113 skipped_zero=113 erased=0
[GradualEraser::verify] center(162,108) rgba=(0,0,0,0)
[BrushEngine::stampEraser] cx=161.0 cy=108.0 m_eraser=0x5e2e38fafc58
[GradualEraser::stamp] cx=161.0 cy=108.0 r=6 total=113 skipped_zero=108 erased=5
[GradualEraser::verify] center(161,108) rgba=(0,0,0,0)
[BrushEngine::stampEraser] cx=161.0 cy=108.0 m_eraser=0x5e2e38fafc58
[GradualEraser::stamp] cx=161.0 cy=108.0 r=6 total=113 skipped_zero=113 erased=0
[GradualEraser::verify] center(161,108) rgba=(0,0,0,0)
[MOUSE_MOVE] drawing=true tool=1 drawing at (504.0,190.0)
[handleDrawing] tool=1 brushType=4 eraserSize=12.0 eraserOp=1.00 layer=0x5e2e67ee0d30
[BrushEngine::stampEraser] cx=161.0 cy=108.0 m_eraser=0x5e2e38fafc58
[GradualEraser::stamp] cx=161.0 cy=108.0 r=6 total=113 skipped_zero=113 erased=0
[GradualEraser::verify] center(161,108) rgba=(0,0,0,0)
[BrushEngine::stampEraser] cx=160.0 cy=108.0 m_eraser=0x5e2e38fafc58
[GradualEraser::stamp] cx=160.0 cy=108.0 r=6 total=113 skipped_zero=108 erased=5
[GradualEraser::verify] center(160,108) rgba=(0,0,0,0)
[BrushEngine::stampEraser] cx=160.0 cy=108.0 m_eraser=0x5e2e38fafc58
[GradualEraser::stamp] cx=160.0 cy=108.0 r=6 total=113 skipped_zero=113 erased=0
[GradualEraser::verify] center(160,108) rgba=(0,0,0,0)
[CANVAS_UPDATE] recompositing (frameDirty=1 canvasDirty=0)
[CANVAS_UPDATE] sample pixel (207,154): rgba=(255,101,50,255)
[MOUSE_MOVE] drawing=true tool=1 drawing at (503.0,190.0)
[handleDrawing] tool=1 brushType=4 eraserSize=12.0 eraserOp=1.00 layer=0x5e2e67ee0d30
[BrushEngine::stampEraser] cx=160.0 cy=108.0 m_eraser=0x5e2e38fafc58
[GradualEraser::stamp] cx=160.0 cy=108.0 r=6 total=113 skipped_zero=113 erased=0
[GradualEraser::verify] center(160,108) rgba=(0,0,0,0)
[BrushEngine::stampEraser] cx=159.0 cy=108.0 m_eraser=0x5e2e38fafc58
[GradualEraser::stamp] cx=159.0 cy=108.0 r=6 total=113 skipped_zero=107 erased=6
[GradualEraser::verify] center(159,108) rgba=(0,0,0,0)
[BrushEngine::stampEraser] cx=159.0 cy=108.0 m_eraser=0x5e2e38fafc58
[GradualEraser::stamp] cx=159.0 cy=108.0 r=6 total=113 skipped_zero=113 erased=0
[GradualEraser::verify] center(159,108) rgba=(0,0,0,0)
[MOUSE_MOVE] drawing=true tool=1 drawing at (502.0,190.0)
[handleDrawing] tool=1 brushType=4 eraserSize=12.0 eraserOp=1.00 layer=0x5e2e67ee0d30
[BrushEngine::stampEraser] cx=159.0 cy=108.0 m_eraser=0x5e2e38fafc58
[GradualEraser::stamp] cx=159.0 cy=108.0 r=6 total=113 skipped_zero=113 erased=0
[GradualEraser::verify] center(159,108) rgba=(0,0,0,0)
[BrushEngine::stampEraser] cx=158.0 cy=108.0 m_eraser=0x5e2e38fafc58
[GradualEraser::stamp] cx=158.0 cy=108.0 r=6 total=113 skipped_zero=108 erased=5
[GradualEraser::verify] center(158,108) rgba=(0,0,0,0)
[BrushEngine::stampEraser] cx=158.0 cy=108.0 m_eraser=0x5e2e38fafc58
[GradualEraser::stamp] cx=158.0 cy=108.0 r=6 total=113 skipped_zero=113 erased=0
[GradualEraser::verify] center(158,108) rgba=(0,0,0,0)
[MOUSE_MOVE] drawing=true tool=1 drawing at (501.0,190.0)
[handleDrawing] tool=1 brushType=4 eraserSize=12.0 eraserOp=1.00 layer=0x5e2e67ee0d30
[BrushEngine::stampEraser] cx=158.0 cy=108.0 m_eraser=0x5e2e38fafc58
[GradualEraser::stamp] cx=158.0 cy=108.0 r=6 total=113 skipped_zero=113 erased=0
[GradualEraser::verify] center(158,108) rgba=(0,0,0,0)
[BrushEngine::stampEraser] cx=157.0 cy=108.0 m_eraser=0x5e2e38fafc58
[GradualEraser::stamp] cx=157.0 cy=108.0 r=6 total=113 skipped_zero=108 erased=5
[GradualEraser::verify] center(157,108) rgba=(0,0,0,0)
[BrushEngine::stampEraser] cx=157.0 cy=108.0 m_eraser=0x5e2e38fafc58
[GradualEraser::stamp] cx=157.0 cy=108.0 r=6 total=113 skipped_zero=113 erased=0
[GradualEraser::verify] center(157,108) rgba=(0,0,0,0)
[MOUSE_MOVE] drawing=true tool=1 drawing at (500.0,190.0)
[handleDrawing] tool=1 brushType=4 eraserSize=12.0 eraserOp=1.00 layer=0x5e2e67ee0d30
[BrushEngine::stampEraser] cx=157.0 cy=108.0 m_eraser=0x5e2e38fafc58
[GradualEraser::stamp] cx=157.0 cy=108.0 r=6 total=113 skipped_zero=113 erased=0
[GradualEraser::verify] center(157,108) rgba=(0,0,0,0)
[BrushEngine::stampEraser] cx=156.0 cy=108.0 m_eraser=0x5e2e38fafc58
[GradualEraser::stamp] cx=156.0 cy=108.0 r=6 total=113 skipped_zero=108 erased=5
[GradualEraser::verify] center(156,108) rgba=(0,0,0,0)
[BrushEngine::stampEraser] cx=156.0 cy=108.0 m_eraser=0x5e2e38fafc58
[GradualEraser::stamp] cx=156.0 cy=108.0 r=6 total=113 skipped_zero=113 erased=0
[GradualEraser::verify] center(156,108) rgba=(0,0,0,0)
[MOUSE_MOVE] drawing=true tool=1 drawing at (499.0,190.0)
[handleDrawing] tool=1 brushType=4 eraserSize=12.0 eraserOp=1.00 layer=0x5e2e67ee0d30
[BrushEngine::stampEraser] cx=156.0 cy=108.0 m_eraser=0x5e2e38fafc58
[GradualEraser::stamp] cx=156.0 cy=108.0 r=6 total=113 skipped_zero=113 erased=0
[GradualEraser::verify] center(156,108) rgba=(0,0,0,0)
[BrushEngine::stampEraser] cx=155.0 cy=108.0 m_eraser=0x5e2e38fafc58
[GradualEraser::stamp] cx=155.0 cy=108.0 r=6 total=113 skipped_zero=109 erased=4
[GradualEraser::verify] center(155,108) rgba=(0,0,0,0)
[BrushEngine::stampEraser] cx=155.0 cy=108.0 m_eraser=0x5e2e38fafc58
[GradualEraser::stamp] cx=155.0 cy=108.0 r=6 total=113 skipped_zero=113 erased=0
[GradualEraser::verify] center(155,108) rgba=(0,0,0,0)
[CANVAS_UPDATE] recompositing (frameDirty=1 canvasDirty=0)
[CANVAS_UPDATE] sample pixel (207,154): rgba=(255,101,50,255)
[MOUSE_MOVE] drawing=true tool=1 drawing at (498.0,190.0)
[handleDrawing] tool=1 brushType=4 eraserSize=12.0 eraserOp=1.00 layer=0x5e2e67ee0d30
[BrushEngine::stampEraser] cx=155.0 cy=108.0 m_eraser=0x5e2e38fafc58
[GradualEraser::stamp] cx=155.0 cy=108.0 r=6 total=113 skipped_zero=113 erased=0
[GradualEraser::verify] center(155,108) rgba=(0,0,0,0)
[BrushEngine::stampEraser] cx=154.0 cy=108.0 m_eraser=0x5e2e38fafc58
[GradualEraser::stamp] cx=154.0 cy=108.0 r=6 total=113 skipped_zero=109 erased=4
[GradualEraser::verify] center(154,108) rgba=(0,0,0,0)
[BrushEngine::stampEraser] cx=154.0 cy=108.0 m_eraser=0x5e2e38fafc58
[GradualEraser::stamp] cx=154.0 cy=108.0 r=6 total=113 skipped_zero=113 erased=0
[GradualEraser::verify] center(154,108) rgba=(0,0,0,0)
[MOUSE_MOVE] drawing=true tool=1 drawing at (497.0,190.0)
[handleDrawing] tool=1 brushType=4 eraserSize=12.0 eraserOp=1.00 layer=0x5e2e67ee0d30
[BrushEngine::stampEraser] cx=154.0 cy=108.0 m_eraser=0x5e2e38fafc58
[GradualEraser::stamp] cx=154.0 cy=108.0 r=6 total=113 skipped_zero=113 erased=0
[GradualEraser::verify] center(154,108) rgba=(0,0,0,0)
[BrushEngine::stampEraser] cx=153.0 cy=108.0 m_eraser=0x5e2e38fafc58
[GradualEraser::stamp] cx=153.0 cy=108.0 r=6 total=113 skipped_zero=110 erased=3
[GradualEraser::verify] center(153,108) rgba=(0,0,0,0)
[BrushEngine::stampEraser] cx=153.0 cy=108.0 m_eraser=0x5e2e38fafc58
[GradualEraser::stamp] cx=153.0 cy=108.0 r=6 total=113 skipped_zero=113 erased=0
[GradualEraser::verify] center(153,108) rgba=(0,0,0,0)
[MOUSE_MOVE] drawing=true tool=1 drawing at (496.0,191.0)
[handleDrawing] tool=1 brushType=4 eraserSize=12.0 eraserOp=1.00 layer=0x5e2e67ee0d30
[BrushEngine::stampEraser] cx=153.0 cy=108.0 m_eraser=0x5e2e38fafc58
[GradualEraser::stamp] cx=153.0 cy=108.0 r=6 total=113 skipped_zero=113 erased=0
[GradualEraser::verify] center(153,108) rgba=(0,0,0,0)
[BrushEngine::stampEraser] cx=152.0 cy=109.0 m_eraser=0x5e2e38fafc58
[GradualEraser::stamp] cx=152.0 cy=109.0 r=6 total=113 skipped_zero=104 erased=9
[GradualEraser::verify] center(152,109) rgba=(0,0,0,0)
[BrushEngine::stampEraser] cx=152.0 cy=109.0 m_eraser=0x5e2e38fafc58
[GradualEraser::stamp] cx=152.0 cy=109.0 r=6 total=113 skipped_zero=113 erased=0
[GradualEraser::verify] center(152,109) rgba=(0,0,0,0)
[MOUSE_MOVE] drawing=true tool=1 drawing at (495.0,191.0)
[handleDrawing] tool=1 brushType=4 eraserSize=12.0 eraserOp=1.00 layer=0x5e2e67ee0d30
[BrushEngine::stampEraser] cx=152.0 cy=109.0 m_eraser=0x5e2e38fafc58
[GradualEraser::stamp] cx=152.0 cy=109.0 r=6 total=113 skipped_zero=113 erased=0
[GradualEraser::verify] center(152,109) rgba=(0,0,0,0)
[BrushEngine::stampEraser] cx=151.0 cy=109.0 m_eraser=0x5e2e38fafc58
[GradualEraser::stamp] cx=151.0 cy=109.0 r=6 total=113 skipped_zero=109 erased=4
[GradualEraser::verify] center(151,109) rgba=(0,0,0,0)
[BrushEngine::stampEraser] cx=151.0 cy=109.0 m_eraser=0x5e2e38fafc58
[GradualEraser::stamp] cx=151.0 cy=109.0 r=6 total=113 skipped_zero=113 erased=0
[GradualEraser::verify] center(151,109) rgba=(0,0,0,0)
[MOUSE_MOVE] drawing=true tool=1 drawing at (494.0,191.0)
[handleDrawing] tool=1 brushType=4 eraserSize=12.0 eraserOp=1.00 layer=0x5e2e67ee0d30
[BrushEngine::stampEraser] cx=151.0 cy=109.0 m_eraser=0x5e2e38fafc58
[GradualEraser::stamp] cx=151.0 cy=109.0 r=6 total=113 skipped_zero=113 erased=0
[GradualEraser::verify] center(151,109) rgba=(0,0,0,0)
[BrushEngine::stampEraser] cx=150.0 cy=109.0 m_eraser=0x5e2e38fafc58
[GradualEraser::stamp] cx=150.0 cy=109.0 r=6 total=113 skipped_zero=110 erased=3
[GradualEraser::verify] center(150,109) rgba=(0,0,0,0)
[BrushEngine::stampEraser] cx=150.0 cy=109.0 m_eraser=0x5e2e38fafc58
[GradualEraser::stamp] cx=150.0 cy=109.0 r=6 total=113 skipped_zero=113 erased=0
[GradualEraser::verify] center(150,109) rgba=(0,0,0,0)
[MOUSE_MOVE] drawing=true tool=1 drawing at (491.0,191.0)
[handleDrawing] tool=1 brushType=4 eraserSize=12.0 eraserOp=1.00 layer=0x5e2e67ee0d30
[BrushEngine::stampEraser] cx=150.0 cy=109.0 m_eraser=0x5e2e38fafc58
[GradualEraser::stamp] cx=150.0 cy=109.0 r=6 total=113 skipped_zero=113 erased=0
[GradualEraser::verify] center(150,109) rgba=(0,0,0,0)
[BrushEngine::stampEraser] cx=147.0 cy=109.0 m_eraser=0x5e2e38fafc58
[GradualEraser::stamp] cx=147.0 cy=109.0 r=6 total=113 skipped_zero=106 erased=7
[GradualEraser::verify] center(147,109) rgba=(0,0,0,0)
[BrushEngine::stampEraser] cx=147.0 cy=109.0 m_eraser=0x5e2e38fafc58
[GradualEraser::stamp] cx=147.0 cy=109.0 r=6 total=113 skipped_zero=113 erased=0
[GradualEraser::verify] center(147,109) rgba=(0,0,0,0)
[MOUSE_MOVE] drawing=true tool=1 drawing at (489.0,191.0)
[handleDrawing] tool=1 brushType=4 eraserSize=12.0 eraserOp=1.00 layer=0x5e2e67ee0d30
[BrushEngine::stampEraser] cx=147.0 cy=109.0 m_eraser=0x5e2e38fafc58
[GradualEraser::stamp] cx=147.0 cy=109.0 r=6 total=113 skipped_zero=113 erased=0
[GradualEraser::verify] center(147,109) rgba=(0,0,0,0)
[BrushEngine::stampEraser] cx=145.0 cy=109.0 m_eraser=0x5e2e38fafc58
[GradualEraser::stamp] cx=145.0 cy=109.0 r=6 total=113 skipped_zero=110 erased=3
[GradualEraser::verify] center(145,109) rgba=(0,0,0,0)
[BrushEngine::stampEraser] cx=145.0 cy=109.0 m_eraser=0x5e2e38fafc58
[GradualEraser::stamp] cx=145.0 cy=109.0 r=6 total=113 skipped_zero=113 erased=0
[GradualEraser::verify] center(145,109) rgba=(0,0,0,0)
[MOUSE_MOVE] drawing=true tool=1 drawing at (488.0,191.0)
[handleDrawing] tool=1 brushType=4 eraserSize=12.0 eraserOp=1.00 layer=0x5e2e67ee0d30
[BrushEngine::stampEraser] cx=145.0 cy=109.0 m_eraser=0x5e2e38fafc58
[GradualEraser::stamp] cx=145.0 cy=109.0 r=6 total=113 skipped_zero=113 erased=0
[GradualEraser::verify] center(145,109) rgba=(0,0,0,0)
[BrushEngine::stampEraser] cx=144.0 cy=109.0 m_eraser=0x5e2e38fafc58
[GradualEraser::stamp] cx=144.0 cy=109.0 r=6 total=113 skipped_zero=112 erased=1
[GradualEraser::verify] center(144,109) rgba=(0,0,0,0)
[BrushEngine::stampEraser] cx=144.0 cy=109.0 m_eraser=0x5e2e38fafc58
[GradualEraser::stamp] cx=144.0 cy=109.0 r=6 total=113 skipped_zero=113 erased=0
[GradualEraser::verify] center(144,109) rgba=(0,0,0,0)
[MOUSE_MOVE] drawing=true tool=1 drawing at (483.0,191.0)
[handleDrawing] tool=1 brushType=4 eraserSize=12.0 eraserOp=1.00 layer=0x5e2e67ee0d30
[BrushEngine::stampEraser] cx=144.0 cy=109.0 m_eraser=0x5e2e38fafc58
[GradualEraser::stamp] cx=144.0 cy=109.0 r=6 total=113 skipped_zero=113 erased=0
[GradualEraser::verify] center(144,109) rgba=(0,0,0,0)
[BrushEngine::stampEraser] cx=141.5 cy=109.0 m_eraser=0x5e2e38fafc58
[GradualEraser::stamp] cx=141.5 cy=109.0 r=6 total=113 skipped_zero=112 erased=1
[GradualEraser::verify] center(142,109) rgba=(0,0,0,0)
[BrushEngine::stampEraser] cx=139.0 cy=109.0 m_eraser=0x5e2e38fafc58
[GradualEraser::stamp] cx=139.0 cy=109.0 r=6 total=113 skipped_zero=113 erased=0
[GradualEraser::verify] center(139,109) rgba=(0,0,0,0)
[BrushEngine::stampEraser] cx=139.0 cy=109.0 m_eraser=0x5e2e38fafc58
[GradualEraser::stamp] cx=139.0 cy=109.0 r=6 total=113 skipped_zero=113 erased=0
[GradualEraser::verify] center(139,109) rgba=(0,0,0,0)
[CANVAS_UPDATE] recompositing (frameDirty=1 canvasDirty=0)
[CANVAS_UPDATE] sample pixel (207,154): rgba=(255,101,50,255)
[MOUSE_MOVE] drawing=true tool=1 drawing at (482.0,191.0)
[handleDrawing] tool=1 brushType=4 eraserSize=12.0 eraserOp=1.00 layer=0x5e2e67ee0d30
[BrushEngine::stampEraser] cx=139.0 cy=109.0 m_eraser=0x5e2e38fafc58
[GradualEraser::stamp] cx=139.0 cy=109.0 r=6 total=113 skipped_zero=113 erased=0
[GradualEraser::verify] center(139,109) rgba=(0,0,0,0)
[BrushEngine::stampEraser] cx=138.0 cy=109.0 m_eraser=0x5e2e38fafc58
[GradualEraser::stamp] cx=138.0 cy=109.0 r=6 total=113 skipped_zero=113 erased=0
[GradualEraser::verify] center(138,109) rgba=(0,0,0,0)
[BrushEngine::stampEraser] cx=138.0 cy=109.0 m_eraser=0x5e2e38fafc58
[GradualEraser::stamp] cx=138.0 cy=109.0 r=6 total=113 skipped_zero=113 erased=0
[GradualEraser::verify] center(138,109) rgba=(0,0,0,0)
[MOUSE_MOVE] drawing=true tool=1 drawing at (481.0,193.0)
[handleDrawing] tool=1 brushType=4 eraserSize=12.0 eraserOp=1.00 layer=0x5e2e67ee0d30
[BrushEngine::stampEraser] cx=138.0 cy=109.0 m_eraser=0x5e2e38fafc58
[GradualEraser::stamp] cx=138.0 cy=109.0 r=6 total=113 skipped_zero=113 erased=0
[GradualEraser::verify] center(138,109) rgba=(0,0,0,0)
[BrushEngine::stampEraser] cx=137.0 cy=111.0 m_eraser=0x5e2e38fafc58
[GradualEraser::stamp] cx=137.0 cy=111.0 r=6 total=113 skipped_zero=109 erased=4
[GradualEraser::verify] center(137,111) rgba=(0,0,0,0)
[BrushEngine::stampEraser] cx=137.0 cy=111.0 m_eraser=0x5e2e38fafc58
[GradualEraser::stamp] cx=137.0 cy=111.0 r=6 total=113 skipped_zero=113 erased=0
[GradualEraser::verify] center(137,111) rgba=(0,0,0,0)
[MOUSE_MOVE] drawing=true tool=1 drawing at (478.0,193.0)
[handleDrawing] tool=1 brushType=4 eraserSize=12.0 eraserOp=1.00 layer=0x5e2e67ee0d30
[BrushEngine::stampEraser] cx=137.0 cy=111.0 m_eraser=0x5e2e38fafc58
[GradualEraser::stamp] cx=137.0 cy=111.0 r=6 total=113 skipped_zero=113 erased=0
[GradualEraser::verify] center(137,111) rgba=(0,0,0,0)
[BrushEngine::stampEraser] cx=134.0 cy=111.0 m_eraser=0x5e2e38fafc58
[GradualEraser::stamp] cx=134.0 cy=111.0 r=6 total=113 skipped_zero=113 erased=0
[GradualEraser::verify] center(134,111) rgba=(0,0,0,0)
[BrushEngine::stampEraser] cx=134.0 cy=111.0 m_eraser=0x5e2e38fafc58
[GradualEraser::stamp] cx=134.0 cy=111.0 r=6 total=113 skipped_zero=113 erased=0
[GradualEraser::verify] center(134,111) rgba=(0,0,0,0)
[MOUSE_MOVE] drawing=true tool=1 drawing at (476.0,193.0)
[handleDrawing] tool=1 brushType=4 eraserSize=12.0 eraserOp=1.00 layer=0x5e2e67ee0d30
[BrushEngine::stampEraser] cx=134.0 cy=111.0 m_eraser=0x5e2e38fafc58
[GradualEraser::stamp] cx=134.0 cy=111.0 r=6 total=113 skipped_zero=113 erased=0
[GradualEraser::verify] center(134,111) rgba=(0,0,0,0)
[BrushEngine::stampEraser] cx=132.0 cy=111.0 m_eraser=0x5e2e38fafc58
[GradualEraser::stamp] cx=132.0 cy=111.0 r=6 total=113 skipped_zero=113 erased=0
[GradualEraser::verify] center(132,111) rgba=(0,0,0,0)
[BrushEngine::stampEraser] cx=132.0 cy=111.0 m_eraser=0x5e2e38fafc58
[GradualEraser::stamp] cx=132.0 cy=111.0 r=6 total=113 skipped_zero=113 erased=0
[GradualEraser::verify] center(132,111) rgba=(0,0,0,0)
[MOUSE_MOVE] drawing=true tool=1 drawing at (475.0,193.0)
[handleDrawing] tool=1 brushType=4 eraserSize=12.0 eraserOp=1.00 layer=0x5e2e67ee0d30
[BrushEngine::stampEraser] cx=132.0 cy=111.0 m_eraser=0x5e2e38fafc58
[GradualEraser::stamp] cx=132.0 cy=111.0 r=6 total=113 skipped_zero=113 erased=0
[GradualEraser::verify] center(132,111) rgba=(0,0,0,0)
[BrushEngine::stampEraser] cx=131.0 cy=111.0 m_eraser=0x5e2e38fafc58
[GradualEraser::stamp] cx=131.0 cy=111.0 r=6 total=113 skipped_zero=113 erased=0
[GradualEraser::verify] center(131,111) rgba=(0,0,0,0)
[BrushEngine::stampEraser] cx=131.0 cy=111.0 m_eraser=0x5e2e38fafc58
[GradualEraser::stamp] cx=131.0 cy=111.0 r=6 total=113 skipped_zero=113 erased=0
[GradualEraser::verify] center(131,111) rgba=(0,0,0,0)
[MOUSE_MOVE] drawing=true tool=1 drawing at (472.0,194.0)
[handleDrawing] tool=1 brushType=4 eraserSize=12.0 eraserOp=1.00 layer=0x5e2e67ee0d30
[BrushEngine::stampEraser] cx=131.0 cy=111.0 m_eraser=0x5e2e38fafc58
[GradualEraser::stamp] cx=131.0 cy=111.0 r=6 total=113 skipped_zero=113 erased=0
[GradualEraser::verify] center(131,111) rgba=(0,0,0,0)
[BrushEngine::stampEraser] cx=129.5 cy=111.5 m_eraser=0x5e2e38fafc58
[GradualEraser::stamp] cx=129.5 cy=111.5 r=6 total=113 skipped_zero=113 erased=0
[GradualEraser::verify] center(130,112) rgba=(0,0,0,0)
[BrushEngine::stampEraser] cx=128.0 cy=112.0 m_eraser=0x5e2e38fafc58
[GradualEraser::stamp] cx=128.0 cy=112.0 r=6 total=113 skipped_zero=113 erased=0
[GradualEraser::verify] center(128,112) rgba=(0,0,0,0)
[BrushEngine::stampEraser] cx=128.0 cy=112.0 m_eraser=0x5e2e38fafc58
[GradualEraser::stamp] cx=128.0 cy=112.0 r=6 total=113 skipped_zero=113 erased=0
[GradualEraser::verify] center(128,112) rgba=(0,0,0,0)
[MOUSE_MOVE] drawing=true tool=1 drawing at (471.0,194.0)
[handleDrawing] tool=1 brushType=4 eraserSize=12.0 eraserOp=1.00 layer=0x5e2e67ee0d30
[BrushEngine::stampEraser] cx=128.0 cy=112.0 m_eraser=0x5e2e38fafc58
[GradualEraser::stamp] cx=128.0 cy=112.0 r=6 total=113 skipped_zero=113 erased=0
[GradualEraser::verify] center(128,112) rgba=(0,0,0,0)
[BrushEngine::stampEraser] cx=127.0 cy=112.0 m_eraser=0x5e2e38fafc58
[GradualEraser::stamp] cx=127.0 cy=112.0 r=6 total=113 skipped_zero=113 erased=0
[GradualEraser::verify] center(127,112) rgba=(0,0,0,0)
[BrushEngine::stampEraser] cx=127.0 cy=112.0 m_eraser=0x5e2e38fafc58
[GradualEraser::stamp] cx=127.0 cy=112.0 r=6 total=113 skipped_zero=113 erased=0
[GradualEraser::verify] center(127,112) rgba=(0,0,0,0)
[CANVAS_UPDATE] recompositing (frameDirty=1 canvasDirty=0)
[CANVAS_UPDATE] sample pixel (207,154): rgba=(255,101,50,255)
[MOUSE_MOVE] drawing=true tool=1 drawing at (470.0,194.0)
[handleDrawing] tool=1 brushType=4 eraserSize=12.0 eraserOp=1.00 layer=0x5e2e67ee0d30
[BrushEngine::stampEraser] cx=127.0 cy=112.0 m_eraser=0x5e2e38fafc58
[GradualEraser::stamp] cx=127.0 cy=112.0 r=6 total=113 skipped_zero=113 erased=0
[GradualEraser::verify] center(127,112) rgba=(0,0,0,0)
[BrushEngine::stampEraser] cx=126.0 cy=112.0 m_eraser=0x5e2e38fafc58
[GradualEraser::stamp] cx=126.0 cy=112.0 r=6 total=113 skipped_zero=113 erased=0
[GradualEraser::verify] center(126,112) rgba=(0,0,0,0)
[BrushEngine::stampEraser] cx=126.0 cy=112.0 m_eraser=0x5e2e38fafc58
[GradualEraser::stamp] cx=126.0 cy=112.0 r=6 total=113 skipped_zero=113 erased=0
[GradualEraser::verify] center(126,112) rgba=(0,0,0,0)
[MOUSE_MOVE] drawing=true tool=1 drawing at (469.0,194.0)
[handleDrawing] tool=1 brushType=4 eraserSize=12.0 eraserOp=1.00 layer=0x5e2e67ee0d30
[BrushEngine::stampEraser] cx=126.0 cy=112.0 m_eraser=0x5e2e38fafc58
[GradualEraser::stamp] cx=126.0 cy=112.0 r=6 total=113 skipped_zero=113 erased=0
[GradualEraser::verify] center(126,112) rgba=(0,0,0,0)
[BrushEngine::stampEraser] cx=125.0 cy=112.0 m_eraser=0x5e2e38fafc58
[GradualEraser::stamp] cx=125.0 cy=112.0 r=6 total=113 skipped_zero=113 erased=0
[GradualEraser::verify] center(125,112) rgba=(0,0,0,0)
[BrushEngine::stampEraser] cx=125.0 cy=112.0 m_eraser=0x5e2e38fafc58
[GradualEraser::stamp] cx=125.0 cy=112.0 r=6 total=113 skipped_zero=113 erased=0
[GradualEraser::verify] center(125,112) rgba=(0,0,0,0)
[MOUSE_MOVE] drawing=true tool=1 drawing at (469.0,195.0)
[handleDrawing] tool=1 brushType=4 eraserSize=12.0 eraserOp=1.00 layer=0x5e2e67ee0d30
[BrushEngine::stampEraser] cx=125.0 cy=112.0 m_eraser=0x5e2e38fafc58
[GradualEraser::stamp] cx=125.0 cy=112.0 r=6 total=113 skipped_zero=113 erased=0
[GradualEraser::verify] center(125,112) rgba=(0,0,0,0)
[BrushEngine::stampEraser] cx=125.0 cy=113.0 m_eraser=0x5e2e38fafc58
[GradualEraser::stamp] cx=125.0 cy=113.0 r=6 total=113 skipped_zero=113 erased=0
[GradualEraser::verify] center(125,113) rgba=(0,0,0,0)
[BrushEngine::stampEraser] cx=125.0 cy=113.0 m_eraser=0x5e2e38fafc58
[GradualEraser::stamp] cx=125.0 cy=113.0 r=6 total=113 skipped_zero=113 erased=0
[GradualEraser::verify] center(125,113) rgba=(0,0,0,0)
[CANVAS_UPDATE] recompositing (frameDirty=1 canvasDirty=0)
[CANVAS_UPDATE] sample pixel (207,154): rgba=(255,101,50,255)
[MOUSE_MOVE] drawing=true tool=1 drawing at (470.0,195.0)
[handleDrawing] tool=1 brushType=4 eraserSize=12.0 eraserOp=1.00 layer=0x5e2e67ee0d30
[BrushEngine::stampEraser] cx=125.0 cy=113.0 m_eraser=0x5e2e38fafc58
[GradualEraser::stamp] cx=125.0 cy=113.0 r=6 total=113 skipped_zero=113 erased=0
[GradualEraser::verify] center(125,113) rgba=(0,0,0,0)
[BrushEngine::stampEraser] cx=126.0 cy=113.0 m_eraser=0x5e2e38fafc58
[GradualEraser::stamp] cx=126.0 cy=113.0 r=6 total=113 skipped_zero=113 erased=0
[GradualEraser::verify] center(126,113) rgba=(0,0,0,0)
[BrushEngine::stampEraser] cx=126.0 cy=113.0 m_eraser=0x5e2e38fafc58
[GradualEraser::stamp] cx=126.0 cy=113.0 r=6 total=113 skipped_zero=113 erased=0
[GradualEraser::verify] center(126,113) rgba=(0,0,0,0)
[CANVAS_UPDATE] recompositing (frameDirty=1 canvasDirty=0)
[CANVAS_UPDATE] sample pixel (207,154): rgba=(255,101,50,255)
[MOUSE_MOVE] drawing=true tool=1 drawing at (471.0,195.0)
[handleDrawing] tool=1 brushType=4 eraserSize=12.0 eraserOp=1.00 layer=0x5e2e67ee0d30
[BrushEngine::stampEraser] cx=126.0 cy=113.0 m_eraser=0x5e2e38fafc58
[GradualEraser::stamp] cx=126.0 cy=113.0 r=6 total=113 skipped_zero=113 erased=0
[GradualEraser::verify] center(126,113) rgba=(0,0,0,0)
[BrushEngine::stampEraser] cx=127.0 cy=113.0 m_eraser=0x5e2e38fafc58
[GradualEraser::stamp] cx=127.0 cy=113.0 r=6 total=113 skipped_zero=113 erased=0
[GradualEraser::verify] center(127,113) rgba=(0,0,0,0)
[BrushEngine::stampEraser] cx=127.0 cy=113.0 m_eraser=0x5e2e38fafc58
[GradualEraser::stamp] cx=127.0 cy=113.0 r=6 total=113 skipped_zero=113 erased=0
[GradualEraser::verify] center(127,113) rgba=(0,0,0,0)
[MOUSE_MOVE] drawing=true tool=1 drawing at (472.0,195.0)
[handleDrawing] tool=1 brushType=4 eraserSize=12.0 eraserOp=1.00 layer=0x5e2e67ee0d30
[BrushEngine::stampEraser] cx=127.0 cy=113.0 m_eraser=0x5e2e38fafc58
[GradualEraser::stamp] cx=127.0 cy=113.0 r=6 total=113 skipped_zero=113 erased=0
[GradualEraser::verify] center(127,113) rgba=(0,0,0,0)
[BrushEngine::stampEraser] cx=128.0 cy=113.0 m_eraser=0x5e2e38fafc58
[GradualEraser::stamp] cx=128.0 cy=113.0 r=6 total=113 skipped_zero=113 erased=0
[GradualEraser::verify] center(128,113) rgba=(0,0,0,0)
[BrushEngine::stampEraser] cx=128.0 cy=113.0 m_eraser=0x5e2e38fafc58
[GradualEraser::stamp] cx=128.0 cy=113.0 r=6 total=113 skipped_zero=113 erased=0
[GradualEraser::verify] center(128,113) rgba=(0,0,0,0)
[MOUSE_MOVE] drawing=true tool=1 drawing at (473.0,195.0)
[handleDrawing] tool=1 brushType=4 eraserSize=12.0 eraserOp=1.00 layer=0x5e2e67ee0d30
[BrushEngine::stampEraser] cx=128.0 cy=113.0 m_eraser=0x5e2e38fafc58
[GradualEraser::stamp] cx=128.0 cy=113.0 r=6 total=113 skipped_zero=113 erased=0
[GradualEraser::verify] center(128,113) rgba=(0,0,0,0)
[BrushEngine::stampEraser] cx=129.0 cy=113.0 m_eraser=0x5e2e38fafc58
[GradualEraser::stamp] cx=129.0 cy=113.0 r=6 total=113 skipped_zero=113 erased=0
[GradualEraser::verify] center(129,113) rgba=(0,0,0,0)
[BrushEngine::stampEraser] cx=129.0 cy=113.0 m_eraser=0x5e2e38fafc58
[GradualEraser::stamp] cx=129.0 cy=113.0 r=6 total=113 skipped_zero=113 erased=0
[GradualEraser::verify] center(129,113) rgba=(0,0,0,0)
[MOUSE_MOVE] drawing=true tool=1 drawing at (474.0,195.0)
[handleDrawing] tool=1 brushType=4 eraserSize=12.0 eraserOp=1.00 layer=0x5e2e67ee0d30
[BrushEngine::stampEraser] cx=129.0 cy=113.0 m_eraser=0x5e2e38fafc58
[GradualEraser::stamp] cx=129.0 cy=113.0 r=6 total=113 skipped_zero=113 erased=0
[GradualEraser::verify] center(129,113) rgba=(0,0,0,0)
[BrushEngine::stampEraser] cx=130.0 cy=113.0 m_eraser=0x5e2e38fafc58
[GradualEraser::stamp] cx=130.0 cy=113.0 r=6 total=113 skipped_zero=113 erased=0
[GradualEraser::verify] center(130,113) rgba=(0,0,0,0)
[BrushEngine::stampEraser] cx=130.0 cy=113.0 m_eraser=0x5e2e38fafc58
[GradualEraser::stamp] cx=130.0 cy=113.0 r=6 total=113 skipped_zero=113 erased=0
[GradualEraser::verify] center(130,113) rgba=(0,0,0,0)
[MOUSE_MOVE] drawing=true tool=1 drawing at (475.0,195.0)
[handleDrawing] tool=1 brushType=4 eraserSize=12.0 eraserOp=1.00 layer=0x5e2e67ee0d30
[BrushEngine::stampEraser] cx=130.0 cy=113.0 m_eraser=0x5e2e38fafc58
[GradualEraser::stamp] cx=130.0 cy=113.0 r=6 total=113 skipped_zero=113 erased=0
[GradualEraser::verify] center(130,113) rgba=(0,0,0,0)
[BrushEngine::stampEraser] cx=131.0 cy=113.0 m_eraser=0x5e2e38fafc58
[GradualEraser::stamp] cx=131.0 cy=113.0 r=6 total=113 skipped_zero=113 erased=0
[GradualEraser::verify] center(131,113) rgba=(0,0,0,0)
[BrushEngine::stampEraser] cx=131.0 cy=113.0 m_eraser=0x5e2e38fafc58
[GradualEraser::stamp] cx=131.0 cy=113.0 r=6 total=113 skipped_zero=113 erased=0
[GradualEraser::verify] center(131,113) rgba=(0,0,0,0)
[MOUSE_MOVE] drawing=true tool=1 drawing at (476.0,195.0)
[handleDrawing] tool=1 brushType=4 eraserSize=12.0 eraserOp=1.00 layer=0x5e2e67ee0d30
[BrushEngine::stampEraser] cx=131.0 cy=113.0 m_eraser=0x5e2e38fafc58
[GradualEraser::stamp] cx=131.0 cy=113.0 r=6 total=113 skipped_zero=113 erased=0
[GradualEraser::verify] center(131,113) rgba=(0,0,0,0)
[BrushEngine::stampEraser] cx=132.0 cy=113.0 m_eraser=0x5e2e38fafc58
[GradualEraser::stamp] cx=132.0 cy=113.0 r=6 total=113 skipped_zero=111 erased=2
[GradualEraser::verify] center(132,113) rgba=(0,0,0,0)
[BrushEngine::stampEraser] cx=132.0 cy=113.0 m_eraser=0x5e2e38fafc58
[GradualEraser::stamp] cx=132.0 cy=113.0 r=6 total=113 skipped_zero=113 erased=0
[GradualEraser::verify] center(132,113) rgba=(0,0,0,0)
[MOUSE_MOVE] drawing=true tool=1 drawing at (477.0,195.0)
[handleDrawing] tool=1 brushType=4 eraserSize=12.0 eraserOp=1.00 layer=0x5e2e67ee0d30
[BrushEngine::stampEraser] cx=132.0 cy=113.0 m_eraser=0x5e2e38fafc58
[GradualEraser::stamp] cx=132.0 cy=113.0 r=6 total=113 skipped_zero=113 erased=0
[GradualEraser::verify] center(132,113) rgba=(0,0,0,0)
[BrushEngine::stampEraser] cx=133.0 cy=113.0 m_eraser=0x5e2e38fafc58
[GradualEraser::stamp] cx=133.0 cy=113.0 r=6 total=113 skipped_zero=111 erased=2
[GradualEraser::verify] center(133,113) rgba=(0,0,0,0)
[BrushEngine::stampEraser] cx=133.0 cy=113.0 m_eraser=0x5e2e38fafc58
[GradualEraser::stamp] cx=133.0 cy=113.0 r=6 total=113 skipped_zero=113 erased=0
[GradualEraser::verify] center(133,113) rgba=(0,0,0,0)
[CANVAS_UPDATE] recompositing (frameDirty=1 canvasDirty=0)
[CANVAS_UPDATE] sample pixel (207,154): rgba=(255,101,50,255)
[MOUSE_MOVE] drawing=true tool=1 drawing at (478.0,195.0)
[handleDrawing] tool=1 brushType=4 eraserSize=12.0 eraserOp=1.00 layer=0x5e2e67ee0d30
[BrushEngine::stampEraser] cx=133.0 cy=113.0 m_eraser=0x5e2e38fafc58
[GradualEraser::stamp] cx=133.0 cy=113.0 r=6 total=113 skipped_zero=113 erased=0
[GradualEraser::verify] center(133,113) rgba=(0,0,0,0)
[BrushEngine::stampEraser] cx=134.0 cy=113.0 m_eraser=0x5e2e38fafc58
[GradualEraser::stamp] cx=134.0 cy=113.0 r=6 total=113 skipped_zero=110 erased=3
[GradualEraser::verify] center(134,113) rgba=(0,0,0,0)
[BrushEngine::stampEraser] cx=134.0 cy=113.0 m_eraser=0x5e2e38fafc58
[GradualEraser::stamp] cx=134.0 cy=113.0 r=6 total=113 skipped_zero=113 erased=0
[GradualEraser::verify] center(134,113) rgba=(0,0,0,0)
[MOUSE_MOVE] drawing=true tool=1 drawing at (479.0,195.0)
[handleDrawing] tool=1 brushType=4 eraserSize=12.0 eraserOp=1.00 layer=0x5e2e67ee0d30
[BrushEngine::stampEraser] cx=134.0 cy=113.0 m_eraser=0x5e2e38fafc58
[GradualEraser::stamp] cx=134.0 cy=113.0 r=6 total=113 skipped_zero=113 erased=0
[GradualEraser::verify] center(134,113) rgba=(0,0,0,0)
[BrushEngine::stampEraser] cx=135.0 cy=113.0 m_eraser=0x5e2e38fafc58
[GradualEraser::stamp] cx=135.0 cy=113.0 r=6 total=113 skipped_zero=110 erased=3
[GradualEraser::verify] center(135,113) rgba=(0,0,0,0)
[BrushEngine::stampEraser] cx=135.0 cy=113.0 m_eraser=0x5e2e38fafc58
[GradualEraser::stamp] cx=135.0 cy=113.0 r=6 total=113 skipped_zero=113 erased=0
[GradualEraser::verify] center(135,113) rgba=(0,0,0,0)
[MOUSE_MOVE] drawing=true tool=1 drawing at (482.0,195.0)
[handleDrawing] tool=1 brushType=4 eraserSize=12.0 eraserOp=1.00 layer=0x5e2e67ee0d30
[BrushEngine::stampEraser] cx=135.0 cy=113.0 m_eraser=0x5e2e38fafc58
[GradualEraser::stamp] cx=135.0 cy=113.0 r=6 total=113 skipped_zero=113 erased=0
[GradualEraser::verify] center(135,113) rgba=(0,0,0,0)
[BrushEngine::stampEraser] cx=138.0 cy=113.0 m_eraser=0x5e2e38fafc58
[GradualEraser::stamp] cx=138.0 cy=113.0 r=6 total=113 skipped_zero=102 erased=11
[GradualEraser::verify] center(138,113) rgba=(0,0,0,0)
[BrushEngine::stampEraser] cx=138.0 cy=113.0 m_eraser=0x5e2e38fafc58
[GradualEraser::stamp] cx=138.0 cy=113.0 r=6 total=113 skipped_zero=113 erased=0
[GradualEraser::verify] center(138,113) rgba=(0,0,0,0)
[MOUSE_MOVE] drawing=true tool=1 drawing at (484.0,195.0)
[handleDrawing] tool=1 brushType=4 eraserSize=12.0 eraserOp=1.00 layer=0x5e2e67ee0d30
[BrushEngine::stampEraser] cx=138.0 cy=113.0 m_eraser=0x5e2e38fafc58
[GradualEraser::stamp] cx=138.0 cy=113.0 r=6 total=113 skipped_zero=113 erased=0
[GradualEraser::verify] center(138,113) rgba=(0,0,0,0)
[BrushEngine::stampEraser] cx=140.0 cy=113.0 m_eraser=0x5e2e38fafc58
[GradualEraser::stamp] cx=140.0 cy=113.0 r=6 total=113 skipped_zero=106 erased=7
[GradualEraser::verify] center(140,113) rgba=(0,0,0,0)
[BrushEngine::stampEraser] cx=140.0 cy=113.0 m_eraser=0x5e2e38fafc58
[GradualEraser::stamp] cx=140.0 cy=113.0 r=6 total=113 skipped_zero=113 erased=0
[GradualEraser::verify] center(140,113) rgba=(0,0,0,0)
[MOUSE_MOVE] drawing=true tool=1 drawing at (485.0,195.0)
[handleDrawing] tool=1 brushType=4 eraserSize=12.0 eraserOp=1.00 layer=0x5e2e67ee0d30
[BrushEngine::stampEraser] cx=140.0 cy=113.0 m_eraser=0x5e2e38fafc58
[GradualEraser::stamp] cx=140.0 cy=113.0 r=6 total=113 skipped_zero=113 erased=0
[GradualEraser::verify] center(140,113) rgba=(0,0,0,0)
[BrushEngine::stampEraser] cx=141.0 cy=113.0 m_eraser=0x5e2e38fafc58
[GradualEraser::stamp] cx=141.0 cy=113.0 r=6 total=113 skipped_zero=108 erased=5
[GradualEraser::verify] center(141,113) rgba=(0,0,0,0)
[BrushEngine::stampEraser] cx=141.0 cy=113.0 m_eraser=0x5e2e38fafc58
[GradualEraser::stamp] cx=141.0 cy=113.0 r=6 total=113 skipped_zero=113 erased=0
[GradualEraser::verify] center(141,113) rgba=(0,0,0,0)
[MOUSE_MOVE] drawing=true tool=1 drawing at (487.0,195.0)
[handleDrawing] tool=1 brushType=4 eraserSize=12.0 eraserOp=1.00 layer=0x5e2e67ee0d30
[BrushEngine::stampEraser] cx=141.0 cy=113.0 m_eraser=0x5e2e38fafc58
[GradualEraser::stamp] cx=141.0 cy=113.0 r=6 total=113 skipped_zero=113 erased=0
[GradualEraser::verify] center(141,113) rgba=(0,0,0,0)
[BrushEngine::stampEraser] cx=143.0 cy=113.0 m_eraser=0x5e2e38fafc58
[GradualEraser::stamp] cx=143.0 cy=113.0 r=6 total=113 skipped_zero=105 erased=8
[GradualEraser::verify] center(143,113) rgba=(0,0,0,0)
[BrushEngine::stampEraser] cx=143.0 cy=113.0 m_eraser=0x5e2e38fafc58
[GradualEraser::stamp] cx=143.0 cy=113.0 r=6 total=113 skipped_zero=113 erased=0
[GradualEraser::verify] center(143,113) rgba=(0,0,0,0)
[MOUSE_MOVE] drawing=true tool=1 drawing at (489.0,195.0)
[handleDrawing] tool=1 brushType=4 eraserSize=12.0 eraserOp=1.00 layer=0x5e2e67ee0d30
[BrushEngine::stampEraser] cx=143.0 cy=113.0 m_eraser=0x5e2e38fafc58
[GradualEraser::stamp] cx=143.0 cy=113.0 r=6 total=113 skipped_zero=113 erased=0
[GradualEraser::verify] center(143,113) rgba=(0,0,0,0)
[BrushEngine::stampEraser] cx=145.0 cy=113.0 m_eraser=0x5e2e38fafc58
[GradualEraser::stamp] cx=145.0 cy=113.0 r=6 total=113 skipped_zero=105 erased=8
[GradualEraser::verify] center(145,113) rgba=(0,0,0,0)
[BrushEngine::stampEraser] cx=145.0 cy=113.0 m_eraser=0x5e2e38fafc58
[GradualEraser::stamp] cx=145.0 cy=113.0 r=6 total=113 skipped_zero=113 erased=0
[GradualEraser::verify] center(145,113) rgba=(0,0,0,0)
[MOUSE_MOVE] drawing=true tool=1 drawing at (490.0,195.0)
[handleDrawing] tool=1 brushType=4 eraserSize=12.0 eraserOp=1.00 layer=0x5e2e67ee0d30
[BrushEngine::stampEraser] cx=145.0 cy=113.0 m_eraser=0x5e2e38fafc58
[GradualEraser::stamp] cx=145.0 cy=113.0 r=6 total=113 skipped_zero=113 erased=0
[GradualEraser::verify] center(145,113) rgba=(0,0,0,0)
[BrushEngine::stampEraser] cx=146.0 cy=113.0 m_eraser=0x5e2e38fafc58
[GradualEraser::stamp] cx=146.0 cy=113.0 r=6 total=113 skipped_zero=109 erased=4
[GradualEraser::verify] center(146,113) rgba=(0,0,0,0)
[BrushEngine::stampEraser] cx=146.0 cy=113.0 m_eraser=0x5e2e38fafc58
[GradualEraser::stamp] cx=146.0 cy=113.0 r=6 total=113 skipped_zero=113 erased=0
[GradualEraser::verify] center(146,113) rgba=(0,0,0,0)
[CANVAS_UPDATE] recompositing (frameDirty=1 canvasDirty=0)
[CANVAS_UPDATE] sample pixel (207,154): rgba=(255,101,50,255)
[MOUSE_MOVE] drawing=true tool=1 drawing at (493.0,195.0)
[handleDrawing] tool=1 brushType=4 eraserSize=12.0 eraserOp=1.00 layer=0x5e2e67ee0d30
[BrushEngine::stampEraser] cx=146.0 cy=113.0 m_eraser=0x5e2e38fafc58
[GradualEraser::stamp] cx=146.0 cy=113.0 r=6 total=113 skipped_zero=113 erased=0
[GradualEraser::verify] center(146,113) rgba=(0,0,0,0)
[BrushEngine::stampEraser] cx=149.0 cy=113.0 m_eraser=0x5e2e38fafc58
[GradualEraser::stamp] cx=149.0 cy=113.0 r=6 total=113 skipped_zero=101 erased=12
[GradualEraser::verify] center(149,113) rgba=(0,0,0,0)
[BrushEngine::stampEraser] cx=149.0 cy=113.0 m_eraser=0x5e2e38fafc58
[GradualEraser::stamp] cx=149.0 cy=113.0 r=6 total=113 skipped_zero=113 erased=0
[GradualEraser::verify] center(149,113) rgba=(0,0,0,0)
[MOUSE_MOVE] drawing=true tool=1 drawing at (494.0,195.0)
[handleDrawing] tool=1 brushType=4 eraserSize=12.0 eraserOp=1.00 layer=0x5e2e67ee0d30
[BrushEngine::stampEraser] cx=149.0 cy=113.0 m_eraser=0x5e2e38fafc58
[GradualEraser::stamp] cx=149.0 cy=113.0 r=6 total=113 skipped_zero=113 erased=0
[GradualEraser::verify] center(149,113) rgba=(0,0,0,0)
[BrushEngine::stampEraser] cx=150.0 cy=113.0 m_eraser=0x5e2e38fafc58
[GradualEraser::stamp] cx=150.0 cy=113.0 r=6 total=113 skipped_zero=108 erased=5
[GradualEraser::verify] center(150,113) rgba=(0,0,0,0)
[BrushEngine::stampEraser] cx=150.0 cy=113.0 m_eraser=0x5e2e38fafc58
[GradualEraser::stamp] cx=150.0 cy=113.0 r=6 total=113 skipped_zero=113 erased=0
[GradualEraser::verify] center(150,113) rgba=(0,0,0,0)
[MOUSE_MOVE] drawing=true tool=1 drawing at (495.0,195.0)
[handleDrawing] tool=1 brushType=4 eraserSize=12.0 eraserOp=1.00 layer=0x5e2e67ee0d30
[BrushEngine::stampEraser] cx=150.0 cy=113.0 m_eraser=0x5e2e38fafc58
[GradualEraser::stamp] cx=150.0 cy=113.0 r=6 total=113 skipped_zero=113 erased=0
[GradualEraser::verify] center(150,113) rgba=(0,0,0,0)
[BrushEngine::stampEraser] cx=151.0 cy=113.0 m_eraser=0x5e2e38fafc58
[GradualEraser::stamp] cx=151.0 cy=113.0 r=6 total=113 skipped_zero=109 erased=4
[GradualEraser::verify] center(151,113) rgba=(0,0,0,0)
[BrushEngine::stampEraser] cx=151.0 cy=113.0 m_eraser=0x5e2e38fafc58
[GradualEraser::stamp] cx=151.0 cy=113.0 r=6 total=113 skipped_zero=113 erased=0
[GradualEraser::verify] center(151,113) rgba=(0,0,0,0)
[MOUSE_MOVE] drawing=true tool=1 drawing at (498.0,194.0)
[handleDrawing] tool=1 brushType=4 eraserSize=12.0 eraserOp=1.00 layer=0x5e2e67ee0d30
[BrushEngine::stampEraser] cx=151.0 cy=113.0 m_eraser=0x5e2e38fafc58
[GradualEraser::stamp] cx=151.0 cy=113.0 r=6 total=113 skipped_zero=113 erased=0
[GradualEraser::verify] center(151,113) rgba=(0,0,0,0)
[BrushEngine::stampEraser] cx=152.5 cy=112.5 m_eraser=0x5e2e38fafc58
[GradualEraser::stamp] cx=152.5 cy=112.5 r=6 total=113 skipped_zero=110 erased=3
[GradualEraser::verify] center(153,113) rgba=(0,0,0,0)
[BrushEngine::stampEraser] cx=154.0 cy=112.0 m_eraser=0x5e2e38fafc58
[GradualEraser::stamp] cx=154.0 cy=112.0 r=6 total=113 skipped_zero=113 erased=0
[GradualEraser::verify] center(154,112) rgba=(0,0,0,0)
[BrushEngine::stampEraser] cx=154.0 cy=112.0 m_eraser=0x5e2e38fafc58
[GradualEraser::stamp] cx=154.0 cy=112.0 r=6 total=113 skipped_zero=113 erased=0
[GradualEraser::verify] center(154,112) rgba=(0,0,0,0)
[MOUSE_MOVE] drawing=true tool=1 drawing at (500.0,194.0)
[handleDrawing] tool=1 brushType=4 eraserSize=12.0 eraserOp=1.00 layer=0x5e2e67ee0d30
[BrushEngine::stampEraser] cx=154.0 cy=112.0 m_eraser=0x5e2e38fafc58
[GradualEraser::stamp] cx=154.0 cy=112.0 r=6 total=113 skipped_zero=113 erased=0
[GradualEraser::verify] center(154,112) rgba=(0,0,0,0)
[BrushEngine::stampEraser] cx=156.0 cy=112.0 m_eraser=0x5e2e38fafc58
[GradualEraser::stamp] cx=156.0 cy=112.0 r=6 total=113 skipped_zero=113 erased=0
[GradualEraser::verify] center(156,112) rgba=(0,0,0,0)
[BrushEngine::stampEraser] cx=156.0 cy=112.0 m_eraser=0x5e2e38fafc58
[GradualEraser::stamp] cx=156.0 cy=112.0 r=6 total=113 skipped_zero=113 erased=0
[GradualEraser::verify] center(156,112) rgba=(0,0,0,0)
[MOUSE_MOVE] drawing=true tool=1 drawing at (501.0,194.0)
[handleDrawing] tool=1 brushType=4 eraserSize=12.0 eraserOp=1.00 layer=0x5e2e67ee0d30
[BrushEngine::stampEraser] cx=156.0 cy=112.0 m_eraser=0x5e2e38fafc58
[GradualEraser::stamp] cx=156.0 cy=112.0 r=6 total=113 skipped_zero=113 erased=0
[GradualEraser::verify] center(156,112) rgba=(0,0,0,0)
[BrushEngine::stampEraser] cx=157.0 cy=112.0 m_eraser=0x5e2e38fafc58
[GradualEraser::stamp] cx=157.0 cy=112.0 r=6 total=113 skipped_zero=113 erased=0
[GradualEraser::verify] center(157,112) rgba=(0,0,0,0)
[BrushEngine::stampEraser] cx=157.0 cy=112.0 m_eraser=0x5e2e38fafc58
[GradualEraser::stamp] cx=157.0 cy=112.0 r=6 total=113 skipped_zero=113 erased=0
[GradualEraser::verify] center(157,112) rgba=(0,0,0,0)
[MOUSE_MOVE] drawing=true tool=1 drawing at (503.0,194.0)
[handleDrawing] tool=1 brushType=4 eraserSize=12.0 eraserOp=1.00 layer=0x5e2e67ee0d30
[BrushEngine::stampEraser] cx=157.0 cy=112.0 m_eraser=0x5e2e38fafc58
[GradualEraser::stamp] cx=157.0 cy=112.0 r=6 total=113 skipped_zero=113 erased=0
[GradualEraser::verify] center(157,112) rgba=(0,0,0,0)
[BrushEngine::stampEraser] cx=159.0 cy=112.0 m_eraser=0x5e2e38fafc58
[GradualEraser::stamp] cx=159.0 cy=112.0 r=6 total=113 skipped_zero=113 erased=0
[GradualEraser::verify] center(159,112) rgba=(0,0,0,0)
[BrushEngine::stampEraser] cx=159.0 cy=112.0 m_eraser=0x5e2e38fafc58
[GradualEraser::stamp] cx=159.0 cy=112.0 r=6 total=113 skipped_zero=113 erased=0
[GradualEraser::verify] center(159,112) rgba=(0,0,0,0)
[MOUSE_MOVE] drawing=true tool=1 drawing at (507.0,194.0)
[handleDrawing] tool=1 brushType=4 eraserSize=12.0 eraserOp=1.00 layer=0x5e2e67ee0d30
[BrushEngine::stampEraser] cx=159.0 cy=112.0 m_eraser=0x5e2e38fafc58
[GradualEraser::stamp] cx=159.0 cy=112.0 r=6 total=113 skipped_zero=113 erased=0
[GradualEraser::verify] center(159,112) rgba=(0,0,0,0)
[BrushEngine::stampEraser] cx=161.0 cy=112.0 m_eraser=0x5e2e38fafc58
[GradualEraser::stamp] cx=161.0 cy=112.0 r=6 total=113 skipped_zero=113 erased=0
[GradualEraser::verify] center(161,112) rgba=(0,0,0,0)
[BrushEngine::stampEraser] cx=163.0 cy=112.0 m_eraser=0x5e2e38fafc58
[GradualEraser::stamp] cx=163.0 cy=112.0 r=6 total=113 skipped_zero=113 erased=0
[GradualEraser::verify] center(163,112) rgba=(0,0,0,0)
[BrushEngine::stampEraser] cx=163.0 cy=112.0 m_eraser=0x5e2e38fafc58
[GradualEraser::stamp] cx=163.0 cy=112.0 r=6 total=113 skipped_zero=113 erased=0
[GradualEraser::verify] center(163,112) rgba=(0,0,0,0)
[MOUSE_MOVE] drawing=true tool=1 drawing at (508.0,194.0)
[handleDrawing] tool=1 brushType=4 eraserSize=12.0 eraserOp=1.00 layer=0x5e2e67ee0d30
[BrushEngine::stampEraser] cx=163.0 cy=112.0 m_eraser=0x5e2e38fafc58
[GradualEraser::stamp] cx=163.0 cy=112.0 r=6 total=113 skipped_zero=113 erased=0
[GradualEraser::verify] center(163,112) rgba=(0,0,0,0)
[BrushEngine::stampEraser] cx=164.0 cy=112.0 m_eraser=0x5e2e38fafc58
[GradualEraser::stamp] cx=164.0 cy=112.0 r=6 total=113 skipped_zero=113 erased=0
[GradualEraser::verify] center(164,112) rgba=(0,0,0,0)
[BrushEngine::stampEraser] cx=164.0 cy=112.0 m_eraser=0x5e2e38fafc58
[GradualEraser::stamp] cx=164.0 cy=112.0 r=6 total=113 skipped_zero=113 erased=0
[GradualEraser::verify] center(164,112) rgba=(0,0,0,0)
[CANVAS_UPDATE] recompositing (frameDirty=1 canvasDirty=0)
[CANVAS_UPDATE] sample pixel (207,154): rgba=(255,101,50,255)
[MOUSE_MOVE] drawing=true tool=1 drawing at (511.0,194.0)
[handleDrawing] tool=1 brushType=4 eraserSize=12.0 eraserOp=1.00 layer=0x5e2e67ee0d30
[BrushEngine::stampEraser] cx=164.0 cy=112.0 m_eraser=0x5e2e38fafc58
[GradualEraser::stamp] cx=164.0 cy=112.0 r=6 total=113 skipped_zero=113 erased=0
[GradualEraser::verify] center(164,112) rgba=(0,0,0,0)
[BrushEngine::stampEraser] cx=167.0 cy=112.0 m_eraser=0x5e2e38fafc58
[GradualEraser::stamp] cx=167.0 cy=112.0 r=6 total=113 skipped_zero=113 erased=0
[GradualEraser::verify] center(167,112) rgba=(0,0,0,0)
[BrushEngine::stampEraser] cx=167.0 cy=112.0 m_eraser=0x5e2e38fafc58
[GradualEraser::stamp] cx=167.0 cy=112.0 r=6 total=113 skipped_zero=113 erased=0
[GradualEraser::verify] center(167,112) rgba=(0,0,0,0)
[MOUSE_MOVE] drawing=true tool=1 drawing at (514.0,194.0)
[handleDrawing] tool=1 brushType=4 eraserSize=12.0 eraserOp=1.00 layer=0x5e2e67ee0d30
[BrushEngine::stampEraser] cx=167.0 cy=112.0 m_eraser=0x5e2e38fafc58
[GradualEraser::stamp] cx=167.0 cy=112.0 r=6 total=113 skipped_zero=113 erased=0
[GradualEraser::verify] center(167,112) rgba=(0,0,0,0)
[BrushEngine::stampEraser] cx=170.0 cy=112.0 m_eraser=0x5e2e38fafc58
[GradualEraser::stamp] cx=170.0 cy=112.0 r=6 total=113 skipped_zero=105 erased=8
[GradualEraser::verify] center(170,112) rgba=(0,0,0,0)
[BrushEngine::stampEraser] cx=170.0 cy=112.0 m_eraser=0x5e2e38fafc58
[GradualEraser::stamp] cx=170.0 cy=112.0 r=6 total=113 skipped_zero=113 erased=0
[GradualEraser::verify] center(170,112) rgba=(0,0,0,0)
[MOUSE_MOVE] drawing=true tool=1 drawing at (516.0,194.0)
[handleDrawing] tool=1 brushType=4 eraserSize=12.0 eraserOp=1.00 layer=0x5e2e67ee0d30
[BrushEngine::stampEraser] cx=170.0 cy=112.0 m_eraser=0x5e2e38fafc58
[GradualEraser::stamp] cx=170.0 cy=112.0 r=6 total=113 skipped_zero=113 erased=0
[GradualEraser::verify] center(170,112) rgba=(0,0,0,0)
[BrushEngine::stampEraser] cx=172.0 cy=112.0 m_eraser=0x5e2e38fafc58
[GradualEraser::stamp] cx=172.0 cy=112.0 r=6 total=113 skipped_zero=100 erased=13
[GradualEraser::verify] center(172,112) rgba=(0,0,0,0)
[BrushEngine::stampEraser] cx=172.0 cy=112.0 m_eraser=0x5e2e38fafc58
[GradualEraser::stamp] cx=172.0 cy=112.0 r=6 total=113 skipped_zero=113 erased=0
[GradualEraser::verify] center(172,112) rgba=(0,0,0,0)
[MOUSE_MOVE] drawing=true tool=1 drawing at (517.0,194.0)
[handleDrawing] tool=1 brushType=4 eraserSize=12.0 eraserOp=1.00 layer=0x5e2e67ee0d30
[BrushEngine::stampEraser] cx=172.0 cy=112.0 m_eraser=0x5e2e38fafc58
[GradualEraser::stamp] cx=172.0 cy=112.0 r=6 total=113 skipped_zero=113 erased=0
[GradualEraser::verify] center(172,112) rgba=(0,0,0,0)
[BrushEngine::stampEraser] cx=173.0 cy=112.0 m_eraser=0x5e2e38fafc58
[GradualEraser::stamp] cx=173.0 cy=112.0 r=6 total=113 skipped_zero=106 erased=7
[GradualEraser::verify] center(173,112) rgba=(0,0,0,0)
[BrushEngine::stampEraser] cx=173.0 cy=112.0 m_eraser=0x5e2e38fafc58
[GradualEraser::stamp] cx=173.0 cy=112.0 r=6 total=113 skipped_zero=113 erased=0
[GradualEraser::verify] center(173,112) rgba=(0,0,0,0)
[MOUSE_MOVE] drawing=true tool=1 drawing at (522.0,192.0)
[handleDrawing] tool=1 brushType=4 eraserSize=12.0 eraserOp=1.00 layer=0x5e2e67ee0d30
[BrushEngine::stampEraser] cx=173.0 cy=112.0 m_eraser=0x5e2e38fafc58
[GradualEraser::stamp] cx=173.0 cy=112.0 r=6 total=113 skipped_zero=113 erased=0
[GradualEraser::verify] center(173,112) rgba=(0,0,0,0)
[BrushEngine::stampEraser] cx=175.5 cy=111.0 m_eraser=0x5e2e38fafc58
[GradualEraser::stamp] cx=175.5 cy=111.0 r=6 total=113 skipped_zero=88 erased=25
[GradualEraser::verify] center(176,111) rgba=(0,0,0,0)
[BrushEngine::stampEraser] cx=178.0 cy=110.0 m_eraser=0x5e2e38fafc58
[GradualEraser::stamp] cx=178.0 cy=110.0 r=6 total=113 skipped_zero=91 erased=22
[GradualEraser::verify] center(178,110) rgba=(0,0,0,0)
[BrushEngine::stampEraser] cx=178.0 cy=110.0 m_eraser=0x5e2e38fafc58
[GradualEraser::stamp] cx=178.0 cy=110.0 r=6 total=113 skipped_zero=113 erased=0
[GradualEraser::verify] center(178,110) rgba=(0,0,0,0)
[MOUSE_MOVE] drawing=true tool=1 drawing at (523.0,192.0)
[handleDrawing] tool=1 brushType=4 eraserSize=12.0 eraserOp=1.00 layer=0x5e2e67ee0d30
[BrushEngine::stampEraser] cx=178.0 cy=110.0 m_eraser=0x5e2e38fafc58
[GradualEraser::stamp] cx=178.0 cy=110.0 r=6 total=113 skipped_zero=113 erased=0
[GradualEraser::verify] center(178,110) rgba=(0,0,0,0)
[BrushEngine::stampEraser] cx=179.0 cy=110.0 m_eraser=0x5e2e38fafc58
[GradualEraser::stamp] cx=179.0 cy=110.0 r=6 total=113 skipped_zero=104 erased=9
[GradualEraser::verify] center(179,110) rgba=(0,0,0,0)
[BrushEngine::stampEraser] cx=179.0 cy=110.0 m_eraser=0x5e2e38fafc58
[GradualEraser::stamp] cx=179.0 cy=110.0 r=6 total=113 skipped_zero=113 erased=0
[GradualEraser::verify] center(179,110) rgba=(0,0,0,0)
[MOUSE_MOVE] drawing=true tool=1 drawing at (524.0,192.0)
[handleDrawing] tool=1 brushType=4 eraserSize=12.0 eraserOp=1.00 layer=0x5e2e67ee0d30
[BrushEngine::stampEraser] cx=179.0 cy=110.0 m_eraser=0x5e2e38fafc58
[GradualEraser::stamp] cx=179.0 cy=110.0 r=6 total=113 skipped_zero=113 erased=0
[GradualEraser::verify] center(179,110) rgba=(0,0,0,0)
[BrushEngine::stampEraser] cx=180.0 cy=110.0 m_eraser=0x5e2e38fafc58
[GradualEraser::stamp] cx=180.0 cy=110.0 r=6 total=113 skipped_zero=105 erased=8
[GradualEraser::verify] center(180,110) rgba=(0,0,0,0)
[BrushEngine::stampEraser] cx=180.0 cy=110.0 m_eraser=0x5e2e38fafc58
[GradualEraser::stamp] cx=180.0 cy=110.0 r=6 total=113 skipped_zero=113 erased=0
[GradualEraser::verify] center(180,110) rgba=(0,0,0,0)
[MOUSE_MOVE] drawing=true tool=1 drawing at (526.0,192.0)
[handleDrawing] tool=1 brushType=4 eraserSize=12.0 eraserOp=1.00 layer=0x5e2e67ee0d30
[BrushEngine::stampEraser] cx=180.0 cy=110.0 m_eraser=0x5e2e38fafc58
[GradualEraser::stamp] cx=180.0 cy=110.0 r=6 total=113 skipped_zero=113 erased=0
[GradualEraser::verify] center(180,110) rgba=(0,0,0,0)
[BrushEngine::stampEraser] cx=182.0 cy=110.0 m_eraser=0x5e2e38fafc58
[GradualEraser::stamp] cx=182.0 cy=110.0 r=6 total=113 skipped_zero=97 erased=16
[GradualEraser::verify] center(182,110) rgba=(0,0,0,0)
[BrushEngine::stampEraser] cx=182.0 cy=110.0 m_eraser=0x5e2e38fafc58
[GradualEraser::stamp] cx=182.0 cy=110.0 r=6 total=113 skipped_zero=113 erased=0
[GradualEraser::verify] center(182,110) rgba=(0,0,0,0)
[CANVAS_UPDATE] recompositing (frameDirty=1 canvasDirty=0)
[CANVAS_UPDATE] sample pixel (207,154): rgba=(255,101,50,255)
[MOUSE_MOVE] drawing=true tool=1 drawing at (530.0,192.0)
[handleDrawing] tool=1 brushType=4 eraserSize=12.0 eraserOp=1.00 layer=0x5e2e67ee0d30
[BrushEngine::stampEraser] cx=182.0 cy=110.0 m_eraser=0x5e2e38fafc58
[GradualEraser::stamp] cx=182.0 cy=110.0 r=6 total=113 skipped_zero=113 erased=0
[GradualEraser::verify] center(182,110) rgba=(0,0,0,0)
[BrushEngine::stampEraser] cx=184.0 cy=110.0 m_eraser=0x5e2e38fafc58
[GradualEraser::stamp] cx=184.0 cy=110.0 r=6 total=113 skipped_zero=98 erased=15
[GradualEraser::verify] center(184,110) rgba=(0,0,0,0)
[BrushEngine::stampEraser] cx=186.0 cy=110.0 m_eraser=0x5e2e38fafc58
[GradualEraser::stamp] cx=186.0 cy=110.0 r=6 total=113 skipped_zero=101 erased=12
[GradualEraser::verify] center(186,110) rgba=(0,0,0,0)
[BrushEngine::stampEraser] cx=186.0 cy=110.0 m_eraser=0x5e2e38fafc58
[GradualEraser::stamp] cx=186.0 cy=110.0 r=6 total=113 skipped_zero=113 erased=0
[GradualEraser::verify] center(186,110) rgba=(0,0,0,0)
[MOUSE_MOVE] drawing=true tool=1 drawing at (532.0,192.0)
[handleDrawing] tool=1 brushType=4 eraserSize=12.0 eraserOp=1.00 layer=0x5e2e67ee0d30
[BrushEngine::stampEraser] cx=186.0 cy=110.0 m_eraser=0x5e2e38fafc58
[GradualEraser::stamp] cx=186.0 cy=110.0 r=6 total=113 skipped_zero=113 erased=0
[GradualEraser::verify] center(186,110) rgba=(0,0,0,0)
[BrushEngine::stampEraser] cx=188.0 cy=110.0 m_eraser=0x5e2e38fafc58
[GradualEraser::stamp] cx=188.0 cy=110.0 r=6 total=113 skipped_zero=102 erased=11
[GradualEraser::verify] center(188,110) rgba=(0,0,0,0)
[BrushEngine::stampEraser] cx=188.0 cy=110.0 m_eraser=0x5e2e38fafc58
[GradualEraser::stamp] cx=188.0 cy=110.0 r=6 total=113 skipped_zero=113 erased=0
[GradualEraser::verify] center(188,110) rgba=(0,0,0,0)
[MOUSE_MOVE] drawing=true tool=1 drawing at (533.0,192.0)
[handleDrawing] tool=1 brushType=4 eraserSize=12.0 eraserOp=1.00 layer=0x5e2e67ee0d30
[BrushEngine::stampEraser] cx=188.0 cy=110.0 m_eraser=0x5e2e38fafc58
[GradualEraser::stamp] cx=188.0 cy=110.0 r=6 total=113 skipped_zero=113 erased=0
[GradualEraser::verify] center(188,110) rgba=(0,0,0,0)
[BrushEngine::stampEraser] cx=189.0 cy=110.0 m_eraser=0x5e2e38fafc58
[GradualEraser::stamp] cx=189.0 cy=110.0 r=6 total=113 skipped_zero=107 erased=6
[GradualEraser::verify] center(189,110) rgba=(0,0,0,0)
[BrushEngine::stampEraser] cx=189.0 cy=110.0 m_eraser=0x5e2e38fafc58
[GradualEraser::stamp] cx=189.0 cy=110.0 r=6 total=113 skipped_zero=113 erased=0
[GradualEraser::verify] center(189,110) rgba=(0,0,0,0)
[MOUSE_MOVE] drawing=true tool=1 drawing at (538.0,192.0)
[handleDrawing] tool=1 brushType=4 eraserSize=12.0 eraserOp=1.00 layer=0x5e2e67ee0d30
[BrushEngine::stampEraser] cx=189.0 cy=110.0 m_eraser=0x5e2e38fafc58
[GradualEraser::stamp] cx=189.0 cy=110.0 r=6 total=113 skipped_zero=113 erased=0
[GradualEraser::verify] center(189,110) rgba=(0,0,0,0)
[BrushEngine::stampEraser] cx=191.5 cy=110.0 m_eraser=0x5e2e38fafc58
[GradualEraser::stamp] cx=191.5 cy=110.0 r=6 total=113 skipped_zero=100 erased=13
[GradualEraser::verify] center(192,110) rgba=(0,0,0,0)
[BrushEngine::stampEraser] cx=194.0 cy=110.0 m_eraser=0x5e2e38fafc58
[GradualEraser::stamp] cx=194.0 cy=110.0 r=6 total=113 skipped_zero=106 erased=7
[GradualEraser::verify] center(194,110) rgba=(0,0,0,0)
[BrushEngine::stampEraser] cx=194.0 cy=110.0 m_eraser=0x5e2e38fafc58
[GradualEraser::stamp] cx=194.0 cy=110.0 r=6 total=113 skipped_zero=113 erased=0
[GradualEraser::verify] center(194,110) rgba=(0,0,0,0)
[MOUSE_MOVE] drawing=true tool=1 drawing at (540.0,190.0)
[handleDrawing] tool=1 brushType=4 eraserSize=12.0 eraserOp=1.00 layer=0x5e2e67ee0d30
[BrushEngine::stampEraser] cx=194.0 cy=110.0 m_eraser=0x5e2e38fafc58
[GradualEraser::stamp] cx=194.0 cy=110.0 r=6 total=113 skipped_zero=113 erased=0
[GradualEraser::verify] center(194,110) rgba=(0,0,0,0)
[BrushEngine::stampEraser] cx=196.0 cy=108.0 m_eraser=0x5e2e38fafc58
[GradualEraser::stamp] cx=196.0 cy=108.0 r=6 total=113 skipped_zero=90 erased=23
[GradualEraser::verify] center(196,108) rgba=(0,0,0,0)
[BrushEngine::stampEraser] cx=196.0 cy=108.0 m_eraser=0x5e2e38fafc58
[GradualEraser::stamp] cx=196.0 cy=108.0 r=6 total=113 skipped_zero=113 erased=0
[GradualEraser::verify] center(196,108) rgba=(0,0,0,0)
[MOUSE_MOVE] drawing=true tool=1 drawing at (541.0,190.0)
[handleDrawing] tool=1 brushType=4 eraserSize=12.0 eraserOp=1.00 layer=0x5e2e67ee0d30
[BrushEngine::stampEraser] cx=196.0 cy=108.0 m_eraser=0x5e2e38fafc58
[GradualEraser::stamp] cx=196.0 cy=108.0 r=6 total=113 skipped_zero=113 erased=0
[GradualEraser::verify] center(196,108) rgba=(0,0,0,0)
[BrushEngine::stampEraser] cx=197.0 cy=108.0 m_eraser=0x5e2e38fafc58
[GradualEraser::stamp] cx=197.0 cy=108.0 r=6 total=113 skipped_zero=108 erased=5
[GradualEraser::verify] center(197,108) rgba=(0,0,0,0)
[BrushEngine::stampEraser] cx=197.0 cy=108.0 m_eraser=0x5e2e38fafc58
[GradualEraser::stamp] cx=197.0 cy=108.0 r=6 total=113 skipped_zero=113 erased=0
[GradualEraser::verify] center(197,108) rgba=(0,0,0,0)
[MOUSE_MOVE] drawing=true tool=1 drawing at (546.0,189.0)
[handleDrawing] tool=1 brushType=4 eraserSize=12.0 eraserOp=1.00 layer=0x5e2e67ee0d30
[BrushEngine::stampEraser] cx=197.0 cy=108.0 m_eraser=0x5e2e38fafc58
[GradualEraser::stamp] cx=197.0 cy=108.0 r=6 total=113 skipped_zero=113 erased=0
[GradualEraser::verify] center(197,108) rgba=(0,0,0,0)
[BrushEngine::stampEraser] cx=199.5 cy=107.5 m_eraser=0x5e2e38fafc58
[GradualEraser::stamp] cx=199.5 cy=107.5 r=6 total=113 skipped_zero=100 erased=13
[GradualEraser::verify] center(200,108) rgba=(0,0,0,0)
[BrushEngine::stampEraser] cx=202.0 cy=107.0 m_eraser=0x5e2e38fafc58
[GradualEraser::stamp] cx=202.0 cy=107.0 r=6 total=113 skipped_zero=98 erased=15
[GradualEraser::verify] center(202,107) rgba=(0,0,0,0)
[BrushEngine::stampEraser] cx=202.0 cy=107.0 m_eraser=0x5e2e38fafc58
[GradualEraser::stamp] cx=202.0 cy=107.0 r=6 total=113 skipped_zero=113 erased=0
[GradualEraser::verify] center(202,107) rgba=(0,0,0,0)
[MOUSE_MOVE] drawing=true tool=1 drawing at (548.0,189.0)
[handleDrawing] tool=1 brushType=4 eraserSize=12.0 eraserOp=1.00 layer=0x5e2e67ee0d30
[BrushEngine::stampEraser] cx=202.0 cy=107.0 m_eraser=0x5e2e38fafc58
[GradualEraser::stamp] cx=202.0 cy=107.0 r=6 total=113 skipped_zero=113 erased=0
[GradualEraser::verify] center(202,107) rgba=(0,0,0,0)
[BrushEngine::stampEraser] cx=204.0 cy=107.0 m_eraser=0x5e2e38fafc58
[GradualEraser::stamp] cx=204.0 cy=107.0 r=6 total=113 skipped_zero=103 erased=10
[GradualEraser::verify] center(204,107) rgba=(0,0,0,0)
[BrushEngine::stampEraser] cx=204.0 cy=107.0 m_eraser=0x5e2e38fafc58
[GradualEraser::stamp] cx=204.0 cy=107.0 r=6 total=113 skipped_zero=113 erased=0
[GradualEraser::verify] center(204,107) rgba=(0,0,0,0)
[CANVAS_UPDATE] recompositing (frameDirty=1 canvasDirty=0)
[CANVAS_UPDATE] sample pixel (207,154): rgba=(255,101,50,255)
[MOUSE_MOVE] drawing=true tool=1 drawing at (549.0,189.0)
[handleDrawing] tool=1 brushType=4 eraserSize=12.0 eraserOp=1.00 layer=0x5e2e67ee0d30
[BrushEngine::stampEraser] cx=204.0 cy=107.0 m_eraser=0x5e2e38fafc58
[GradualEraser::stamp] cx=204.0 cy=107.0 r=6 total=113 skipped_zero=113 erased=0
[GradualEraser::verify] center(204,107) rgba=(0,0,0,0)
[BrushEngine::stampEraser] cx=205.0 cy=107.0 m_eraser=0x5e2e38fafc58
[GradualEraser::stamp] cx=205.0 cy=107.0 r=6 total=113 skipped_zero=109 erased=4
[GradualEraser::verify] center(205,107) rgba=(0,0,0,0)
[BrushEngine::stampEraser] cx=205.0 cy=107.0 m_eraser=0x5e2e38fafc58
[GradualEraser::stamp] cx=205.0 cy=107.0 r=6 total=113 skipped_zero=113 erased=0
[GradualEraser::verify] center(205,107) rgba=(0,0,0,0)
[MOUSE_MOVE] drawing=true tool=1 drawing at (554.0,187.0)
[handleDrawing] tool=1 brushType=4 eraserSize=12.0 eraserOp=1.00 layer=0x5e2e67ee0d30
[BrushEngine::stampEraser] cx=205.0 cy=107.0 m_eraser=0x5e2e38fafc58
[GradualEraser::stamp] cx=205.0 cy=107.0 r=6 total=113 skipped_zero=113 erased=0
[GradualEraser::verify] center(205,107) rgba=(0,0,0,0)
[BrushEngine::stampEraser] cx=207.5 cy=106.0 m_eraser=0x5e2e38fafc58
[GradualEraser::stamp] cx=207.5 cy=106.0 r=6 total=113 skipped_zero=96 erased=17
[GradualEraser::verify] center(208,106) rgba=(0,0,0,0)
[BrushEngine::stampEraser] cx=210.0 cy=105.0 m_eraser=0x5e2e38fafc58
[GradualEraser::stamp] cx=210.0 cy=105.0 r=6 total=113 skipped_zero=98 erased=15
[GradualEraser::verify] center(210,105) rgba=(0,0,0,0)
[BrushEngine::stampEraser] cx=210.0 cy=105.0 m_eraser=0x5e2e38fafc58
[GradualEraser::stamp] cx=210.0 cy=105.0 r=6 total=113 skipped_zero=113 erased=0
[GradualEraser::verify] center(210,105) rgba=(0,0,0,0)
[MOUSE_MOVE] drawing=true tool=1 drawing at (555.0,185.0)
[handleDrawing] tool=1 brushType=4 eraserSize=12.0 eraserOp=1.00 layer=0x5e2e67ee0d30
[BrushEngine::stampEraser] cx=210.0 cy=105.0 m_eraser=0x5e2e38fafc58
[GradualEraser::stamp] cx=210.0 cy=105.0 r=6 total=113 skipped_zero=113 erased=0
[GradualEraser::verify] center(210,105) rgba=(0,0,0,0)
[BrushEngine::stampEraser] cx=211.0 cy=103.0 m_eraser=0x5e2e38fafc58
[GradualEraser::stamp] cx=211.0 cy=103.0 r=6 total=113 skipped_zero=88 erased=25
[GradualEraser::verify] center(211,103) rgba=(0,0,0,0)
[BrushEngine::stampEraser] cx=211.0 cy=103.0 m_eraser=0x5e2e38fafc58
[GradualEraser::stamp] cx=211.0 cy=103.0 r=6 total=113 skipped_zero=113 erased=0
[GradualEraser::verify] center(211,103) rgba=(0,0,0,0)
[MOUSE_MOVE] drawing=true tool=1 drawing at (557.0,185.0)
[handleDrawing] tool=1 brushType=4 eraserSize=12.0 eraserOp=1.00 layer=0x5e2e67ee0d30
[BrushEngine::stampEraser] cx=211.0 cy=103.0 m_eraser=0x5e2e38fafc58
[GradualEraser::stamp] cx=211.0 cy=103.0 r=6 total=113 skipped_zero=113 erased=0
[GradualEraser::verify] center(211,103) rgba=(0,0,0,0)
[BrushEngine::stampEraser] cx=213.0 cy=103.0 m_eraser=0x5e2e38fafc58
[GradualEraser::stamp] cx=213.0 cy=103.0 r=6 total=113 skipped_zero=100 erased=13
[GradualEraser::verify] center(213,103) rgba=(0,0,0,0)
[BrushEngine::stampEraser] cx=213.0 cy=103.0 m_eraser=0x5e2e38fafc58
[GradualEraser::stamp] cx=213.0 cy=103.0 r=6 total=113 skipped_zero=113 erased=0
[GradualEraser::verify] center(213,103) rgba=(0,0,0,0)
[MOUSE_MOVE] drawing=true tool=1 drawing at (558.0,184.0)
[handleDrawing] tool=1 brushType=4 eraserSize=12.0 eraserOp=1.00 layer=0x5e2e67ee0d30
[BrushEngine::stampEraser] cx=213.0 cy=103.0 m_eraser=0x5e2e38fafc58
[GradualEraser::stamp] cx=213.0 cy=103.0 r=6 total=113 skipped_zero=113 erased=0
[GradualEraser::verify] center(213,103) rgba=(0,0,0,0)
[BrushEngine::stampEraser] cx=214.0 cy=102.0 m_eraser=0x5e2e38fafc58
[GradualEraser::stamp] cx=214.0 cy=102.0 r=6 total=113 skipped_zero=99 erased=14
[GradualEraser::verify] center(214,102) rgba=(0,0,0,0)
[BrushEngine::stampEraser] cx=214.0 cy=102.0 m_eraser=0x5e2e38fafc58
[GradualEraser::stamp] cx=214.0 cy=102.0 r=6 total=113 skipped_zero=113 erased=0
[GradualEraser::verify] center(214,102) rgba=(0,0,0,0)
[MOUSE_MOVE] drawing=true tool=1 drawing at (561.0,184.0)
[handleDrawing] tool=1 brushType=4 eraserSize=12.0 eraserOp=1.00 layer=0x5e2e67ee0d30
[BrushEngine::stampEraser] cx=214.0 cy=102.0 m_eraser=0x5e2e38fafc58
[GradualEraser::stamp] cx=214.0 cy=102.0 r=6 total=113 skipped_zero=113 erased=0
[GradualEraser::verify] center(214,102) rgba=(0,0,0,0)
[BrushEngine::stampEraser] cx=217.0 cy=102.0 m_eraser=0x5e2e38fafc58
[GradualEraser::stamp] cx=217.0 cy=102.0 r=6 total=113 skipped_zero=95 erased=18
[GradualEraser::verify] center(217,102) rgba=(0,0,0,0)
[BrushEngine::stampEraser] cx=217.0 cy=102.0 m_eraser=0x5e2e38fafc58
[GradualEraser::stamp] cx=217.0 cy=102.0 r=6 total=113 skipped_zero=113 erased=0
[GradualEraser::verify] center(217,102) rgba=(0,0,0,0)
[MOUSE_MOVE] drawing=true tool=1 drawing at (562.0,184.0)
[handleDrawing] tool=1 brushType=4 eraserSize=12.0 eraserOp=1.00 layer=0x5e2e67ee0d30
[BrushEngine::stampEraser] cx=217.0 cy=102.0 m_eraser=0x5e2e38fafc58
[GradualEraser::stamp] cx=217.0 cy=102.0 r=6 total=113 skipped_zero=113 erased=0
[GradualEraser::verify] center(217,102) rgba=(0,0,0,0)
[BrushEngine::stampEraser] cx=218.0 cy=102.0 m_eraser=0x5e2e38fafc58
[GradualEraser::stamp] cx=218.0 cy=102.0 r=6 total=113 skipped_zero=107 erased=6
[GradualEraser::verify] center(218,102) rgba=(0,0,0,0)
[BrushEngine::stampEraser] cx=218.0 cy=102.0 m_eraser=0x5e2e38fafc58
[GradualEraser::stamp] cx=218.0 cy=102.0 r=6 total=113 skipped_zero=113 erased=0
[GradualEraser::verify] center(218,102) rgba=(0,0,0,0)
[MOUSE_MOVE] drawing=true tool=1 drawing at (564.0,183.0)
[handleDrawing] tool=1 brushType=4 eraserSize=12.0 eraserOp=1.00 layer=0x5e2e67ee0d30
[BrushEngine::stampEraser] cx=218.0 cy=102.0 m_eraser=0x5e2e38fafc58
[GradualEraser::stamp] cx=218.0 cy=102.0 r=6 total=113 skipped_zero=113 erased=0
[GradualEraser::verify] center(218,102) rgba=(0,0,0,0)
[BrushEngine::stampEraser] cx=220.0 cy=101.0 m_eraser=0x5e2e38fafc58
[GradualEraser::stamp] cx=220.0 cy=101.0 r=6 total=113 skipped_zero=95 erased=18
[GradualEraser::verify] center(220,101) rgba=(0,0,0,0)
[BrushEngine::stampEraser] cx=220.0 cy=101.0 m_eraser=0x5e2e38fafc58
[GradualEraser::stamp] cx=220.0 cy=101.0 r=6 total=113 skipped_zero=113 erased=0
[GradualEraser::verify] center(220,101) rgba=(0,0,0,0)
[MOUSE_MOVE] drawing=true tool=1 drawing at (567.0,183.0)
[handleDrawing] tool=1 brushType=4 eraserSize=12.0 eraserOp=1.00 layer=0x5e2e67ee0d30
[BrushEngine::stampEraser] cx=220.0 cy=101.0 m_eraser=0x5e2e38fafc58
[GradualEraser::stamp] cx=220.0 cy=101.0 r=6 total=113 skipped_zero=113 erased=0
[GradualEraser::verify] center(220,101) rgba=(0,0,0,0)
[BrushEngine::stampEraser] cx=223.0 cy=101.0 m_eraser=0x5e2e38fafc58
[GradualEraser::stamp] cx=223.0 cy=101.0 r=6 total=113 skipped_zero=101 erased=12
[GradualEraser::verify] center(223,101) rgba=(0,0,0,0)
[BrushEngine::stampEraser] cx=223.0 cy=101.0 m_eraser=0x5e2e38fafc58
[GradualEraser::stamp] cx=223.0 cy=101.0 r=6 total=113 skipped_zero=113 erased=0
[GradualEraser::verify] center(223,101) rgba=(0,0,0,0)
[CANVAS_UPDATE] recompositing (frameDirty=1 canvasDirty=0)
[CANVAS_UPDATE] sample pixel (207,154): rgba=(255,101,50,255)
[MOUSE_MOVE] drawing=true tool=1 drawing at (568.0,183.0)
[handleDrawing] tool=1 brushType=4 eraserSize=12.0 eraserOp=1.00 layer=0x5e2e67ee0d30
[BrushEngine::stampEraser] cx=223.0 cy=101.0 m_eraser=0x5e2e38fafc58
[GradualEraser::stamp] cx=223.0 cy=101.0 r=6 total=113 skipped_zero=113 erased=0
[GradualEraser::verify] center(223,101) rgba=(0,0,0,0)
[BrushEngine::stampEraser] cx=224.0 cy=101.0 m_eraser=0x5e2e38fafc58
[GradualEraser::stamp] cx=224.0 cy=101.0 r=6 total=113 skipped_zero=111 erased=2
[GradualEraser::verify] center(224,101) rgba=(0,0,0,0)
[BrushEngine::stampEraser] cx=224.0 cy=101.0 m_eraser=0x5e2e38fafc58
[GradualEraser::stamp] cx=224.0 cy=101.0 r=6 total=113 skipped_zero=113 erased=0
[GradualEraser::verify] center(224,101) rgba=(0,0,0,0)
[MOUSE_MOVE] drawing=true tool=1 drawing at (569.0,181.0)
[handleDrawing] tool=1 brushType=4 eraserSize=12.0 eraserOp=1.00 layer=0x5e2e67ee0d30
[BrushEngine::stampEraser] cx=224.0 cy=101.0 m_eraser=0x5e2e38fafc58
[GradualEraser::stamp] cx=224.0 cy=101.0 r=6 total=113 skipped_zero=113 erased=0
[GradualEraser::verify] center(224,101) rgba=(0,0,0,0)
[BrushEngine::stampEraser] cx=225.0 cy=99.0 m_eraser=0x5e2e38fafc58
[GradualEraser::stamp] cx=225.0 cy=99.0 r=6 total=113 skipped_zero=100 erased=13
[GradualEraser::verify] center(225,99) rgba=(0,0,0,0)
[BrushEngine::stampEraser] cx=225.0 cy=99.0 m_eraser=0x5e2e38fafc58
[GradualEraser::stamp] cx=225.0 cy=99.0 r=6 total=113 skipped_zero=113 erased=0
[GradualEraser::verify] center(225,99) rgba=(0,0,0,0)
[MOUSE_MOVE] drawing=true tool=1 drawing at (570.0,180.0)
[handleDrawing] tool=1 brushType=4 eraserSize=12.0 eraserOp=1.00 layer=0x5e2e67ee0d30
[BrushEngine::stampEraser] cx=225.0 cy=99.0 m_eraser=0x5e2e38fafc58
[GradualEraser::stamp] cx=225.0 cy=99.0 r=6 total=113 skipped_zero=113 erased=0
[GradualEraser::verify] center(225,99) rgba=(0,0,0,0)
[BrushEngine::stampEraser] cx=226.0 cy=98.0 m_eraser=0x5e2e38fafc58
[GradualEraser::stamp] cx=226.0 cy=98.0 r=6 total=113 skipped_zero=108 erased=5
[GradualEraser::verify] center(226,98) rgba=(0,0,0,0)
[BrushEngine::stampEraser] cx=226.0 cy=98.0 m_eraser=0x5e2e38fafc58
[GradualEraser::stamp] cx=226.0 cy=98.0 r=6 total=113 skipped_zero=113 erased=0
[GradualEraser::verify] center(226,98) rgba=(0,0,0,0)
[MOUSE_MOVE] drawing=true tool=1 drawing at (572.0,180.0)
[handleDrawing] tool=1 brushType=4 eraserSize=12.0 eraserOp=1.00 layer=0x5e2e67ee0d30
[BrushEngine::stampEraser] cx=226.0 cy=98.0 m_eraser=0x5e2e38fafc58
[GradualEraser::stamp] cx=226.0 cy=98.0 r=6 total=113 skipped_zero=113 erased=0
[GradualEraser::verify] center(226,98) rgba=(0,0,0,0)
[BrushEngine::stampEraser] cx=228.0 cy=98.0 m_eraser=0x5e2e38fafc58
[GradualEraser::stamp] cx=228.0 cy=98.0 r=6 total=113 skipped_zero=113 erased=0
[GradualEraser::verify] center(228,98) rgba=(0,0,0,0)
[BrushEngine::stampEraser] cx=228.0 cy=98.0 m_eraser=0x5e2e38fafc58
[GradualEraser::stamp] cx=228.0 cy=98.0 r=6 total=113 skipped_zero=113 erased=0
[GradualEraser::verify] center(228,98) rgba=(0,0,0,0)
[CANVAS_UPDATE] recompositing (frameDirty=1 canvasDirty=0)
[CANVAS_UPDATE] sample pixel (207,154): rgba=(255,101,50,255)
[MOUSE_MOVE] drawing=true tool=1 drawing at (571.0,180.0)
[handleDrawing] tool=1 brushType=4 eraserSize=12.0 eraserOp=1.00 layer=0x5e2e67ee0d30
[BrushEngine::stampEraser] cx=228.0 cy=98.0 m_eraser=0x5e2e38fafc58
[GradualEraser::stamp] cx=228.0 cy=98.0 r=6 total=113 skipped_zero=113 erased=0
[GradualEraser::verify] center(228,98) rgba=(0,0,0,0)
[BrushEngine::stampEraser] cx=227.0 cy=98.0 m_eraser=0x5e2e38fafc58
[GradualEraser::stamp] cx=227.0 cy=98.0 r=6 total=113 skipped_zero=113 erased=0
[GradualEraser::verify] center(227,98) rgba=(0,0,0,0)
[BrushEngine::stampEraser] cx=227.0 cy=98.0 m_eraser=0x5e2e38fafc58
[GradualEraser::stamp] cx=227.0 cy=98.0 r=6 total=113 skipped_zero=113 erased=0
[GradualEraser::verify] center(227,98) rgba=(0,0,0,0)
[MOUSE_MOVE] drawing=true tool=1 drawing at (570.0,180.0)
[handleDrawing] tool=1 brushType=4 eraserSize=12.0 eraserOp=1.00 layer=0x5e2e67ee0d30
[BrushEngine::stampEraser] cx=227.0 cy=98.0 m_eraser=0x5e2e38fafc58
[GradualEraser::stamp] cx=227.0 cy=98.0 r=6 total=113 skipped_zero=113 erased=0
[GradualEraser::verify] center(227,98) rgba=(0,0,0,0)
[BrushEngine::stampEraser] cx=226.0 cy=98.0 m_eraser=0x5e2e38fafc58
[GradualEraser::stamp] cx=226.0 cy=98.0 r=6 total=113 skipped_zero=113 erased=0
[GradualEraser::verify] center(226,98) rgba=(0,0,0,0)
[BrushEngine::stampEraser] cx=226.0 cy=98.0 m_eraser=0x5e2e38fafc58
[GradualEraser::stamp] cx=226.0 cy=98.0 r=6 total=113 skipped_zero=113 erased=0
[GradualEraser::verify] center(226,98) rgba=(0,0,0,0)
[CANVAS_UPDATE] recompositing (frameDirty=1 canvasDirty=0)
[CANVAS_UPDATE] sample pixel (207,154): rgba=(255,101,50,255)
[MOUSE_MOVE] drawing=true tool=1 drawing at (569.0,180.0)
[handleDrawing] tool=1 brushType=4 eraserSize=12.0 eraserOp=1.00 layer=0x5e2e67ee0d30
[BrushEngine::stampEraser] cx=226.0 cy=98.0 m_eraser=0x5e2e38fafc58
[GradualEraser::stamp] cx=226.0 cy=98.0 r=6 total=113 skipped_zero=113 erased=0
[GradualEraser::verify] center(226,98) rgba=(0,0,0,0)
[BrushEngine::stampEraser] cx=225.0 cy=98.0 m_eraser=0x5e2e38fafc58
[GradualEraser::stamp] cx=225.0 cy=98.0 r=6 total=113 skipped_zero=110 erased=3
[GradualEraser::verify] center(225,98) rgba=(0,0,0,0)
[BrushEngine::stampEraser] cx=225.0 cy=98.0 m_eraser=0x5e2e38fafc58
[GradualEraser::stamp] cx=225.0 cy=98.0 r=6 total=113 skipped_zero=113 erased=0
[GradualEraser::verify] center(225,98) rgba=(0,0,0,0)
[MOUSE_MOVE] drawing=true tool=1 drawing at (568.0,180.0)
[handleDrawing] tool=1 brushType=4 eraserSize=12.0 eraserOp=1.00 layer=0x5e2e67ee0d30
[BrushEngine::stampEraser] cx=225.0 cy=98.0 m_eraser=0x5e2e38fafc58
[GradualEraser::stamp] cx=225.0 cy=98.0 r=6 total=113 skipped_zero=113 erased=0
[GradualEraser::verify] center(225,98) rgba=(0,0,0,0)
[BrushEngine::stampEraser] cx=224.0 cy=98.0 m_eraser=0x5e2e38fafc58
[GradualEraser::stamp] cx=224.0 cy=98.0 r=6 total=113 skipped_zero=109 erased=4
[GradualEraser::verify] center(224,98) rgba=(0,0,0,0)
[BrushEngine::stampEraser] cx=224.0 cy=98.0 m_eraser=0x5e2e38fafc58
[GradualEraser::stamp] cx=224.0 cy=98.0 r=6 total=113 skipped_zero=113 erased=0
[GradualEraser::verify] center(224,98) rgba=(0,0,0,0)
[MOUSE_MOVE] drawing=true tool=1 drawing at (566.0,180.0)
[handleDrawing] tool=1 brushType=4 eraserSize=12.0 eraserOp=1.00 layer=0x5e2e67ee0d30
[BrushEngine::stampEraser] cx=224.0 cy=98.0 m_eraser=0x5e2e38fafc58
[GradualEraser::stamp] cx=224.0 cy=98.0 r=6 total=113 skipped_zero=113 erased=0
[GradualEraser::verify] center(224,98) rgba=(0,0,0,0)
[BrushEngine::stampEraser] cx=222.0 cy=98.0 m_eraser=0x5e2e38fafc58
[GradualEraser::stamp] cx=222.0 cy=98.0 r=6 total=113 skipped_zero=106 erased=7
[GradualEraser::verify] center(222,98) rgba=(0,0,0,0)
[BrushEngine::stampEraser] cx=222.0 cy=98.0 m_eraser=0x5e2e38fafc58
[GradualEraser::stamp] cx=222.0 cy=98.0 r=6 total=113 skipped_zero=113 erased=0
[GradualEraser::verify] center(222,98) rgba=(0,0,0,0)
[CANVAS_UPDATE] recompositing (frameDirty=1 canvasDirty=0)
[CANVAS_UPDATE] sample pixel (207,154): rgba=(255,101,50,255)
[MOUSE_MOVE] drawing=true tool=1 drawing at (565.0,180.0)
[handleDrawing] tool=1 brushType=4 eraserSize=12.0 eraserOp=1.00 layer=0x5e2e67ee0d30
[BrushEngine::stampEraser] cx=222.0 cy=98.0 m_eraser=0x5e2e38fafc58
[GradualEraser::stamp] cx=222.0 cy=98.0 r=6 total=113 skipped_zero=113 erased=0
[GradualEraser::verify] center(222,98) rgba=(0,0,0,0)
[BrushEngine::stampEraser] cx=221.0 cy=98.0 m_eraser=0x5e2e38fafc58
[GradualEraser::stamp] cx=221.0 cy=98.0 r=6 total=113 skipped_zero=108 erased=5
[GradualEraser::verify] center(221,98) rgba=(0,0,0,0)
[BrushEngine::stampEraser] cx=221.0 cy=98.0 m_eraser=0x5e2e38fafc58
[GradualEraser::stamp] cx=221.0 cy=98.0 r=6 total=113 skipped_zero=113 erased=0
[GradualEraser::verify] center(221,98) rgba=(0,0,0,0)
[MOUSE_MOVE] drawing=true tool=1 drawing at (564.0,180.0)
[handleDrawing] tool=1 brushType=4 eraserSize=12.0 eraserOp=1.00 layer=0x5e2e67ee0d30
[BrushEngine::stampEraser] cx=221.0 cy=98.0 m_eraser=0x5e2e38fafc58
[GradualEraser::stamp] cx=221.0 cy=98.0 r=6 total=113 skipped_zero=113 erased=0
[GradualEraser::verify] center(221,98) rgba=(0,0,0,0)
[BrushEngine::stampEraser] cx=220.0 cy=98.0 m_eraser=0x5e2e38fafc58
[GradualEraser::stamp] cx=220.0 cy=98.0 r=6 total=113 skipped_zero=108 erased=5
[GradualEraser::verify] center(220,98) rgba=(0,0,0,0)
[BrushEngine::stampEraser] cx=220.0 cy=98.0 m_eraser=0x5e2e38fafc58
[GradualEraser::stamp] cx=220.0 cy=98.0 r=6 total=113 skipped_zero=113 erased=0
[GradualEraser::verify] center(220,98) rgba=(0,0,0,0)
[MOUSE_MOVE] drawing=true tool=1 drawing at (563.0,180.0)
[handleDrawing] tool=1 brushType=4 eraserSize=12.0 eraserOp=1.00 layer=0x5e2e67ee0d30
[BrushEngine::stampEraser] cx=220.0 cy=98.0 m_eraser=0x5e2e38fafc58
[GradualEraser::stamp] cx=220.0 cy=98.0 r=6 total=113 skipped_zero=113 erased=0
[GradualEraser::verify] center(220,98) rgba=(0,0,0,0)
[BrushEngine::stampEraser] cx=219.0 cy=98.0 m_eraser=0x5e2e38fafc58
[GradualEraser::stamp] cx=219.0 cy=98.0 r=6 total=113 skipped_zero=109 erased=4
[GradualEraser::verify] center(219,98) rgba=(0,0,0,0)
[BrushEngine::stampEraser] cx=219.0 cy=98.0 m_eraser=0x5e2e38fafc58
[GradualEraser::stamp] cx=219.0 cy=98.0 r=6 total=113 skipped_zero=113 erased=0
[GradualEraser::verify] center(219,98) rgba=(0,0,0,0)
[MOUSE_MOVE] drawing=true tool=1 drawing at (561.0,180.0)
[handleDrawing] tool=1 brushType=4 eraserSize=12.0 eraserOp=1.00 layer=0x5e2e67ee0d30
[BrushEngine::stampEraser] cx=219.0 cy=98.0 m_eraser=0x5e2e38fafc58
[GradualEraser::stamp] cx=219.0 cy=98.0 r=6 total=113 skipped_zero=113 erased=0
[GradualEraser::verify] center(219,98) rgba=(0,0,0,0)
[BrushEngine::stampEraser] cx=217.0 cy=98.0 m_eraser=0x5e2e38fafc58
[GradualEraser::stamp] cx=217.0 cy=98.0 r=6 total=113 skipped_zero=104 erased=9
[GradualEraser::verify] center(217,98) rgba=(0,0,0,0)
[BrushEngine::stampEraser] cx=217.0 cy=98.0 m_eraser=0x5e2e38fafc58
[GradualEraser::stamp] cx=217.0 cy=98.0 r=6 total=113 skipped_zero=113 erased=0
[GradualEraser::verify] center(217,98) rgba=(0,0,0,0)
[MOUSE_MOVE] drawing=true tool=1 drawing at (560.0,180.0)
[handleDrawing] tool=1 brushType=4 eraserSize=12.0 eraserOp=1.00 layer=0x5e2e67ee0d30
[BrushEngine::stampEraser] cx=217.0 cy=98.0 m_eraser=0x5e2e38fafc58
[GradualEraser::stamp] cx=217.0 cy=98.0 r=6 total=113 skipped_zero=113 erased=0
[GradualEraser::verify] center(217,98) rgba=(0,0,0,0)
[BrushEngine::stampEraser] cx=216.0 cy=98.0 m_eraser=0x5e2e38fafc58
[GradualEraser::stamp] cx=216.0 cy=98.0 r=6 total=113 skipped_zero=108 erased=5
[GradualEraser::verify] center(216,98) rgba=(0,0,0,0)
[BrushEngine::stampEraser] cx=216.0 cy=98.0 m_eraser=0x5e2e38fafc58
[GradualEraser::stamp] cx=216.0 cy=98.0 r=6 total=113 skipped_zero=113 erased=0
[GradualEraser::verify] center(216,98) rgba=(0,0,0,0)
[MOUSE_MOVE] drawing=true tool=1 drawing at (559.0,180.0)
[handleDrawing] tool=1 brushType=4 eraserSize=12.0 eraserOp=1.00 layer=0x5e2e67ee0d30
[BrushEngine::stampEraser] cx=216.0 cy=98.0 m_eraser=0x5e2e38fafc58
[GradualEraser::stamp] cx=216.0 cy=98.0 r=6 total=113 skipped_zero=113 erased=0
[GradualEraser::verify] center(216,98) rgba=(0,0,0,0)
[BrushEngine::stampEraser] cx=215.0 cy=98.0 m_eraser=0x5e2e38fafc58
[GradualEraser::stamp] cx=215.0 cy=98.0 r=6 total=113 skipped_zero=107 erased=6
[GradualEraser::verify] center(215,98) rgba=(0,0,0,0)
[BrushEngine::stampEraser] cx=215.0 cy=98.0 m_eraser=0x5e2e38fafc58
[GradualEraser::stamp] cx=215.0 cy=98.0 r=6 total=113 skipped_zero=113 erased=0
[GradualEraser::verify] center(215,98) rgba=(0,0,0,0)
[MOUSE_MOVE] drawing=true tool=1 drawing at (558.0,180.0)
[handleDrawing] tool=1 brushType=4 eraserSize=12.0 eraserOp=1.00 layer=0x5e2e67ee0d30
[BrushEngine::stampEraser] cx=215.0 cy=98.0 m_eraser=0x5e2e38fafc58
[GradualEraser::stamp] cx=215.0 cy=98.0 r=6 total=113 skipped_zero=113 erased=0
[GradualEraser::verify] center(215,98) rgba=(0,0,0,0)
[BrushEngine::stampEraser] cx=214.0 cy=98.0 m_eraser=0x5e2e38fafc58
[GradualEraser::stamp] cx=214.0 cy=98.0 r=6 total=113 skipped_zero=107 erased=6
[GradualEraser::verify] center(214,98) rgba=(0,0,0,0)
[BrushEngine::stampEraser] cx=214.0 cy=98.0 m_eraser=0x5e2e38fafc58
[GradualEraser::stamp] cx=214.0 cy=98.0 r=6 total=113 skipped_zero=113 erased=0
[GradualEraser::verify] center(214,98) rgba=(0,0,0,0)
[MOUSE_MOVE] drawing=true tool=1 drawing at (557.0,180.0)
[handleDrawing] tool=1 brushType=4 eraserSize=12.0 eraserOp=1.00 layer=0x5e2e67ee0d30
[BrushEngine::stampEraser] cx=214.0 cy=98.0 m_eraser=0x5e2e38fafc58
[GradualEraser::stamp] cx=214.0 cy=98.0 r=6 total=113 skipped_zero=113 erased=0
[GradualEraser::verify] center(214,98) rgba=(0,0,0,0)
[BrushEngine::stampEraser] cx=213.0 cy=98.0 m_eraser=0x5e2e38fafc58
[GradualEraser::stamp] cx=213.0 cy=98.0 r=6 total=113 skipped_zero=106 erased=7
[GradualEraser::verify] center(213,98) rgba=(0,0,0,0)
[BrushEngine::stampEraser] cx=213.0 cy=98.0 m_eraser=0x5e2e38fafc58
[GradualEraser::stamp] cx=213.0 cy=98.0 r=6 total=113 skipped_zero=113 erased=0
[GradualEraser::verify] center(213,98) rgba=(0,0,0,0)
[CANVAS_UPDATE] recompositing (frameDirty=1 canvasDirty=0)
[CANVAS_UPDATE] sample pixel (207,154): rgba=(255,101,50,255)
[MOUSE_MOVE] drawing=true tool=1 drawing at (556.0,180.0)
[handleDrawing] tool=1 brushType=4 eraserSize=12.0 eraserOp=1.00 layer=0x5e2e67ee0d30
[BrushEngine::stampEraser] cx=213.0 cy=98.0 m_eraser=0x5e2e38fafc58
[GradualEraser::stamp] cx=213.0 cy=98.0 r=6 total=113 skipped_zero=113 erased=0
[GradualEraser::verify] center(213,98) rgba=(0,0,0,0)
[BrushEngine::stampEraser] cx=212.0 cy=98.0 m_eraser=0x5e2e38fafc58
[GradualEraser::stamp] cx=212.0 cy=98.0 r=6 total=113 skipped_zero=106 erased=7
[GradualEraser::verify] center(212,98) rgba=(0,0,0,0)
[BrushEngine::stampEraser] cx=212.0 cy=98.0 m_eraser=0x5e2e38fafc58
[GradualEraser::stamp] cx=212.0 cy=98.0 r=6 total=113 skipped_zero=113 erased=0
[GradualEraser::verify] center(212,98) rgba=(0,0,0,0)
[MOUSE_MOVE] drawing=true tool=1 drawing at (555.0,180.0)
[handleDrawing] tool=1 brushType=4 eraserSize=12.0 eraserOp=1.00 layer=0x5e2e67ee0d30
[BrushEngine::stampEraser] cx=212.0 cy=98.0 m_eraser=0x5e2e38fafc58
[GradualEraser::stamp] cx=212.0 cy=98.0 r=6 total=113 skipped_zero=113 erased=0
[GradualEraser::verify] center(212,98) rgba=(0,0,0,0)
[BrushEngine::stampEraser] cx=211.0 cy=98.0 m_eraser=0x5e2e38fafc58
[GradualEraser::stamp] cx=211.0 cy=98.0 r=6 total=113 skipped_zero=105 erased=8
[GradualEraser::verify] center(211,98) rgba=(0,0,0,0)
[BrushEngine::stampEraser] cx=211.0 cy=98.0 m_eraser=0x5e2e38fafc58
[GradualEraser::stamp] cx=211.0 cy=98.0 r=6 total=113 skipped_zero=113 erased=0
[GradualEraser::verify] center(211,98) rgba=(0,0,0,0)
[MOUSE_MOVE] drawing=true tool=1 drawing at (554.0,180.0)
[handleDrawing] tool=1 brushType=4 eraserSize=12.0 eraserOp=1.00 layer=0x5e2e67ee0d30
[BrushEngine::stampEraser] cx=211.0 cy=98.0 m_eraser=0x5e2e38fafc58
[GradualEraser::stamp] cx=211.0 cy=98.0 r=6 total=113 skipped_zero=113 erased=0
[GradualEraser::verify] center(211,98) rgba=(0,0,0,0)
[BrushEngine::stampEraser] cx=210.0 cy=98.0 m_eraser=0x5e2e38fafc58
[GradualEraser::stamp] cx=210.0 cy=98.0 r=6 total=113 skipped_zero=104 erased=9
[GradualEraser::verify] center(210,98) rgba=(0,0,0,0)
[BrushEngine::stampEraser] cx=210.0 cy=98.0 m_eraser=0x5e2e38fafc58
[GradualEraser::stamp] cx=210.0 cy=98.0 r=6 total=113 skipped_zero=113 erased=0
[GradualEraser::verify] center(210,98) rgba=(0,0,0,0)
[MOUSE_MOVE] drawing=true tool=1 drawing at (553.0,180.0)
[handleDrawing] tool=1 brushType=4 eraserSize=12.0 eraserOp=1.00 layer=0x5e2e67ee0d30
[BrushEngine::stampEraser] cx=210.0 cy=98.0 m_eraser=0x5e2e38fafc58
[GradualEraser::stamp] cx=210.0 cy=98.0 r=6 total=113 skipped_zero=113 erased=0
[GradualEraser::verify] center(210,98) rgba=(0,0,0,0)
[BrushEngine::stampEraser] cx=209.0 cy=98.0 m_eraser=0x5e2e38fafc58
[GradualEraser::stamp] cx=209.0 cy=98.0 r=6 total=113 skipped_zero=104 erased=9
[GradualEraser::verify] center(209,98) rgba=(0,0,0,0)
[BrushEngine::stampEraser] cx=209.0 cy=98.0 m_eraser=0x5e2e38fafc58
[GradualEraser::stamp] cx=209.0 cy=98.0 r=6 total=113 skipped_zero=113 erased=0
[GradualEraser::verify] center(209,98) rgba=(0,0,0,0)
[MOUSE_MOVE] drawing=true tool=1 drawing at (551.0,180.0)
[handleDrawing] tool=1 brushType=4 eraserSize=12.0 eraserOp=1.00 layer=0x5e2e67ee0d30
[BrushEngine::stampEraser] cx=209.0 cy=98.0 m_eraser=0x5e2e38fafc58
[GradualEraser::stamp] cx=209.0 cy=98.0 r=6 total=113 skipped_zero=113 erased=0
[GradualEraser::verify] center(209,98) rgba=(0,0,0,0)
[BrushEngine::stampEraser] cx=207.0 cy=98.0 m_eraser=0x5e2e38fafc58
[GradualEraser::stamp] cx=207.0 cy=98.0 r=6 total=113 skipped_zero=95 erased=18
[GradualEraser::verify] center(207,98) rgba=(0,0,0,0)
[BrushEngine::stampEraser] cx=207.0 cy=98.0 m_eraser=0x5e2e38fafc58
[GradualEraser::stamp] cx=207.0 cy=98.0 r=6 total=113 skipped_zero=113 erased=0
[GradualEraser::verify] center(207,98) rgba=(0,0,0,0)
[MOUSE_MOVE] drawing=true tool=1 drawing at (550.0,180.0)
[handleDrawing] tool=1 brushType=4 eraserSize=12.0 eraserOp=1.00 layer=0x5e2e67ee0d30
[BrushEngine::stampEraser] cx=207.0 cy=98.0 m_eraser=0x5e2e38fafc58
[GradualEraser::stamp] cx=207.0 cy=98.0 r=6 total=113 skipped_zero=113 erased=0
[GradualEraser::verify] center(207,98) rgba=(0,0,0,0)
[BrushEngine::stampEraser] cx=206.0 cy=98.0 m_eraser=0x5e2e38fafc58
[GradualEraser::stamp] cx=206.0 cy=98.0 r=6 total=113 skipped_zero=103 erased=10
[GradualEraser::verify] center(206,98) rgba=(0,0,0,0)
[BrushEngine::stampEraser] cx=206.0 cy=98.0 m_eraser=0x5e2e38fafc58
[GradualEraser::stamp] cx=206.0 cy=98.0 r=6 total=113 skipped_zero=113 erased=0
[GradualEraser::verify] center(206,98) rgba=(0,0,0,0)
[MOUSE_MOVE] drawing=true tool=1 drawing at (549.0,180.0)
[handleDrawing] tool=1 brushType=4 eraserSize=12.0 eraserOp=1.00 layer=0x5e2e67ee0d30
[BrushEngine::stampEraser] cx=206.0 cy=98.0 m_eraser=0x5e2e38fafc58
[GradualEraser::stamp] cx=206.0 cy=98.0 r=6 total=113 skipped_zero=113 erased=0
[GradualEraser::verify] center(206,98) rgba=(0,0,0,0)
[BrushEngine::stampEraser] cx=205.0 cy=98.0 m_eraser=0x5e2e38fafc58
[GradualEraser::stamp] cx=205.0 cy=98.0 r=6 total=113 skipped_zero=103 erased=10
[GradualEraser::verify] center(205,98) rgba=(0,0,0,0)
[BrushEngine::stampEraser] cx=205.0 cy=98.0 m_eraser=0x5e2e38fafc58
[GradualEraser::stamp] cx=205.0 cy=98.0 r=6 total=113 skipped_zero=113 erased=0
[GradualEraser::verify] center(205,98) rgba=(0,0,0,0)
[CANVAS_UPDATE] recompositing (frameDirty=1 canvasDirty=0)
[CANVAS_UPDATE] sample pixel (207,154): rgba=(255,101,50,255)
[MOUSE_MOVE] drawing=true tool=1 drawing at (548.0,180.0)
[handleDrawing] tool=1 brushType=4 eraserSize=12.0 eraserOp=1.00 layer=0x5e2e67ee0d30
[BrushEngine::stampEraser] cx=205.0 cy=98.0 m_eraser=0x5e2e38fafc58
[GradualEraser::stamp] cx=205.0 cy=98.0 r=6 total=113 skipped_zero=113 erased=0
[GradualEraser::verify] center(205,98) rgba=(0,0,0,0)
[BrushEngine::stampEraser] cx=204.0 cy=98.0 m_eraser=0x5e2e38fafc58
[GradualEraser::stamp] cx=204.0 cy=98.0 r=6 total=113 skipped_zero=103 erased=10
[GradualEraser::verify] center(204,98) rgba=(0,0,0,0)
[BrushEngine::stampEraser] cx=204.0 cy=98.0 m_eraser=0x5e2e38fafc58
[GradualEraser::stamp] cx=204.0 cy=98.0 r=6 total=113 skipped_zero=113 erased=0
[GradualEraser::verify] center(204,98) rgba=(0,0,0,0)
[MOUSE_MOVE] drawing=true tool=1 drawing at (547.0,180.0)
[handleDrawing] tool=1 brushType=4 eraserSize=12.0 eraserOp=1.00 layer=0x5e2e67ee0d30
[BrushEngine::stampEraser] cx=204.0 cy=98.0 m_eraser=0x5e2e38fafc58
[GradualEraser::stamp] cx=204.0 cy=98.0 r=6 total=113 skipped_zero=113 erased=0
[GradualEraser::verify] center(204,98) rgba=(0,0,0,0)
[BrushEngine::stampEraser] cx=203.0 cy=98.0 m_eraser=0x5e2e38fafc58
[GradualEraser::stamp] cx=203.0 cy=98.0 r=6 total=113 skipped_zero=103 erased=10
[GradualEraser::verify] center(203,98) rgba=(0,0,0,0)
[BrushEngine::stampEraser] cx=203.0 cy=98.0 m_eraser=0x5e2e38fafc58
[GradualEraser::stamp] cx=203.0 cy=98.0 r=6 total=113 skipped_zero=113 erased=0
[GradualEraser::verify] center(203,98) rgba=(0,0,0,0)
[MOUSE_MOVE] drawing=true tool=1 drawing at (546.0,180.0)
[handleDrawing] tool=1 brushType=4 eraserSize=12.0 eraserOp=1.00 layer=0x5e2e67ee0d30
[BrushEngine::stampEraser] cx=203.0 cy=98.0 m_eraser=0x5e2e38fafc58
[GradualEraser::stamp] cx=203.0 cy=98.0 r=6 total=113 skipped_zero=113 erased=0
[GradualEraser::verify] center(203,98) rgba=(0,0,0,0)
[BrushEngine::stampEraser] cx=202.0 cy=98.0 m_eraser=0x5e2e38fafc58
[GradualEraser::stamp] cx=202.0 cy=98.0 r=6 total=113 skipped_zero=102 erased=11
[GradualEraser::verify] center(202,98) rgba=(0,0,0,0)
[BrushEngine::stampEraser] cx=202.0 cy=98.0 m_eraser=0x5e2e38fafc58
[GradualEraser::stamp] cx=202.0 cy=98.0 r=6 total=113 skipped_zero=113 erased=0
[GradualEraser::verify] center(202,98) rgba=(0,0,0,0)
[MOUSE_MOVE] drawing=true tool=1 drawing at (545.0,180.0)
[handleDrawing] tool=1 brushType=4 eraserSize=12.0 eraserOp=1.00 layer=0x5e2e67ee0d30
[BrushEngine::stampEraser] cx=202.0 cy=98.0 m_eraser=0x5e2e38fafc58
[GradualEraser::stamp] cx=202.0 cy=98.0 r=6 total=113 skipped_zero=113 erased=0
[GradualEraser::verify] center(202,98) rgba=(0,0,0,0)
[BrushEngine::stampEraser] cx=201.0 cy=98.0 m_eraser=0x5e2e38fafc58
[GradualEraser::stamp] cx=201.0 cy=98.0 r=6 total=113 skipped_zero=103 erased=10
[GradualEraser::verify] center(201,98) rgba=(0,0,0,0)
[BrushEngine::stampEraser] cx=201.0 cy=98.0 m_eraser=0x5e2e38fafc58
[GradualEraser::stamp] cx=201.0 cy=98.0 r=6 total=113 skipped_zero=113 erased=0
[GradualEraser::verify] center(201,98) rgba=(0,0,0,0)
[MOUSE_MOVE] drawing=true tool=1 drawing at (544.0,180.0)
[handleDrawing] tool=1 brushType=4 eraserSize=12.0 eraserOp=1.00 layer=0x5e2e67ee0d30
[BrushEngine::stampEraser] cx=201.0 cy=98.0 m_eraser=0x5e2e38fafc58
[GradualEraser::stamp] cx=201.0 cy=98.0 r=6 total=113 skipped_zero=113 erased=0
[GradualEraser::verify] center(201,98) rgba=(0,0,0,0)
[BrushEngine::stampEraser] cx=200.0 cy=98.0 m_eraser=0x5e2e38fafc58
[GradualEraser::stamp] cx=200.0 cy=98.0 r=6 total=113 skipped_zero=103 erased=10
[GradualEraser::verify] center(200,98) rgba=(0,0,0,0)
[BrushEngine::stampEraser] cx=200.0 cy=98.0 m_eraser=0x5e2e38fafc58
[GradualEraser::stamp] cx=200.0 cy=98.0 r=6 total=113 skipped_zero=113 erased=0
[GradualEraser::verify] center(200,98) rgba=(0,0,0,0)
[MOUSE_MOVE] drawing=true tool=1 drawing at (543.0,180.0)
[handleDrawing] tool=1 brushType=4 eraserSize=12.0 eraserOp=1.00 layer=0x5e2e67ee0d30
[BrushEngine::stampEraser] cx=200.0 cy=98.0 m_eraser=0x5e2e38fafc58
[GradualEraser::stamp] cx=200.0 cy=98.0 r=6 total=113 skipped_zero=113 erased=0
[GradualEraser::verify] center(200,98) rgba=(0,0,0,0)
[BrushEngine::stampEraser] cx=199.0 cy=98.0 m_eraser=0x5e2e38fafc58
[GradualEraser::stamp] cx=199.0 cy=98.0 r=6 total=113 skipped_zero=102 erased=11
[GradualEraser::verify] center(199,98) rgba=(0,0,0,0)
[BrushEngine::stampEraser] cx=199.0 cy=98.0 m_eraser=0x5e2e38fafc58
[GradualEraser::stamp] cx=199.0 cy=98.0 r=6 total=113 skipped_zero=113 erased=0
[GradualEraser::verify] center(199,98) rgba=(0,0,0,0)
[MOUSE_MOVE] drawing=true tool=1 drawing at (542.0,180.0)
[handleDrawing] tool=1 brushType=4 eraserSize=12.0 eraserOp=1.00 layer=0x5e2e67ee0d30
[BrushEngine::stampEraser] cx=199.0 cy=98.0 m_eraser=0x5e2e38fafc58
[GradualEraser::stamp] cx=199.0 cy=98.0 r=6 total=113 skipped_zero=113 erased=0
[GradualEraser::verify] center(199,98) rgba=(0,0,0,0)
[BrushEngine::stampEraser] cx=198.0 cy=98.0 m_eraser=0x5e2e38fafc58
[GradualEraser::stamp] cx=198.0 cy=98.0 r=6 total=113 skipped_zero=104 erased=9
[GradualEraser::verify] center(198,98) rgba=(0,0,0,0)
[BrushEngine::stampEraser] cx=198.0 cy=98.0 m_eraser=0x5e2e38fafc58
[GradualEraser::stamp] cx=198.0 cy=98.0 r=6 total=113 skipped_zero=113 erased=0
[GradualEraser::verify] center(198,98) rgba=(0,0,0,0)
[CANVAS_UPDATE] recompositing (frameDirty=1 canvasDirty=0)
[CANVAS_UPDATE] sample pixel (207,154): rgba=(255,101,50,255)
[MOUSE_MOVE] drawing=true tool=1 drawing at (541.0,180.0)
[handleDrawing] tool=1 brushType=4 eraserSize=12.0 eraserOp=1.00 layer=0x5e2e67ee0d30
[BrushEngine::stampEraser] cx=198.0 cy=98.0 m_eraser=0x5e2e38fafc58
[GradualEraser::stamp] cx=198.0 cy=98.0 r=6 total=113 skipped_zero=113 erased=0
[GradualEraser::verify] center(198,98) rgba=(0,0,0,0)
[BrushEngine::stampEraser] cx=197.0 cy=98.0 m_eraser=0x5e2e38fafc58
[GradualEraser::stamp] cx=197.0 cy=98.0 r=6 total=113 skipped_zero=104 erased=9
[GradualEraser::verify] center(197,98) rgba=(0,0,0,0)
[BrushEngine::stampEraser] cx=197.0 cy=98.0 m_eraser=0x5e2e38fafc58
[GradualEraser::stamp] cx=197.0 cy=98.0 r=6 total=113 skipped_zero=113 erased=0
[GradualEraser::verify] center(197,98) rgba=(0,0,0,0)
[MOUSE_MOVE] drawing=true tool=1 drawing at (540.0,180.0)
[handleDrawing] tool=1 brushType=4 eraserSize=12.0 eraserOp=1.00 layer=0x5e2e67ee0d30
[BrushEngine::stampEraser] cx=197.0 cy=98.0 m_eraser=0x5e2e38fafc58
[GradualEraser::stamp] cx=197.0 cy=98.0 r=6 total=113 skipped_zero=113 erased=0
[GradualEraser::verify] center(197,98) rgba=(0,0,0,0)
[BrushEngine::stampEraser] cx=196.0 cy=98.0 m_eraser=0x5e2e38fafc58
[GradualEraser::stamp] cx=196.0 cy=98.0 r=6 total=113 skipped_zero=103 erased=10
[GradualEraser::verify] center(196,98) rgba=(0,0,0,0)
[BrushEngine::stampEraser] cx=196.0 cy=98.0 m_eraser=0x5e2e38fafc58
[GradualEraser::stamp] cx=196.0 cy=98.0 r=6 total=113 skipped_zero=113 erased=0
[GradualEraser::verify] center(196,98) rgba=(0,0,0,0)
[MOUSE_MOVE] drawing=true tool=1 drawing at (539.0,181.0)
[handleDrawing] tool=1 brushType=4 eraserSize=12.0 eraserOp=1.00 layer=0x5e2e67ee0d30
[BrushEngine::stampEraser] cx=196.0 cy=98.0 m_eraser=0x5e2e38fafc58
[GradualEraser::stamp] cx=196.0 cy=98.0 r=6 total=113 skipped_zero=113 erased=0
[GradualEraser::verify] center(196,98) rgba=(0,0,0,0)
[BrushEngine::stampEraser] cx=195.0 cy=99.0 m_eraser=0x5e2e38fafc58
[GradualEraser::stamp] cx=195.0 cy=99.0 r=6 total=113 skipped_zero=104 erased=9
[GradualEraser::verify] center(195,99) rgba=(0,0,0,0)
[BrushEngine::stampEraser] cx=195.0 cy=99.0 m_eraser=0x5e2e38fafc58
[GradualEraser::stamp] cx=195.0 cy=99.0 r=6 total=113 skipped_zero=113 erased=0
[GradualEraser::verify] center(195,99) rgba=(0,0,0,0)
[CANVAS_UPDATE] recompositing (frameDirty=1 canvasDirty=0)
[CANVAS_UPDATE] sample pixel (207,154): rgba=(255,101,50,255)
[MOUSE_MOVE] drawing=true tool=1 drawing at (538.0,181.0)
[handleDrawing] tool=1 brushType=4 eraserSize=12.0 eraserOp=1.00 layer=0x5e2e67ee0d30
[BrushEngine::stampEraser] cx=195.0 cy=99.0 m_eraser=0x5e2e38fafc58
[GradualEraser::stamp] cx=195.0 cy=99.0 r=6 total=113 skipped_zero=113 erased=0
[GradualEraser::verify] center(195,99) rgba=(0,0,0,0)
[BrushEngine::stampEraser] cx=194.0 cy=99.0 m_eraser=0x5e2e38fafc58
[GradualEraser::stamp] cx=194.0 cy=99.0 r=6 total=113 skipped_zero=105 erased=8
[GradualEraser::verify] center(194,99) rgba=(0,0,0,0)
[BrushEngine::stampEraser] cx=194.0 cy=99.0 m_eraser=0x5e2e38fafc58
[GradualEraser::stamp] cx=194.0 cy=99.0 r=6 total=113 skipped_zero=113 erased=0
[GradualEraser::verify] center(194,99) rgba=(0,0,0,0)
[MOUSE_MOVE] drawing=true tool=1 drawing at (537.0,181.0)
[handleDrawing] tool=1 brushType=4 eraserSize=12.0 eraserOp=1.00 layer=0x5e2e67ee0d30
[BrushEngine::stampEraser] cx=194.0 cy=99.0 m_eraser=0x5e2e38fafc58
[GradualEraser::stamp] cx=194.0 cy=99.0 r=6 total=113 skipped_zero=113 erased=0
[GradualEraser::verify] center(194,99) rgba=(0,0,0,0)
[BrushEngine::stampEraser] cx=193.0 cy=99.0 m_eraser=0x5e2e38fafc58
[GradualEraser::stamp] cx=193.0 cy=99.0 r=6 total=113 skipped_zero=105 erased=8
[GradualEraser::verify] center(193,99) rgba=(0,0,0,0)
[BrushEngine::stampEraser] cx=193.0 cy=99.0 m_eraser=0x5e2e38fafc58
[GradualEraser::stamp] cx=193.0 cy=99.0 r=6 total=113 skipped_zero=113 erased=0
[GradualEraser::verify] center(193,99) rgba=(0,0,0,0)
[CANVAS_UPDATE] recompositing (frameDirty=1 canvasDirty=0)
[CANVAS_UPDATE] sample pixel (207,154): rgba=(255,101,50,255)
[MOUSE_MOVE] drawing=true tool=1 drawing at (537.0,180.0)
[handleDrawing] tool=1 brushType=4 eraserSize=12.0 eraserOp=1.00 layer=0x5e2e67ee0d30
[BrushEngine::stampEraser] cx=193.0 cy=99.0 m_eraser=0x5e2e38fafc58
[GradualEraser::stamp] cx=193.0 cy=99.0 r=6 total=113 skipped_zero=113 erased=0
[GradualEraser::verify] center(193,99) rgba=(0,0,0,0)
[BrushEngine::stampEraser] cx=193.0 cy=98.0 m_eraser=0x5e2e38fafc58
[GradualEraser::stamp] cx=193.0 cy=98.0 r=6 total=113 skipped_zero=107 erased=6
[GradualEraser::verify] center(193,98) rgba=(0,0,0,0)
[BrushEngine::stampEraser] cx=193.0 cy=98.0 m_eraser=0x5e2e38fafc58
[GradualEraser::stamp] cx=193.0 cy=98.0 r=6 total=113 skipped_zero=113 erased=0
[GradualEraser::verify] center(193,98) rgba=(0,0,0,0)
[MOUSE_MOVE] drawing=true tool=1 drawing at (538.0,179.0)
[handleDrawing] tool=1 brushType=4 eraserSize=12.0 eraserOp=1.00 layer=0x5e2e67ee0d30
[BrushEngine::stampEraser] cx=193.0 cy=98.0 m_eraser=0x5e2e38fafc58
[GradualEraser::stamp] cx=193.0 cy=98.0 r=6 total=113 skipped_zero=113 erased=0
[GradualEraser::verify] center(193,98) rgba=(0,0,0,0)
[BrushEngine::stampEraser] cx=194.0 cy=97.0 m_eraser=0x5e2e38fafc58
[GradualEraser::stamp] cx=194.0 cy=97.0 r=6 total=113 skipped_zero=108 erased=5
[GradualEraser::verify] center(194,97) rgba=(0,0,0,0)
[BrushEngine::stampEraser] cx=194.0 cy=97.0 m_eraser=0x5e2e38fafc58
[GradualEraser::stamp] cx=194.0 cy=97.0 r=6 total=113 skipped_zero=113 erased=0
[GradualEraser::verify] center(194,97) rgba=(0,0,0,0)
[MOUSE_MOVE] drawing=true tool=1 drawing at (539.0,179.0)
[handleDrawing] tool=1 brushType=4 eraserSize=12.0 eraserOp=1.00 layer=0x5e2e67ee0d30
[BrushEngine::stampEraser] cx=194.0 cy=97.0 m_eraser=0x5e2e38fafc58
[GradualEraser::stamp] cx=194.0 cy=97.0 r=6 total=113 skipped_zero=113 erased=0
[GradualEraser::verify] center(194,97) rgba=(0,0,0,0)
[BrushEngine::stampEraser] cx=195.0 cy=97.0 m_eraser=0x5e2e38fafc58
[GradualEraser::stamp] cx=195.0 cy=97.0 r=6 total=113 skipped_zero=112 erased=1
[GradualEraser::verify] center(195,97) rgba=(0,0,0,0)
[BrushEngine::stampEraser] cx=195.0 cy=97.0 m_eraser=0x5e2e38fafc58
[GradualEraser::stamp] cx=195.0 cy=97.0 r=6 total=113 skipped_zero=113 erased=0
[GradualEraser::verify] center(195,97) rgba=(0,0,0,0)
[MOUSE_MOVE] drawing=true tool=1 drawing at (539.0,178.0)
[handleDrawing] tool=1 brushType=4 eraserSize=12.0 eraserOp=1.00 layer=0x5e2e67ee0d30
[BrushEngine::stampEraser] cx=195.0 cy=97.0 m_eraser=0x5e2e38fafc58
[GradualEraser::stamp] cx=195.0 cy=97.0 r=6 total=113 skipped_zero=113 erased=0
[GradualEraser::verify] center(195,97) rgba=(0,0,0,0)
[BrushEngine::stampEraser] cx=195.0 cy=96.0 m_eraser=0x5e2e38fafc58
[GradualEraser::stamp] cx=195.0 cy=96.0 r=6 total=113 skipped_zero=107 erased=6
[GradualEraser::verify] center(195,96) rgba=(0,0,0,0)
[BrushEngine::stampEraser] cx=195.0 cy=96.0 m_eraser=0x5e2e38fafc58
[GradualEraser::stamp] cx=195.0 cy=96.0 r=6 total=113 skipped_zero=113 erased=0
[GradualEraser::verify] center(195,96) rgba=(0,0,0,0)
[MOUSE_MOVE] drawing=true tool=1 drawing at (542.0,177.0)
[handleDrawing] tool=1 brushType=4 eraserSize=12.0 eraserOp=1.00 layer=0x5e2e67ee0d30
[BrushEngine::stampEraser] cx=195.0 cy=96.0 m_eraser=0x5e2e38fafc58
[GradualEraser::stamp] cx=195.0 cy=96.0 r=6 total=113 skipped_zero=113 erased=0
[GradualEraser::verify] center(195,96) rgba=(0,0,0,0)
[BrushEngine::stampEraser] cx=196.5 cy=95.5 m_eraser=0x5e2e38fafc58
[GradualEraser::stamp] cx=196.5 cy=95.5 r=6 total=113 skipped_zero=110 erased=3
[GradualEraser::verify] center(197,96) rgba=(0,0,0,0)
[BrushEngine::stampEraser] cx=198.0 cy=95.0 m_eraser=0x5e2e38fafc58
[GradualEraser::stamp] cx=198.0 cy=95.0 r=6 total=113 skipped_zero=105 erased=8
[GradualEraser::verify] center(198,95) rgba=(0,0,0,0)
[BrushEngine::stampEraser] cx=198.0 cy=95.0 m_eraser=0x5e2e38fafc58
[GradualEraser::stamp] cx=198.0 cy=95.0 r=6 total=113 skipped_zero=113 erased=0
[GradualEraser::verify] center(198,95) rgba=(0,0,0,0)
[CANVAS_UPDATE] recompositing (frameDirty=1 canvasDirty=0)
[CANVAS_UPDATE] sample pixel (207,154): rgba=(255,101,50,255)
[MOUSE_MOVE] drawing=true tool=1 drawing at (544.0,177.0)
[handleDrawing] tool=1 brushType=4 eraserSize=12.0 eraserOp=1.00 layer=0x5e2e67ee0d30
[BrushEngine::stampEraser] cx=198.0 cy=95.0 m_eraser=0x5e2e38fafc58
[GradualEraser::stamp] cx=198.0 cy=95.0 r=6 total=113 skipped_zero=113 erased=0
[GradualEraser::verify] center(198,95) rgba=(0,0,0,0)
[BrushEngine::stampEraser] cx=200.0 cy=95.0 m_eraser=0x5e2e38fafc58
[GradualEraser::stamp] cx=200.0 cy=95.0 r=6 total=113 skipped_zero=108 erased=5
[GradualEraser::verify] center(200,95) rgba=(0,0,0,0)
[BrushEngine::stampEraser] cx=200.0 cy=95.0 m_eraser=0x5e2e38fafc58
[GradualEraser::stamp] cx=200.0 cy=95.0 r=6 total=113 skipped_zero=113 erased=0
[GradualEraser::verify] center(200,95) rgba=(0,0,0,0)
[MOUSE_MOVE] drawing=true tool=1 drawing at (545.0,176.0)
[handleDrawing] tool=1 brushType=4 eraserSize=12.0 eraserOp=1.00 layer=0x5e2e67ee0d30
[BrushEngine::stampEraser] cx=200.0 cy=95.0 m_eraser=0x5e2e38fafc58
[GradualEraser::stamp] cx=200.0 cy=95.0 r=6 total=113 skipped_zero=113 erased=0
[GradualEraser::verify] center(200,95) rgba=(0,0,0,0)
[BrushEngine::stampEraser] cx=201.0 cy=94.0 m_eraser=0x5e2e38fafc58
[GradualEraser::stamp] cx=201.0 cy=94.0 r=6 total=113 skipped_zero=103 erased=10
[GradualEraser::verify] center(201,94) rgba=(0,0,0,0)
[BrushEngine::stampEraser] cx=201.0 cy=94.0 m_eraser=0x5e2e38fafc58
[GradualEraser::stamp] cx=201.0 cy=94.0 r=6 total=113 skipped_zero=113 erased=0
[GradualEraser::verify] center(201,94) rgba=(0,0,0,0)
[MOUSE_MOVE] drawing=true tool=1 drawing at (546.0,175.0)
[handleDrawing] tool=1 brushType=4 eraserSize=12.0 eraserOp=1.00 layer=0x5e2e67ee0d30
[BrushEngine::stampEraser] cx=201.0 cy=94.0 m_eraser=0x5e2e38fafc58
[GradualEraser::stamp] cx=201.0 cy=94.0 r=6 total=113 skipped_zero=113 erased=0
[GradualEraser::verify] center(201,94) rgba=(0,0,0,0)
[BrushEngine::stampEraser] cx=202.0 cy=93.0 m_eraser=0x5e2e38fafc58
[GradualEraser::stamp] cx=202.0 cy=93.0 r=6 total=113 skipped_zero=101 erased=12
[GradualEraser::verify] center(202,93) rgba=(0,0,0,0)
[BrushEngine::stampEraser] cx=202.0 cy=93.0 m_eraser=0x5e2e38fafc58
[GradualEraser::stamp] cx=202.0 cy=93.0 r=6 total=113 skipped_zero=113 erased=0
[GradualEraser::verify] center(202,93) rgba=(0,0,0,0)
[MOUSE_MOVE] drawing=true tool=1 drawing at (549.0,175.0)
[handleDrawing] tool=1 brushType=4 eraserSize=12.0 eraserOp=1.00 layer=0x5e2e67ee0d30
[BrushEngine::stampEraser] cx=202.0 cy=93.0 m_eraser=0x5e2e38fafc58
[GradualEraser::stamp] cx=202.0 cy=93.0 r=6 total=113 skipped_zero=113 erased=0
[GradualEraser::verify] center(202,93) rgba=(0,0,0,0)
[BrushEngine::stampEraser] cx=205.0 cy=93.0 m_eraser=0x5e2e38fafc58
[GradualEraser::stamp] cx=205.0 cy=93.0 r=6 total=113 skipped_zero=101 erased=12
[GradualEraser::verify] center(205,93) rgba=(0,0,0,0)
[BrushEngine::stampEraser] cx=205.0 cy=93.0 m_eraser=0x5e2e38fafc58
[GradualEraser::stamp] cx=205.0 cy=93.0 r=6 total=113 skipped_zero=113 erased=0
[GradualEraser::verify] center(205,93) rgba=(0,0,0,0)
[MOUSE_MOVE] drawing=true tool=1 drawing at (549.0,173.0)
[handleDrawing] tool=1 brushType=4 eraserSize=12.0 eraserOp=1.00 layer=0x5e2e67ee0d30
[BrushEngine::stampEraser] cx=205.0 cy=93.0 m_eraser=0x5e2e38fafc58
[GradualEraser::stamp] cx=205.0 cy=93.0 r=6 total=113 skipped_zero=113 erased=0
[GradualEraser::verify] center(205,93) rgba=(0,0,0,0)
[BrushEngine::stampEraser] cx=205.0 cy=91.0 m_eraser=0x5e2e38fafc58
[GradualEraser::stamp] cx=205.0 cy=91.0 r=6 total=113 skipped_zero=107 erased=6
[GradualEraser::verify] center(205,91) rgba=(0,0,0,0)
[BrushEngine::stampEraser] cx=205.0 cy=91.0 m_eraser=0x5e2e38fafc58
[GradualEraser::stamp] cx=205.0 cy=91.0 r=6 total=113 skipped_zero=113 erased=0
[GradualEraser::verify] center(205,91) rgba=(0,0,0,0)
[MOUSE_MOVE] drawing=true tool=1 drawing at (550.0,173.0)
[handleDrawing] tool=1 brushType=4 eraserSize=12.0 eraserOp=1.00 layer=0x5e2e67ee0d30
[BrushEngine::stampEraser] cx=205.0 cy=91.0 m_eraser=0x5e2e38fafc58
[GradualEraser::stamp] cx=205.0 cy=91.0 r=6 total=113 skipped_zero=113 erased=0
[GradualEraser::verify] center(205,91) rgba=(0,0,0,0)
[BrushEngine::stampEraser] cx=206.0 cy=91.0 m_eraser=0x5e2e38fafc58
[GradualEraser::stamp] cx=206.0 cy=91.0 r=6 total=113 skipped_zero=110 erased=3
[GradualEraser::verify] center(206,91) rgba=(0,0,0,0)
[BrushEngine::stampEraser] cx=206.0 cy=91.0 m_eraser=0x5e2e38fafc58
[GradualEraser::stamp] cx=206.0 cy=91.0 r=6 total=113 skipped_zero=113 erased=0
[GradualEraser::verify] center(206,91) rgba=(0,0,0,0)
[MOUSE_MOVE] drawing=true tool=1 drawing at (553.0,172.0)
[handleDrawing] tool=1 brushType=4 eraserSize=12.0 eraserOp=1.00 layer=0x5e2e67ee0d30
[BrushEngine::stampEraser] cx=206.0 cy=91.0 m_eraser=0x5e2e38fafc58
[GradualEraser::stamp] cx=206.0 cy=91.0 r=6 total=113 skipped_zero=113 erased=0
[GradualEraser::verify] center(206,91) rgba=(0,0,0,0)
[BrushEngine::stampEraser] cx=207.5 cy=90.5 m_eraser=0x5e2e38fafc58
[GradualEraser::stamp] cx=207.5 cy=90.5 r=6 total=113 skipped_zero=107 erased=6
[GradualEraser::verify] center(208,91) rgba=(0,0,0,0)
[BrushEngine::stampEraser] cx=209.0 cy=90.0 m_eraser=0x5e2e38fafc58
[GradualEraser::stamp] cx=209.0 cy=90.0 r=6 total=113 skipped_zero=111 erased=2
[GradualEraser::verify] center(209,90) rgba=(0,0,0,0)
[BrushEngine::stampEraser] cx=209.0 cy=90.0 m_eraser=0x5e2e38fafc58
[GradualEraser::stamp] cx=209.0 cy=90.0 r=6 total=113 skipped_zero=113 erased=0
[GradualEraser::verify] center(209,90) rgba=(0,0,0,0)
[CANVAS_UPDATE] recompositing (frameDirty=1 canvasDirty=0)
[CANVAS_UPDATE] sample pixel (207,154): rgba=(255,101,50,255)
[MOUSE_MOVE] drawing=true tool=1 drawing at (554.0,172.0)
[handleDrawing] tool=1 brushType=4 eraserSize=12.0 eraserOp=1.00 layer=0x5e2e67ee0d30
[BrushEngine::stampEraser] cx=209.0 cy=90.0 m_eraser=0x5e2e38fafc58
[GradualEraser::stamp] cx=209.0 cy=90.0 r=6 total=113 skipped_zero=113 erased=0
[GradualEraser::verify] center(209,90) rgba=(0,0,0,0)
[BrushEngine::stampEraser] cx=210.0 cy=90.0 m_eraser=0x5e2e38fafc58
[GradualEraser::stamp] cx=210.0 cy=90.0 r=6 total=113 skipped_zero=110 erased=3
[GradualEraser::verify] center(210,90) rgba=(0,0,0,0)
[BrushEngine::stampEraser] cx=210.0 cy=90.0 m_eraser=0x5e2e38fafc58
[GradualEraser::stamp] cx=210.0 cy=90.0 r=6 total=113 skipped_zero=113 erased=0
[GradualEraser::verify] center(210,90) rgba=(0,0,0,0)
[MOUSE_MOVE] drawing=true tool=1 drawing at (557.0,171.0)
[handleDrawing] tool=1 brushType=4 eraserSize=12.0 eraserOp=1.00 layer=0x5e2e67ee0d30
[BrushEngine::stampEraser] cx=210.0 cy=90.0 m_eraser=0x5e2e38fafc58
[GradualEraser::stamp] cx=210.0 cy=90.0 r=6 total=113 skipped_zero=113 erased=0
[GradualEraser::verify] center(210,90) rgba=(0,0,0,0)
[BrushEngine::stampEraser] cx=211.5 cy=89.5 m_eraser=0x5e2e38fafc58
[GradualEraser::stamp] cx=211.5 cy=89.5 r=6 total=113 skipped_zero=109 erased=4
[GradualEraser::verify] center(212,90) rgba=(0,0,0,0)
[BrushEngine::stampEraser] cx=213.0 cy=89.0 m_eraser=0x5e2e38fafc58
[GradualEraser::stamp] cx=213.0 cy=89.0 r=6 total=113 skipped_zero=111 erased=2
[GradualEraser::verify] center(213,89) rgba=(0,0,0,0)
[BrushEngine::stampEraser] cx=213.0 cy=89.0 m_eraser=0x5e2e38fafc58
[GradualEraser::stamp] cx=213.0 cy=89.0 r=6 total=113 skipped_zero=113 erased=0
[GradualEraser::verify] center(213,89) rgba=(0,0,0,0)
[MOUSE_MOVE] drawing=true tool=1 drawing at (557.0,169.0)
[handleDrawing] tool=1 brushType=4 eraserSize=12.0 eraserOp=1.00 layer=0x5e2e67ee0d30
[BrushEngine::stampEraser] cx=213.0 cy=89.0 m_eraser=0x5e2e38fafc58
[GradualEraser::stamp] cx=213.0 cy=89.0 r=6 total=113 skipped_zero=113 erased=0
[GradualEraser::verify] center(213,89) rgba=(0,0,0,0)
[BrushEngine::stampEraser] cx=213.0 cy=87.0 m_eraser=0x5e2e38fafc58
[GradualEraser::stamp] cx=213.0 cy=87.0 r=6 total=113 skipped_zero=113 erased=0
[GradualEraser::verify] center(213,87) rgba=(0,0,0,0)
[BrushEngine::stampEraser] cx=213.0 cy=87.0 m_eraser=0x5e2e38fafc58
[GradualEraser::stamp] cx=213.0 cy=87.0 r=6 total=113 skipped_zero=113 erased=0
[GradualEraser::verify] center(213,87) rgba=(0,0,0,0)
[MOUSE_MOVE] drawing=true tool=1 drawing at (558.0,169.0)
[handleDrawing] tool=1 brushType=4 eraserSize=12.0 eraserOp=1.00 layer=0x5e2e67ee0d30
[BrushEngine::stampEraser] cx=213.0 cy=87.0 m_eraser=0x5e2e38fafc58
[GradualEraser::stamp] cx=213.0 cy=87.0 r=6 total=113 skipped_zero=113 erased=0
[GradualEraser::verify] center(213,87) rgba=(0,0,0,0)
[BrushEngine::stampEraser] cx=214.0 cy=87.0 m_eraser=0x5e2e38fafc58
[GradualEraser::stamp] cx=214.0 cy=87.0 r=6 total=113 skipped_zero=112 erased=1
[GradualEraser::verify] center(214,87) rgba=(0,0,0,0)
[BrushEngine::stampEraser] cx=214.0 cy=87.0 m_eraser=0x5e2e38fafc58
[GradualEraser::stamp] cx=214.0 cy=87.0 r=6 total=113 skipped_zero=113 erased=0
[GradualEraser::verify] center(214,87) rgba=(0,0,0,0)
[MOUSE_MOVE] drawing=true tool=1 drawing at (559.0,169.0)
[handleDrawing] tool=1 brushType=4 eraserSize=12.0 eraserOp=1.00 layer=0x5e2e67ee0d30
[BrushEngine::stampEraser] cx=214.0 cy=87.0 m_eraser=0x5e2e38fafc58
[GradualEraser::stamp] cx=214.0 cy=87.0 r=6 total=113 skipped_zero=113 erased=0
[GradualEraser::verify] center(214,87) rgba=(0,0,0,0)
[BrushEngine::stampEraser] cx=215.0 cy=87.0 m_eraser=0x5e2e38fafc58
[GradualEraser::stamp] cx=215.0 cy=87.0 r=6 total=113 skipped_zero=111 erased=2
[GradualEraser::verify] center(215,87) rgba=(0,0,0,0)
[BrushEngine::stampEraser] cx=215.0 cy=87.0 m_eraser=0x5e2e38fafc58
[GradualEraser::stamp] cx=215.0 cy=87.0 r=6 total=113 skipped_zero=113 erased=0
[GradualEraser::verify] center(215,87) rgba=(0,0,0,0)
[MOUSE_MOVE] drawing=true tool=1 drawing at (560.0,168.0)
[handleDrawing] tool=1 brushType=4 eraserSize=12.0 eraserOp=1.00 layer=0x5e2e67ee0d30
[BrushEngine::stampEraser] cx=215.0 cy=87.0 m_eraser=0x5e2e38fafc58
[GradualEraser::stamp] cx=215.0 cy=87.0 r=6 total=113 skipped_zero=113 erased=0
[GradualEraser::verify] center(215,87) rgba=(0,0,0,0)
[BrushEngine::stampEraser] cx=216.0 cy=86.0 m_eraser=0x5e2e38fafc58
[GradualEraser::stamp] cx=216.0 cy=86.0 r=6 total=113 skipped_zero=113 erased=0
[GradualEraser::verify] center(216,86) rgba=(0,0,0,0)
[BrushEngine::stampEraser] cx=216.0 cy=86.0 m_eraser=0x5e2e38fafc58
[GradualEraser::stamp] cx=216.0 cy=86.0 r=6 total=113 skipped_zero=113 erased=0
[GradualEraser::verify] center(216,86) rgba=(0,0,0,0)
[CANVAS_UPDATE] recompositing (frameDirty=1 canvasDirty=0)
[CANVAS_UPDATE] sample pixel (207,154): rgba=(255,101,50,255)
[MOUSE_MOVE] drawing=true tool=1 drawing at (562.0,168.0)
[handleDrawing] tool=1 brushType=4 eraserSize=12.0 eraserOp=1.00 layer=0x5e2e67ee0d30
[BrushEngine::stampEraser] cx=216.0 cy=86.0 m_eraser=0x5e2e38fafc58
[GradualEraser::stamp] cx=216.0 cy=86.0 r=6 total=113 skipped_zero=113 erased=0
[GradualEraser::verify] center(216,86) rgba=(0,0,0,0)
[BrushEngine::stampEraser] cx=218.0 cy=86.0 m_eraser=0x5e2e38fafc58
[GradualEraser::stamp] cx=218.0 cy=86.0 r=6 total=113 skipped_zero=109 erased=4
[GradualEraser::verify] center(218,86) rgba=(0,0,0,0)
[BrushEngine::stampEraser] cx=218.0 cy=86.0 m_eraser=0x5e2e38fafc58
[GradualEraser::stamp] cx=218.0 cy=86.0 r=6 total=113 skipped_zero=113 erased=0
[GradualEraser::verify] center(218,86) rgba=(0,0,0,0)
[MOUSE_MOVE] drawing=true tool=1 drawing at (562.0,167.0)
[handleDrawing] tool=1 brushType=4 eraserSize=12.0 eraserOp=1.00 layer=0x5e2e67ee0d30
[BrushEngine::stampEraser] cx=218.0 cy=86.0 m_eraser=0x5e2e38fafc58
[GradualEraser::stamp] cx=218.0 cy=86.0 r=6 total=113 skipped_zero=113 erased=0
[GradualEraser::verify] center(218,86) rgba=(0,0,0,0)
[BrushEngine::stampEraser] cx=218.0 cy=85.0 m_eraser=0x5e2e38fafc58
[GradualEraser::stamp] cx=218.0 cy=85.0 r=6 total=113 skipped_zero=113 erased=0
[GradualEraser::verify] center(218,85) rgba=(0,0,0,0)
[BrushEngine::stampEraser] cx=218.0 cy=85.0 m_eraser=0x5e2e38fafc58
[GradualEraser::stamp] cx=218.0 cy=85.0 r=6 total=113 skipped_zero=113 erased=0
[GradualEraser::verify] center(218,85) rgba=(0,0,0,0)
[MOUSE_MOVE] drawing=true tool=1 drawing at (563.0,167.0)
[handleDrawing] tool=1 brushType=4 eraserSize=12.0 eraserOp=1.00 layer=0x5e2e67ee0d30
[BrushEngine::stampEraser] cx=218.0 cy=85.0 m_eraser=0x5e2e38fafc58
[GradualEraser::stamp] cx=218.0 cy=85.0 r=6 total=113 skipped_zero=113 erased=0
[GradualEraser::verify] center(218,85) rgba=(0,0,0,0)
[BrushEngine::stampEraser] cx=219.0 cy=85.0 m_eraser=0x5e2e38fafc58
[GradualEraser::stamp] cx=219.0 cy=85.0 r=6 total=113 skipped_zero=113 erased=0
[GradualEraser::verify] center(219,85) rgba=(0,0,0,0)
[BrushEngine::stampEraser] cx=219.0 cy=85.0 m_eraser=0x5e2e38fafc58
[GradualEraser::stamp] cx=219.0 cy=85.0 r=6 total=113 skipped_zero=113 erased=0
[GradualEraser::verify] center(219,85) rgba=(0,0,0,0)
[MOUSE_MOVE] drawing=true tool=1 drawing at (563.0,166.0)
[handleDrawing] tool=1 brushType=4 eraserSize=12.0 eraserOp=1.00 layer=0x5e2e67ee0d30
[BrushEngine::stampEraser] cx=219.0 cy=85.0 m_eraser=0x5e2e38fafc58
[GradualEraser::stamp] cx=219.0 cy=85.0 r=6 total=113 skipped_zero=113 erased=0
[GradualEraser::verify] center(219,85) rgba=(0,0,0,0)
[BrushEngine::stampEraser] cx=219.0 cy=84.0 m_eraser=0x5e2e38fafc58
[GradualEraser::stamp] cx=219.0 cy=84.0 r=6 total=113 skipped_zero=113 erased=0
[GradualEraser::verify] center(219,84) rgba=(0,0,0,0)
[BrushEngine::stampEraser] cx=219.0 cy=84.0 m_eraser=0x5e2e38fafc58
[GradualEraser::stamp] cx=219.0 cy=84.0 r=6 total=113 skipped_zero=113 erased=0
[GradualEraser::verify] center(219,84) rgba=(0,0,0,0)
[CANVAS_UPDATE] recompositing (frameDirty=1 canvasDirty=0)
[CANVAS_UPDATE] sample pixel (207,154): rgba=(255,101,50,255)
[MOUSE_MOVE] drawing=true tool=1 drawing at (563.0,166.0)
[handleDrawing] tool=1 brushType=4 eraserSize=12.0 eraserOp=1.00 layer=0x5e2e67ee0d30
[BrushEngine::stampEraser] cx=219.0 cy=84.0 m_eraser=0x5e2e38fafc58
[GradualEraser::stamp] cx=219.0 cy=84.0 r=6 total=113 skipped_zero=113 erased=0
[GradualEraser::verify] center(219,84) rgba=(0,0,0,0)
[BrushEngine::stampEraser] cx=219.0 cy=84.0 m_eraser=0x5e2e38fafc58
[GradualEraser::stamp] cx=219.0 cy=84.0 r=6 total=113 skipped_zero=113 erased=0
[GradualEraser::verify] center(219,84) rgba=(0,0,0,0)
[BrushEngine::stampEraser] cx=219.0 cy=84.0 m_eraser=0x5e2e38fafc58
[GradualEraser::stamp] cx=219.0 cy=84.0 r=6 total=113 skipped_zero=113 erased=0
[GradualEraser::verify] center(219,84) rgba=(0,0,0,0)
[MOUSE_MOVE] drawing=true tool=1 drawing at (562.0,166.0)
[handleDrawing] tool=1 brushType=4 eraserSize=12.0 eraserOp=1.00 layer=0x5e2e67ee0d30
[BrushEngine::stampEraser] cx=219.0 cy=84.0 m_eraser=0x5e2e38fafc58
[GradualEraser::stamp] cx=219.0 cy=84.0 r=6 total=113 skipped_zero=113 erased=0
[GradualEraser::verify] center(219,84) rgba=(0,0,0,0)
[BrushEngine::stampEraser] cx=218.0 cy=84.0 m_eraser=0x5e2e38fafc58
[GradualEraser::stamp] cx=218.0 cy=84.0 r=6 total=113 skipped_zero=113 erased=0
[GradualEraser::verify] center(218,84) rgba=(0,0,0,0)
[BrushEngine::stampEraser] cx=218.0 cy=84.0 m_eraser=0x5e2e38fafc58
[GradualEraser::stamp] cx=218.0 cy=84.0 r=6 total=113 skipped_zero=113 erased=0
[GradualEraser::verify] center(218,84) rgba=(0,0,0,0)
[MOUSE_MOVE] drawing=true tool=1 drawing at (561.0,166.0)
[handleDrawing] tool=1 brushType=4 eraserSize=12.0 eraserOp=1.00 layer=0x5e2e67ee0d30
[BrushEngine::stampEraser] cx=218.0 cy=84.0 m_eraser=0x5e2e38fafc58
[GradualEraser::stamp] cx=218.0 cy=84.0 r=6 total=113 skipped_zero=113 erased=0
[GradualEraser::verify] center(218,84) rgba=(0,0,0,0)
[BrushEngine::stampEraser] cx=217.0 cy=84.0 m_eraser=0x5e2e38fafc58
[GradualEraser::stamp] cx=217.0 cy=84.0 r=6 total=113 skipped_zero=113 erased=0
[GradualEraser::verify] center(217,84) rgba=(0,0,0,0)
[BrushEngine::stampEraser] cx=217.0 cy=84.0 m_eraser=0x5e2e38fafc58
[GradualEraser::stamp] cx=217.0 cy=84.0 r=6 total=113 skipped_zero=113 erased=0
[GradualEraser::verify] center(217,84) rgba=(0,0,0,0)
[MOUSE_MOVE] drawing=true tool=1 drawing at (559.0,165.0)
[handleDrawing] tool=1 brushType=4 eraserSize=12.0 eraserOp=1.00 layer=0x5e2e67ee0d30
[BrushEngine::stampEraser] cx=217.0 cy=84.0 m_eraser=0x5e2e38fafc58
[GradualEraser::stamp] cx=217.0 cy=84.0 r=6 total=113 skipped_zero=113 erased=0
[GradualEraser::verify] center(217,84) rgba=(0,0,0,0)
[BrushEngine::stampEraser] cx=215.0 cy=83.0 m_eraser=0x5e2e38fafc58
[GradualEraser::stamp] cx=215.0 cy=83.0 r=6 total=113 skipped_zero=113 erased=0
[GradualEraser::verify] center(215,83) rgba=(0,0,0,0)
[BrushEngine::stampEraser] cx=215.0 cy=83.0 m_eraser=0x5e2e38fafc58
[GradualEraser::stamp] cx=215.0 cy=83.0 r=6 total=113 skipped_zero=113 erased=0
[GradualEraser::verify] center(215,83) rgba=(0,0,0,0)
[CANVAS_UPDATE] recompositing (frameDirty=1 canvasDirty=0)
[CANVAS_UPDATE] sample pixel (207,154): rgba=(255,101,50,255)
[MOUSE_MOVE] drawing=true tool=1 drawing at (558.0,165.0)
[handleDrawing] tool=1 brushType=4 eraserSize=12.0 eraserOp=1.00 layer=0x5e2e67ee0d30
[BrushEngine::stampEraser] cx=215.0 cy=83.0 m_eraser=0x5e2e38fafc58
[GradualEraser::stamp] cx=215.0 cy=83.0 r=6 total=113 skipped_zero=113 erased=0
[GradualEraser::verify] center(215,83) rgba=(0,0,0,0)
[BrushEngine::stampEraser] cx=214.0 cy=83.0 m_eraser=0x5e2e38fafc58
[GradualEraser::stamp] cx=214.0 cy=83.0 r=6 total=113 skipped_zero=113 erased=0
[GradualEraser::verify] center(214,83) rgba=(0,0,0,0)
[BrushEngine::stampEraser] cx=214.0 cy=83.0 m_eraser=0x5e2e38fafc58
[GradualEraser::stamp] cx=214.0 cy=83.0 r=6 total=113 skipped_zero=113 erased=0
[GradualEraser::verify] center(214,83) rgba=(0,0,0,0)
[MOUSE_MOVE] drawing=true tool=1 drawing at (557.0,165.0)
[handleDrawing] tool=1 brushType=4 eraserSize=12.0 eraserOp=1.00 layer=0x5e2e67ee0d30
[BrushEngine::stampEraser] cx=214.0 cy=83.0 m_eraser=0x5e2e38fafc58
[GradualEraser::stamp] cx=214.0 cy=83.0 r=6 total=113 skipped_zero=113 erased=0
[GradualEraser::verify] center(214,83) rgba=(0,0,0,0)
[BrushEngine::stampEraser] cx=213.0 cy=83.0 m_eraser=0x5e2e38fafc58
[GradualEraser::stamp] cx=213.0 cy=83.0 r=6 total=113 skipped_zero=113 erased=0
[GradualEraser::verify] center(213,83) rgba=(0,0,0,0)
[BrushEngine::stampEraser] cx=213.0 cy=83.0 m_eraser=0x5e2e38fafc58
[GradualEraser::stamp] cx=213.0 cy=83.0 r=6 total=113 skipped_zero=113 erased=0
[GradualEraser::verify] center(213,83) rgba=(0,0,0,0)
[MOUSE_MOVE] drawing=true tool=1 drawing at (556.0,164.0)
[handleDrawing] tool=1 brushType=4 eraserSize=12.0 eraserOp=1.00 layer=0x5e2e67ee0d30
[BrushEngine::stampEraser] cx=213.0 cy=83.0 m_eraser=0x5e2e38fafc58
[GradualEraser::stamp] cx=213.0 cy=83.0 r=6 total=113 skipped_zero=113 erased=0
[GradualEraser::verify] center(213,83) rgba=(0,0,0,0)
[BrushEngine::stampEraser] cx=212.0 cy=82.0 m_eraser=0x5e2e38fafc58
[GradualEraser::stamp] cx=212.0 cy=82.0 r=6 total=113 skipped_zero=113 erased=0
[GradualEraser::verify] center(212,82) rgba=(0,0,0,0)
[BrushEngine::stampEraser] cx=212.0 cy=82.0 m_eraser=0x5e2e38fafc58
[GradualEraser::stamp] cx=212.0 cy=82.0 r=6 total=113 skipped_zero=113 erased=0
[GradualEraser::verify] center(212,82) rgba=(0,0,0,0)
[MOUSE_MOVE] drawing=true tool=1 drawing at (555.0,164.0)
[handleDrawing] tool=1 brushType=4 eraserSize=12.0 eraserOp=1.00 layer=0x5e2e67ee0d30
[BrushEngine::stampEraser] cx=212.0 cy=82.0 m_eraser=0x5e2e38fafc58
[GradualEraser::stamp] cx=212.0 cy=82.0 r=6 total=113 skipped_zero=113 erased=0
[GradualEraser::verify] center(212,82) rgba=(0,0,0,0)
[BrushEngine::stampEraser] cx=211.0 cy=82.0 m_eraser=0x5e2e38fafc58
[GradualEraser::stamp] cx=211.0 cy=82.0 r=6 total=113 skipped_zero=113 erased=0
[GradualEraser::verify] center(211,82) rgba=(0,0,0,0)
[BrushEngine::stampEraser] cx=211.0 cy=82.0 m_eraser=0x5e2e38fafc58
[GradualEraser::stamp] cx=211.0 cy=82.0 r=6 total=113 skipped_zero=113 erased=0
[GradualEraser::verify] center(211,82) rgba=(0,0,0,0)
[MOUSE_MOVE] drawing=true tool=1 drawing at (554.0,164.0)
[handleDrawing] tool=1 brushType=4 eraserSize=12.0 eraserOp=1.00 layer=0x5e2e67ee0d30
[BrushEngine::stampEraser] cx=211.0 cy=82.0 m_eraser=0x5e2e38fafc58
[GradualEraser::stamp] cx=211.0 cy=82.0 r=6 total=113 skipped_zero=113 erased=0
[GradualEraser::verify] center(211,82) rgba=(0,0,0,0)
[BrushEngine::stampEraser] cx=210.0 cy=82.0 m_eraser=0x5e2e38fafc58
[GradualEraser::stamp] cx=210.0 cy=82.0 r=6 total=113 skipped_zero=113 erased=0
[GradualEraser::verify] center(210,82) rgba=(0,0,0,0)
[BrushEngine::stampEraser] cx=210.0 cy=82.0 m_eraser=0x5e2e38fafc58
[GradualEraser::stamp] cx=210.0 cy=82.0 r=6 total=113 skipped_zero=113 erased=0
[GradualEraser::verify] center(210,82) rgba=(0,0,0,0)
[CANVAS_UPDATE] recompositing (frameDirty=1 canvasDirty=0)
[CANVAS_UPDATE] sample pixel (207,154): rgba=(255,101,50,255)
[MOUSE_MOVE] drawing=true tool=1 drawing at (553.0,164.0)
[handleDrawing] tool=1 brushType=4 eraserSize=12.0 eraserOp=1.00 layer=0x5e2e67ee0d30
[BrushEngine::stampEraser] cx=210.0 cy=82.0 m_eraser=0x5e2e38fafc58
[GradualEraser::stamp] cx=210.0 cy=82.0 r=6 total=113 skipped_zero=113 erased=0
[GradualEraser::verify] center(210,82) rgba=(0,0,0,0)
[BrushEngine::stampEraser] cx=209.0 cy=82.0 m_eraser=0x5e2e38fafc58
[GradualEraser::stamp] cx=209.0 cy=82.0 r=6 total=113 skipped_zero=113 erased=0
[GradualEraser::verify] center(209,82) rgba=(0,0,0,0)
[BrushEngine::stampEraser] cx=209.0 cy=82.0 m_eraser=0x5e2e38fafc58
[GradualEraser::stamp] cx=209.0 cy=82.0 r=6 total=113 skipped_zero=113 erased=0
[GradualEraser::verify] center(209,82) rgba=(0,0,0,0)
[MOUSE_MOVE] drawing=true tool=1 drawing at (552.0,164.0)
[handleDrawing] tool=1 brushType=4 eraserSize=12.0 eraserOp=1.00 layer=0x5e2e67ee0d30
[BrushEngine::stampEraser] cx=209.0 cy=82.0 m_eraser=0x5e2e38fafc58
[GradualEraser::stamp] cx=209.0 cy=82.0 r=6 total=113 skipped_zero=113 erased=0
[GradualEraser::verify] center(209,82) rgba=(0,0,0,0)
[BrushEngine::stampEraser] cx=208.0 cy=82.0 m_eraser=0x5e2e38fafc58
[GradualEraser::stamp] cx=208.0 cy=82.0 r=6 total=113 skipped_zero=113 erased=0
[GradualEraser::verify] center(208,82) rgba=(0,0,0,0)
[BrushEngine::stampEraser] cx=208.0 cy=82.0 m_eraser=0x5e2e38fafc58
[GradualEraser::stamp] cx=208.0 cy=82.0 r=6 total=113 skipped_zero=113 erased=0
[GradualEraser::verify] center(208,82) rgba=(0,0,0,0)
[MOUSE_MOVE] drawing=true tool=1 drawing at (551.0,164.0)
[handleDrawing] tool=1 brushType=4 eraserSize=12.0 eraserOp=1.00 layer=0x5e2e67ee0d30
[BrushEngine::stampEraser] cx=208.0 cy=82.0 m_eraser=0x5e2e38fafc58
[GradualEraser::stamp] cx=208.0 cy=82.0 r=6 total=113 skipped_zero=113 erased=0
[GradualEraser::verify] center(208,82) rgba=(0,0,0,0)
[BrushEngine::stampEraser] cx=207.0 cy=82.0 m_eraser=0x5e2e38fafc58
[GradualEraser::stamp] cx=207.0 cy=82.0 r=6 total=113 skipped_zero=113 erased=0
[GradualEraser::verify] center(207,82) rgba=(0,0,0,0)
[BrushEngine::stampEraser] cx=207.0 cy=82.0 m_eraser=0x5e2e38fafc58
[GradualEraser::stamp] cx=207.0 cy=82.0 r=6 total=113 skipped_zero=113 erased=0
[GradualEraser::verify] center(207,82) rgba=(0,0,0,0)
[MOUSE_MOVE] drawing=true tool=1 drawing at (549.0,164.0)
[handleDrawing] tool=1 brushType=4 eraserSize=12.0 eraserOp=1.00 layer=0x5e2e67ee0d30
[BrushEngine::stampEraser] cx=207.0 cy=82.0 m_eraser=0x5e2e38fafc58
[GradualEraser::stamp] cx=207.0 cy=82.0 r=6 total=113 skipped_zero=113 erased=0
[GradualEraser::verify] center(207,82) rgba=(0,0,0,0)
[BrushEngine::stampEraser] cx=205.0 cy=82.0 m_eraser=0x5e2e38fafc58
[GradualEraser::stamp] cx=205.0 cy=82.0 r=6 total=113 skipped_zero=112 erased=1
[GradualEraser::verify] center(205,82) rgba=(0,0,0,0)
[BrushEngine::stampEraser] cx=205.0 cy=82.0 m_eraser=0x5e2e38fafc58
[GradualEraser::stamp] cx=205.0 cy=82.0 r=6 total=113 skipped_zero=113 erased=0
[GradualEraser::verify] center(205,82) rgba=(0,0,0,0)
[MOUSE_MOVE] drawing=true tool=1 drawing at (547.0,162.0)
[handleDrawing] tool=1 brushType=4 eraserSize=12.0 eraserOp=1.00 layer=0x5e2e67ee0d30
[BrushEngine::stampEraser] cx=205.0 cy=82.0 m_eraser=0x5e2e38fafc58
[GradualEraser::stamp] cx=205.0 cy=82.0 r=6 total=113 skipped_zero=113 erased=0
[GradualEraser::verify] center(205,82) rgba=(0,0,0,0)
[BrushEngine::stampEraser] cx=203.0 cy=80.0 m_eraser=0x5e2e38fafc58
[GradualEraser::stamp] cx=203.0 cy=80.0 r=6 total=113 skipped_zero=113 erased=0
[GradualEraser::verify] center(203,80) rgba=(0,0,0,0)
[BrushEngine::stampEraser] cx=203.0 cy=80.0 m_eraser=0x5e2e38fafc58
[GradualEraser::stamp] cx=203.0 cy=80.0 r=6 total=113 skipped_zero=113 erased=0
[GradualEraser::verify] center(203,80) rgba=(0,0,0,0)
[MOUSE_MOVE] drawing=true tool=1 drawing at (546.0,162.0)
[handleDrawing] tool=1 brushType=4 eraserSize=12.0 eraserOp=1.00 layer=0x5e2e67ee0d30
[BrushEngine::stampEraser] cx=203.0 cy=80.0 m_eraser=0x5e2e38fafc58
[GradualEraser::stamp] cx=203.0 cy=80.0 r=6 total=113 skipped_zero=113 erased=0
[GradualEraser::verify] center(203,80) rgba=(0,0,0,0)
[BrushEngine::stampEraser] cx=202.0 cy=80.0 m_eraser=0x5e2e38fafc58
[GradualEraser::stamp] cx=202.0 cy=80.0 r=6 total=113 skipped_zero=113 erased=0
[GradualEraser::verify] center(202,80) rgba=(0,0,0,0)
[BrushEngine::stampEraser] cx=202.0 cy=80.0 m_eraser=0x5e2e38fafc58
[GradualEraser::stamp] cx=202.0 cy=80.0 r=6 total=113 skipped_zero=113 erased=0
[GradualEraser::verify] center(202,80) rgba=(0,0,0,0)
[CANVAS_UPDATE] recompositing (frameDirty=1 canvasDirty=0)
[CANVAS_UPDATE] sample pixel (207,154): rgba=(255,101,50,255)
[MOUSE_MOVE] drawing=true tool=1 drawing at (545.0,162.0)
[handleDrawing] tool=1 brushType=4 eraserSize=12.0 eraserOp=1.00 layer=0x5e2e67ee0d30
[BrushEngine::stampEraser] cx=202.0 cy=80.0 m_eraser=0x5e2e38fafc58
[GradualEraser::stamp] cx=202.0 cy=80.0 r=6 total=113 skipped_zero=113 erased=0
[GradualEraser::verify] center(202,80) rgba=(0,0,0,0)
[BrushEngine::stampEraser] cx=201.0 cy=80.0 m_eraser=0x5e2e38fafc58
[GradualEraser::stamp] cx=201.0 cy=80.0 r=6 total=113 skipped_zero=113 erased=0
[GradualEraser::verify] center(201,80) rgba=(0,0,0,0)
[BrushEngine::stampEraser] cx=201.0 cy=80.0 m_eraser=0x5e2e38fafc58
[GradualEraser::stamp] cx=201.0 cy=80.0 r=6 total=113 skipped_zero=113 erased=0
[GradualEraser::verify] center(201,80) rgba=(0,0,0,0)
[MOUSE_MOVE] drawing=true tool=1 drawing at (544.0,162.0)
[handleDrawing] tool=1 brushType=4 eraserSize=12.0 eraserOp=1.00 layer=0x5e2e67ee0d30
[BrushEngine::stampEraser] cx=201.0 cy=80.0 m_eraser=0x5e2e38fafc58
[GradualEraser::stamp] cx=201.0 cy=80.0 r=6 total=113 skipped_zero=113 erased=0
[GradualEraser::verify] center(201,80) rgba=(0,0,0,0)
[BrushEngine::stampEraser] cx=200.0 cy=80.0 m_eraser=0x5e2e38fafc58
[GradualEraser::stamp] cx=200.0 cy=80.0 r=6 total=113 skipped_zero=112 erased=1
[GradualEraser::verify] center(200,80) rgba=(0,0,0,0)
[BrushEngine::stampEraser] cx=200.0 cy=80.0 m_eraser=0x5e2e38fafc58
[GradualEraser::stamp] cx=200.0 cy=80.0 r=6 total=113 skipped_zero=113 erased=0
[GradualEraser::verify] center(200,80) rgba=(0,0,0,0)
[MOUSE_MOVE] drawing=true tool=1 drawing at (543.0,162.0)
[handleDrawing] tool=1 brushType=4 eraserSize=12.0 eraserOp=1.00 layer=0x5e2e67ee0d30
[BrushEngine::stampEraser] cx=200.0 cy=80.0 m_eraser=0x5e2e38fafc58
[GradualEraser::stamp] cx=200.0 cy=80.0 r=6 total=113 skipped_zero=113 erased=0
[GradualEraser::verify] center(200,80) rgba=(0,0,0,0)
[BrushEngine::stampEraser] cx=199.0 cy=80.0 m_eraser=0x5e2e38fafc58
[GradualEraser::stamp] cx=199.0 cy=80.0 r=6 total=113 skipped_zero=113 erased=0
[GradualEraser::verify] center(199,80) rgba=(0,0,0,0)
[BrushEngine::stampEraser] cx=199.0 cy=80.0 m_eraser=0x5e2e38fafc58
[GradualEraser::stamp] cx=199.0 cy=80.0 r=6 total=113 skipped_zero=113 erased=0
[GradualEraser::verify] center(199,80) rgba=(0,0,0,0)
[MOUSE_MOVE] drawing=true tool=1 drawing at (542.0,162.0)
[handleDrawing] tool=1 brushType=4 eraserSize=12.0 eraserOp=1.00 layer=0x5e2e67ee0d30
[BrushEngine::stampEraser] cx=199.0 cy=80.0 m_eraser=0x5e2e38fafc58
[GradualEraser::stamp] cx=199.0 cy=80.0 r=6 total=113 skipped_zero=113 erased=0
[GradualEraser::verify] center(199,80) rgba=(0,0,0,0)
[BrushEngine::stampEraser] cx=198.0 cy=80.0 m_eraser=0x5e2e38fafc58
[GradualEraser::stamp] cx=198.0 cy=80.0 r=6 total=113 skipped_zero=111 erased=2
[GradualEraser::verify] center(198,80) rgba=(0,0,0,0)
[BrushEngine::stampEraser] cx=198.0 cy=80.0 m_eraser=0x5e2e38fafc58
[GradualEraser::stamp] cx=198.0 cy=80.0 r=6 total=113 skipped_zero=113 erased=0
[GradualEraser::verify] center(198,80) rgba=(0,0,0,0)
[MOUSE_MOVE] drawing=true tool=1 drawing at (541.0,161.0)
[handleDrawing] tool=1 brushType=4 eraserSize=12.0 eraserOp=1.00 layer=0x5e2e67ee0d30
[BrushEngine::stampEraser] cx=198.0 cy=80.0 m_eraser=0x5e2e38fafc58
[GradualEraser::stamp] cx=198.0 cy=80.0 r=6 total=113 skipped_zero=113 erased=0
[GradualEraser::verify] center(198,80) rgba=(0,0,0,0)
[BrushEngine::stampEraser] cx=197.0 cy=79.0 m_eraser=0x5e2e38fafc58
[GradualEraser::stamp] cx=197.0 cy=79.0 r=6 total=113 skipped_zero=113 erased=0
[GradualEraser::verify] center(197,79) rgba=(0,0,0,0)
[BrushEngine::stampEraser] cx=197.0 cy=79.0 m_eraser=0x5e2e38fafc58
[GradualEraser::stamp] cx=197.0 cy=79.0 r=6 total=113 skipped_zero=113 erased=0
[GradualEraser::verify] center(197,79) rgba=(0,0,0,0)
[MOUSE_MOVE] drawing=true tool=1 drawing at (539.0,161.0)
[handleDrawing] tool=1 brushType=4 eraserSize=12.0 eraserOp=1.00 layer=0x5e2e67ee0d30
[BrushEngine::stampEraser] cx=197.0 cy=79.0 m_eraser=0x5e2e38fafc58
[GradualEraser::stamp] cx=197.0 cy=79.0 r=6 total=113 skipped_zero=113 erased=0
[GradualEraser::verify] center(197,79) rgba=(0,0,0,0)
[BrushEngine::stampEraser] cx=195.0 cy=79.0 m_eraser=0x5e2e38fafc58
[GradualEraser::stamp] cx=195.0 cy=79.0 r=6 total=113 skipped_zero=113 erased=0
[GradualEraser::verify] center(195,79) rgba=(0,0,0,0)
[BrushEngine::stampEraser] cx=195.0 cy=79.0 m_eraser=0x5e2e38fafc58
[GradualEraser::stamp] cx=195.0 cy=79.0 r=6 total=113 skipped_zero=113 erased=0
[GradualEraser::verify] center(195,79) rgba=(0,0,0,0)
[MOUSE_MOVE] drawing=true tool=1 drawing at (538.0,161.0)
[handleDrawing] tool=1 brushType=4 eraserSize=12.0 eraserOp=1.00 layer=0x5e2e67ee0d30
[BrushEngine::stampEraser] cx=195.0 cy=79.0 m_eraser=0x5e2e38fafc58
[GradualEraser::stamp] cx=195.0 cy=79.0 r=6 total=113 skipped_zero=113 erased=0
[GradualEraser::verify] center(195,79) rgba=(0,0,0,0)
[BrushEngine::stampEraser] cx=194.0 cy=79.0 m_eraser=0x5e2e38fafc58
[GradualEraser::stamp] cx=194.0 cy=79.0 r=6 total=113 skipped_zero=111 erased=2
[GradualEraser::verify] center(194,79) rgba=(0,0,0,0)
[BrushEngine::stampEraser] cx=194.0 cy=79.0 m_eraser=0x5e2e38fafc58
[GradualEraser::stamp] cx=194.0 cy=79.0 r=6 total=113 skipped_zero=113 erased=0
[GradualEraser::verify] center(194,79) rgba=(0,0,0,0)
[CANVAS_UPDATE] recompositing (frameDirty=1 canvasDirty=0)
[CANVAS_UPDATE] sample pixel (207,154): rgba=(255,101,50,255)
[MOUSE_MOVE] drawing=true tool=1 drawing at (537.0,160.0)
[handleDrawing] tool=1 brushType=4 eraserSize=12.0 eraserOp=1.00 layer=0x5e2e67ee0d30
[BrushEngine::stampEraser] cx=194.0 cy=79.0 m_eraser=0x5e2e38fafc58
[GradualEraser::stamp] cx=194.0 cy=79.0 r=6 total=113 skipped_zero=113 erased=0
[GradualEraser::verify] center(194,79) rgba=(0,0,0,0)
[BrushEngine::stampEraser] cx=193.0 cy=78.0 m_eraser=0x5e2e38fafc58
[GradualEraser::stamp] cx=193.0 cy=78.0 r=6 total=113 skipped_zero=113 erased=0
[GradualEraser::verify] center(193,78) rgba=(0,0,0,0)
[BrushEngine::stampEraser] cx=193.0 cy=78.0 m_eraser=0x5e2e38fafc58
[GradualEraser::stamp] cx=193.0 cy=78.0 r=6 total=113 skipped_zero=113 erased=0
[GradualEraser::verify] center(193,78) rgba=(0,0,0,0)
[MOUSE_MOVE] drawing=true tool=1 drawing at (536.0,160.0)
[handleDrawing] tool=1 brushType=4 eraserSize=12.0 eraserOp=1.00 layer=0x5e2e67ee0d30
[BrushEngine::stampEraser] cx=193.0 cy=78.0 m_eraser=0x5e2e38fafc58
[GradualEraser::stamp] cx=193.0 cy=78.0 r=6 total=113 skipped_zero=113 erased=0
[GradualEraser::verify] center(193,78) rgba=(0,0,0,0)
[BrushEngine::stampEraser] cx=192.0 cy=78.0 m_eraser=0x5e2e38fafc58
[GradualEraser::stamp] cx=192.0 cy=78.0 r=6 total=113 skipped_zero=113 erased=0
[GradualEraser::verify] center(192,78) rgba=(0,0,0,0)
[BrushEngine::stampEraser] cx=192.0 cy=78.0 m_eraser=0x5e2e38fafc58
[GradualEraser::stamp] cx=192.0 cy=78.0 r=6 total=113 skipped_zero=113 erased=0
[GradualEraser::verify] center(192,78) rgba=(0,0,0,0)
[MOUSE_MOVE] drawing=true tool=1 drawing at (532.0,159.0)
[handleDrawing] tool=1 brushType=4 eraserSize=12.0 eraserOp=1.00 layer=0x5e2e67ee0d30
[BrushEngine::stampEraser] cx=192.0 cy=78.0 m_eraser=0x5e2e38fafc58
[GradualEraser::stamp] cx=192.0 cy=78.0 r=6 total=113 skipped_zero=113 erased=0
[GradualEraser::verify] center(192,78) rgba=(0,0,0,0)
[BrushEngine::stampEraser] cx=190.0 cy=77.5 m_eraser=0x5e2e38fafc58
[GradualEraser::stamp] cx=190.0 cy=77.5 r=6 total=113 skipped_zero=113 erased=0
[GradualEraser::verify] center(190,78) rgba=(0,0,0,0)
[BrushEngine::stampEraser] cx=188.0 cy=77.0 m_eraser=0x5e2e38fafc58
[GradualEraser::stamp] cx=188.0 cy=77.0 r=6 total=113 skipped_zero=113 erased=0
[GradualEraser::verify] center(188,77) rgba=(0,0,0,0)
[BrushEngine::stampEraser] cx=188.0 cy=77.0 m_eraser=0x5e2e38fafc58
[GradualEraser::stamp] cx=188.0 cy=77.0 r=6 total=113 skipped_zero=113 erased=0
[GradualEraser::verify] center(188,77) rgba=(0,0,0,0)
[MOUSE_MOVE] drawing=true tool=1 drawing at (529.0,157.0)
[handleDrawing] tool=1 brushType=4 eraserSize=12.0 eraserOp=1.00 layer=0x5e2e67ee0d30
[BrushEngine::stampEraser] cx=188.0 cy=77.0 m_eraser=0x5e2e38fafc58
[GradualEraser::stamp] cx=188.0 cy=77.0 r=6 total=113 skipped_zero=113 erased=0
[GradualEraser::verify] center(188,77) rgba=(0,0,0,0)
[BrushEngine::stampEraser] cx=186.5 cy=76.0 m_eraser=0x5e2e38fafc58
[GradualEraser::stamp] cx=186.5 cy=76.0 r=6 total=113 skipped_zero=113 erased=0
[GradualEraser::verify] center(187,76) rgba=(0,0,0,0)
[BrushEngine::stampEraser] cx=185.0 cy=75.0 m_eraser=0x5e2e38fafc58
[GradualEraser::stamp] cx=185.0 cy=75.0 r=6 total=113 skipped_zero=113 erased=0
[GradualEraser::verify] center(185,75) rgba=(0,0,0,0)
[BrushEngine::stampEraser] cx=185.0 cy=75.0 m_eraser=0x5e2e38fafc58
[GradualEraser::stamp] cx=185.0 cy=75.0 r=6 total=113 skipped_zero=113 erased=0
[GradualEraser::verify] center(185,75) rgba=(0,0,0,0)
[MOUSE_MOVE] drawing=true tool=1 drawing at (527.0,156.0)
[handleDrawing] tool=1 brushType=4 eraserSize=12.0 eraserOp=1.00 layer=0x5e2e67ee0d30
[BrushEngine::stampEraser] cx=185.0 cy=75.0 m_eraser=0x5e2e38fafc58
[GradualEraser::stamp] cx=185.0 cy=75.0 r=6 total=113 skipped_zero=113 erased=0
[GradualEraser::verify] center(185,75) rgba=(0,0,0,0)
[BrushEngine::stampEraser] cx=183.0 cy=74.0 m_eraser=0x5e2e38fafc58
[GradualEraser::stamp] cx=183.0 cy=74.0 r=6 total=113 skipped_zero=113 erased=0
[GradualEraser::verify] center(183,74) rgba=(0,0,0,0)
[BrushEngine::stampEraser] cx=183.0 cy=74.0 m_eraser=0x5e2e38fafc58
[GradualEraser::stamp] cx=183.0 cy=74.0 r=6 total=113 skipped_zero=113 erased=0
[GradualEraser::verify] center(183,74) rgba=(0,0,0,0)
[MOUSE_MOVE] drawing=true tool=1 drawing at (526.0,156.0)
[handleDrawing] tool=1 brushType=4 eraserSize=12.0 eraserOp=1.00 layer=0x5e2e67ee0d30
[BrushEngine::stampEraser] cx=183.0 cy=74.0 m_eraser=0x5e2e38fafc58
[GradualEraser::stamp] cx=183.0 cy=74.0 r=6 total=113 skipped_zero=113 erased=0
[GradualEraser::verify] center(183,74) rgba=(0,0,0,0)
[BrushEngine::stampEraser] cx=182.0 cy=74.0 m_eraser=0x5e2e38fafc58
[GradualEraser::stamp] cx=182.0 cy=74.0 r=6 total=113 skipped_zero=113 erased=0
[GradualEraser::verify] center(182,74) rgba=(0,0,0,0)
[BrushEngine::stampEraser] cx=182.0 cy=74.0 m_eraser=0x5e2e38fafc58
[GradualEraser::stamp] cx=182.0 cy=74.0 r=6 total=113 skipped_zero=113 erased=0
[GradualEraser::verify] center(182,74) rgba=(0,0,0,0)
[MOUSE_MOVE] drawing=true tool=1 drawing at (525.0,153.0)
[handleDrawing] tool=1 brushType=4 eraserSize=12.0 eraserOp=1.00 layer=0x5e2e67ee0d30
[BrushEngine::stampEraser] cx=182.0 cy=74.0 m_eraser=0x5e2e38fafc58
[GradualEraser::stamp] cx=182.0 cy=74.0 r=6 total=113 skipped_zero=113 erased=0
[GradualEraser::verify] center(182,74) rgba=(0,0,0,0)
[BrushEngine::stampEraser] cx=181.5 cy=72.5 m_eraser=0x5e2e38fafc58
[GradualEraser::stamp] cx=181.5 cy=72.5 r=6 total=113 skipped_zero=113 erased=0
[GradualEraser::verify] center(182,73) rgba=(0,0,0,0)
[BrushEngine::stampEraser] cx=181.0 cy=71.0 m_eraser=0x5e2e38fafc58
[GradualEraser::stamp] cx=181.0 cy=71.0 r=6 total=113 skipped_zero=113 erased=0
[GradualEraser::verify] center(181,71) rgba=(0,0,0,0)
[BrushEngine::stampEraser] cx=181.0 cy=71.0 m_eraser=0x5e2e38fafc58
[GradualEraser::stamp] cx=181.0 cy=71.0 r=6 total=113 skipped_zero=113 erased=0
[GradualEraser::verify] center(181,71) rgba=(0,0,0,0)
[MOUSE_MOVE] drawing=true tool=1 drawing at (523.0,153.0)
[handleDrawing] tool=1 brushType=4 eraserSize=12.0 eraserOp=1.00 layer=0x5e2e67ee0d30
[BrushEngine::stampEraser] cx=181.0 cy=71.0 m_eraser=0x5e2e38fafc58
[GradualEraser::stamp] cx=181.0 cy=71.0 r=6 total=113 skipped_zero=113 erased=0
[GradualEraser::verify] center(181,71) rgba=(0,0,0,0)
[BrushEngine::stampEraser] cx=179.0 cy=71.0 m_eraser=0x5e2e38fafc58
[GradualEraser::stamp] cx=179.0 cy=71.0 r=6 total=113 skipped_zero=113 erased=0
[GradualEraser::verify] center(179,71) rgba=(0,0,0,0)
[BrushEngine::stampEraser] cx=179.0 cy=71.0 m_eraser=0x5e2e38fafc58
[GradualEraser::stamp] cx=179.0 cy=71.0 r=6 total=113 skipped_zero=113 erased=0
[GradualEraser::verify] center(179,71) rgba=(0,0,0,0)
[CANVAS_UPDATE] recompositing (frameDirty=1 canvasDirty=0)
[CANVAS_UPDATE] sample pixel (207,154): rgba=(255,101,50,255)
[MOUSE_MOVE] drawing=true tool=1 drawing at (522.0,152.0)
[handleDrawing] tool=1 brushType=4 eraserSize=12.0 eraserOp=1.00 layer=0x5e2e67ee0d30
[BrushEngine::stampEraser] cx=179.0 cy=71.0 m_eraser=0x5e2e38fafc58
[GradualEraser::stamp] cx=179.0 cy=71.0 r=6 total=113 skipped_zero=113 erased=0
[GradualEraser::verify] center(179,71) rgba=(0,0,0,0)
[BrushEngine::stampEraser] cx=178.0 cy=70.0 m_eraser=0x5e2e38fafc58
[GradualEraser::stamp] cx=178.0 cy=70.0 r=6 total=113 skipped_zero=113 erased=0
[GradualEraser::verify] center(178,70) rgba=(0,0,0,0)
[BrushEngine::stampEraser] cx=178.0 cy=70.0 m_eraser=0x5e2e38fafc58
[GradualEraser::stamp] cx=178.0 cy=70.0 r=6 total=113 skipped_zero=113 erased=0
[GradualEraser::verify] center(178,70) rgba=(0,0,0,0)
[MOUSE_MOVE] drawing=true tool=1 drawing at (519.0,150.0)
[handleDrawing] tool=1 brushType=4 eraserSize=12.0 eraserOp=1.00 layer=0x5e2e67ee0d30
[BrushEngine::stampEraser] cx=178.0 cy=70.0 m_eraser=0x5e2e38fafc58
[GradualEraser::stamp] cx=178.0 cy=70.0 r=6 total=113 skipped_zero=113 erased=0
[GradualEraser::verify] center(178,70) rgba=(0,0,0,0)
[BrushEngine::stampEraser] cx=176.5 cy=69.0 m_eraser=0x5e2e38fafc58
[GradualEraser::stamp] cx=176.5 cy=69.0 r=6 total=113 skipped_zero=113 erased=0
[GradualEraser::verify] center(177,69) rgba=(0,0,0,0)
[BrushEngine::stampEraser] cx=175.0 cy=68.0 m_eraser=0x5e2e38fafc58
[GradualEraser::stamp] cx=175.0 cy=68.0 r=6 total=113 skipped_zero=113 erased=0
[GradualEraser::verify] center(175,68) rgba=(0,0,0,0)
[BrushEngine::stampEraser] cx=175.0 cy=68.0 m_eraser=0x5e2e38fafc58
[GradualEraser::stamp] cx=175.0 cy=68.0 r=6 total=113 skipped_zero=113 erased=0
[GradualEraser::verify] center(175,68) rgba=(0,0,0,0)
[MOUSE_MOVE] drawing=true tool=1 drawing at (517.0,148.0)
[handleDrawing] tool=1 brushType=4 eraserSize=12.0 eraserOp=1.00 layer=0x5e2e67ee0d30
[BrushEngine::stampEraser] cx=175.0 cy=68.0 m_eraser=0x5e2e38fafc58
[GradualEraser::stamp] cx=175.0 cy=68.0 r=6 total=113 skipped_zero=113 erased=0
[GradualEraser::verify] center(175,68) rgba=(0,0,0,0)
[BrushEngine::stampEraser] cx=173.0 cy=66.0 m_eraser=0x5e2e38fafc58
[GradualEraser::stamp] cx=173.0 cy=66.0 r=6 total=113 skipped_zero=113 erased=0
[GradualEraser::verify] center(173,66) rgba=(0,0,0,0)
[BrushEngine::stampEraser] cx=173.0 cy=66.0 m_eraser=0x5e2e38fafc58
[GradualEraser::stamp] cx=173.0 cy=66.0 r=6 total=113 skipped_zero=113 erased=0
[GradualEraser::verify] center(173,66) rgba=(0,0,0,0)
[MOUSE_MOVE] drawing=true tool=1 drawing at (516.0,147.0)
[handleDrawing] tool=1 brushType=4 eraserSize=12.0 eraserOp=1.00 layer=0x5e2e67ee0d30
[BrushEngine::stampEraser] cx=173.0 cy=66.0 m_eraser=0x5e2e38fafc58
[GradualEraser::stamp] cx=173.0 cy=66.0 r=6 total=113 skipped_zero=113 erased=0
[GradualEraser::verify] center(173,66) rgba=(0,0,0,0)
[BrushEngine::stampEraser] cx=172.0 cy=65.0 m_eraser=0x5e2e38fafc58
[GradualEraser::stamp] cx=172.0 cy=65.0 r=6 total=113 skipped_zero=113 erased=0
[GradualEraser::verify] center(172,65) rgba=(0,0,0,0)
[BrushEngine::stampEraser] cx=172.0 cy=65.0 m_eraser=0x5e2e38fafc58
[GradualEraser::stamp] cx=172.0 cy=65.0 r=6 total=113 skipped_zero=113 erased=0
[GradualEraser::verify] center(172,65) rgba=(0,0,0,0)
[MOUSE_MOVE] drawing=true tool=1 drawing at (513.0,146.0)
[handleDrawing] tool=1 brushType=4 eraserSize=12.0 eraserOp=1.00 layer=0x5e2e67ee0d30
[BrushEngine::stampEraser] cx=172.0 cy=65.0 m_eraser=0x5e2e38fafc58
[GradualEraser::stamp] cx=172.0 cy=65.0 r=6 total=113 skipped_zero=113 erased=0
[GradualEraser::verify] center(172,65) rgba=(0,0,0,0)
[BrushEngine::stampEraser] cx=170.5 cy=64.5 m_eraser=0x5e2e38fafc58
[GradualEraser::stamp] cx=170.5 cy=64.5 r=6 total=113 skipped_zero=113 erased=0
[GradualEraser::verify] center(171,65) rgba=(0,0,0,0)
[BrushEngine::stampEraser] cx=169.0 cy=64.0 m_eraser=0x5e2e38fafc58
[GradualEraser::stamp] cx=169.0 cy=64.0 r=6 total=113 skipped_zero=110 erased=3
[GradualEraser::verify] center(169,64) rgba=(0,0,0,0)
[BrushEngine::stampEraser] cx=169.0 cy=64.0 m_eraser=0x5e2e38fafc58
[GradualEraser::stamp] cx=169.0 cy=64.0 r=6 total=113 skipped_zero=113 erased=0
[GradualEraser::verify] center(169,64) rgba=(0,0,0,0)
[MOUSE_MOVE] drawing=true tool=1 drawing at (511.0,144.0)
[handleDrawing] tool=1 brushType=4 eraserSize=12.0 eraserOp=1.00 layer=0x5e2e67ee0d30
[BrushEngine::stampEraser] cx=169.0 cy=64.0 m_eraser=0x5e2e38fafc58
[GradualEraser::stamp] cx=169.0 cy=64.0 r=6 total=113 skipped_zero=113 erased=0
[GradualEraser::verify] center(169,64) rgba=(0,0,0,0)
[BrushEngine::stampEraser] cx=167.0 cy=62.0 m_eraser=0x5e2e38fafc58
[GradualEraser::stamp] cx=167.0 cy=62.0 r=6 total=113 skipped_zero=113 erased=0
[GradualEraser::verify] center(167,62) rgba=(0,0,0,0)
[BrushEngine::stampEraser] cx=167.0 cy=62.0 m_eraser=0x5e2e38fafc58
[GradualEraser::stamp] cx=167.0 cy=62.0 r=6 total=113 skipped_zero=113 erased=0
[GradualEraser::verify] center(167,62) rgba=(0,0,0,0)
[MOUSE_MOVE] drawing=true tool=1 drawing at (510.0,143.0)
[handleDrawing] tool=1 brushType=4 eraserSize=12.0 eraserOp=1.00 layer=0x5e2e67ee0d30
[BrushEngine::stampEraser] cx=167.0 cy=62.0 m_eraser=0x5e2e38fafc58
[GradualEraser::stamp] cx=167.0 cy=62.0 r=6 total=113 skipped_zero=113 erased=0
[GradualEraser::verify] center(167,62) rgba=(0,0,0,0)
[BrushEngine::stampEraser] cx=166.0 cy=61.0 m_eraser=0x5e2e38fafc58
[GradualEraser::stamp] cx=166.0 cy=61.0 r=6 total=113 skipped_zero=113 erased=0
[GradualEraser::verify] center(166,61) rgba=(0,0,0,0)
[BrushEngine::stampEraser] cx=166.0 cy=61.0 m_eraser=0x5e2e38fafc58
[GradualEraser::stamp] cx=166.0 cy=61.0 r=6 total=113 skipped_zero=113 erased=0
[GradualEraser::verify] center(166,61) rgba=(0,0,0,0)
[CANVAS_UPDATE] recompositing (frameDirty=1 canvasDirty=0)
[CANVAS_UPDATE] sample pixel (207,154): rgba=(255,101,50,255)
[MOUSE_MOVE] drawing=true tool=1 drawing at (509.0,142.0)
[handleDrawing] tool=1 brushType=4 eraserSize=12.0 eraserOp=1.00 layer=0x5e2e67ee0d30
[BrushEngine::stampEraser] cx=166.0 cy=61.0 m_eraser=0x5e2e38fafc58
[GradualEraser::stamp] cx=166.0 cy=61.0 r=6 total=113 skipped_zero=113 erased=0
[GradualEraser::verify] center(166,61) rgba=(0,0,0,0)
[BrushEngine::stampEraser] cx=165.0 cy=60.0 m_eraser=0x5e2e38fafc58
[GradualEraser::stamp] cx=165.0 cy=60.0 r=6 total=113 skipped_zero=113 erased=0
[GradualEraser::verify] center(165,60) rgba=(0,0,0,0)
[BrushEngine::stampEraser] cx=165.0 cy=60.0 m_eraser=0x5e2e38fafc58
[GradualEraser::stamp] cx=165.0 cy=60.0 r=6 total=113 skipped_zero=113 erased=0
[GradualEraser::verify] center(165,60) rgba=(0,0,0,0)
[MOUSE_MOVE] drawing=true tool=1 drawing at (508.0,140.0)
[handleDrawing] tool=1 brushType=4 eraserSize=12.0 eraserOp=1.00 layer=0x5e2e67ee0d30
[BrushEngine::stampEraser] cx=165.0 cy=60.0 m_eraser=0x5e2e38fafc58
[GradualEraser::stamp] cx=165.0 cy=60.0 r=6 total=113 skipped_zero=113 erased=0
[GradualEraser::verify] center(165,60) rgba=(0,0,0,0)
[BrushEngine::stampEraser] cx=164.0 cy=58.0 m_eraser=0x5e2e38fafc58
[GradualEraser::stamp] cx=164.0 cy=58.0 r=6 total=113 skipped_zero=113 erased=0
[GradualEraser::verify] center(164,58) rgba=(0,0,0,0)
[BrushEngine::stampEraser] cx=164.0 cy=58.0 m_eraser=0x5e2e38fafc58
[GradualEraser::stamp] cx=164.0 cy=58.0 r=6 total=113 skipped_zero=113 erased=0
[GradualEraser::verify] center(164,58) rgba=(0,0,0,0)
[MOUSE_MOVE] drawing=true tool=1 drawing at (505.0,139.0)
[handleDrawing] tool=1 brushType=4 eraserSize=12.0 eraserOp=1.00 layer=0x5e2e67ee0d30
[BrushEngine::stampEraser] cx=164.0 cy=58.0 m_eraser=0x5e2e38fafc58
[GradualEraser::stamp] cx=164.0 cy=58.0 r=6 total=113 skipped_zero=113 erased=0
[GradualEraser::verify] center(164,58) rgba=(0,0,0,0)
[BrushEngine::stampEraser] cx=162.5 cy=57.5 m_eraser=0x5e2e38fafc58
[GradualEraser::stamp] cx=162.5 cy=57.5 r=6 total=113 skipped_zero=113 erased=0
[GradualEraser::verify] center(163,58) rgba=(0,0,0,0)
[BrushEngine::stampEraser] cx=161.0 cy=57.0 m_eraser=0x5e2e38fafc58
[GradualEraser::stamp] cx=161.0 cy=57.0 r=6 total=113 skipped_zero=113 erased=0
[GradualEraser::verify] center(161,57) rgba=(0,0,0,0)
[BrushEngine::stampEraser] cx=161.0 cy=57.0 m_eraser=0x5e2e38fafc58
[GradualEraser::stamp] cx=161.0 cy=57.0 r=6 total=113 skipped_zero=113 erased=0
[GradualEraser::verify] center(161,57) rgba=(0,0,0,0)
[MOUSE_MOVE] drawing=true tool=1 drawing at (503.0,139.0)
[handleDrawing] tool=1 brushType=4 eraserSize=12.0 eraserOp=1.00 layer=0x5e2e67ee0d30
[BrushEngine::stampEraser] cx=161.0 cy=57.0 m_eraser=0x5e2e38fafc58
[GradualEraser::stamp] cx=161.0 cy=57.0 r=6 total=113 skipped_zero=113 erased=0
[GradualEraser::verify] center(161,57) rgba=(0,0,0,0)
[BrushEngine::stampEraser] cx=159.0 cy=57.0 m_eraser=0x5e2e38fafc58
[GradualEraser::stamp] cx=159.0 cy=57.0 r=6 total=113 skipped_zero=113 erased=0
[GradualEraser::verify] center(159,57) rgba=(0,0,0,0)
[BrushEngine::stampEraser] cx=159.0 cy=57.0 m_eraser=0x5e2e38fafc58
[GradualEraser::stamp] cx=159.0 cy=57.0 r=6 total=113 skipped_zero=113 erased=0
[GradualEraser::verify] center(159,57) rgba=(0,0,0,0)
[MOUSE_MOVE] drawing=true tool=1 drawing at (502.0,138.0)
[handleDrawing] tool=1 brushType=4 eraserSize=12.0 eraserOp=1.00 layer=0x5e2e67ee0d30
[BrushEngine::stampEraser] cx=159.0 cy=57.0 m_eraser=0x5e2e38fafc58
[GradualEraser::stamp] cx=159.0 cy=57.0 r=6 total=113 skipped_zero=113 erased=0
[GradualEraser::verify] center(159,57) rgba=(0,0,0,0)
[BrushEngine::stampEraser] cx=158.0 cy=56.0 m_eraser=0x5e2e38fafc58
[GradualEraser::stamp] cx=158.0 cy=56.0 r=6 total=113 skipped_zero=113 erased=0
[GradualEraser::verify] center(158,56) rgba=(0,0,0,0)
[BrushEngine::stampEraser] cx=158.0 cy=56.0 m_eraser=0x5e2e38fafc58
[GradualEraser::stamp] cx=158.0 cy=56.0 r=6 total=113 skipped_zero=113 erased=0
[GradualEraser::verify] center(158,56) rgba=(0,0,0,0)
[MOUSE_MOVE] drawing=true tool=1 drawing at (501.0,136.0)
[handleDrawing] tool=1 brushType=4 eraserSize=12.0 eraserOp=1.00 layer=0x5e2e67ee0d30
[BrushEngine::stampEraser] cx=158.0 cy=56.0 m_eraser=0x5e2e38fafc58
[GradualEraser::stamp] cx=158.0 cy=56.0 r=6 total=113 skipped_zero=113 erased=0
[GradualEraser::verify] center(158,56) rgba=(0,0,0,0)
[BrushEngine::stampEraser] cx=157.0 cy=54.0 m_eraser=0x5e2e38fafc58
[GradualEraser::stamp] cx=157.0 cy=54.0 r=6 total=113 skipped_zero=113 erased=0
[GradualEraser::verify] center(157,54) rgba=(0,0,0,0)
[BrushEngine::stampEraser] cx=157.0 cy=54.0 m_eraser=0x5e2e38fafc58
[GradualEraser::stamp] cx=157.0 cy=54.0 r=6 total=113 skipped_zero=113 erased=0
[GradualEraser::verify] center(157,54) rgba=(0,0,0,0)
[MOUSE_MOVE] drawing=true tool=1 drawing at (499.0,136.0)
[handleDrawing] tool=1 brushType=4 eraserSize=12.0 eraserOp=1.00 layer=0x5e2e67ee0d30
[BrushEngine::stampEraser] cx=157.0 cy=54.0 m_eraser=0x5e2e38fafc58
[GradualEraser::stamp] cx=157.0 cy=54.0 r=6 total=113 skipped_zero=113 erased=0
[GradualEraser::verify] center(157,54) rgba=(0,0,0,0)
[BrushEngine::stampEraser] cx=155.0 cy=54.0 m_eraser=0x5e2e38fafc58
[GradualEraser::stamp] cx=155.0 cy=54.0 r=6 total=113 skipped_zero=113 erased=0
[GradualEraser::verify] center(155,54) rgba=(0,0,0,0)
[BrushEngine::stampEraser] cx=155.0 cy=54.0 m_eraser=0x5e2e38fafc58
[GradualEraser::stamp] cx=155.0 cy=54.0 r=6 total=113 skipped_zero=113 erased=0
[GradualEraser::verify] center(155,54) rgba=(0,0,0,0)
[MOUSE_MOVE] drawing=true tool=1 drawing at (498.0,135.0)
[handleDrawing] tool=1 brushType=4 eraserSize=12.0 eraserOp=1.00 layer=0x5e2e67ee0d30
[BrushEngine::stampEraser] cx=155.0 cy=54.0 m_eraser=0x5e2e38fafc58
[GradualEraser::stamp] cx=155.0 cy=54.0 r=6 total=113 skipped_zero=113 erased=0
[GradualEraser::verify] center(155,54) rgba=(0,0,0,0)
[BrushEngine::stampEraser] cx=154.0 cy=53.0 m_eraser=0x5e2e38fafc58
[GradualEraser::stamp] cx=154.0 cy=53.0 r=6 total=113 skipped_zero=113 erased=0
[GradualEraser::verify] center(154,53) rgba=(0,0,0,0)
[BrushEngine::stampEraser] cx=154.0 cy=53.0 m_eraser=0x5e2e38fafc58
[GradualEraser::stamp] cx=154.0 cy=53.0 r=6 total=113 skipped_zero=113 erased=0
[GradualEraser::verify] center(154,53) rgba=(0,0,0,0)
[CANVAS_UPDATE] recompositing (frameDirty=1 canvasDirty=0)
[CANVAS_UPDATE] sample pixel (207,154): rgba=(255,101,50,255)
[MOUSE_MOVE] drawing=true tool=1 drawing at (497.0,135.0)
[handleDrawing] tool=1 brushType=4 eraserSize=12.0 eraserOp=1.00 layer=0x5e2e67ee0d30
[BrushEngine::stampEraser] cx=154.0 cy=53.0 m_eraser=0x5e2e38fafc58
[GradualEraser::stamp] cx=154.0 cy=53.0 r=6 total=113 skipped_zero=113 erased=0
[GradualEraser::verify] center(154,53) rgba=(0,0,0,0)
[BrushEngine::stampEraser] cx=153.0 cy=53.0 m_eraser=0x5e2e38fafc58
[GradualEraser::stamp] cx=153.0 cy=53.0 r=6 total=113 skipped_zero=113 erased=0
[GradualEraser::verify] center(153,53) rgba=(0,0,0,0)
[BrushEngine::stampEraser] cx=153.0 cy=53.0 m_eraser=0x5e2e38fafc58
[GradualEraser::stamp] cx=153.0 cy=53.0 r=6 total=113 skipped_zero=113 erased=0
[GradualEraser::verify] center(153,53) rgba=(0,0,0,0)
[MOUSE_MOVE] drawing=true tool=1 drawing at (497.0,134.0)
[handleDrawing] tool=1 brushType=4 eraserSize=12.0 eraserOp=1.00 layer=0x5e2e67ee0d30
[BrushEngine::stampEraser] cx=153.0 cy=53.0 m_eraser=0x5e2e38fafc58
[GradualEraser::stamp] cx=153.0 cy=53.0 r=6 total=113 skipped_zero=113 erased=0
[GradualEraser::verify] center(153,53) rgba=(0,0,0,0)
[BrushEngine::stampEraser] cx=153.0 cy=52.0 m_eraser=0x5e2e38fafc58
[GradualEraser::stamp] cx=153.0 cy=52.0 r=6 total=113 skipped_zero=113 erased=0
[GradualEraser::verify] center(153,52) rgba=(0,0,0,0)
[BrushEngine::stampEraser] cx=153.0 cy=52.0 m_eraser=0x5e2e38fafc58
[GradualEraser::stamp] cx=153.0 cy=52.0 r=6 total=113 skipped_zero=113 erased=0
[GradualEraser::verify] center(153,52) rgba=(0,0,0,0)
[CANVAS_UPDATE] recompositing (frameDirty=1 canvasDirty=0)
[CANVAS_UPDATE] sample pixel (207,154): rgba=(255,101,50,255)
[MOUSE_MOVE] drawing=true tool=1 drawing at (497.0,135.0)
[handleDrawing] tool=1 brushType=4 eraserSize=12.0 eraserOp=1.00 layer=0x5e2e67ee0d30
[BrushEngine::stampEraser] cx=153.0 cy=52.0 m_eraser=0x5e2e38fafc58
[GradualEraser::stamp] cx=153.0 cy=52.0 r=6 total=113 skipped_zero=113 erased=0
[GradualEraser::verify] center(153,52) rgba=(0,0,0,0)
[BrushEngine::stampEraser] cx=153.0 cy=53.0 m_eraser=0x5e2e38fafc58
[GradualEraser::stamp] cx=153.0 cy=53.0 r=6 total=113 skipped_zero=113 erased=0
[GradualEraser::verify] center(153,53) rgba=(0,0,0,0)
[BrushEngine::stampEraser] cx=153.0 cy=53.0 m_eraser=0x5e2e38fafc58
[GradualEraser::stamp] cx=153.0 cy=53.0 r=6 total=113 skipped_zero=113 erased=0
[GradualEraser::verify] center(153,53) rgba=(0,0,0,0)
[CANVAS_UPDATE] recompositing (frameDirty=1 canvasDirty=0)
[CANVAS_UPDATE] sample pixel (207,154): rgba=(255,101,50,255)
[MOUSE_MOVE] drawing=true tool=1 drawing at (496.0,136.0)
[handleDrawing] tool=1 brushType=4 eraserSize=12.0 eraserOp=1.00 layer=0x5e2e67ee0d30
[BrushEngine::stampEraser] cx=153.0 cy=53.0 m_eraser=0x5e2e38fafc58
[GradualEraser::stamp] cx=153.0 cy=53.0 r=6 total=113 skipped_zero=113 erased=0
[GradualEraser::verify] center(153,53) rgba=(0,0,0,0)
[BrushEngine::stampEraser] cx=152.0 cy=54.0 m_eraser=0x5e2e38fafc58
[GradualEraser::stamp] cx=152.0 cy=54.0 r=6 total=113 skipped_zero=113 erased=0
[GradualEraser::verify] center(152,54) rgba=(0,0,0,0)
[BrushEngine::stampEraser] cx=152.0 cy=54.0 m_eraser=0x5e2e38fafc58
[GradualEraser::stamp] cx=152.0 cy=54.0 r=6 total=113 skipped_zero=113 erased=0
[GradualEraser::verify] center(152,54) rgba=(0,0,0,0)
[MOUSE_MOVE] drawing=true tool=1 drawing at (495.0,137.0)
[handleDrawing] tool=1 brushType=4 eraserSize=12.0 eraserOp=1.00 layer=0x5e2e67ee0d30
[BrushEngine::stampEraser] cx=152.0 cy=54.0 m_eraser=0x5e2e38fafc58
[GradualEraser::stamp] cx=152.0 cy=54.0 r=6 total=113 skipped_zero=113 erased=0
[GradualEraser::verify] center(152,54) rgba=(0,0,0,0)
[BrushEngine::stampEraser] cx=151.0 cy=55.0 m_eraser=0x5e2e38fafc58
[GradualEraser::stamp] cx=151.0 cy=55.0 r=6 total=113 skipped_zero=113 erased=0
[GradualEraser::verify] center(151,55) rgba=(0,0,0,0)
[BrushEngine::stampEraser] cx=151.0 cy=55.0 m_eraser=0x5e2e38fafc58
[GradualEraser::stamp] cx=151.0 cy=55.0 r=6 total=113 skipped_zero=113 erased=0
[GradualEraser::verify] center(151,55) rgba=(0,0,0,0)
[MOUSE_MOVE] drawing=true tool=1 drawing at (495.0,138.0)
[handleDrawing] tool=1 brushType=4 eraserSize=12.0 eraserOp=1.00 layer=0x5e2e67ee0d30
[BrushEngine::stampEraser] cx=151.0 cy=55.0 m_eraser=0x5e2e38fafc58
[GradualEraser::stamp] cx=151.0 cy=55.0 r=6 total=113 skipped_zero=113 erased=0
[GradualEraser::verify] center(151,55) rgba=(0,0,0,0)
[BrushEngine::stampEraser] cx=151.0 cy=56.0 m_eraser=0x5e2e38fafc58
[GradualEraser::stamp] cx=151.0 cy=56.0 r=6 total=113 skipped_zero=113 erased=0
[GradualEraser::verify] center(151,56) rgba=(0,0,0,0)
[BrushEngine::stampEraser] cx=151.0 cy=56.0 m_eraser=0x5e2e38fafc58
[GradualEraser::stamp] cx=151.0 cy=56.0 r=6 total=113 skipped_zero=113 erased=0
[GradualEraser::verify] center(151,56) rgba=(0,0,0,0)
[CANVAS_UPDATE] recompositing (frameDirty=1 canvasDirty=0)
[CANVAS_UPDATE] sample pixel (207,154): rgba=(255,101,50,255)
[MOUSE_MOVE] drawing=true tool=1 drawing at (494.0,139.0)
[handleDrawing] tool=1 brushType=4 eraserSize=12.0 eraserOp=1.00 layer=0x5e2e67ee0d30
[BrushEngine::stampEraser] cx=151.0 cy=56.0 m_eraser=0x5e2e38fafc58
[GradualEraser::stamp] cx=151.0 cy=56.0 r=6 total=113 skipped_zero=113 erased=0
[GradualEraser::verify] center(151,56) rgba=(0,0,0,0)
[BrushEngine::stampEraser] cx=150.0 cy=57.0 m_eraser=0x5e2e38fafc58
[GradualEraser::stamp] cx=150.0 cy=57.0 r=6 total=113 skipped_zero=113 erased=0
[GradualEraser::verify] center(150,57) rgba=(0,0,0,0)
[BrushEngine::stampEraser] cx=150.0 cy=57.0 m_eraser=0x5e2e38fafc58
[GradualEraser::stamp] cx=150.0 cy=57.0 r=6 total=113 skipped_zero=113 erased=0
[GradualEraser::verify] center(150,57) rgba=(0,0,0,0)
[MOUSE_MOVE] drawing=true tool=1 drawing at (494.0,140.0)
[handleDrawing] tool=1 brushType=4 eraserSize=12.0 eraserOp=1.00 layer=0x5e2e67ee0d30
[BrushEngine::stampEraser] cx=150.0 cy=57.0 m_eraser=0x5e2e38fafc58
[GradualEraser::stamp] cx=150.0 cy=57.0 r=6 total=113 skipped_zero=113 erased=0
[GradualEraser::verify] center(150,57) rgba=(0,0,0,0)
[BrushEngine::stampEraser] cx=150.0 cy=58.0 m_eraser=0x5e2e38fafc58
[GradualEraser::stamp] cx=150.0 cy=58.0 r=6 total=113 skipped_zero=113 erased=0
[GradualEraser::verify] center(150,58) rgba=(0,0,0,0)
[BrushEngine::stampEraser] cx=150.0 cy=58.0 m_eraser=0x5e2e38fafc58
[GradualEraser::stamp] cx=150.0 cy=58.0 r=6 total=113 skipped_zero=113 erased=0
[GradualEraser::verify] center(150,58) rgba=(0,0,0,0)
[CANVAS_UPDATE] recompositing (frameDirty=1 canvasDirty=0)
[CANVAS_UPDATE] sample pixel (207,154): rgba=(255,101,50,255)
[MOUSE_MOVE] drawing=true tool=1 drawing at (494.0,141.0)
[handleDrawing] tool=1 brushType=4 eraserSize=12.0 eraserOp=1.00 layer=0x5e2e67ee0d30
[BrushEngine::stampEraser] cx=150.0 cy=58.0 m_eraser=0x5e2e38fafc58
[GradualEraser::stamp] cx=150.0 cy=58.0 r=6 total=113 skipped_zero=113 erased=0
[GradualEraser::verify] center(150,58) rgba=(0,0,0,0)
[BrushEngine::stampEraser] cx=150.0 cy=59.0 m_eraser=0x5e2e38fafc58
[GradualEraser::stamp] cx=150.0 cy=59.0 r=6 total=113 skipped_zero=113 erased=0
[GradualEraser::verify] center(150,59) rgba=(0,0,0,0)
[BrushEngine::stampEraser] cx=150.0 cy=59.0 m_eraser=0x5e2e38fafc58
[GradualEraser::stamp] cx=150.0 cy=59.0 r=6 total=113 skipped_zero=113 erased=0
[GradualEraser::verify] center(150,59) rgba=(0,0,0,0)
[MOUSE_MOVE] drawing=true tool=1 drawing at (494.0,142.0)
[handleDrawing] tool=1 brushType=4 eraserSize=12.0 eraserOp=1.00 layer=0x5e2e67ee0d30
[BrushEngine::stampEraser] cx=150.0 cy=59.0 m_eraser=0x5e2e38fafc58
[GradualEraser::stamp] cx=150.0 cy=59.0 r=6 total=113 skipped_zero=113 erased=0
[GradualEraser::verify] center(150,59) rgba=(0,0,0,0)
[BrushEngine::stampEraser] cx=150.0 cy=60.0 m_eraser=0x5e2e38fafc58
[GradualEraser::stamp] cx=150.0 cy=60.0 r=6 total=113 skipped_zero=113 erased=0
[GradualEraser::verify] center(150,60) rgba=(0,0,0,0)
[BrushEngine::stampEraser] cx=150.0 cy=60.0 m_eraser=0x5e2e38fafc58
[GradualEraser::stamp] cx=150.0 cy=60.0 r=6 total=113 skipped_zero=113 erased=0
[GradualEraser::verify] center(150,60) rgba=(0,0,0,0)
[MOUSE_MOVE] drawing=true tool=1 drawing at (494.0,143.0)
[handleDrawing] tool=1 brushType=4 eraserSize=12.0 eraserOp=1.00 layer=0x5e2e67ee0d30
[BrushEngine::stampEraser] cx=150.0 cy=60.0 m_eraser=0x5e2e38fafc58
[GradualEraser::stamp] cx=150.0 cy=60.0 r=6 total=113 skipped_zero=113 erased=0
[GradualEraser::verify] center(150,60) rgba=(0,0,0,0)
[BrushEngine::stampEraser] cx=150.0 cy=61.0 m_eraser=0x5e2e38fafc58
[GradualEraser::stamp] cx=150.0 cy=61.0 r=6 total=113 skipped_zero=113 erased=0
[GradualEraser::verify] center(150,61) rgba=(0,0,0,0)
[BrushEngine::stampEraser] cx=150.0 cy=61.0 m_eraser=0x5e2e38fafc58
[GradualEraser::stamp] cx=150.0 cy=61.0 r=6 total=113 skipped_zero=113 erased=0
[GradualEraser::verify] center(150,61) rgba=(0,0,0,0)
[CANVAS_UPDATE] recompositing (frameDirty=1 canvasDirty=0)
[CANVAS_UPDATE] sample pixel (207,154): rgba=(255,101,50,255)
[MOUSE_MOVE] drawing=true tool=1 drawing at (495.0,144.0)
[handleDrawing] tool=1 brushType=4 eraserSize=12.0 eraserOp=1.00 layer=0x5e2e67ee0d30
[BrushEngine::stampEraser] cx=150.0 cy=61.0 m_eraser=0x5e2e38fafc58
[GradualEraser::stamp] cx=150.0 cy=61.0 r=6 total=113 skipped_zero=113 erased=0
[GradualEraser::verify] center(150,61) rgba=(0,0,0,0)
[BrushEngine::stampEraser] cx=151.0 cy=62.0 m_eraser=0x5e2e38fafc58
[GradualEraser::stamp] cx=151.0 cy=62.0 r=6 total=113 skipped_zero=113 erased=0
[GradualEraser::verify] center(151,62) rgba=(0,0,0,0)
[BrushEngine::stampEraser] cx=151.0 cy=62.0 m_eraser=0x5e2e38fafc58
[GradualEraser::stamp] cx=151.0 cy=62.0 r=6 total=113 skipped_zero=113 erased=0
[GradualEraser::verify] center(151,62) rgba=(0,0,0,0)
[CANVAS_UPDATE] recompositing (frameDirty=1 canvasDirty=0)
[CANVAS_UPDATE] sample pixel (207,154): rgba=(255,101,50,255)
[MOUSE_MOVE] drawing=true tool=1 drawing at (497.0,146.0)
[handleDrawing] tool=1 brushType=4 eraserSize=12.0 eraserOp=1.00 layer=0x5e2e67ee0d30
[BrushEngine::stampEraser] cx=151.0 cy=62.0 m_eraser=0x5e2e38fafc58
[GradualEraser::stamp] cx=151.0 cy=62.0 r=6 total=113 skipped_zero=113 erased=0
[GradualEraser::verify] center(151,62) rgba=(0,0,0,0)
[BrushEngine::stampEraser] cx=153.0 cy=64.0 m_eraser=0x5e2e38fafc58
[GradualEraser::stamp] cx=153.0 cy=64.0 r=6 total=113 skipped_zero=103 erased=10
[GradualEraser::verify] center(153,64) rgba=(0,0,0,0)
[BrushEngine::stampEraser] cx=153.0 cy=64.0 m_eraser=0x5e2e38fafc58
[GradualEraser::stamp] cx=153.0 cy=64.0 r=6 total=113 skipped_zero=113 erased=0
[GradualEraser::verify] center(153,64) rgba=(0,0,0,0)
[MOUSE_MOVE] drawing=true tool=1 drawing at (498.0,147.0)
[handleDrawing] tool=1 brushType=4 eraserSize=12.0 eraserOp=1.00 layer=0x5e2e67ee0d30
[BrushEngine::stampEraser] cx=153.0 cy=64.0 m_eraser=0x5e2e38fafc58
[GradualEraser::stamp] cx=153.0 cy=64.0 r=6 total=113 skipped_zero=113 erased=0
[GradualEraser::verify] center(153,64) rgba=(0,0,0,0)
[BrushEngine::stampEraser] cx=154.0 cy=65.0 m_eraser=0x5e2e38fafc58
[GradualEraser::stamp] cx=154.0 cy=65.0 r=6 total=113 skipped_zero=102 erased=11
[GradualEraser::verify] center(154,65) rgba=(0,0,0,0)
[BrushEngine::stampEraser] cx=154.0 cy=65.0 m_eraser=0x5e2e38fafc58
[GradualEraser::stamp] cx=154.0 cy=65.0 r=6 total=113 skipped_zero=113 erased=0
[GradualEraser::verify] center(154,65) rgba=(0,0,0,0)
[MOUSE_MOVE] drawing=true tool=1 drawing at (500.0,148.0)
[handleDrawing] tool=1 brushType=4 eraserSize=12.0 eraserOp=1.00 layer=0x5e2e67ee0d30
[BrushEngine::stampEraser] cx=154.0 cy=65.0 m_eraser=0x5e2e38fafc58
[GradualEraser::stamp] cx=154.0 cy=65.0 r=6 total=113 skipped_zero=113 erased=0
[GradualEraser::verify] center(154,65) rgba=(0,0,0,0)
[BrushEngine::stampEraser] cx=156.0 cy=66.0 m_eraser=0x5e2e38fafc58
[GradualEraser::stamp] cx=156.0 cy=66.0 r=6 total=113 skipped_zero=94 erased=19
[GradualEraser::verify] center(156,66) rgba=(0,0,0,0)
[BrushEngine::stampEraser] cx=156.0 cy=66.0 m_eraser=0x5e2e38fafc58
[GradualEraser::stamp] cx=156.0 cy=66.0 r=6 total=113 skipped_zero=113 erased=0
[GradualEraser::verify] center(156,66) rgba=(0,0,0,0)
[MOUSE_MOVE] drawing=true tool=1 drawing at (501.0,148.0)
[handleDrawing] tool=1 brushType=4 eraserSize=12.0 eraserOp=1.00 layer=0x5e2e67ee0d30
[BrushEngine::stampEraser] cx=156.0 cy=66.0 m_eraser=0x5e2e38fafc58
[GradualEraser::stamp] cx=156.0 cy=66.0 r=6 total=113 skipped_zero=113 erased=0
[GradualEraser::verify] center(156,66) rgba=(0,0,0,0)
[BrushEngine::stampEraser] cx=157.0 cy=66.0 m_eraser=0x5e2e38fafc58
[GradualEraser::stamp] cx=157.0 cy=66.0 r=6 total=113 skipped_zero=107 erased=6
[GradualEraser::verify] center(157,66) rgba=(0,0,0,0)
[BrushEngine::stampEraser] cx=157.0 cy=66.0 m_eraser=0x5e2e38fafc58
[GradualEraser::stamp] cx=157.0 cy=66.0 r=6 total=113 skipped_zero=113 erased=0
[GradualEraser::verify] center(157,66) rgba=(0,0,0,0)
[MOUSE_MOVE] drawing=true tool=1 drawing at (502.0,149.0)
[handleDrawing] tool=1 brushType=4 eraserSize=12.0 eraserOp=1.00 layer=0x5e2e67ee0d30
[BrushEngine::stampEraser] cx=157.0 cy=66.0 m_eraser=0x5e2e38fafc58
[GradualEraser::stamp] cx=157.0 cy=66.0 r=6 total=113 skipped_zero=113 erased=0
[GradualEraser::verify] center(157,66) rgba=(0,0,0,0)
[BrushEngine::stampEraser] cx=158.0 cy=67.0 m_eraser=0x5e2e38fafc58
[GradualEraser::stamp] cx=158.0 cy=67.0 r=6 total=113 skipped_zero=100 erased=13
[GradualEraser::verify] center(158,67) rgba=(0,0,0,0)
[BrushEngine::stampEraser] cx=158.0 cy=67.0 m_eraser=0x5e2e38fafc58
[GradualEraser::stamp] cx=158.0 cy=67.0 r=6 total=113 skipped_zero=113 erased=0
[GradualEraser::verify] center(158,67) rgba=(0,0,0,0)
[MOUSE_MOVE] drawing=true tool=1 drawing at (503.0,150.0)
[handleDrawing] tool=1 brushType=4 eraserSize=12.0 eraserOp=1.00 layer=0x5e2e67ee0d30
[BrushEngine::stampEraser] cx=158.0 cy=67.0 m_eraser=0x5e2e38fafc58
[GradualEraser::stamp] cx=158.0 cy=67.0 r=6 total=113 skipped_zero=113 erased=0
[GradualEraser::verify] center(158,67) rgba=(0,0,0,0)
[BrushEngine::stampEraser] cx=159.0 cy=68.0 m_eraser=0x5e2e38fafc58
[GradualEraser::stamp] cx=159.0 cy=68.0 r=6 total=113 skipped_zero=99 erased=14
[GradualEraser::verify] center(159,68) rgba=(0,0,0,0)
[BrushEngine::stampEraser] cx=159.0 cy=68.0 m_eraser=0x5e2e38fafc58
[GradualEraser::stamp] cx=159.0 cy=68.0 r=6 total=113 skipped_zero=113 erased=0
[GradualEraser::verify] center(159,68) rgba=(0,0,0,0)
[MOUSE_MOVE] drawing=true tool=1 drawing at (504.0,151.0)
[handleDrawing] tool=1 brushType=4 eraserSize=12.0 eraserOp=1.00 layer=0x5e2e67ee0d30
[BrushEngine::stampEraser] cx=159.0 cy=68.0 m_eraser=0x5e2e38fafc58
[GradualEraser::stamp] cx=159.0 cy=68.0 r=6 total=113 skipped_zero=113 erased=0
[GradualEraser::verify] center(159,68) rgba=(0,0,0,0)
[BrushEngine::stampEraser] cx=160.0 cy=69.0 m_eraser=0x5e2e38fafc58
[GradualEraser::stamp] cx=160.0 cy=69.0 r=6 total=113 skipped_zero=99 erased=14
[GradualEraser::verify] center(160,69) rgba=(0,0,0,0)
[BrushEngine::stampEraser] cx=160.0 cy=69.0 m_eraser=0x5e2e38fafc58
[GradualEraser::stamp] cx=160.0 cy=69.0 r=6 total=113 skipped_zero=113 erased=0
[GradualEraser::verify] center(160,69) rgba=(0,0,0,0)
[CANVAS_UPDATE] recompositing (frameDirty=1 canvasDirty=0)
[CANVAS_UPDATE] sample pixel (207,154): rgba=(255,101,50,255)
[MOUSE_MOVE] drawing=true tool=1 drawing at (505.0,151.0)
[handleDrawing] tool=1 brushType=4 eraserSize=12.0 eraserOp=1.00 layer=0x5e2e67ee0d30
[BrushEngine::stampEraser] cx=160.0 cy=69.0 m_eraser=0x5e2e38fafc58
[GradualEraser::stamp] cx=160.0 cy=69.0 r=6 total=113 skipped_zero=113 erased=0
[GradualEraser::verify] center(160,69) rgba=(0,0,0,0)
[BrushEngine::stampEraser] cx=161.0 cy=69.0 m_eraser=0x5e2e38fafc58
[GradualEraser::stamp] cx=161.0 cy=69.0 r=6 total=113 skipped_zero=107 erased=6
[GradualEraser::verify] center(161,69) rgba=(0,0,0,0)
[BrushEngine::stampEraser] cx=161.0 cy=69.0 m_eraser=0x5e2e38fafc58
[GradualEraser::stamp] cx=161.0 cy=69.0 r=6 total=113 skipped_zero=113 erased=0
[GradualEraser::verify] center(161,69) rgba=(0,0,0,0)
[MOUSE_MOVE] drawing=true tool=1 drawing at (506.0,151.0)
[handleDrawing] tool=1 brushType=4 eraserSize=12.0 eraserOp=1.00 layer=0x5e2e67ee0d30
[BrushEngine::stampEraser] cx=161.0 cy=69.0 m_eraser=0x5e2e38fafc58
[GradualEraser::stamp] cx=161.0 cy=69.0 r=6 total=113 skipped_zero=113 erased=0
[GradualEraser::verify] center(161,69) rgba=(0,0,0,0)
[BrushEngine::stampEraser] cx=162.0 cy=69.0 m_eraser=0x5e2e38fafc58
[GradualEraser::stamp] cx=162.0 cy=69.0 r=6 total=113 skipped_zero=109 erased=4
[GradualEraser::verify] center(162,69) rgba=(0,0,0,0)
[BrushEngine::stampEraser] cx=162.0 cy=69.0 m_eraser=0x5e2e38fafc58
[GradualEraser::stamp] cx=162.0 cy=69.0 r=6 total=113 skipped_zero=113 erased=0
[GradualEraser::verify] center(162,69) rgba=(0,0,0,0)
[MOUSE_MOVE] drawing=true tool=1 drawing at (507.0,153.0)
[handleDrawing] tool=1 brushType=4 eraserSize=12.0 eraserOp=1.00 layer=0x5e2e67ee0d30
[BrushEngine::stampEraser] cx=162.0 cy=69.0 m_eraser=0x5e2e38fafc58
[GradualEraser::stamp] cx=162.0 cy=69.0 r=6 total=113 skipped_zero=113 erased=0
[GradualEraser::verify] center(162,69) rgba=(0,0,0,0)
[BrushEngine::stampEraser] cx=163.0 cy=71.0 m_eraser=0x5e2e38fafc58
[GradualEraser::stamp] cx=163.0 cy=71.0 r=6 total=113 skipped_zero=100 erased=13
[GradualEraser::verify] center(163,71) rgba=(0,0,0,0)
[BrushEngine::stampEraser] cx=163.0 cy=71.0 m_eraser=0x5e2e38fafc58
[GradualEraser::stamp] cx=163.0 cy=71.0 r=6 total=113 skipped_zero=113 erased=0
[GradualEraser::verify] center(163,71) rgba=(0,0,0,0)
[MOUSE_MOVE] drawing=true tool=1 drawing at (509.0,153.0)
[handleDrawing] tool=1 brushType=4 eraserSize=12.0 eraserOp=1.00 layer=0x5e2e67ee0d30
[BrushEngine::stampEraser] cx=163.0 cy=71.0 m_eraser=0x5e2e38fafc58
[GradualEraser::stamp] cx=163.0 cy=71.0 r=6 total=113 skipped_zero=113 erased=0
[GradualEraser::verify] center(163,71) rgba=(0,0,0,0)
[BrushEngine::stampEraser] cx=165.0 cy=71.0 m_eraser=0x5e2e38fafc58
[GradualEraser::stamp] cx=165.0 cy=71.0 r=6 total=113 skipped_zero=112 erased=1
[GradualEraser::verify] center(165,71) rgba=(0,0,0,0)
[BrushEngine::stampEraser] cx=165.0 cy=71.0 m_eraser=0x5e2e38fafc58
[GradualEraser::stamp] cx=165.0 cy=71.0 r=6 total=113 skipped_zero=113 erased=0
[GradualEraser::verify] center(165,71) rgba=(0,0,0,0)
[MOUSE_MOVE] drawing=true tool=1 drawing at (510.0,154.0)
[handleDrawing] tool=1 brushType=4 eraserSize=12.0 eraserOp=1.00 layer=0x5e2e67ee0d30
[BrushEngine::stampEraser] cx=165.0 cy=71.0 m_eraser=0x5e2e38fafc58
[GradualEraser::stamp] cx=165.0 cy=71.0 r=6 total=113 skipped_zero=113 erased=0
[GradualEraser::verify] center(165,71) rgba=(0,0,0,0)
[BrushEngine::stampEraser] cx=166.0 cy=72.0 m_eraser=0x5e2e38fafc58
[GradualEraser::stamp] cx=166.0 cy=72.0 r=6 total=113 skipped_zero=111 erased=2
[GradualEraser::verify] center(166,72) rgba=(0,0,0,0)
[BrushEngine::stampEraser] cx=166.0 cy=72.0 m_eraser=0x5e2e38fafc58
[GradualEraser::stamp] cx=166.0 cy=72.0 r=6 total=113 skipped_zero=113 erased=0
[GradualEraser::verify] center(166,72) rgba=(0,0,0,0)
[CANVAS_UPDATE] recompositing (frameDirty=1 canvasDirty=0)
[CANVAS_UPDATE] sample pixel (207,154): rgba=(255,101,50,255)
[MOUSE_MOVE] drawing=true tool=1 drawing at (511.0,154.0)
[handleDrawing] tool=1 brushType=4 eraserSize=12.0 eraserOp=1.00 layer=0x5e2e67ee0d30
[BrushEngine::stampEraser] cx=166.0 cy=72.0 m_eraser=0x5e2e38fafc58
[GradualEraser::stamp] cx=166.0 cy=72.0 r=6 total=113 skipped_zero=113 erased=0
[GradualEraser::verify] center(166,72) rgba=(0,0,0,0)
[BrushEngine::stampEraser] cx=167.0 cy=72.0 m_eraser=0x5e2e38fafc58
[GradualEraser::stamp] cx=167.0 cy=72.0 r=6 total=113 skipped_zero=112 erased=1
[GradualEraser::verify] center(167,72) rgba=(0,0,0,0)
[BrushEngine::stampEraser] cx=167.0 cy=72.0 m_eraser=0x5e2e38fafc58
[GradualEraser::stamp] cx=167.0 cy=72.0 r=6 total=113 skipped_zero=113 erased=0
[GradualEraser::verify] center(167,72) rgba=(0,0,0,0)
[MOUSE_MOVE] drawing=true tool=1 drawing at (512.0,154.0)
[handleDrawing] tool=1 brushType=4 eraserSize=12.0 eraserOp=1.00 layer=0x5e2e67ee0d30
[BrushEngine::stampEraser] cx=167.0 cy=72.0 m_eraser=0x5e2e38fafc58
[GradualEraser::stamp] cx=167.0 cy=72.0 r=6 total=113 skipped_zero=113 erased=0
[GradualEraser::verify] center(167,72) rgba=(0,0,0,0)
[BrushEngine::stampEraser] cx=168.0 cy=72.0 m_eraser=0x5e2e38fafc58
[GradualEraser::stamp] cx=168.0 cy=72.0 r=6 total=113 skipped_zero=113 erased=0
[GradualEraser::verify] center(168,72) rgba=(0,0,0,0)
[BrushEngine::stampEraser] cx=168.0 cy=72.0 m_eraser=0x5e2e38fafc58
[GradualEraser::stamp] cx=168.0 cy=72.0 r=6 total=113 skipped_zero=113 erased=0
[GradualEraser::verify] center(168,72) rgba=(0,0,0,0)
[MOUSE_MOVE] drawing=true tool=1 drawing at (513.0,154.0)
[handleDrawing] tool=1 brushType=4 eraserSize=12.0 eraserOp=1.00 layer=0x5e2e67ee0d30
[BrushEngine::stampEraser] cx=168.0 cy=72.0 m_eraser=0x5e2e38fafc58
[GradualEraser::stamp] cx=168.0 cy=72.0 r=6 total=113 skipped_zero=113 erased=0
[GradualEraser::verify] center(168,72) rgba=(0,0,0,0)
[BrushEngine::stampEraser] cx=169.0 cy=72.0 m_eraser=0x5e2e38fafc58
[GradualEraser::stamp] cx=169.0 cy=72.0 r=6 total=113 skipped_zero=113 erased=0
[GradualEraser::verify] center(169,72) rgba=(0,0,0,0)
[BrushEngine::stampEraser] cx=169.0 cy=72.0 m_eraser=0x5e2e38fafc58
[GradualEraser::stamp] cx=169.0 cy=72.0 r=6 total=113 skipped_zero=113 erased=0
[GradualEraser::verify] center(169,72) rgba=(0,0,0,0)
[CANVAS_UPDATE] recompositing (frameDirty=1 canvasDirty=0)
[CANVAS_UPDATE] sample pixel (207,154): rgba=(255,101,50,255)
[MOUSE_MOVE] drawing=true tool=1 drawing at (513.0,153.0)
[handleDrawing] tool=1 brushType=4 eraserSize=12.0 eraserOp=1.00 layer=0x5e2e67ee0d30
[BrushEngine::stampEraser] cx=169.0 cy=72.0 m_eraser=0x5e2e38fafc58
[GradualEraser::stamp] cx=169.0 cy=72.0 r=6 total=113 skipped_zero=113 erased=0
[GradualEraser::verify] center(169,72) rgba=(0,0,0,0)
[BrushEngine::stampEraser] cx=169.0 cy=71.0 m_eraser=0x5e2e38fafc58
[GradualEraser::stamp] cx=169.0 cy=71.0 r=6 total=113 skipped_zero=113 erased=0
[GradualEraser::verify] center(169,71) rgba=(0,0,0,0)
[BrushEngine::stampEraser] cx=169.0 cy=71.0 m_eraser=0x5e2e38fafc58
[GradualEraser::stamp] cx=169.0 cy=71.0 r=6 total=113 skipped_zero=113 erased=0
[GradualEraser::verify] center(169,71) rgba=(0,0,0,0)
[CANVAS_UPDATE] recompositing (frameDirty=1 canvasDirty=0)
[CANVAS_UPDATE] sample pixel (207,154): rgba=(255,101,50,255)
[MOUSE_MOVE] drawing=true tool=1 drawing at (513.0,152.0)
[handleDrawing] tool=1 brushType=4 eraserSize=12.0 eraserOp=1.00 layer=0x5e2e67ee0d30
[BrushEngine::stampEraser] cx=169.0 cy=71.0 m_eraser=0x5e2e38fafc58
[GradualEraser::stamp] cx=169.0 cy=71.0 r=6 total=113 skipped_zero=113 erased=0
[GradualEraser::verify] center(169,71) rgba=(0,0,0,0)
[BrushEngine::stampEraser] cx=169.0 cy=70.0 m_eraser=0x5e2e38fafc58
[GradualEraser::stamp] cx=169.0 cy=70.0 r=6 total=113 skipped_zero=113 erased=0
[GradualEraser::verify] center(169,70) rgba=(0,0,0,0)
[BrushEngine::stampEraser] cx=169.0 cy=70.0 m_eraser=0x5e2e38fafc58
[GradualEraser::stamp] cx=169.0 cy=70.0 r=6 total=113 skipped_zero=113 erased=0
[GradualEraser::verify] center(169,70) rgba=(0,0,0,0)
[MOUSE_MOVE] drawing=true tool=1 drawing at (512.0,152.0)
[handleDrawing] tool=1 brushType=4 eraserSize=12.0 eraserOp=1.00 layer=0x5e2e67ee0d30
[BrushEngine::stampEraser] cx=169.0 cy=70.0 m_eraser=0x5e2e38fafc58
[GradualEraser::stamp] cx=169.0 cy=70.0 r=6 total=113 skipped_zero=113 erased=0
[GradualEraser::verify] center(169,70) rgba=(0,0,0,0)
[BrushEngine::stampEraser] cx=168.0 cy=70.0 m_eraser=0x5e2e38fafc58
[GradualEraser::stamp] cx=168.0 cy=70.0 r=6 total=113 skipped_zero=113 erased=0
[GradualEraser::verify] center(168,70) rgba=(0,0,0,0)
[BrushEngine::stampEraser] cx=168.0 cy=70.0 m_eraser=0x5e2e38fafc58
[GradualEraser::stamp] cx=168.0 cy=70.0 r=6 total=113 skipped_zero=113 erased=0
[GradualEraser::verify] center(168,70) rgba=(0,0,0,0)
[CANVAS_UPDATE] recompositing (frameDirty=1 canvasDirty=0)
[CANVAS_UPDATE] sample pixel (207,154): rgba=(255,101,50,255)
[MOUSE_MOVE] drawing=true tool=1 drawing at (512.0,151.0)
[handleDrawing] tool=1 brushType=4 eraserSize=12.0 eraserOp=1.00 layer=0x5e2e67ee0d30
[BrushEngine::stampEraser] cx=168.0 cy=70.0 m_eraser=0x5e2e38fafc58
[GradualEraser::stamp] cx=168.0 cy=70.0 r=6 total=113 skipped_zero=113 erased=0
[GradualEraser::verify] center(168,70) rgba=(0,0,0,0)
[BrushEngine::stampEraser] cx=168.0 cy=69.0 m_eraser=0x5e2e38fafc58
[GradualEraser::stamp] cx=168.0 cy=69.0 r=6 total=113 skipped_zero=113 erased=0
[GradualEraser::verify] center(168,69) rgba=(0,0,0,0)
[BrushEngine::stampEraser] cx=168.0 cy=69.0 m_eraser=0x5e2e38fafc58
[GradualEraser::stamp] cx=168.0 cy=69.0 r=6 total=113 skipped_zero=113 erased=0
[GradualEraser::verify] center(168,69) rgba=(0,0,0,0)
[CANVAS_UPDATE] recompositing (frameDirty=1 canvasDirty=0)
[CANVAS_UPDATE] sample pixel (207,154): rgba=(255,101,50,255)
[MOUSE_MOVE] drawing=true tool=1 drawing at (512.0,152.0)
[handleDrawing] tool=1 brushType=4 eraserSize=12.0 eraserOp=1.00 layer=0x5e2e67ee0d30
[BrushEngine::stampEraser] cx=168.0 cy=69.0 m_eraser=0x5e2e38fafc58
[GradualEraser::stamp] cx=168.0 cy=69.0 r=6 total=113 skipped_zero=113 erased=0
[GradualEraser::verify] center(168,69) rgba=(0,0,0,0)
[BrushEngine::stampEraser] cx=168.0 cy=70.0 m_eraser=0x5e2e38fafc58
[GradualEraser::stamp] cx=168.0 cy=70.0 r=6 total=113 skipped_zero=113 erased=0
[GradualEraser::verify] center(168,70) rgba=(0,0,0,0)
[BrushEngine::stampEraser] cx=168.0 cy=70.0 m_eraser=0x5e2e38fafc58
[GradualEraser::stamp] cx=168.0 cy=70.0 r=6 total=113 skipped_zero=113 erased=0
[GradualEraser::verify] center(168,70) rgba=(0,0,0,0)
[MOUSE_MOVE] drawing=true tool=1 drawing at (512.0,153.0)
[handleDrawing] tool=1 brushType=4 eraserSize=12.0 eraserOp=1.00 layer=0x5e2e67ee0d30
[BrushEngine::stampEraser] cx=168.0 cy=70.0 m_eraser=0x5e2e38fafc58
[GradualEraser::stamp] cx=168.0 cy=70.0 r=6 total=113 skipped_zero=113 erased=0
[GradualEraser::verify] center(168,70) rgba=(0,0,0,0)
[BrushEngine::stampEraser] cx=168.0 cy=71.0 m_eraser=0x5e2e38fafc58
[GradualEraser::stamp] cx=168.0 cy=71.0 r=6 total=113 skipped_zero=113 erased=0
[GradualEraser::verify] center(168,71) rgba=(0,0,0,0)
[BrushEngine::stampEraser] cx=168.0 cy=71.0 m_eraser=0x5e2e38fafc58
[GradualEraser::stamp] cx=168.0 cy=71.0 r=6 total=113 skipped_zero=113 erased=0
[GradualEraser::verify] center(168,71) rgba=(0,0,0,0)
[MOUSE_MOVE] drawing=true tool=1 drawing at (512.0,154.0)
[handleDrawing] tool=1 brushType=4 eraserSize=12.0 eraserOp=1.00 layer=0x5e2e67ee0d30
[BrushEngine::stampEraser] cx=168.0 cy=71.0 m_eraser=0x5e2e38fafc58
[GradualEraser::stamp] cx=168.0 cy=71.0 r=6 total=113 skipped_zero=113 erased=0
[GradualEraser::verify] center(168,71) rgba=(0,0,0,0)
[BrushEngine::stampEraser] cx=168.0 cy=72.0 m_eraser=0x5e2e38fafc58
[GradualEraser::stamp] cx=168.0 cy=72.0 r=6 total=113 skipped_zero=113 erased=0
[GradualEraser::verify] center(168,72) rgba=(0,0,0,0)
[BrushEngine::stampEraser] cx=168.0 cy=72.0 m_eraser=0x5e2e38fafc58
[GradualEraser::stamp] cx=168.0 cy=72.0 r=6 total=113 skipped_zero=113 erased=0
[GradualEraser::verify] center(168,72) rgba=(0,0,0,0)
[MOUSE_MOVE] drawing=true tool=1 drawing at (512.0,155.0)
[handleDrawing] tool=1 brushType=4 eraserSize=12.0 eraserOp=1.00 layer=0x5e2e67ee0d30
[BrushEngine::stampEraser] cx=168.0 cy=72.0 m_eraser=0x5e2e38fafc58
[GradualEraser::stamp] cx=168.0 cy=72.0 r=6 total=113 skipped_zero=113 erased=0
[GradualEraser::verify] center(168,72) rgba=(0,0,0,0)
[BrushEngine::stampEraser] cx=168.0 cy=73.0 m_eraser=0x5e2e38fafc58
[GradualEraser::stamp] cx=168.0 cy=73.0 r=6 total=113 skipped_zero=111 erased=2
[GradualEraser::verify] center(168,73) rgba=(0,0,0,0)
[BrushEngine::stampEraser] cx=168.0 cy=73.0 m_eraser=0x5e2e38fafc58
[GradualEraser::stamp] cx=168.0 cy=73.0 r=6 total=113 skipped_zero=113 erased=0
[GradualEraser::verify] center(168,73) rgba=(0,0,0,0)
[MOUSE_MOVE] drawing=true tool=1 drawing at (512.0,156.0)
[handleDrawing] tool=1 brushType=4 eraserSize=12.0 eraserOp=1.00 layer=0x5e2e67ee0d30
[BrushEngine::stampEraser] cx=168.0 cy=73.0 m_eraser=0x5e2e38fafc58
[GradualEraser::stamp] cx=168.0 cy=73.0 r=6 total=113 skipped_zero=113 erased=0
[GradualEraser::verify] center(168,73) rgba=(0,0,0,0)
[BrushEngine::stampEraser] cx=168.0 cy=74.0 m_eraser=0x5e2e38fafc58
[GradualEraser::stamp] cx=168.0 cy=74.0 r=6 total=113 skipped_zero=106 erased=7
[GradualEraser::verify] center(168,74) rgba=(0,0,0,0)
[BrushEngine::stampEraser] cx=168.0 cy=74.0 m_eraser=0x5e2e38fafc58
[GradualEraser::stamp] cx=168.0 cy=74.0 r=6 total=113 skipped_zero=113 erased=0
[GradualEraser::verify] center(168,74) rgba=(0,0,0,0)
[CANVAS_UPDATE] recompositing (frameDirty=1 canvasDirty=0)
[CANVAS_UPDATE] sample pixel (207,154): rgba=(255,101,50,255)
[MOUSE_MOVE] drawing=true tool=1 drawing at (513.0,156.0)
[handleDrawing] tool=1 brushType=4 eraserSize=12.0 eraserOp=1.00 layer=0x5e2e67ee0d30
[BrushEngine::stampEraser] cx=168.0 cy=74.0 m_eraser=0x5e2e38fafc58
[GradualEraser::stamp] cx=168.0 cy=74.0 r=6 total=113 skipped_zero=113 erased=0
[GradualEraser::verify] center(168,74) rgba=(0,0,0,0)
[BrushEngine::stampEraser] cx=169.0 cy=74.0 m_eraser=0x5e2e38fafc58
[GradualEraser::stamp] cx=169.0 cy=74.0 r=6 total=113 skipped_zero=112 erased=1
[GradualEraser::verify] center(169,74) rgba=(0,0,0,0)
[BrushEngine::stampEraser] cx=169.0 cy=74.0 m_eraser=0x5e2e38fafc58
[GradualEraser::stamp] cx=169.0 cy=74.0 r=6 total=113 skipped_zero=113 erased=0
[GradualEraser::verify] center(169,74) rgba=(0,0,0,0)
[MOUSE_MOVE] drawing=true tool=1 drawing at (513.0,157.0)
[handleDrawing] tool=1 brushType=4 eraserSize=12.0 eraserOp=1.00 layer=0x5e2e67ee0d30
[BrushEngine::stampEraser] cx=169.0 cy=74.0 m_eraser=0x5e2e38fafc58
[GradualEraser::stamp] cx=169.0 cy=74.0 r=6 total=113 skipped_zero=113 erased=0
[GradualEraser::verify] center(169,74) rgba=(0,0,0,0)
[BrushEngine::stampEraser] cx=169.0 cy=75.0 m_eraser=0x5e2e38fafc58
[GradualEraser::stamp] cx=169.0 cy=75.0 r=6 total=113 skipped_zero=107 erased=6
[GradualEraser::verify] center(169,75) rgba=(0,0,0,0)
[BrushEngine::stampEraser] cx=169.0 cy=75.0 m_eraser=0x5e2e38fafc58
[GradualEraser::stamp] cx=169.0 cy=75.0 r=6 total=113 skipped_zero=113 erased=0
[GradualEraser::verify] center(169,75) rgba=(0,0,0,0)
[MOUSE_MOVE] drawing=true tool=1 drawing at (513.0,158.0)
[handleDrawing] tool=1 brushType=4 eraserSize=12.0 eraserOp=1.00 layer=0x5e2e67ee0d30
[BrushEngine::stampEraser] cx=169.0 cy=75.0 m_eraser=0x5e2e38fafc58
[GradualEraser::stamp] cx=169.0 cy=75.0 r=6 total=113 skipped_zero=113 erased=0
[GradualEraser::verify] center(169,75) rgba=(0,0,0,0)
[BrushEngine::stampEraser] cx=169.0 cy=76.0 m_eraser=0x5e2e38fafc58
[GradualEraser::stamp] cx=169.0 cy=76.0 r=6 total=113 skipped_zero=104 erased=9
[GradualEraser::verify] center(169,76) rgba=(0,0,0,0)
[BrushEngine::stampEraser] cx=169.0 cy=76.0 m_eraser=0x5e2e38fafc58
[GradualEraser::stamp] cx=169.0 cy=76.0 r=6 total=113 skipped_zero=113 erased=0
[GradualEraser::verify] center(169,76) rgba=(0,0,0,0)
[MOUSE_MOVE] drawing=true tool=1 drawing at (514.0,159.0)
[handleDrawing] tool=1 brushType=4 eraserSize=12.0 eraserOp=1.00 layer=0x5e2e67ee0d30
[BrushEngine::stampEraser] cx=169.0 cy=76.0 m_eraser=0x5e2e38fafc58
[GradualEraser::stamp] cx=169.0 cy=76.0 r=6 total=113 skipped_zero=113 erased=0
[GradualEraser::verify] center(169,76) rgba=(0,0,0,0)
[BrushEngine::stampEraser] cx=170.0 cy=77.0 m_eraser=0x5e2e38fafc58
[GradualEraser::stamp] cx=170.0 cy=77.0 r=6 total=113 skipped_zero=104 erased=9
[GradualEraser::verify] center(170,77) rgba=(0,0,0,0)
[BrushEngine::stampEraser] cx=170.0 cy=77.0 m_eraser=0x5e2e38fafc58
[GradualEraser::stamp] cx=170.0 cy=77.0 r=6 total=113 skipped_zero=113 erased=0
[GradualEraser::verify] center(170,77) rgba=(0,0,0,0)
[CANVAS_UPDATE] recompositing (frameDirty=1 canvasDirty=0)
[CANVAS_UPDATE] sample pixel (207,154): rgba=(255,101,50,255)
[MOUSE_MOVE] drawing=true tool=1 drawing at (514.0,160.0)
[handleDrawing] tool=1 brushType=4 eraserSize=12.0 eraserOp=1.00 layer=0x5e2e67ee0d30
[BrushEngine::stampEraser] cx=170.0 cy=77.0 m_eraser=0x5e2e38fafc58
[GradualEraser::stamp] cx=170.0 cy=77.0 r=6 total=113 skipped_zero=113 erased=0
[GradualEraser::verify] center(170,77) rgba=(0,0,0,0)
[BrushEngine::stampEraser] cx=170.0 cy=78.0 m_eraser=0x5e2e38fafc58
[GradualEraser::stamp] cx=170.0 cy=78.0 r=6 total=113 skipped_zero=103 erased=10
[GradualEraser::verify] center(170,78) rgba=(0,0,0,0)
[BrushEngine::stampEraser] cx=170.0 cy=78.0 m_eraser=0x5e2e38fafc58
[GradualEraser::stamp] cx=170.0 cy=78.0 r=6 total=113 skipped_zero=113 erased=0
[GradualEraser::verify] center(170,78) rgba=(0,0,0,0)
[MOUSE_MOVE] drawing=true tool=1 drawing at (515.0,161.0)
[handleDrawing] tool=1 brushType=4 eraserSize=12.0 eraserOp=1.00 layer=0x5e2e67ee0d30
[BrushEngine::stampEraser] cx=170.0 cy=78.0 m_eraser=0x5e2e38fafc58
[GradualEraser::stamp] cx=170.0 cy=78.0 r=6 total=113 skipped_zero=113 erased=0
[GradualEraser::verify] center(170,78) rgba=(0,0,0,0)
[BrushEngine::stampEraser] cx=171.0 cy=79.0 m_eraser=0x5e2e38fafc58
[GradualEraser::stamp] cx=171.0 cy=79.0 r=6 total=113 skipped_zero=102 erased=11
[GradualEraser::verify] center(171,79) rgba=(0,0,0,0)
[BrushEngine::stampEraser] cx=171.0 cy=79.0 m_eraser=0x5e2e38fafc58
[GradualEraser::stamp] cx=171.0 cy=79.0 r=6 total=113 skipped_zero=113 erased=0
[GradualEraser::verify] center(171,79) rgba=(0,0,0,0)
[MOUSE_MOVE] drawing=true tool=1 drawing at (515.0,162.0)
[handleDrawing] tool=1 brushType=4 eraserSize=12.0 eraserOp=1.00 layer=0x5e2e67ee0d30
[BrushEngine::stampEraser] cx=171.0 cy=79.0 m_eraser=0x5e2e38fafc58
[GradualEraser::stamp] cx=171.0 cy=79.0 r=6 total=113 skipped_zero=113 erased=0
[GradualEraser::verify] center(171,79) rgba=(0,0,0,0)
[BrushEngine::stampEraser] cx=171.0 cy=80.0 m_eraser=0x5e2e38fafc58
[GradualEraser::stamp] cx=171.0 cy=80.0 r=6 total=113 skipped_zero=102 erased=11
[GradualEraser::verify] center(171,80) rgba=(0,0,0,0)
[BrushEngine::stampEraser] cx=171.0 cy=80.0 m_eraser=0x5e2e38fafc58
[GradualEraser::stamp] cx=171.0 cy=80.0 r=6 total=113 skipped_zero=113 erased=0
[GradualEraser::verify] center(171,80) rgba=(0,0,0,0)
[CANVAS_UPDATE] recompositing (frameDirty=1 canvasDirty=0)
[CANVAS_UPDATE] sample pixel (207,154): rgba=(255,101,50,255)
[MOUSE_MOVE] drawing=true tool=1 drawing at (515.0,163.0)
[handleDrawing] tool=1 brushType=4 eraserSize=12.0 eraserOp=1.00 layer=0x5e2e67ee0d30
[BrushEngine::stampEraser] cx=171.0 cy=80.0 m_eraser=0x5e2e38fafc58
[GradualEraser::stamp] cx=171.0 cy=80.0 r=6 total=113 skipped_zero=113 erased=0
[GradualEraser::verify] center(171,80) rgba=(0,0,0,0)
[BrushEngine::stampEraser] cx=171.0 cy=81.0 m_eraser=0x5e2e38fafc58
[GradualEraser::stamp] cx=171.0 cy=81.0 r=6 total=113 skipped_zero=102 erased=11
[GradualEraser::verify] center(171,81) rgba=(0,0,0,0)
[BrushEngine::stampEraser] cx=171.0 cy=81.0 m_eraser=0x5e2e38fafc58
[GradualEraser::stamp] cx=171.0 cy=81.0 r=6 total=113 skipped_zero=113 erased=0
[GradualEraser::verify] center(171,81) rgba=(0,0,0,0)
[MOUSE_MOVE] drawing=true tool=1 drawing at (515.0,164.0)
[handleDrawing] tool=1 brushType=4 eraserSize=12.0 eraserOp=1.00 layer=0x5e2e67ee0d30
[BrushEngine::stampEraser] cx=171.0 cy=81.0 m_eraser=0x5e2e38fafc58
[GradualEraser::stamp] cx=171.0 cy=81.0 r=6 total=113 skipped_zero=113 erased=0
[GradualEraser::verify] center(171,81) rgba=(0,0,0,0)
[BrushEngine::stampEraser] cx=171.0 cy=82.0 m_eraser=0x5e2e38fafc58
[GradualEraser::stamp] cx=171.0 cy=82.0 r=6 total=113 skipped_zero=100 erased=13
[GradualEraser::verify] center(171,82) rgba=(0,0,0,0)
[BrushEngine::stampEraser] cx=171.0 cy=82.0 m_eraser=0x5e2e38fafc58
[GradualEraser::stamp] cx=171.0 cy=82.0 r=6 total=113 skipped_zero=113 erased=0
[GradualEraser::verify] center(171,82) rgba=(0,0,0,0)
[CANVAS_UPDATE] recompositing (frameDirty=1 canvasDirty=0)
[CANVAS_UPDATE] sample pixel (207,154): rgba=(255,101,50,255)
[MOUSE_MOVE] drawing=true tool=1 drawing at (514.0,163.0)
[handleDrawing] tool=1 brushType=4 eraserSize=12.0 eraserOp=1.00 layer=0x5e2e67ee0d30
[BrushEngine::stampEraser] cx=171.0 cy=82.0 m_eraser=0x5e2e38fafc58
[GradualEraser::stamp] cx=171.0 cy=82.0 r=6 total=113 skipped_zero=113 erased=0
[GradualEraser::verify] center(171,82) rgba=(0,0,0,0)
[BrushEngine::stampEraser] cx=170.0 cy=81.0 m_eraser=0x5e2e38fafc58
[GradualEraser::stamp] cx=170.0 cy=81.0 r=6 total=113 skipped_zero=110 erased=3
[GradualEraser::verify] center(170,81) rgba=(0,0,0,0)
[BrushEngine::stampEraser] cx=170.0 cy=81.0 m_eraser=0x5e2e38fafc58
[GradualEraser::stamp] cx=170.0 cy=81.0 r=6 total=113 skipped_zero=113 erased=0
[GradualEraser::verify] center(170,81) rgba=(0,0,0,0)
[CANVAS_UPDATE] recompositing (frameDirty=1 canvasDirty=0)
[CANVAS_UPDATE] sample pixel (207,154): rgba=(255,101,50,255)
[MOUSE_MOVE] drawing=true tool=1 drawing at (513.0,161.0)
[handleDrawing] tool=1 brushType=4 eraserSize=12.0 eraserOp=1.00 layer=0x5e2e67ee0d30
[BrushEngine::stampEraser] cx=170.0 cy=81.0 m_eraser=0x5e2e38fafc58
[GradualEraser::stamp] cx=170.0 cy=81.0 r=6 total=113 skipped_zero=113 erased=0
[GradualEraser::verify] center(170,81) rgba=(0,0,0,0)
[BrushEngine::stampEraser] cx=169.0 cy=79.0 m_eraser=0x5e2e38fafc58
[GradualEraser::stamp] cx=169.0 cy=79.0 r=6 total=113 skipped_zero=110 erased=3
[GradualEraser::verify] center(169,79) rgba=(0,0,0,0)
[BrushEngine::stampEraser] cx=169.0 cy=79.0 m_eraser=0x5e2e38fafc58
[GradualEraser::stamp] cx=169.0 cy=79.0 r=6 total=113 skipped_zero=113 erased=0
[GradualEraser::verify] center(169,79) rgba=(0,0,0,0)
[MOUSE_MOVE] drawing=true tool=1 drawing at (513.0,160.0)
[handleDrawing] tool=1 brushType=4 eraserSize=12.0 eraserOp=1.00 layer=0x5e2e67ee0d30
[BrushEngine::stampEraser] cx=169.0 cy=79.0 m_eraser=0x5e2e38fafc58
[GradualEraser::stamp] cx=169.0 cy=79.0 r=6 total=113 skipped_zero=113 erased=0
[GradualEraser::verify] center(169,79) rgba=(0,0,0,0)
[BrushEngine::stampEraser] cx=169.0 cy=78.0 m_eraser=0x5e2e38fafc58
[GradualEraser::stamp] cx=169.0 cy=78.0 r=6 total=113 skipped_zero=112 erased=1
[GradualEraser::verify] center(169,78) rgba=(0,0,0,0)
[BrushEngine::stampEraser] cx=169.0 cy=78.0 m_eraser=0x5e2e38fafc58
[GradualEraser::stamp] cx=169.0 cy=78.0 r=6 total=113 skipped_zero=113 erased=0
[GradualEraser::verify] center(169,78) rgba=(0,0,0,0)
[MOUSE_MOVE] drawing=true tool=1 drawing at (512.0,159.0)
[handleDrawing] tool=1 brushType=4 eraserSize=12.0 eraserOp=1.00 layer=0x5e2e67ee0d30
[BrushEngine::stampEraser] cx=169.0 cy=78.0 m_eraser=0x5e2e38fafc58
[GradualEraser::stamp] cx=169.0 cy=78.0 r=6 total=113 skipped_zero=113 erased=0
[GradualEraser::verify] center(169,78) rgba=(0,0,0,0)
[BrushEngine::stampEraser] cx=168.0 cy=77.0 m_eraser=0x5e2e38fafc58
[GradualEraser::stamp] cx=168.0 cy=77.0 r=6 total=113 skipped_zero=111 erased=2
[GradualEraser::verify] center(168,77) rgba=(0,0,0,0)
[BrushEngine::stampEraser] cx=168.0 cy=77.0 m_eraser=0x5e2e38fafc58
[GradualEraser::stamp] cx=168.0 cy=77.0 r=6 total=113 skipped_zero=113 erased=0
[GradualEraser::verify] center(168,77) rgba=(0,0,0,0)
[MOUSE_MOVE] drawing=true tool=1 drawing at (512.0,158.0)
[handleDrawing] tool=1 brushType=4 eraserSize=12.0 eraserOp=1.00 layer=0x5e2e67ee0d30
[BrushEngine::stampEraser] cx=168.0 cy=77.0 m_eraser=0x5e2e38fafc58
[GradualEraser::stamp] cx=168.0 cy=77.0 r=6 total=113 skipped_zero=113 erased=0
[GradualEraser::verify] center(168,77) rgba=(0,0,0,0)
[BrushEngine::stampEraser] cx=168.0 cy=76.0 m_eraser=0x5e2e38fafc58
[GradualEraser::stamp] cx=168.0 cy=76.0 r=6 total=113 skipped_zero=113 erased=0
[GradualEraser::verify] center(168,76) rgba=(0,0,0,0)
[BrushEngine::stampEraser] cx=168.0 cy=76.0 m_eraser=0x5e2e38fafc58
[GradualEraser::stamp] cx=168.0 cy=76.0 r=6 total=113 skipped_zero=113 erased=0
[GradualEraser::verify] center(168,76) rgba=(0,0,0,0)
[MOUSE_MOVE] drawing=true tool=1 drawing at (512.0,157.0)
[handleDrawing] tool=1 brushType=4 eraserSize=12.0 eraserOp=1.00 layer=0x5e2e67ee0d30
[BrushEngine::stampEraser] cx=168.0 cy=76.0 m_eraser=0x5e2e38fafc58
[GradualEraser::stamp] cx=168.0 cy=76.0 r=6 total=113 skipped_zero=113 erased=0
[GradualEraser::verify] center(168,76) rgba=(0,0,0,0)
[BrushEngine::stampEraser] cx=168.0 cy=75.0 m_eraser=0x5e2e38fafc58
[GradualEraser::stamp] cx=168.0 cy=75.0 r=6 total=113 skipped_zero=113 erased=0
[GradualEraser::verify] center(168,75) rgba=(0,0,0,0)
[BrushEngine::stampEraser] cx=168.0 cy=75.0 m_eraser=0x5e2e38fafc58
[GradualEraser::stamp] cx=168.0 cy=75.0 r=6 total=113 skipped_zero=113 erased=0
[GradualEraser::verify] center(168,75) rgba=(0,0,0,0)
[MOUSE_MOVE] drawing=true tool=1 drawing at (511.0,157.0)
[handleDrawing] tool=1 brushType=4 eraserSize=12.0 eraserOp=1.00 layer=0x5e2e67ee0d30
[BrushEngine::stampEraser] cx=168.0 cy=75.0 m_eraser=0x5e2e38fafc58
[GradualEraser::stamp] cx=168.0 cy=75.0 r=6 total=113 skipped_zero=113 erased=0
[GradualEraser::verify] center(168,75) rgba=(0,0,0,0)
[BrushEngine::stampEraser] cx=167.0 cy=75.0 m_eraser=0x5e2e38fafc58
[GradualEraser::stamp] cx=167.0 cy=75.0 r=6 total=113 skipped_zero=112 erased=1
[GradualEraser::verify] center(167,75) rgba=(0,0,0,0)
[BrushEngine::stampEraser] cx=167.0 cy=75.0 m_eraser=0x5e2e38fafc58
[GradualEraser::stamp] cx=167.0 cy=75.0 r=6 total=113 skipped_zero=113 erased=0
[GradualEraser::verify] center(167,75) rgba=(0,0,0,0)
[CANVAS_UPDATE] recompositing (frameDirty=1 canvasDirty=0)
[CANVAS_UPDATE] sample pixel (207,154): rgba=(255,101,50,255)
[MOUSE_MOVE] drawing=true tool=1 drawing at (510.0,156.0)
[handleDrawing] tool=1 brushType=4 eraserSize=12.0 eraserOp=1.00 layer=0x5e2e67ee0d30
[BrushEngine::stampEraser] cx=167.0 cy=75.0 m_eraser=0x5e2e38fafc58
[GradualEraser::stamp] cx=167.0 cy=75.0 r=6 total=113 skipped_zero=113 erased=0
[GradualEraser::verify] center(167,75) rgba=(0,0,0,0)
[BrushEngine::stampEraser] cx=166.0 cy=74.0 m_eraser=0x5e2e38fafc58
[GradualEraser::stamp] cx=166.0 cy=74.0 r=6 total=113 skipped_zero=112 erased=1
[GradualEraser::verify] center(166,74) rgba=(0,0,0,0)
[BrushEngine::stampEraser] cx=166.0 cy=74.0 m_eraser=0x5e2e38fafc58
[GradualEraser::stamp] cx=166.0 cy=74.0 r=6 total=113 skipped_zero=113 erased=0
[GradualEraser::verify] center(166,74) rgba=(0,0,0,0)
[MOUSE_MOVE] drawing=true tool=1 drawing at (510.0,155.0)
[handleDrawing] tool=1 brushType=4 eraserSize=12.0 eraserOp=1.00 layer=0x5e2e67ee0d30
[BrushEngine::stampEraser] cx=166.0 cy=74.0 m_eraser=0x5e2e38fafc58
[GradualEraser::stamp] cx=166.0 cy=74.0 r=6 total=113 skipped_zero=113 erased=0
[GradualEraser::verify] center(166,74) rgba=(0,0,0,0)
[BrushEngine::stampEraser] cx=166.0 cy=73.0 m_eraser=0x5e2e38fafc58
[GradualEraser::stamp] cx=166.0 cy=73.0 r=6 total=113 skipped_zero=113 erased=0
[GradualEraser::verify] center(166,73) rgba=(0,0,0,0)
[BrushEngine::stampEraser] cx=166.0 cy=73.0 m_eraser=0x5e2e38fafc58
[GradualEraser::stamp] cx=166.0 cy=73.0 r=6 total=113 skipped_zero=113 erased=0
[GradualEraser::verify] center(166,73) rgba=(0,0,0,0)
[MOUSE_MOVE] drawing=true tool=1 drawing at (509.0,154.0)
[handleDrawing] tool=1 brushType=4 eraserSize=12.0 eraserOp=1.00 layer=0x5e2e67ee0d30
[BrushEngine::stampEraser] cx=166.0 cy=73.0 m_eraser=0x5e2e38fafc58
[GradualEraser::stamp] cx=166.0 cy=73.0 r=6 total=113 skipped_zero=113 erased=0
[GradualEraser::verify] center(166,73) rgba=(0,0,0,0)
[BrushEngine::stampEraser] cx=165.0 cy=72.0 m_eraser=0x5e2e38fafc58
[GradualEraser::stamp] cx=165.0 cy=72.0 r=6 total=113 skipped_zero=113 erased=0
[GradualEraser::verify] center(165,72) rgba=(0,0,0,0)
[BrushEngine::stampEraser] cx=165.0 cy=72.0 m_eraser=0x5e2e38fafc58
[GradualEraser::stamp] cx=165.0 cy=72.0 r=6 total=113 skipped_zero=113 erased=0
[GradualEraser::verify] center(165,72) rgba=(0,0,0,0)
[MOUSE_MOVE] drawing=true tool=1 drawing at (508.0,153.0)
[handleDrawing] tool=1 brushType=4 eraserSize=12.0 eraserOp=1.00 layer=0x5e2e67ee0d30
[BrushEngine::stampEraser] cx=165.0 cy=72.0 m_eraser=0x5e2e38fafc58
[GradualEraser::stamp] cx=165.0 cy=72.0 r=6 total=113 skipped_zero=113 erased=0
[GradualEraser::verify] center(165,72) rgba=(0,0,0,0)
[BrushEngine::stampEraser] cx=164.0 cy=71.0 m_eraser=0x5e2e38fafc58
[GradualEraser::stamp] cx=164.0 cy=71.0 r=6 total=113 skipped_zero=113 erased=0
[GradualEraser::verify] center(164,71) rgba=(0,0,0,0)
[BrushEngine::stampEraser] cx=164.0 cy=71.0 m_eraser=0x5e2e38fafc58
[GradualEraser::stamp] cx=164.0 cy=71.0 r=6 total=113 skipped_zero=113 erased=0
[GradualEraser::verify] center(164,71) rgba=(0,0,0,0)
[CANVAS_UPDATE] recompositing (frameDirty=1 canvasDirty=0)
[CANVAS_UPDATE] sample pixel (207,154): rgba=(255,101,50,255)
[MOUSE_MOVE] drawing=true tool=1 drawing at (507.0,153.0)
[handleDrawing] tool=1 brushType=4 eraserSize=12.0 eraserOp=1.00 layer=0x5e2e67ee0d30
[BrushEngine::stampEraser] cx=164.0 cy=71.0 m_eraser=0x5e2e38fafc58
[GradualEraser::stamp] cx=164.0 cy=71.0 r=6 total=113 skipped_zero=113 erased=0
[GradualEraser::verify] center(164,71) rgba=(0,0,0,0)
[BrushEngine::stampEraser] cx=163.0 cy=71.0 m_eraser=0x5e2e38fafc58
[GradualEraser::stamp] cx=163.0 cy=71.0 r=6 total=113 skipped_zero=113 erased=0
[GradualEraser::verify] center(163,71) rgba=(0,0,0,0)
[BrushEngine::stampEraser] cx=163.0 cy=71.0 m_eraser=0x5e2e38fafc58
[GradualEraser::stamp] cx=163.0 cy=71.0 r=6 total=113 skipped_zero=113 erased=0
[GradualEraser::verify] center(163,71) rgba=(0,0,0,0)
[MOUSE_MOVE] drawing=true tool=1 drawing at (506.0,152.0)
[handleDrawing] tool=1 brushType=4 eraserSize=12.0 eraserOp=1.00 layer=0x5e2e67ee0d30
[BrushEngine::stampEraser] cx=163.0 cy=71.0 m_eraser=0x5e2e38fafc58
[GradualEraser::stamp] cx=163.0 cy=71.0 r=6 total=113 skipped_zero=113 erased=0
[GradualEraser::verify] center(163,71) rgba=(0,0,0,0)
[BrushEngine::stampEraser] cx=162.0 cy=70.0 m_eraser=0x5e2e38fafc58
[GradualEraser::stamp] cx=162.0 cy=70.0 r=6 total=113 skipped_zero=113 erased=0
[GradualEraser::verify] center(162,70) rgba=(0,0,0,0)
[BrushEngine::stampEraser] cx=162.0 cy=70.0 m_eraser=0x5e2e38fafc58
[GradualEraser::stamp] cx=162.0 cy=70.0 r=6 total=113 skipped_zero=113 erased=0
[GradualEraser::verify] center(162,70) rgba=(0,0,0,0)
[MOUSE_MOVE] drawing=true tool=1 drawing at (505.0,152.0)
[handleDrawing] tool=1 brushType=4 eraserSize=12.0 eraserOp=1.00 layer=0x5e2e67ee0d30
[BrushEngine::stampEraser] cx=162.0 cy=70.0 m_eraser=0x5e2e38fafc58
[GradualEraser::stamp] cx=162.0 cy=70.0 r=6 total=113 skipped_zero=113 erased=0
[GradualEraser::verify] center(162,70) rgba=(0,0,0,0)
[BrushEngine::stampEraser] cx=161.0 cy=70.0 m_eraser=0x5e2e38fafc58
[GradualEraser::stamp] cx=161.0 cy=70.0 r=6 total=113 skipped_zero=112 erased=1
[GradualEraser::verify] center(161,70) rgba=(0,0,0,0)
[BrushEngine::stampEraser] cx=161.0 cy=70.0 m_eraser=0x5e2e38fafc58
[GradualEraser::stamp] cx=161.0 cy=70.0 r=6 total=113 skipped_zero=113 erased=0
[GradualEraser::verify] center(161,70) rgba=(0,0,0,0)
[CANVAS_UPDATE] recompositing (frameDirty=1 canvasDirty=0)
[CANVAS_UPDATE] sample pixel (207,154): rgba=(255,101,50,255)
[MOUSE_MOVE] drawing=true tool=1 drawing at (504.0,152.0)
[handleDrawing] tool=1 brushType=4 eraserSize=12.0 eraserOp=1.00 layer=0x5e2e67ee0d30
[BrushEngine::stampEraser] cx=161.0 cy=70.0 m_eraser=0x5e2e38fafc58
[GradualEraser::stamp] cx=161.0 cy=70.0 r=6 total=113 skipped_zero=113 erased=0
[GradualEraser::verify] center(161,70) rgba=(0,0,0,0)
[BrushEngine::stampEraser] cx=160.0 cy=70.0 m_eraser=0x5e2e38fafc58
[GradualEraser::stamp] cx=160.0 cy=70.0 r=6 total=113 skipped_zero=110 erased=3
[GradualEraser::verify] center(160,70) rgba=(0,0,0,0)
[BrushEngine::stampEraser] cx=160.0 cy=70.0 m_eraser=0x5e2e38fafc58
[GradualEraser::stamp] cx=160.0 cy=70.0 r=6 total=113 skipped_zero=113 erased=0
[GradualEraser::verify] center(160,70) rgba=(0,0,0,0)
[MOUSE_MOVE] drawing=true tool=1 drawing at (503.0,152.0)
[handleDrawing] tool=1 brushType=4 eraserSize=12.0 eraserOp=1.00 layer=0x5e2e67ee0d30
[BrushEngine::stampEraser] cx=160.0 cy=70.0 m_eraser=0x5e2e38fafc58
[GradualEraser::stamp] cx=160.0 cy=70.0 r=6 total=113 skipped_zero=113 erased=0
[GradualEraser::verify] center(160,70) rgba=(0,0,0,0)
[BrushEngine::stampEraser] cx=159.0 cy=70.0 m_eraser=0x5e2e38fafc58
[GradualEraser::stamp] cx=159.0 cy=70.0 r=6 total=113 skipped_zero=108 erased=5
[GradualEraser::verify] center(159,70) rgba=(0,0,0,0)
[BrushEngine::stampEraser] cx=159.0 cy=70.0 m_eraser=0x5e2e38fafc58
[GradualEraser::stamp] cx=159.0 cy=70.0 r=6 total=113 skipped_zero=113 erased=0
[GradualEraser::verify] center(159,70) rgba=(0,0,0,0)
[CANVAS_UPDATE] recompositing (frameDirty=1 canvasDirty=0)
[CANVAS_UPDATE] sample pixel (207,154): rgba=(255,101,50,255)
[MOUSE_MOVE] drawing=true tool=1 drawing at (503.0,153.0)
[handleDrawing] tool=1 brushType=4 eraserSize=12.0 eraserOp=1.00 layer=0x5e2e67ee0d30
[BrushEngine::stampEraser] cx=159.0 cy=70.0 m_eraser=0x5e2e38fafc58
[GradualEraser::stamp] cx=159.0 cy=70.0 r=6 total=113 skipped_zero=113 erased=0
[GradualEraser::verify] center(159,70) rgba=(0,0,0,0)
[BrushEngine::stampEraser] cx=159.0 cy=71.0 m_eraser=0x5e2e38fafc58
[GradualEraser::stamp] cx=159.0 cy=71.0 r=6 total=113 skipped_zero=107 erased=6
[GradualEraser::verify] center(159,71) rgba=(0,0,0,0)
[BrushEngine::stampEraser] cx=159.0 cy=71.0 m_eraser=0x5e2e38fafc58
[GradualEraser::stamp] cx=159.0 cy=71.0 r=6 total=113 skipped_zero=113 erased=0
[GradualEraser::verify] center(159,71) rgba=(0,0,0,0)
[MOUSE_MOVE] drawing=true tool=1 drawing at (504.0,153.0)
[handleDrawing] tool=1 brushType=4 eraserSize=12.0 eraserOp=1.00 layer=0x5e2e67ee0d30
[BrushEngine::stampEraser] cx=159.0 cy=71.0 m_eraser=0x5e2e38fafc58
[GradualEraser::stamp] cx=159.0 cy=71.0 r=6 total=113 skipped_zero=113 erased=0
[GradualEraser::verify] center(159,71) rgba=(0,0,0,0)
[BrushEngine::stampEraser] cx=160.0 cy=71.0 m_eraser=0x5e2e38fafc58
[GradualEraser::stamp] cx=160.0 cy=71.0 r=6 total=113 skipped_zero=112 erased=1
[GradualEraser::verify] center(160,71) rgba=(0,0,0,0)
[BrushEngine::stampEraser] cx=160.0 cy=71.0 m_eraser=0x5e2e38fafc58
[GradualEraser::stamp] cx=160.0 cy=71.0 r=6 total=113 skipped_zero=113 erased=0
[GradualEraser::verify] center(160,71) rgba=(0,0,0,0)
[CANVAS_UPDATE] recompositing (frameDirty=1 canvasDirty=0)
[CANVAS_UPDATE] sample pixel (207,154): rgba=(255,101,50,255)
[MOUSE_MOVE] drawing=true tool=1 drawing at (504.0,154.0)
[handleDrawing] tool=1 brushType=4 eraserSize=12.0 eraserOp=1.00 layer=0x5e2e67ee0d30
[BrushEngine::stampEraser] cx=160.0 cy=71.0 m_eraser=0x5e2e38fafc58
[GradualEraser::stamp] cx=160.0 cy=71.0 r=6 total=113 skipped_zero=113 erased=0
[GradualEraser::verify] center(160,71) rgba=(0,0,0,0)
[BrushEngine::stampEraser] cx=160.0 cy=72.0 m_eraser=0x5e2e38fafc58
[GradualEraser::stamp] cx=160.0 cy=72.0 r=6 total=113 skipped_zero=110 erased=3
[GradualEraser::verify] center(160,72) rgba=(0,0,0,0)
[BrushEngine::stampEraser] cx=160.0 cy=72.0 m_eraser=0x5e2e38fafc58
[GradualEraser::stamp] cx=160.0 cy=72.0 r=6 total=113 skipped_zero=113 erased=0
[GradualEraser::verify] center(160,72) rgba=(0,0,0,0)
[MOUSE_MOVE] drawing=true tool=1 drawing at (504.0,155.0)
[handleDrawing] tool=1 brushType=4 eraserSize=12.0 eraserOp=1.00 layer=0x5e2e67ee0d30
[BrushEngine::stampEraser] cx=160.0 cy=72.0 m_eraser=0x5e2e38fafc58
[GradualEraser::stamp] cx=160.0 cy=72.0 r=6 total=113 skipped_zero=113 erased=0
[GradualEraser::verify] center(160,72) rgba=(0,0,0,0)
[BrushEngine::stampEraser] cx=160.0 cy=73.0 m_eraser=0x5e2e38fafc58
[GradualEraser::stamp] cx=160.0 cy=73.0 r=6 total=113 skipped_zero=106 erased=7
[GradualEraser::verify] center(160,73) rgba=(0,0,0,0)
[BrushEngine::stampEraser] cx=160.0 cy=73.0 m_eraser=0x5e2e38fafc58
[GradualEraser::stamp] cx=160.0 cy=73.0 r=6 total=113 skipped_zero=113 erased=0
[GradualEraser::verify] center(160,73) rgba=(0,0,0,0)
[MOUSE_MOVE] drawing=true tool=1 drawing at (505.0,156.0)
[handleDrawing] tool=1 brushType=4 eraserSize=12.0 eraserOp=1.00 layer=0x5e2e67ee0d30
[BrushEngine::stampEraser] cx=160.0 cy=73.0 m_eraser=0x5e2e38fafc58
[GradualEraser::stamp] cx=160.0 cy=73.0 r=6 total=113 skipped_zero=113 erased=0
[GradualEraser::verify] center(160,73) rgba=(0,0,0,0)
[BrushEngine::stampEraser] cx=161.0 cy=74.0 m_eraser=0x5e2e38fafc58
[GradualEraser::stamp] cx=161.0 cy=74.0 r=6 total=113 skipped_zero=108 erased=5
[GradualEraser::verify] center(161,74) rgba=(0,0,0,0)
[BrushEngine::stampEraser] cx=161.0 cy=74.0 m_eraser=0x5e2e38fafc58
[GradualEraser::stamp] cx=161.0 cy=74.0 r=6 total=113 skipped_zero=113 erased=0
[GradualEraser::verify] center(161,74) rgba=(0,0,0,0)
[MOUSE_MOVE] drawing=true tool=1 drawing at (505.0,157.0)
[handleDrawing] tool=1 brushType=4 eraserSize=12.0 eraserOp=1.00 layer=0x5e2e67ee0d30
[BrushEngine::stampEraser] cx=161.0 cy=74.0 m_eraser=0x5e2e38fafc58
[GradualEraser::stamp] cx=161.0 cy=74.0 r=6 total=113 skipped_zero=113 erased=0
[GradualEraser::verify] center(161,74) rgba=(0,0,0,0)
[BrushEngine::stampEraser] cx=161.0 cy=75.0 m_eraser=0x5e2e38fafc58
[GradualEraser::stamp] cx=161.0 cy=75.0 r=6 total=113 skipped_zero=106 erased=7
[GradualEraser::verify] center(161,75) rgba=(0,0,0,0)
[BrushEngine::stampEraser] cx=161.0 cy=75.0 m_eraser=0x5e2e38fafc58
[GradualEraser::stamp] cx=161.0 cy=75.0 r=6 total=113 skipped_zero=113 erased=0
[GradualEraser::verify] center(161,75) rgba=(0,0,0,0)
[CANVAS_UPDATE] recompositing (frameDirty=1 canvasDirty=0)
[CANVAS_UPDATE] sample pixel (207,154): rgba=(255,101,50,255)
[MOUSE_MOVE] drawing=true tool=1 drawing at (506.0,158.0)
[handleDrawing] tool=1 brushType=4 eraserSize=12.0 eraserOp=1.00 layer=0x5e2e67ee0d30
[BrushEngine::stampEraser] cx=161.0 cy=75.0 m_eraser=0x5e2e38fafc58
[GradualEraser::stamp] cx=161.0 cy=75.0 r=6 total=113 skipped_zero=113 erased=0
[GradualEraser::verify] center(161,75) rgba=(0,0,0,0)
[BrushEngine::stampEraser] cx=162.0 cy=76.0 m_eraser=0x5e2e38fafc58
[GradualEraser::stamp] cx=162.0 cy=76.0 r=6 total=113 skipped_zero=108 erased=5
[GradualEraser::verify] center(162,76) rgba=(0,0,0,0)
[BrushEngine::stampEraser] cx=162.0 cy=76.0 m_eraser=0x5e2e38fafc58
[GradualEraser::stamp] cx=162.0 cy=76.0 r=6 total=113 skipped_zero=113 erased=0
[GradualEraser::verify] center(162,76) rgba=(0,0,0,0)
[MOUSE_MOVE] drawing=true tool=1 drawing at (507.0,159.0)
[handleDrawing] tool=1 brushType=4 eraserSize=12.0 eraserOp=1.00 layer=0x5e2e67ee0d30
[BrushEngine::stampEraser] cx=162.0 cy=76.0 m_eraser=0x5e2e38fafc58
[GradualEraser::stamp] cx=162.0 cy=76.0 r=6 total=113 skipped_zero=113 erased=0
[GradualEraser::verify] center(162,76) rgba=(0,0,0,0)
[BrushEngine::stampEraser] cx=163.0 cy=77.0 m_eraser=0x5e2e38fafc58
[GradualEraser::stamp] cx=163.0 cy=77.0 r=6 total=113 skipped_zero=109 erased=4
[GradualEraser::verify] center(163,77) rgba=(0,0,0,0)
[BrushEngine::stampEraser] cx=163.0 cy=77.0 m_eraser=0x5e2e38fafc58
[GradualEraser::stamp] cx=163.0 cy=77.0 r=6 total=113 skipped_zero=113 erased=0
[GradualEraser::verify] center(163,77) rgba=(0,0,0,0)
[MOUSE_MOVE] drawing=true tool=1 drawing at (507.0,160.0)
[handleDrawing] tool=1 brushType=4 eraserSize=12.0 eraserOp=1.00 layer=0x5e2e67ee0d30
[BrushEngine::stampEraser] cx=163.0 cy=77.0 m_eraser=0x5e2e38fafc58
[GradualEraser::stamp] cx=163.0 cy=77.0 r=6 total=113 skipped_zero=113 erased=0
[GradualEraser::verify] center(163,77) rgba=(0,0,0,0)
[BrushEngine::stampEraser] cx=163.0 cy=78.0 m_eraser=0x5e2e38fafc58
[GradualEraser::stamp] cx=163.0 cy=78.0 r=6 total=113 skipped_zero=106 erased=7
[GradualEraser::verify] center(163,78) rgba=(0,0,0,0)
[BrushEngine::stampEraser] cx=163.0 cy=78.0 m_eraser=0x5e2e38fafc58
[GradualEraser::stamp] cx=163.0 cy=78.0 r=6 total=113 skipped_zero=113 erased=0
[GradualEraser::verify] center(163,78) rgba=(0,0,0,0)
[MOUSE_MOVE] drawing=true tool=1 drawing at (508.0,162.0)
[handleDrawing] tool=1 brushType=4 eraserSize=12.0 eraserOp=1.00 layer=0x5e2e67ee0d30
[BrushEngine::stampEraser] cx=163.0 cy=78.0 m_eraser=0x5e2e38fafc58
[GradualEraser::stamp] cx=163.0 cy=78.0 r=6 total=113 skipped_zero=113 erased=0
[GradualEraser::verify] center(163,78) rgba=(0,0,0,0)
[BrushEngine::stampEraser] cx=164.0 cy=80.0 m_eraser=0x5e2e38fafc58
[GradualEraser::stamp] cx=164.0 cy=80.0 r=6 total=113 skipped_zero=102 erased=11
[GradualEraser::verify] center(164,80) rgba=(0,0,0,0)
[BrushEngine::stampEraser] cx=164.0 cy=80.0 m_eraser=0x5e2e38fafc58
[GradualEraser::stamp] cx=164.0 cy=80.0 r=6 total=113 skipped_zero=113 erased=0
[GradualEraser::verify] center(164,80) rgba=(0,0,0,0)
[MOUSE_MOVE] drawing=true tool=1 drawing at (509.0,163.0)
[handleDrawing] tool=1 brushType=4 eraserSize=12.0 eraserOp=1.00 layer=0x5e2e67ee0d30
[BrushEngine::stampEraser] cx=164.0 cy=80.0 m_eraser=0x5e2e38fafc58
[GradualEraser::stamp] cx=164.0 cy=80.0 r=6 total=113 skipped_zero=113 erased=0
[GradualEraser::verify] center(164,80) rgba=(0,0,0,0)
[BrushEngine::stampEraser] cx=165.0 cy=81.0 m_eraser=0x5e2e38fafc58
[GradualEraser::stamp] cx=165.0 cy=81.0 r=6 total=113 skipped_zero=108 erased=5
[GradualEraser::verify] center(165,81) rgba=(0,0,0,0)
[BrushEngine::stampEraser] cx=165.0 cy=81.0 m_eraser=0x5e2e38fafc58
[GradualEraser::stamp] cx=165.0 cy=81.0 r=6 total=113 skipped_zero=113 erased=0
[GradualEraser::verify] center(165,81) rgba=(0,0,0,0)
[CANVAS_UPDATE] recompositing (frameDirty=1 canvasDirty=0)
[CANVAS_UPDATE] sample pixel (207,154): rgba=(255,101,50,255)
[MOUSE_MOVE] drawing=true tool=1 drawing at (510.0,165.0)
[handleDrawing] tool=1 brushType=4 eraserSize=12.0 eraserOp=1.00 layer=0x5e2e67ee0d30
[BrushEngine::stampEraser] cx=165.0 cy=81.0 m_eraser=0x5e2e38fafc58
[GradualEraser::stamp] cx=165.0 cy=81.0 r=6 total=113 skipped_zero=113 erased=0
[GradualEraser::verify] center(165,81) rgba=(0,0,0,0)
[BrushEngine::stampEraser] cx=166.0 cy=83.0 m_eraser=0x5e2e38fafc58
[GradualEraser::stamp] cx=166.0 cy=83.0 r=6 total=113 skipped_zero=99 erased=14
[GradualEraser::verify] center(166,83) rgba=(0,0,0,0)
[BrushEngine::stampEraser] cx=166.0 cy=83.0 m_eraser=0x5e2e38fafc58
[GradualEraser::stamp] cx=166.0 cy=83.0 r=6 total=113 skipped_zero=113 erased=0
[GradualEraser::verify] center(166,83) rgba=(0,0,0,0)
[MOUSE_MOVE] drawing=true tool=1 drawing at (511.0,166.0)
[handleDrawing] tool=1 brushType=4 eraserSize=12.0 eraserOp=1.00 layer=0x5e2e67ee0d30
[BrushEngine::stampEraser] cx=166.0 cy=83.0 m_eraser=0x5e2e38fafc58
[GradualEraser::stamp] cx=166.0 cy=83.0 r=6 total=113 skipped_zero=113 erased=0
[GradualEraser::verify] center(166,83) rgba=(0,0,0,0)
[BrushEngine::stampEraser] cx=167.0 cy=84.0 m_eraser=0x5e2e38fafc58
[GradualEraser::stamp] cx=167.0 cy=84.0 r=6 total=113 skipped_zero=105 erased=8
[GradualEraser::verify] center(167,84) rgba=(0,0,0,0)
[BrushEngine::stampEraser] cx=167.0 cy=84.0 m_eraser=0x5e2e38fafc58
[GradualEraser::stamp] cx=167.0 cy=84.0 r=6 total=113 skipped_zero=113 erased=0
[GradualEraser::verify] center(167,84) rgba=(0,0,0,0)
[MOUSE_MOVE] drawing=true tool=1 drawing at (511.0,167.0)
[handleDrawing] tool=1 brushType=4 eraserSize=12.0 eraserOp=1.00 layer=0x5e2e67ee0d30
[BrushEngine::stampEraser] cx=167.0 cy=84.0 m_eraser=0x5e2e38fafc58
[GradualEraser::stamp] cx=167.0 cy=84.0 r=6 total=113 skipped_zero=113 erased=0
[GradualEraser::verify] center(167,84) rgba=(0,0,0,0)
[BrushEngine::stampEraser] cx=167.0 cy=85.0 m_eraser=0x5e2e38fafc58
[GradualEraser::stamp] cx=167.0 cy=85.0 r=6 total=113 skipped_zero=103 erased=10
[GradualEraser::verify] center(167,85) rgba=(0,0,0,0)
[BrushEngine::stampEraser] cx=167.0 cy=85.0 m_eraser=0x5e2e38fafc58
[GradualEraser::stamp] cx=167.0 cy=85.0 r=6 total=113 skipped_zero=113 erased=0
[GradualEraser::verify] center(167,85) rgba=(0,0,0,0)
[MOUSE_MOVE] drawing=true tool=1 drawing at (513.0,168.0)
[handleDrawing] tool=1 brushType=4 eraserSize=12.0 eraserOp=1.00 layer=0x5e2e67ee0d30
[BrushEngine::stampEraser] cx=167.0 cy=85.0 m_eraser=0x5e2e38fafc58
[GradualEraser::stamp] cx=167.0 cy=85.0 r=6 total=113 skipped_zero=113 erased=0
[GradualEraser::verify] center(167,85) rgba=(0,0,0,0)
[BrushEngine::stampEraser] cx=169.0 cy=86.0 m_eraser=0x5e2e38fafc58
[GradualEraser::stamp] cx=169.0 cy=86.0 r=6 total=113 skipped_zero=99 erased=14
[GradualEraser::verify] center(169,86) rgba=(0,0,0,0)
[BrushEngine::stampEraser] cx=169.0 cy=86.0 m_eraser=0x5e2e38fafc58
[GradualEraser::stamp] cx=169.0 cy=86.0 r=6 total=113 skipped_zero=113 erased=0
[GradualEraser::verify] center(169,86) rgba=(0,0,0,0)
[MOUSE_MOVE] drawing=true tool=1 drawing at (513.0,169.0)
[handleDrawing] tool=1 brushType=4 eraserSize=12.0 eraserOp=1.00 layer=0x5e2e67ee0d30
[BrushEngine::stampEraser] cx=169.0 cy=86.0 m_eraser=0x5e2e38fafc58
[GradualEraser::stamp] cx=169.0 cy=86.0 r=6 total=113 skipped_zero=113 erased=0
[GradualEraser::verify] center(169,86) rgba=(0,0,0,0)
[BrushEngine::stampEraser] cx=169.0 cy=87.0 m_eraser=0x5e2e38fafc58
[GradualEraser::stamp] cx=169.0 cy=87.0 r=6 total=113 skipped_zero=107 erased=6
[GradualEraser::verify] center(169,87) rgba=(0,0,0,0)
[BrushEngine::stampEraser] cx=169.0 cy=87.0 m_eraser=0x5e2e38fafc58
[GradualEraser::stamp] cx=169.0 cy=87.0 r=6 total=113 skipped_zero=113 erased=0
[GradualEraser::verify] center(169,87) rgba=(0,0,0,0)
[MOUSE_MOVE] drawing=true tool=1 drawing at (514.0,170.0)
[handleDrawing] tool=1 brushType=4 eraserSize=12.0 eraserOp=1.00 layer=0x5e2e67ee0d30
[BrushEngine::stampEraser] cx=169.0 cy=87.0 m_eraser=0x5e2e38fafc58
[GradualEraser::stamp] cx=169.0 cy=87.0 r=6 total=113 skipped_zero=113 erased=0
[GradualEraser::verify] center(169,87) rgba=(0,0,0,0)
[BrushEngine::stampEraser] cx=170.0 cy=88.0 m_eraser=0x5e2e38fafc58
[GradualEraser::stamp] cx=170.0 cy=88.0 r=6 total=113 skipped_zero=103 erased=10
[GradualEraser::verify] center(170,88) rgba=(0,0,0,0)
[BrushEngine::stampEraser] cx=170.0 cy=88.0 m_eraser=0x5e2e38fafc58
[GradualEraser::stamp] cx=170.0 cy=88.0 r=6 total=113 skipped_zero=113 erased=0
[GradualEraser::verify] center(170,88) rgba=(0,0,0,0)
[CANVAS_UPDATE] recompositing (frameDirty=1 canvasDirty=0)
[CANVAS_UPDATE] sample pixel (207,154): rgba=(255,101,50,255)
[MOUSE_MOVE] drawing=true tool=1 drawing at (516.0,172.0)
[handleDrawing] tool=1 brushType=4 eraserSize=12.0 eraserOp=1.00 layer=0x5e2e67ee0d30
[BrushEngine::stampEraser] cx=170.0 cy=88.0 m_eraser=0x5e2e38fafc58
[GradualEraser::stamp] cx=170.0 cy=88.0 r=6 total=113 skipped_zero=113 erased=0
[GradualEraser::verify] center(170,88) rgba=(0,0,0,0)
[BrushEngine::stampEraser] cx=172.0 cy=90.0 m_eraser=0x5e2e38fafc58
[GradualEraser::stamp] cx=172.0 cy=90.0 r=6 total=113 skipped_zero=94 erased=19
[GradualEraser::verify] center(172,90) rgba=(0,0,0,0)
[BrushEngine::stampEraser] cx=172.0 cy=90.0 m_eraser=0x5e2e38fafc58
[GradualEraser::stamp] cx=172.0 cy=90.0 r=6 total=113 skipped_zero=113 erased=0
[GradualEraser::verify] center(172,90) rgba=(0,0,0,0)
[MOUSE_MOVE] drawing=true tool=1 drawing at (516.0,173.0)
[handleDrawing] tool=1 brushType=4 eraserSize=12.0 eraserOp=1.00 layer=0x5e2e67ee0d30
[BrushEngine::stampEraser] cx=172.0 cy=90.0 m_eraser=0x5e2e38fafc58
[GradualEraser::stamp] cx=172.0 cy=90.0 r=6 total=113 skipped_zero=113 erased=0
[GradualEraser::verify] center(172,90) rgba=(0,0,0,0)
[BrushEngine::stampEraser] cx=172.0 cy=91.0 m_eraser=0x5e2e38fafc58
[GradualEraser::stamp] cx=172.0 cy=91.0 r=6 total=113 skipped_zero=111 erased=2
[GradualEraser::verify] center(172,91) rgba=(0,0,0,0)
[BrushEngine::stampEraser] cx=172.0 cy=91.0 m_eraser=0x5e2e38fafc58
[GradualEraser::stamp] cx=172.0 cy=91.0 r=6 total=113 skipped_zero=113 erased=0
[GradualEraser::verify] center(172,91) rgba=(0,0,0,0)
[MOUSE_MOVE] drawing=true tool=1 drawing at (518.0,175.0)
[handleDrawing] tool=1 brushType=4 eraserSize=12.0 eraserOp=1.00 layer=0x5e2e67ee0d30
[BrushEngine::stampEraser] cx=172.0 cy=91.0 m_eraser=0x5e2e38fafc58
[GradualEraser::stamp] cx=172.0 cy=91.0 r=6 total=113 skipped_zero=113 erased=0
[GradualEraser::verify] center(172,91) rgba=(0,0,0,0)
[BrushEngine::stampEraser] cx=174.0 cy=93.0 m_eraser=0x5e2e38fafc58
[GradualEraser::stamp] cx=174.0 cy=93.0 r=6 total=113 skipped_zero=104 erased=9
[GradualEraser::verify] center(174,93) rgba=(0,0,0,0)
[BrushEngine::stampEraser] cx=174.0 cy=93.0 m_eraser=0x5e2e38fafc58
[GradualEraser::stamp] cx=174.0 cy=93.0 r=6 total=113 skipped_zero=113 erased=0
[GradualEraser::verify] center(174,93) rgba=(0,0,0,0)
[MOUSE_MOVE] drawing=true tool=1 drawing at (519.0,176.0)
[handleDrawing] tool=1 brushType=4 eraserSize=12.0 eraserOp=1.00 layer=0x5e2e67ee0d30
[BrushEngine::stampEraser] cx=174.0 cy=93.0 m_eraser=0x5e2e38fafc58
[GradualEraser::stamp] cx=174.0 cy=93.0 r=6 total=113 skipped_zero=113 erased=0
[GradualEraser::verify] center(174,93) rgba=(0,0,0,0)
[BrushEngine::stampEraser] cx=175.0 cy=94.0 m_eraser=0x5e2e38fafc58
[GradualEraser::stamp] cx=175.0 cy=94.0 r=6 total=113 skipped_zero=108 erased=5
[GradualEraser::verify] center(175,94) rgba=(0,0,0,0)
[BrushEngine::stampEraser] cx=175.0 cy=94.0 m_eraser=0x5e2e38fafc58
[GradualEraser::stamp] cx=175.0 cy=94.0 r=6 total=113 skipped_zero=113 erased=0
[GradualEraser::verify] center(175,94) rgba=(0,0,0,0)
[MOUSE_MOVE] drawing=true tool=1 drawing at (519.0,177.0)
[handleDrawing] tool=1 brushType=4 eraserSize=12.0 eraserOp=1.00 layer=0x5e2e67ee0d30
[BrushEngine::stampEraser] cx=175.0 cy=94.0 m_eraser=0x5e2e38fafc58
[GradualEraser::stamp] cx=175.0 cy=94.0 r=6 total=113 skipped_zero=113 erased=0
[GradualEraser::verify] center(175,94) rgba=(0,0,0,0)
[BrushEngine::stampEraser] cx=175.0 cy=95.0 m_eraser=0x5e2e38fafc58
[GradualEraser::stamp] cx=175.0 cy=95.0 r=6 total=113 skipped_zero=110 erased=3
[GradualEraser::verify] center(175,95) rgba=(0,0,0,0)
[BrushEngine::stampEraser] cx=175.0 cy=95.0 m_eraser=0x5e2e38fafc58
[GradualEraser::stamp] cx=175.0 cy=95.0 r=6 total=113 skipped_zero=113 erased=0
[GradualEraser::verify] center(175,95) rgba=(0,0,0,0)
[MOUSE_MOVE] drawing=true tool=1 drawing at (520.0,178.0)
[handleDrawing] tool=1 brushType=4 eraserSize=12.0 eraserOp=1.00 layer=0x5e2e67ee0d30
[BrushEngine::stampEraser] cx=175.0 cy=95.0 m_eraser=0x5e2e38fafc58
[GradualEraser::stamp] cx=175.0 cy=95.0 r=6 total=113 skipped_zero=113 erased=0
[GradualEraser::verify] center(175,95) rgba=(0,0,0,0)
[BrushEngine::stampEraser] cx=176.0 cy=96.0 m_eraser=0x5e2e38fafc58
[GradualEraser::stamp] cx=176.0 cy=96.0 r=6 total=113 skipped_zero=106 erased=7
[GradualEraser::verify] center(176,96) rgba=(0,0,0,0)
[BrushEngine::stampEraser] cx=176.0 cy=96.0 m_eraser=0x5e2e38fafc58
[GradualEraser::stamp] cx=176.0 cy=96.0 r=6 total=113 skipped_zero=113 erased=0
[GradualEraser::verify] center(176,96) rgba=(0,0,0,0)
[MOUSE_MOVE] drawing=true tool=1 drawing at (522.0,180.0)
[handleDrawing] tool=1 brushType=4 eraserSize=12.0 eraserOp=1.00 layer=0x5e2e67ee0d30
[BrushEngine::stampEraser] cx=176.0 cy=96.0 m_eraser=0x5e2e38fafc58
[GradualEraser::stamp] cx=176.0 cy=96.0 r=6 total=113 skipped_zero=113 erased=0
[GradualEraser::verify] center(176,96) rgba=(0,0,0,0)
[BrushEngine::stampEraser] cx=178.0 cy=98.0 m_eraser=0x5e2e38fafc58
[GradualEraser::stamp] cx=178.0 cy=98.0 r=6 total=113 skipped_zero=89 erased=24
[GradualEraser::verify] center(178,98) rgba=(0,0,0,0)
[BrushEngine::stampEraser] cx=178.0 cy=98.0 m_eraser=0x5e2e38fafc58
[GradualEraser::stamp] cx=178.0 cy=98.0 r=6 total=113 skipped_zero=113 erased=0
[GradualEraser::verify] center(178,98) rgba=(0,0,0,0)
[MOUSE_MOVE] drawing=true tool=1 drawing at (523.0,181.0)
[handleDrawing] tool=1 brushType=4 eraserSize=12.0 eraserOp=1.00 layer=0x5e2e67ee0d30
[BrushEngine::stampEraser] cx=178.0 cy=98.0 m_eraser=0x5e2e38fafc58
[GradualEraser::stamp] cx=178.0 cy=98.0 r=6 total=113 skipped_zero=113 erased=0
[GradualEraser::verify] center(178,98) rgba=(0,0,0,0)
[BrushEngine::stampEraser] cx=179.0 cy=99.0 m_eraser=0x5e2e38fafc58
[GradualEraser::stamp] cx=179.0 cy=99.0 r=6 total=113 skipped_zero=103 erased=10
[GradualEraser::verify] center(179,99) rgba=(0,0,0,0)
[BrushEngine::stampEraser] cx=179.0 cy=99.0 m_eraser=0x5e2e38fafc58
[GradualEraser::stamp] cx=179.0 cy=99.0 r=6 total=113 skipped_zero=113 erased=0
[GradualEraser::verify] center(179,99) rgba=(0,0,0,0)
[CANVAS_UPDATE] recompositing (frameDirty=1 canvasDirty=0)
[CANVAS_UPDATE] sample pixel (207,154): rgba=(255,101,50,255)
[MOUSE_MOVE] drawing=true tool=1 drawing at (524.0,182.0)
[handleDrawing] tool=1 brushType=4 eraserSize=12.0 eraserOp=1.00 layer=0x5e2e67ee0d30
[BrushEngine::stampEraser] cx=179.0 cy=99.0 m_eraser=0x5e2e38fafc58
[GradualEraser::stamp] cx=179.0 cy=99.0 r=6 total=113 skipped_zero=113 erased=0
[GradualEraser::verify] center(179,99) rgba=(0,0,0,0)
[BrushEngine::stampEraser] cx=180.0 cy=100.0 m_eraser=0x5e2e38fafc58
[GradualEraser::stamp] cx=180.0 cy=100.0 r=6 total=113 skipped_zero=107 erased=6
[GradualEraser::verify] center(180,100) rgba=(0,0,0,0)
[BrushEngine::stampEraser] cx=180.0 cy=100.0 m_eraser=0x5e2e38fafc58
[GradualEraser::stamp] cx=180.0 cy=100.0 r=6 total=113 skipped_zero=113 erased=0
[GradualEraser::verify] center(180,100) rgba=(0,0,0,0)
[MOUSE_MOVE] drawing=true tool=1 drawing at (525.0,184.0)
[handleDrawing] tool=1 brushType=4 eraserSize=12.0 eraserOp=1.00 layer=0x5e2e67ee0d30
[BrushEngine::stampEraser] cx=180.0 cy=100.0 m_eraser=0x5e2e38fafc58
[GradualEraser::stamp] cx=180.0 cy=100.0 r=6 total=113 skipped_zero=113 erased=0
[GradualEraser::verify] center(180,100) rgba=(0,0,0,0)
[BrushEngine::stampEraser] cx=181.0 cy=102.0 m_eraser=0x5e2e38fafc58
[GradualEraser::stamp] cx=181.0 cy=102.0 r=6 total=113 skipped_zero=108 erased=5
[GradualEraser::verify] center(181,102) rgba=(0,0,0,0)
[BrushEngine::stampEraser] cx=181.0 cy=102.0 m_eraser=0x5e2e38fafc58
[GradualEraser::stamp] cx=181.0 cy=102.0 r=6 total=113 skipped_zero=113 erased=0
[GradualEraser::verify] center(181,102) rgba=(0,0,0,0)
[MOUSE_MOVE] drawing=true tool=1 drawing at (527.0,186.0)
[handleDrawing] tool=1 brushType=4 eraserSize=12.0 eraserOp=1.00 layer=0x5e2e67ee0d30
[BrushEngine::stampEraser] cx=181.0 cy=102.0 m_eraser=0x5e2e38fafc58
[GradualEraser::stamp] cx=181.0 cy=102.0 r=6 total=113 skipped_zero=113 erased=0
[GradualEraser::verify] center(181,102) rgba=(0,0,0,0)
[BrushEngine::stampEraser] cx=183.0 cy=104.0 m_eraser=0x5e2e38fafc58
[GradualEraser::stamp] cx=183.0 cy=104.0 r=6 total=113 skipped_zero=108 erased=5
[GradualEraser::verify] center(183,104) rgba=(0,0,0,0)
[BrushEngine::stampEraser] cx=183.0 cy=104.0 m_eraser=0x5e2e38fafc58
[GradualEraser::stamp] cx=183.0 cy=104.0 r=6 total=113 skipped_zero=113 erased=0
[GradualEraser::verify] center(183,104) rgba=(0,0,0,0)
[MOUSE_MOVE] drawing=true tool=1 drawing at (529.0,187.0)
[handleDrawing] tool=1 brushType=4 eraserSize=12.0 eraserOp=1.00 layer=0x5e2e67ee0d30
[BrushEngine::stampEraser] cx=183.0 cy=104.0 m_eraser=0x5e2e38fafc58
[GradualEraser::stamp] cx=183.0 cy=104.0 r=6 total=113 skipped_zero=113 erased=0
[GradualEraser::verify] center(183,104) rgba=(0,0,0,0)
[BrushEngine::stampEraser] cx=185.0 cy=105.0 m_eraser=0x5e2e38fafc58
[GradualEraser::stamp] cx=185.0 cy=105.0 r=6 total=113 skipped_zero=113 erased=0
[GradualEraser::verify] center(185,105) rgba=(0,0,0,0)
[BrushEngine::stampEraser] cx=185.0 cy=105.0 m_eraser=0x5e2e38fafc58
[GradualEraser::stamp] cx=185.0 cy=105.0 r=6 total=113 skipped_zero=113 erased=0
[GradualEraser::verify] center(185,105) rgba=(0,0,0,0)
[MOUSE_MOVE] drawing=true tool=1 drawing at (530.0,188.0)
[handleDrawing] tool=1 brushType=4 eraserSize=12.0 eraserOp=1.00 layer=0x5e2e67ee0d30
[BrushEngine::stampEraser] cx=185.0 cy=105.0 m_eraser=0x5e2e38fafc58
[GradualEraser::stamp] cx=185.0 cy=105.0 r=6 total=113 skipped_zero=113 erased=0
[GradualEraser::verify] center(185,105) rgba=(0,0,0,0)
[BrushEngine::stampEraser] cx=186.0 cy=106.0 m_eraser=0x5e2e38fafc58
[GradualEraser::stamp] cx=186.0 cy=106.0 r=6 total=113 skipped_zero=113 erased=0
[GradualEraser::verify] center(186,106) rgba=(0,0,0,0)
[BrushEngine::stampEraser] cx=186.0 cy=106.0 m_eraser=0x5e2e38fafc58
[GradualEraser::stamp] cx=186.0 cy=106.0 r=6 total=113 skipped_zero=113 erased=0
[GradualEraser::verify] center(186,106) rgba=(0,0,0,0)
[CANVAS_UPDATE] recompositing (frameDirty=1 canvasDirty=0)
[CANVAS_UPDATE] sample pixel (207,154): rgba=(255,101,50,255)
[MOUSE_MOVE] drawing=true tool=1 drawing at (531.0,189.0)
[handleDrawing] tool=1 brushType=4 eraserSize=12.0 eraserOp=1.00 layer=0x5e2e67ee0d30
[BrushEngine::stampEraser] cx=186.0 cy=106.0 m_eraser=0x5e2e38fafc58
[GradualEraser::stamp] cx=186.0 cy=106.0 r=6 total=113 skipped_zero=113 erased=0
[GradualEraser::verify] center(186,106) rgba=(0,0,0,0)
[BrushEngine::stampEraser] cx=187.0 cy=107.0 m_eraser=0x5e2e38fafc58
[GradualEraser::stamp] cx=187.0 cy=107.0 r=6 total=113 skipped_zero=113 erased=0
[GradualEraser::verify] center(187,107) rgba=(0,0,0,0)
[BrushEngine::stampEraser] cx=187.0 cy=107.0 m_eraser=0x5e2e38fafc58
[GradualEraser::stamp] cx=187.0 cy=107.0 r=6 total=113 skipped_zero=113 erased=0
[GradualEraser::verify] center(187,107) rgba=(0,0,0,0)
[MOUSE_MOVE] drawing=true tool=1 drawing at (532.0,190.0)
[handleDrawing] tool=1 brushType=4 eraserSize=12.0 eraserOp=1.00 layer=0x5e2e67ee0d30
[BrushEngine::stampEraser] cx=187.0 cy=107.0 m_eraser=0x5e2e38fafc58
[GradualEraser::stamp] cx=187.0 cy=107.0 r=6 total=113 skipped_zero=113 erased=0
[GradualEraser::verify] center(187,107) rgba=(0,0,0,0)
[BrushEngine::stampEraser] cx=188.0 cy=108.0 m_eraser=0x5e2e38fafc58
[GradualEraser::stamp] cx=188.0 cy=108.0 r=6 total=113 skipped_zero=113 erased=0
[GradualEraser::verify] center(188,108) rgba=(0,0,0,0)
[BrushEngine::stampEraser] cx=188.0 cy=108.0 m_eraser=0x5e2e38fafc58
[GradualEraser::stamp] cx=188.0 cy=108.0 r=6 total=113 skipped_zero=113 erased=0
[GradualEraser::verify] center(188,108) rgba=(0,0,0,0)
[MOUSE_MOVE] drawing=true tool=1 drawing at (533.0,190.0)
[handleDrawing] tool=1 brushType=4 eraserSize=12.0 eraserOp=1.00 layer=0x5e2e67ee0d30
[BrushEngine::stampEraser] cx=188.0 cy=108.0 m_eraser=0x5e2e38fafc58
[GradualEraser::stamp] cx=188.0 cy=108.0 r=6 total=113 skipped_zero=113 erased=0
[GradualEraser::verify] center(188,108) rgba=(0,0,0,0)
[BrushEngine::stampEraser] cx=189.0 cy=108.0 m_eraser=0x5e2e38fafc58
[GradualEraser::stamp] cx=189.0 cy=108.0 r=6 total=113 skipped_zero=113 erased=0
[GradualEraser::verify] center(189,108) rgba=(0,0,0,0)
[BrushEngine::stampEraser] cx=189.0 cy=108.0 m_eraser=0x5e2e38fafc58
[GradualEraser::stamp] cx=189.0 cy=108.0 r=6 total=113 skipped_zero=113 erased=0
[GradualEraser::verify] center(189,108) rgba=(0,0,0,0)
[MOUSE_MOVE] drawing=true tool=1 drawing at (534.0,191.0)
[handleDrawing] tool=1 brushType=4 eraserSize=12.0 eraserOp=1.00 layer=0x5e2e67ee0d30
[BrushEngine::stampEraser] cx=189.0 cy=108.0 m_eraser=0x5e2e38fafc58
[GradualEraser::stamp] cx=189.0 cy=108.0 r=6 total=113 skipped_zero=113 erased=0
[GradualEraser::verify] center(189,108) rgba=(0,0,0,0)
[BrushEngine::stampEraser] cx=190.0 cy=109.0 m_eraser=0x5e2e38fafc58
[GradualEraser::stamp] cx=190.0 cy=109.0 r=6 total=113 skipped_zero=113 erased=0
[GradualEraser::verify] center(190,109) rgba=(0,0,0,0)
[BrushEngine::stampEraser] cx=190.0 cy=109.0 m_eraser=0x5e2e38fafc58
[GradualEraser::stamp] cx=190.0 cy=109.0 r=6 total=113 skipped_zero=113 erased=0
[GradualEraser::verify] center(190,109) rgba=(0,0,0,0)
[CANVAS_UPDATE] recompositing (frameDirty=1 canvasDirty=0)
[CANVAS_UPDATE] sample pixel (207,154): rgba=(255,101,50,255)
[MOUSE_MOVE] drawing=true tool=1 drawing at (535.0,191.0)
[handleDrawing] tool=1 brushType=4 eraserSize=12.0 eraserOp=1.00 layer=0x5e2e67ee0d30
[BrushEngine::stampEraser] cx=190.0 cy=109.0 m_eraser=0x5e2e38fafc58
[GradualEraser::stamp] cx=190.0 cy=109.0 r=6 total=113 skipped_zero=113 erased=0
[GradualEraser::verify] center(190,109) rgba=(0,0,0,0)
[BrushEngine::stampEraser] cx=191.0 cy=109.0 m_eraser=0x5e2e38fafc58
[GradualEraser::stamp] cx=191.0 cy=109.0 r=6 total=113 skipped_zero=113 erased=0
[GradualEraser::verify] center(191,109) rgba=(0,0,0,0)
[BrushEngine::stampEraser] cx=191.0 cy=109.0 m_eraser=0x5e2e38fafc58
[GradualEraser::stamp] cx=191.0 cy=109.0 r=6 total=113 skipped_zero=113 erased=0
[GradualEraser::verify] center(191,109) rgba=(0,0,0,0)
[MOUSE_MOVE] drawing=true tool=1 drawing at (536.0,191.0)
[handleDrawing] tool=1 brushType=4 eraserSize=12.0 eraserOp=1.00 layer=0x5e2e67ee0d30
[BrushEngine::stampEraser] cx=191.0 cy=109.0 m_eraser=0x5e2e38fafc58
[GradualEraser::stamp] cx=191.0 cy=109.0 r=6 total=113 skipped_zero=113 erased=0
[GradualEraser::verify] center(191,109) rgba=(0,0,0,0)
[BrushEngine::stampEraser] cx=192.0 cy=109.0 m_eraser=0x5e2e38fafc58
[GradualEraser::stamp] cx=192.0 cy=109.0 r=6 total=113 skipped_zero=113 erased=0
[GradualEraser::verify] center(192,109) rgba=(0,0,0,0)
[BrushEngine::stampEraser] cx=192.0 cy=109.0 m_eraser=0x5e2e38fafc58
[GradualEraser::stamp] cx=192.0 cy=109.0 r=6 total=113 skipped_zero=113 erased=0
[GradualEraser::verify] center(192,109) rgba=(0,0,0,0)
[MOUSE_MOVE] drawing=true tool=1 drawing at (537.0,191.0)
[handleDrawing] tool=1 brushType=4 eraserSize=12.0 eraserOp=1.00 layer=0x5e2e67ee0d30
[BrushEngine::stampEraser] cx=192.0 cy=109.0 m_eraser=0x5e2e38fafc58
[GradualEraser::stamp] cx=192.0 cy=109.0 r=6 total=113 skipped_zero=113 erased=0
[GradualEraser::verify] center(192,109) rgba=(0,0,0,0)
[BrushEngine::stampEraser] cx=193.0 cy=109.0 m_eraser=0x5e2e38fafc58
[GradualEraser::stamp] cx=193.0 cy=109.0 r=6 total=113 skipped_zero=113 erased=0
[GradualEraser::verify] center(193,109) rgba=(0,0,0,0)
[BrushEngine::stampEraser] cx=193.0 cy=109.0 m_eraser=0x5e2e38fafc58
[GradualEraser::stamp] cx=193.0 cy=109.0 r=6 total=113 skipped_zero=113 erased=0
[GradualEraser::verify] center(193,109) rgba=(0,0,0,0)
[CANVAS_UPDATE] recompositing (frameDirty=1 canvasDirty=0)
[CANVAS_UPDATE] sample pixel (207,154): rgba=(255,101,50,255)
[MOUSE_MOVE] drawing=true tool=1 drawing at (538.0,191.0)
[handleDrawing] tool=1 brushType=4 eraserSize=12.0 eraserOp=1.00 layer=0x5e2e67ee0d30
[BrushEngine::stampEraser] cx=193.0 cy=109.0 m_eraser=0x5e2e38fafc58
[GradualEraser::stamp] cx=193.0 cy=109.0 r=6 total=113 skipped_zero=113 erased=0
[GradualEraser::verify] center(193,109) rgba=(0,0,0,0)
[BrushEngine::stampEraser] cx=194.0 cy=109.0 m_eraser=0x5e2e38fafc58
[GradualEraser::stamp] cx=194.0 cy=109.0 r=6 total=113 skipped_zero=113 erased=0
[GradualEraser::verify] center(194,109) rgba=(0,0,0,0)
[BrushEngine::stampEraser] cx=194.0 cy=109.0 m_eraser=0x5e2e38fafc58
[GradualEraser::stamp] cx=194.0 cy=109.0 r=6 total=113 skipped_zero=113 erased=0
[GradualEraser::verify] center(194,109) rgba=(0,0,0,0)
[CANVAS_UPDATE] recompositing (frameDirty=1 canvasDirty=0)
[CANVAS_UPDATE] sample pixel (207,154): rgba=(255,101,50,255)
[MOUSE_MOVE] drawing=true tool=1 drawing at (539.0,190.0)
[handleDrawing] tool=1 brushType=4 eraserSize=12.0 eraserOp=1.00 layer=0x5e2e67ee0d30
[BrushEngine::stampEraser] cx=194.0 cy=109.0 m_eraser=0x5e2e38fafc58
[GradualEraser::stamp] cx=194.0 cy=109.0 r=6 total=113 skipped_zero=113 erased=0
[GradualEraser::verify] center(194,109) rgba=(0,0,0,0)
[BrushEngine::stampEraser] cx=195.0 cy=108.0 m_eraser=0x5e2e38fafc58
[GradualEraser::stamp] cx=195.0 cy=108.0 r=6 total=113 skipped_zero=113 erased=0
[GradualEraser::verify] center(195,108) rgba=(0,0,0,0)
[BrushEngine::stampEraser] cx=195.0 cy=108.0 m_eraser=0x5e2e38fafc58
[GradualEraser::stamp] cx=195.0 cy=108.0 r=6 total=113 skipped_zero=113 erased=0
[GradualEraser::verify] center(195,108) rgba=(0,0,0,0)
[MOUSE_MOVE] drawing=true tool=1 drawing at (539.0,189.0)
[handleDrawing] tool=1 brushType=4 eraserSize=12.0 eraserOp=1.00 layer=0x5e2e67ee0d30
[BrushEngine::stampEraser] cx=195.0 cy=108.0 m_eraser=0x5e2e38fafc58
[GradualEraser::stamp] cx=195.0 cy=108.0 r=6 total=113 skipped_zero=113 erased=0
[GradualEraser::verify] center(195,108) rgba=(0,0,0,0)
[BrushEngine::stampEraser] cx=195.0 cy=107.0 m_eraser=0x5e2e38fafc58
[GradualEraser::stamp] cx=195.0 cy=107.0 r=6 total=113 skipped_zero=113 erased=0
[GradualEraser::verify] center(195,107) rgba=(0,0,0,0)
[BrushEngine::stampEraser] cx=195.0 cy=107.0 m_eraser=0x5e2e38fafc58
[GradualEraser::stamp] cx=195.0 cy=107.0 r=6 total=113 skipped_zero=113 erased=0
[GradualEraser::verify] center(195,107) rgba=(0,0,0,0)
[CANVAS_UPDATE] recompositing (frameDirty=1 canvasDirty=0)
[CANVAS_UPDATE] sample pixel (207,154): rgba=(255,101,50,255)
[MOUSE_MOVE] drawing=true tool=1 drawing at (540.0,188.0)
[handleDrawing] tool=1 brushType=4 eraserSize=12.0 eraserOp=1.00 layer=0x5e2e67ee0d30
[BrushEngine::stampEraser] cx=195.0 cy=107.0 m_eraser=0x5e2e38fafc58
[GradualEraser::stamp] cx=195.0 cy=107.0 r=6 total=113 skipped_zero=113 erased=0
[GradualEraser::verify] center(195,107) rgba=(0,0,0,0)
[BrushEngine::stampEraser] cx=196.0 cy=106.0 m_eraser=0x5e2e38fafc58
[GradualEraser::stamp] cx=196.0 cy=106.0 r=6 total=113 skipped_zero=113 erased=0
[GradualEraser::verify] center(196,106) rgba=(0,0,0,0)
[BrushEngine::stampEraser] cx=196.0 cy=106.0 m_eraser=0x5e2e38fafc58
[GradualEraser::stamp] cx=196.0 cy=106.0 r=6 total=113 skipped_zero=113 erased=0
[GradualEraser::verify] center(196,106) rgba=(0,0,0,0)
[CANVAS_UPDATE] recompositing (frameDirty=1 canvasDirty=0)
[CANVAS_UPDATE] sample pixel (207,154): rgba=(255,101,50,255)
[MOUSE_MOVE] drawing=true tool=1 drawing at (542.0,188.0)
[handleDrawing] tool=1 brushType=4 eraserSize=12.0 eraserOp=1.00 layer=0x5e2e67ee0d30
[BrushEngine::stampEraser] cx=196.0 cy=106.0 m_eraser=0x5e2e38fafc58
[GradualEraser::stamp] cx=196.0 cy=106.0 r=6 total=113 skipped_zero=113 erased=0
[GradualEraser::verify] center(196,106) rgba=(0,0,0,0)
[BrushEngine::stampEraser] cx=198.0 cy=106.0 m_eraser=0x5e2e38fafc58
[GradualEraser::stamp] cx=198.0 cy=106.0 r=6 total=113 skipped_zero=113 erased=0
[GradualEraser::verify] center(198,106) rgba=(0,0,0,0)
[BrushEngine::stampEraser] cx=198.0 cy=106.0 m_eraser=0x5e2e38fafc58
[GradualEraser::stamp] cx=198.0 cy=106.0 r=6 total=113 skipped_zero=113 erased=0
[GradualEraser::verify] center(198,106) rgba=(0,0,0,0)
[CANVAS_UPDATE] recompositing (frameDirty=1 canvasDirty=0)
[CANVAS_UPDATE] sample pixel (207,154): rgba=(255,101,50,255)
[MOUSE_MOVE] drawing=true tool=1 drawing at (543.0,188.0)
[handleDrawing] tool=1 brushType=4 eraserSize=12.0 eraserOp=1.00 layer=0x5e2e67ee0d30
[BrushEngine::stampEraser] cx=198.0 cy=106.0 m_eraser=0x5e2e38fafc58
[GradualEraser::stamp] cx=198.0 cy=106.0 r=6 total=113 skipped_zero=113 erased=0
[GradualEraser::verify] center(198,106) rgba=(0,0,0,0)
[BrushEngine::stampEraser] cx=199.0 cy=106.0 m_eraser=0x5e2e38fafc58
[GradualEraser::stamp] cx=199.0 cy=106.0 r=6 total=113 skipped_zero=113 erased=0
[GradualEraser::verify] center(199,106) rgba=(0,0,0,0)
[BrushEngine::stampEraser] cx=199.0 cy=106.0 m_eraser=0x5e2e38fafc58
[GradualEraser::stamp] cx=199.0 cy=106.0 r=6 total=113 skipped_zero=113 erased=0
[GradualEraser::verify] center(199,106) rgba=(0,0,0,0)
[MOUSE_MOVE] drawing=true tool=1 drawing at (543.0,186.0)
[handleDrawing] tool=1 brushType=4 eraserSize=12.0 eraserOp=1.00 layer=0x5e2e67ee0d30
[BrushEngine::stampEraser] cx=199.0 cy=106.0 m_eraser=0x5e2e38fafc58
[GradualEraser::stamp] cx=199.0 cy=106.0 r=6 total=113 skipped_zero=113 erased=0
[GradualEraser::verify] center(199,106) rgba=(0,0,0,0)
[BrushEngine::stampEraser] cx=199.0 cy=104.0 m_eraser=0x5e2e38fafc58
[GradualEraser::stamp] cx=199.0 cy=104.0 r=6 total=113 skipped_zero=113 erased=0
[GradualEraser::verify] center(199,104) rgba=(0,0,0,0)
[BrushEngine::stampEraser] cx=199.0 cy=104.0 m_eraser=0x5e2e38fafc58
[GradualEraser::stamp] cx=199.0 cy=104.0 r=6 total=113 skipped_zero=113 erased=0
[GradualEraser::verify] center(199,104) rgba=(0,0,0,0)
[MOUSE_MOVE] drawing=true tool=1 drawing at (544.0,186.0)
[handleDrawing] tool=1 brushType=4 eraserSize=12.0 eraserOp=1.00 layer=0x5e2e67ee0d30
[BrushEngine::stampEraser] cx=199.0 cy=104.0 m_eraser=0x5e2e38fafc58
[GradualEraser::stamp] cx=199.0 cy=104.0 r=6 total=113 skipped_zero=113 erased=0
[GradualEraser::verify] center(199,104) rgba=(0,0,0,0)
[BrushEngine::stampEraser] cx=200.0 cy=104.0 m_eraser=0x5e2e38fafc58
[GradualEraser::stamp] cx=200.0 cy=104.0 r=6 total=113 skipped_zero=113 erased=0
[GradualEraser::verify] center(200,104) rgba=(0,0,0,0)
[BrushEngine::stampEraser] cx=200.0 cy=104.0 m_eraser=0x5e2e38fafc58
[GradualEraser::stamp] cx=200.0 cy=104.0 r=6 total=113 skipped_zero=113 erased=0
[GradualEraser::verify] center(200,104) rgba=(0,0,0,0)
[CANVAS_UPDATE] recompositing (frameDirty=1 canvasDirty=0)
[CANVAS_UPDATE] sample pixel (207,154): rgba=(255,101,50,255)
[MOUSE_MOVE] drawing=true tool=1 drawing at (545.0,185.0)
[handleDrawing] tool=1 brushType=4 eraserSize=12.0 eraserOp=1.00 layer=0x5e2e67ee0d30
[BrushEngine::stampEraser] cx=200.0 cy=104.0 m_eraser=0x5e2e38fafc58
[GradualEraser::stamp] cx=200.0 cy=104.0 r=6 total=113 skipped_zero=113 erased=0
[GradualEraser::verify] center(200,104) rgba=(0,0,0,0)
[BrushEngine::stampEraser] cx=201.0 cy=103.0 m_eraser=0x5e2e38fafc58
[GradualEraser::stamp] cx=201.0 cy=103.0 r=6 total=113 skipped_zero=113 erased=0
[GradualEraser::verify] center(201,103) rgba=(0,0,0,0)
[BrushEngine::stampEraser] cx=201.0 cy=103.0 m_eraser=0x5e2e38fafc58
[GradualEraser::stamp] cx=201.0 cy=103.0 r=6 total=113 skipped_zero=113 erased=0
[GradualEraser::verify] center(201,103) rgba=(0,0,0,0)
[CANVAS_UPDATE] recompositing (frameDirty=1 canvasDirty=0)
[CANVAS_UPDATE] sample pixel (207,154): rgba=(255,101,50,255)
[MOUSE_MOVE] drawing=true tool=1 drawing at (545.0,185.0)
[handleDrawing] tool=1 brushType=4 eraserSize=12.0 eraserOp=1.00 layer=0x5e2e67ee0d30
[BrushEngine::stampEraser] cx=201.0 cy=103.0 m_eraser=0x5e2e38fafc58
[GradualEraser::stamp] cx=201.0 cy=103.0 r=6 total=113 skipped_zero=113 erased=0
[GradualEraser::verify] center(201,103) rgba=(0,0,0,0)
[BrushEngine::stampEraser] cx=201.0 cy=103.0 m_eraser=0x5e2e38fafc58
[GradualEraser::stamp] cx=201.0 cy=103.0 r=6 total=113 skipped_zero=113 erased=0
[GradualEraser::verify] center(201,103) rgba=(0,0,0,0)
[BrushEngine::stampEraser] cx=201.0 cy=103.0 m_eraser=0x5e2e38fafc58
[GradualEraser::stamp] cx=201.0 cy=103.0 r=6 total=113 skipped_zero=113 erased=0
[GradualEraser::verify] center(201,103) rgba=(0,0,0,0)
[CANVAS_UPDATE] recompositing (frameDirty=1 canvasDirty=0)
[CANVAS_UPDATE] sample pixel (207,154): rgba=(255,101,50,255)
[MOUSE_MOVE] drawing=true tool=1 drawing at (545.0,184.0)
[handleDrawing] tool=1 brushType=4 eraserSize=12.0 eraserOp=1.00 layer=0x5e2e67ee0d30
[BrushEngine::stampEraser] cx=201.0 cy=103.0 m_eraser=0x5e2e38fafc58
[GradualEraser::stamp] cx=201.0 cy=103.0 r=6 total=113 skipped_zero=113 erased=0
[GradualEraser::verify] center(201,103) rgba=(0,0,0,0)
[BrushEngine::stampEraser] cx=201.0 cy=102.0 m_eraser=0x5e2e38fafc58
[GradualEraser::stamp] cx=201.0 cy=102.0 r=6 total=113 skipped_zero=113 erased=0
[GradualEraser::verify] center(201,102) rgba=(0,0,0,0)
[BrushEngine::stampEraser] cx=201.0 cy=102.0 m_eraser=0x5e2e38fafc58
[GradualEraser::stamp] cx=201.0 cy=102.0 r=6 total=113 skipped_zero=113 erased=0
[GradualEraser::verify] center(201,102) rgba=(0,0,0,0)
[CANVAS_UPDATE] recompositing (frameDirty=1 canvasDirty=0)
[CANVAS_UPDATE] sample pixel (207,154): rgba=(255,101,50,255)
[MOUSE_MOVE] drawing=true tool=1 drawing at (544.0,184.0)
[handleDrawing] tool=1 brushType=4 eraserSize=12.0 eraserOp=1.00 layer=0x5e2e67ee0d30
[BrushEngine::stampEraser] cx=201.0 cy=102.0 m_eraser=0x5e2e38fafc58
[GradualEraser::stamp] cx=201.0 cy=102.0 r=6 total=113 skipped_zero=113 erased=0
[GradualEraser::verify] center(201,102) rgba=(0,0,0,0)
[BrushEngine::stampEraser] cx=200.0 cy=102.0 m_eraser=0x5e2e38fafc58
[GradualEraser::stamp] cx=200.0 cy=102.0 r=6 total=113 skipped_zero=113 erased=0
[GradualEraser::verify] center(200,102) rgba=(0,0,0,0)
[BrushEngine::stampEraser] cx=200.0 cy=102.0 m_eraser=0x5e2e38fafc58
[GradualEraser::stamp] cx=200.0 cy=102.0 r=6 total=113 skipped_zero=113 erased=0
[GradualEraser::verify] center(200,102) rgba=(0,0,0,0)
[CANVAS_UPDATE] recompositing (frameDirty=1 canvasDirty=0)
[CANVAS_UPDATE] sample pixel (207,154): rgba=(255,101,50,255)
[MOUSE_BTN] x=544.0 y=184.0 btn=0 pressed=0 tool=1 drawing=1 moving=0
[MOUSE_UP_CLEANUP] drawing=false
