[CANVAS_UPDATE] recompositing (frameDirty=1 canvasDirty=1)
[MOUSE_BTN] x=651.0 y=244.0 btn=0 pressed=1 tool=0 drawing=0 moving=0
[CANVAS_CLICK] tool=0 pos=(651.0,244.0)
[PUSH_UNDO] layer=Layer 0 size=512x512 nonZeroPixels=0
[handleDrawing] tool=0 brushType=0 eraserSize=12.0 eraserOp=1.00 layer=0x5f7a2b51bd30
[stampHardRound] cx=307 cy=162 r=6 color=(255,101,50,255) layerW=512 layerH=512
[MOUSE_MOVE] drawing=true tool=0 drawing at (649.0,245.0)
[handleDrawing] tool=0 brushType=0 eraserSize=12.0 eraserOp=1.00 layer=0x5f7a2b51bd30
[stampHardRound] cx=307 cy=162 r=6 color=(255,101,50,255) layerW=512 layerH=512
[stampHardRound] cx=305 cy=163 r=6 color=(255,101,50,255) layerW=512 layerH=512
[stampHardRound] cx=305 cy=163 r=6 color=(255,101,50,255) layerW=512 layerH=512
[MOUSE_MOVE] drawing=true tool=0 drawing at (648.0,245.0)
[handleDrawing] tool=0 brushType=0 eraserSize=12.0 eraserOp=1.00 layer=0x5f7a2b51bd30
[stampHardRound] cx=305 cy=163 r=6 color=(255,101,50,255) layerW=512 layerH=512
[stampHardRound] cx=304 cy=163 r=6 color=(255,101,50,255) layerW=512 layerH=512
[stampHardRound] cx=304 cy=163 r=6 color=(255,101,50,255) layerW=512 layerH=512
[MOUSE_MOVE] drawing=true tool=0 drawing at (647.0,246.0)
[handleDrawing] tool=0 brushType=0 eraserSize=12.0 eraserOp=1.00 layer=0x5f7a2b51bd30
[stampHardRound] cx=304 cy=163 r=6 color=(255,101,50,255) layerW=512 layerH=512
[stampHardRound] cx=303 cy=164 r=6 color=(255,101,50,255) layerW=512 layerH=512
[stampHardRound] cx=303 cy=164 r=6 color=(255,101,50,255) layerW=512 layerH=512
[MOUSE_MOVE] drawing=true tool=0 drawing at (644.0,246.0)
[handleDrawing] tool=0 brushType=0 eraserSize=12.0 eraserOp=1.00 layer=0x5f7a2b51bd30
[stampHardRound] cx=303 cy=164 r=6 color=(255,101,50,255) layerW=512 layerH=512
[stampHardRound] cx=300 cy=164 r=6 color=(255,101,50,255) layerW=512 layerH=512
[stampHardRound] cx=300 cy=164 r=6 color=(255,101,50,255) layerW=512 layerH=512
[MOUSE_MOVE] drawing=true tool=0 drawing at (641.0,246.0)
[handleDrawing] tool=0 brushType=0 eraserSize=12.0 eraserOp=1.00 layer=0x5f7a2b51bd30
[stampHardRound] cx=300 cy=164 r=6 color=(255,101,50,255) layerW=512 layerH=512
[stampHardRound] cx=297 cy=164 r=6 color=(255,101,50,255) layerW=512 layerH=512
[stampHardRound] cx=297 cy=164 r=6 color=(255,101,50,255) layerW=512 layerH=512
[MOUSE_MOVE] drawing=true tool=0 drawing at (639.0,246.0)
[handleDrawing] tool=0 brushType=0 eraserSize=12.0 eraserOp=1.00 layer=0x5f7a2b51bd30
[stampHardRound] cx=297 cy=164 r=6 color=(255,101,50,255) layerW=512 layerH=512
[stampHardRound] cx=295 cy=164 r=6 color=(255,101,50,255) layerW=512 layerH=512
[stampHardRound] cx=295 cy=164 r=6 color=(255,101,50,255) layerW=512 layerH=512
[CANVAS_UPDATE] recompositing (frameDirty=1 canvasDirty=0)
[MOUSE_MOVE] drawing=true tool=0 drawing at (636.0,248.0)
[handleDrawing] tool=0 brushType=0 eraserSize=12.0 eraserOp=1.00 layer=0x5f7a2b51bd30
[stampHardRound] cx=295 cy=164 r=6 color=(255,101,50,255) layerW=512 layerH=512
[stampHardRound] cx=294 cy=165 r=6 color=(255,101,50,255) layerW=512 layerH=512
[stampHardRound] cx=292 cy=166 r=6 color=(255,101,50,255) layerW=512 layerH=512
[stampHardRound] cx=292 cy=166 r=6 color=(255,101,50,255) layerW=512 layerH=512
[MOUSE_MOVE] drawing=true tool=0 drawing at (633.0,248.0)
[handleDrawing] tool=0 brushType=0 eraserSize=12.0 eraserOp=1.00 layer=0x5f7a2b51bd30
[stampHardRound] cx=292 cy=166 r=6 color=(255,101,50,255) layerW=512 layerH=512
[stampHardRound] cx=289 cy=166 r=6 color=(255,101,50,255) layerW=512 layerH=512
[stampHardRound] cx=289 cy=166 r=6 color=(255,101,50,255) layerW=512 layerH=512
[MOUSE_MOVE] drawing=true tool=0 drawing at (628.0,249.0)
[handleDrawing] tool=0 brushType=0 eraserSize=12.0 eraserOp=1.00 layer=0x5f7a2b51bd30
[stampHardRound] cx=289 cy=166 r=6 color=(255,101,50,255) layerW=512 layerH=512
[stampHardRound] cx=287 cy=167 r=6 color=(255,101,50,255) layerW=512 layerH=512
[stampHardRound] cx=284 cy=167 r=6 color=(255,101,50,255) layerW=512 layerH=512
[stampHardRound] cx=284 cy=167 r=6 color=(255,101,50,255) layerW=512 layerH=512
[MOUSE_MOVE] drawing=true tool=0 drawing at (627.0,249.0)
[handleDrawing] tool=0 brushType=0 eraserSize=12.0 eraserOp=1.00 layer=0x5f7a2b51bd30
[stampHardRound] cx=284 cy=167 r=6 color=(255,101,50,255) layerW=512 layerH=512
[stampHardRound] cx=283 cy=167 r=6 color=(255,101,50,255) layerW=512 layerH=512
[stampHardRound] cx=283 cy=167 r=6 color=(255,101,50,255) layerW=512 layerH=512
[MOUSE_MOVE] drawing=true tool=0 drawing at (624.0,249.0)
[handleDrawing] tool=0 brushType=0 eraserSize=12.0 eraserOp=1.00 layer=0x5f7a2b51bd30
[stampHardRound] cx=283 cy=167 r=6 color=(255,101,50,255) layerW=512 layerH=512
[stampHardRound] cx=280 cy=167 r=6 color=(255,101,50,255) layerW=512 layerH=512
[stampHardRound] cx=280 cy=167 r=6 color=(255,101,50,255) layerW=512 layerH=512
[MOUSE_MOVE] drawing=true tool=0 drawing at (623.0,249.0)
[handleDrawing] tool=0 brushType=0 eraserSize=12.0 eraserOp=1.00 layer=0x5f7a2b51bd30
[stampHardRound] cx=280 cy=167 r=6 color=(255,101,50,255) layerW=512 layerH=512
[stampHardRound] cx=279 cy=167 r=6 color=(255,101,50,255) layerW=512 layerH=512
[stampHardRound] cx=279 cy=167 r=6 color=(255,101,50,255) layerW=512 layerH=512
[MOUSE_MOVE] drawing=true tool=0 drawing at (620.0,249.0)
[handleDrawing] tool=0 brushType=0 eraserSize=12.0 eraserOp=1.00 layer=0x5f7a2b51bd30
[stampHardRound] cx=279 cy=167 r=6 color=(255,101,50,255) layerW=512 layerH=512
[stampHardRound] cx=276 cy=167 r=6 color=(255,101,50,255) layerW=512 layerH=512
[stampHardRound] cx=276 cy=167 r=6 color=(255,101,50,255) layerW=512 layerH=512
[CANVAS_UPDATE] recompositing (frameDirty=1 canvasDirty=0)
[MOUSE_MOVE] drawing=true tool=0 drawing at (616.0,251.0)
[handleDrawing] tool=0 brushType=0 eraserSize=12.0 eraserOp=1.00 layer=0x5f7a2b51bd30
[stampHardRound] cx=276 cy=167 r=6 color=(255,101,50,255) layerW=512 layerH=512
[stampHardRound] cx=274 cy=168 r=6 color=(255,101,50,255) layerW=512 layerH=512
[stampHardRound] cx=272 cy=169 r=6 color=(255,101,50,255) layerW=512 layerH=512
[stampHardRound] cx=272 cy=169 r=6 color=(255,101,50,255) layerW=512 layerH=512
[MOUSE_MOVE] drawing=true tool=0 drawing at (615.0,251.0)
[handleDrawing] tool=0 brushType=0 eraserSize=12.0 eraserOp=1.00 layer=0x5f7a2b51bd30
[stampHardRound] cx=272 cy=169 r=6 color=(255,101,50,255) layerW=512 layerH=512
[stampHardRound] cx=271 cy=169 r=6 color=(255,101,50,255) layerW=512 layerH=512
[stampHardRound] cx=271 cy=169 r=6 color=(255,101,50,255) layerW=512 layerH=512
[MOUSE_MOVE] drawing=true tool=0 drawing at (612.0,251.0)
[handleDrawing] tool=0 brushType=0 eraserSize=12.0 eraserOp=1.00 layer=0x5f7a2b51bd30
[stampHardRound] cx=271 cy=169 r=6 color=(255,101,50,255) layerW=512 layerH=512
[stampHardRound] cx=268 cy=169 r=6 color=(255,101,50,255) layerW=512 layerH=512
[stampHardRound] cx=268 cy=169 r=6 color=(255,101,50,255) layerW=512 layerH=512
[MOUSE_MOVE] drawing=true tool=0 drawing at (609.0,251.0)
[handleDrawing] tool=0 brushType=0 eraserSize=12.0 eraserOp=1.00 layer=0x5f7a2b51bd30
[stampHardRound] cx=268 cy=169 r=6 color=(255,101,50,255) layerW=512 layerH=512
[stampHardRound] cx=265 cy=169 r=6 color=(255,101,50,255) layerW=512 layerH=512
[stampHardRound] cx=265 cy=169 r=6 color=(255,101,50,255) layerW=512 layerH=512
[MOUSE_MOVE] drawing=true tool=0 drawing at (608.0,251.0)
[handleDrawing] tool=0 brushType=0 eraserSize=12.0 eraserOp=1.00 layer=0x5f7a2b51bd30
[stampHardRound] cx=265 cy=169 r=6 color=(255,101,50,255) layerW=512 layerH=512
[stampHardRound] cx=264 cy=169 r=6 color=(255,101,50,255) layerW=512 layerH=512
[stampHardRound] cx=264 cy=169 r=6 color=(255,101,50,255) layerW=512 layerH=512
[MOUSE_MOVE] drawing=true tool=0 drawing at (605.0,251.0)
[handleDrawing] tool=0 brushType=0 eraserSize=12.0 eraserOp=1.00 layer=0x5f7a2b51bd30
[stampHardRound] cx=264 cy=169 r=6 color=(255,101,50,255) layerW=512 layerH=512
[stampHardRound] cx=261 cy=169 r=6 color=(255,101,50,255) layerW=512 layerH=512
[stampHardRound] cx=261 cy=169 r=6 color=(255,101,50,255) layerW=512 layerH=512
[MOUSE_MOVE] drawing=true tool=0 drawing at (601.0,251.0)
[handleDrawing] tool=0 brushType=0 eraserSize=12.0 eraserOp=1.00 layer=0x5f7a2b51bd30
[stampHardRound] cx=261 cy=169 r=6 color=(255,101,50,255) layerW=512 layerH=512
[stampHardRound] cx=259 cy=169 r=6 color=(255,101,50,255) layerW=512 layerH=512
[stampHardRound] cx=257 cy=169 r=6 color=(255,101,50,255) layerW=512 layerH=512
[stampHardRound] cx=257 cy=169 r=6 color=(255,101,50,255) layerW=512 layerH=512
[MOUSE_MOVE] drawing=true tool=0 drawing at (598.0,251.0)
[handleDrawing] tool=0 brushType=0 eraserSize=12.0 eraserOp=1.00 layer=0x5f7a2b51bd30
[stampHardRound] cx=257 cy=169 r=6 color=(255,101,50,255) layerW=512 layerH=512
[stampHardRound] cx=254 cy=169 r=6 color=(255,101,50,255) layerW=512 layerH=512
[stampHardRound] cx=254 cy=169 r=6 color=(255,101,50,255) layerW=512 layerH=512
[CANVAS_UPDATE] recompositing (frameDirty=1 canvasDirty=0)
[MOUSE_MOVE] drawing=true tool=0 drawing at (592.0,251.0)
[handleDrawing] tool=0 brushType=0 eraserSize=12.0 eraserOp=1.00 layer=0x5f7a2b51bd30
[stampHardRound] cx=254 cy=169 r=6 color=(255,101,50,255) layerW=512 layerH=512
[stampHardRound] cx=251 cy=169 r=6 color=(255,101,50,255) layerW=512 layerH=512
[stampHardRound] cx=248 cy=169 r=6 color=(255,101,50,255) layerW=512 layerH=512
[stampHardRound] cx=248 cy=169 r=6 color=(255,101,50,255) layerW=512 layerH=512
[MOUSE_MOVE] drawing=true tool=0 drawing at (589.0,251.0)
[handleDrawing] tool=0 brushType=0 eraserSize=12.0 eraserOp=1.00 layer=0x5f7a2b51bd30
[stampHardRound] cx=248 cy=169 r=6 color=(255,101,50,255) layerW=512 layerH=512
[stampHardRound] cx=245 cy=169 r=6 color=(255,101,50,255) layerW=512 layerH=512
[stampHardRound] cx=245 cy=169 r=6 color=(255,101,50,255) layerW=512 layerH=512
[MOUSE_MOVE] drawing=true tool=0 drawing at (585.0,251.0)
[handleDrawing] tool=0 brushType=0 eraserSize=12.0 eraserOp=1.00 layer=0x5f7a2b51bd30
[stampHardRound] cx=245 cy=169 r=6 color=(255,101,50,255) layerW=512 layerH=512
[stampHardRound] cx=243 cy=169 r=6 color=(255,101,50,255) layerW=512 layerH=512
[stampHardRound] cx=241 cy=169 r=6 color=(255,101,50,255) layerW=512 layerH=512
[stampHardRound] cx=241 cy=169 r=6 color=(255,101,50,255) layerW=512 layerH=512
[MOUSE_MOVE] drawing=true tool=0 drawing at (580.0,253.0)
[handleDrawing] tool=0 brushType=0 eraserSize=12.0 eraserOp=1.00 layer=0x5f7a2b51bd30
[stampHardRound] cx=241 cy=169 r=6 color=(255,101,50,255) layerW=512 layerH=512
[stampHardRound] cx=239 cy=170 r=6 color=(255,101,50,255) layerW=512 layerH=512
[stampHardRound] cx=236 cy=171 r=6 color=(255,101,50,255) layerW=512 layerH=512
[stampHardRound] cx=236 cy=171 r=6 color=(255,101,50,255) layerW=512 layerH=512
[MOUSE_MOVE] drawing=true tool=0 drawing at (574.0,253.0)
[handleDrawing] tool=0 brushType=0 eraserSize=12.0 eraserOp=1.00 layer=0x5f7a2b51bd30
[stampHardRound] cx=236 cy=171 r=6 color=(255,101,50,255) layerW=512 layerH=512
[stampHardRound] cx=233 cy=171 r=6 color=(255,101,50,255) layerW=512 layerH=512
[stampHardRound] cx=230 cy=171 r=6 color=(255,101,50,255) layerW=512 layerH=512
[stampHardRound] cx=230 cy=171 r=6 color=(255,101,50,255) layerW=512 layerH=512
[MOUSE_MOVE] drawing=true tool=0 drawing at (570.0,253.0)
[handleDrawing] tool=0 brushType=0 eraserSize=12.0 eraserOp=1.00 layer=0x5f7a2b51bd30
[stampHardRound] cx=230 cy=171 r=6 color=(255,101,50,255) layerW=512 layerH=512
[stampHardRound] cx=228 cy=171 r=6 color=(255,101,50,255) layerW=512 layerH=512
[stampHardRound] cx=226 cy=171 r=6 color=(255,101,50,255) layerW=512 layerH=512
[stampHardRound] cx=226 cy=171 r=6 color=(255,101,50,255) layerW=512 layerH=512
[MOUSE_MOVE] drawing=true tool=0 drawing at (566.0,253.0)
[handleDrawing] tool=0 brushType=0 eraserSize=12.0 eraserOp=1.00 layer=0x5f7a2b51bd30
[stampHardRound] cx=226 cy=171 r=6 color=(255,101,50,255) layerW=512 layerH=512
[stampHardRound] cx=224 cy=171 r=6 color=(255,101,50,255) layerW=512 layerH=512
[stampHardRound] cx=222 cy=171 r=6 color=(255,101,50,255) layerW=512 layerH=512
[stampHardRound] cx=222 cy=171 r=6 color=(255,101,50,255) layerW=512 layerH=512
[MOUSE_MOVE] drawing=true tool=0 drawing at (561.0,253.0)
[handleDrawing] tool=0 brushType=0 eraserSize=12.0 eraserOp=1.00 layer=0x5f7a2b51bd30
[stampHardRound] cx=222 cy=171 r=6 color=(255,101,50,255) layerW=512 layerH=512
[stampHardRound] cx=220 cy=171 r=6 color=(255,101,50,255) layerW=512 layerH=512
[stampHardRound] cx=217 cy=171 r=6 color=(255,101,50,255) layerW=512 layerH=512
[stampHardRound] cx=217 cy=171 r=6 color=(255,101,50,255) layerW=512 layerH=512
[MOUSE_MOVE] drawing=true tool=0 drawing at (555.0,253.0)
[handleDrawing] tool=0 brushType=0 eraserSize=12.0 eraserOp=1.00 layer=0x5f7a2b51bd30
[stampHardRound] cx=217 cy=171 r=6 color=(255,101,50,255) layerW=512 layerH=512
[stampHardRound] cx=214 cy=171 r=6 color=(255,101,50,255) layerW=512 layerH=512
[stampHardRound] cx=211 cy=171 r=6 color=(255,101,50,255) layerW=512 layerH=512
[stampHardRound] cx=211 cy=171 r=6 color=(255,101,50,255) layerW=512 layerH=512
[CANVAS_UPDATE] recompositing (frameDirty=1 canvasDirty=0)
[MOUSE_MOVE] drawing=true tool=0 drawing at (551.0,253.0)
[handleDrawing] tool=0 brushType=0 eraserSize=12.0 eraserOp=1.00 layer=0x5f7a2b51bd30
[stampHardRound] cx=211 cy=171 r=6 color=(255,101,50,255) layerW=512 layerH=512
[stampHardRound] cx=209 cy=171 r=6 color=(255,101,50,255) layerW=512 layerH=512
[stampHardRound] cx=207 cy=171 r=6 color=(255,101,50,255) layerW=512 layerH=512
[stampHardRound] cx=207 cy=171 r=6 color=(255,101,50,255) layerW=512 layerH=512
[MOUSE_MOVE] drawing=true tool=0 drawing at (545.0,253.0)
[handleDrawing] tool=0 brushType=0 eraserSize=12.0 eraserOp=1.00 layer=0x5f7a2b51bd30
[stampHardRound] cx=207 cy=171 r=6 color=(255,101,50,255) layerW=512 layerH=512
[stampHardRound] cx=204 cy=171 r=6 color=(255,101,50,255) layerW=512 layerH=512
[stampHardRound] cx=201 cy=171 r=6 color=(255,101,50,255) layerW=512 layerH=512
[stampHardRound] cx=201 cy=171 r=6 color=(255,101,50,255) layerW=512 layerH=512
[MOUSE_MOVE] drawing=true tool=0 drawing at (539.0,253.0)
[handleDrawing] tool=0 brushType=0 eraserSize=12.0 eraserOp=1.00 layer=0x5f7a2b51bd30
[stampHardRound] cx=201 cy=171 r=6 color=(255,101,50,255) layerW=512 layerH=512
[stampHardRound] cx=198 cy=171 r=6 color=(255,101,50,255) layerW=512 layerH=512
[stampHardRound] cx=195 cy=171 r=6 color=(255,101,50,255) layerW=512 layerH=512
[stampHardRound] cx=195 cy=171 r=6 color=(255,101,50,255) layerW=512 layerH=512
[MOUSE_MOVE] drawing=true tool=0 drawing at (535.0,253.0)
[handleDrawing] tool=0 brushType=0 eraserSize=12.0 eraserOp=1.00 layer=0x5f7a2b51bd30
[stampHardRound] cx=195 cy=171 r=6 color=(255,101,50,255) layerW=512 layerH=512
[stampHardRound] cx=193 cy=171 r=6 color=(255,101,50,255) layerW=512 layerH=512
[stampHardRound] cx=191 cy=171 r=6 color=(255,101,50,255) layerW=512 layerH=512
[stampHardRound] cx=191 cy=171 r=6 color=(255,101,50,255) layerW=512 layerH=512
[MOUSE_MOVE] drawing=true tool=0 drawing at (530.0,253.0)
[handleDrawing] tool=0 brushType=0 eraserSize=12.0 eraserOp=1.00 layer=0x5f7a2b51bd30
[stampHardRound] cx=191 cy=171 r=6 color=(255,101,50,255) layerW=512 layerH=512
[stampHardRound] cx=189 cy=171 r=6 color=(255,101,50,255) layerW=512 layerH=512
[stampHardRound] cx=186 cy=171 r=6 color=(255,101,50,255) layerW=512 layerH=512
[stampHardRound] cx=186 cy=171 r=6 color=(255,101,50,255) layerW=512 layerH=512
[MOUSE_MOVE] drawing=true tool=0 drawing at (528.0,253.0)
[handleDrawing] tool=0 brushType=0 eraserSize=12.0 eraserOp=1.00 layer=0x5f7a2b51bd30
[stampHardRound] cx=186 cy=171 r=6 color=(255,101,50,255) layerW=512 layerH=512
[stampHardRound] cx=184 cy=171 r=6 color=(255,101,50,255) layerW=512 layerH=512
[stampHardRound] cx=184 cy=171 r=6 color=(255,101,50,255) layerW=512 layerH=512
[MOUSE_MOVE] drawing=true tool=0 drawing at (525.0,253.0)
[handleDrawing] tool=0 brushType=0 eraserSize=12.0 eraserOp=1.00 layer=0x5f7a2b51bd30
[stampHardRound] cx=184 cy=171 r=6 color=(255,101,50,255) layerW=512 layerH=512
[stampHardRound] cx=181 cy=171 r=6 color=(255,101,50,255) layerW=512 layerH=512
[stampHardRound] cx=181 cy=171 r=6 color=(255,101,50,255) layerW=512 layerH=512
[MOUSE_MOVE] drawing=true tool=0 drawing at (524.0,253.0)
[handleDrawing] tool=0 brushType=0 eraserSize=12.0 eraserOp=1.00 layer=0x5f7a2b51bd30
[stampHardRound] cx=181 cy=171 r=6 color=(255,101,50,255) layerW=512 layerH=512
[stampHardRound] cx=180 cy=171 r=6 color=(255,101,50,255) layerW=512 layerH=512
[stampHardRound] cx=180 cy=171 r=6 color=(255,101,50,255) layerW=512 layerH=512
[CANVAS_UPDATE] recompositing (frameDirty=1 canvasDirty=0)
[MOUSE_MOVE] drawing=true tool=0 drawing at (519.0,253.0)
[handleDrawing] tool=0 brushType=0 eraserSize=12.0 eraserOp=1.00 layer=0x5f7a2b51bd30
[stampHardRound] cx=180 cy=171 r=6 color=(255,101,50,255) layerW=512 layerH=512
[stampHardRound] cx=178 cy=171 r=6 color=(255,101,50,255) layerW=512 layerH=512
[stampHardRound] cx=175 cy=171 r=6 color=(255,101,50,255) layerW=512 layerH=512
[stampHardRound] cx=175 cy=171 r=6 color=(255,101,50,255) layerW=512 layerH=512
[MOUSE_MOVE] drawing=true tool=0 drawing at (517.0,255.0)
[handleDrawing] tool=0 brushType=0 eraserSize=12.0 eraserOp=1.00 layer=0x5f7a2b51bd30
[stampHardRound] cx=175 cy=171 r=6 color=(255,101,50,255) layerW=512 layerH=512
[stampHardRound] cx=173 cy=173 r=6 color=(255,101,50,255) layerW=512 layerH=512
[stampHardRound] cx=173 cy=173 r=6 color=(255,101,50,255) layerW=512 layerH=512
[MOUSE_MOVE] drawing=true tool=0 drawing at (516.0,255.0)
[handleDrawing] tool=0 brushType=0 eraserSize=12.0 eraserOp=1.00 layer=0x5f7a2b51bd30
[stampHardRound] cx=173 cy=173 r=6 color=(255,101,50,255) layerW=512 layerH=512
[stampHardRound] cx=172 cy=173 r=6 color=(255,101,50,255) layerW=512 layerH=512
[stampHardRound] cx=172 cy=173 r=6 color=(255,101,50,255) layerW=512 layerH=512
[MOUSE_MOVE] drawing=true tool=0 drawing at (513.0,255.0)
[handleDrawing] tool=0 brushType=0 eraserSize=12.0 eraserOp=1.00 layer=0x5f7a2b51bd30
[stampHardRound] cx=172 cy=173 r=6 color=(255,101,50,255) layerW=512 layerH=512
[stampHardRound] cx=169 cy=173 r=6 color=(255,101,50,255) layerW=512 layerH=512
[stampHardRound] cx=169 cy=173 r=6 color=(255,101,50,255) layerW=512 layerH=512
[MOUSE_MOVE] drawing=true tool=0 drawing at (512.0,256.0)
[handleDrawing] tool=0 brushType=0 eraserSize=12.0 eraserOp=1.00 layer=0x5f7a2b51bd30
[stampHardRound] cx=169 cy=173 r=6 color=(255,101,50,255) layerW=512 layerH=512
[stampHardRound] cx=168 cy=174 r=6 color=(255,101,50,255) layerW=512 layerH=512
[stampHardRound] cx=168 cy=174 r=6 color=(255,101,50,255) layerW=512 layerH=512
[MOUSE_MOVE] drawing=true tool=0 drawing at (511.0,256.0)
[handleDrawing] tool=0 brushType=0 eraserSize=12.0 eraserOp=1.00 layer=0x5f7a2b51bd30
[stampHardRound] cx=168 cy=174 r=6 color=(255,101,50,255) layerW=512 layerH=512
[stampHardRound] cx=167 cy=174 r=6 color=(255,101,50,255) layerW=512 layerH=512
[stampHardRound] cx=167 cy=174 r=6 color=(255,101,50,255) layerW=512 layerH=512
[MOUSE_MOVE] drawing=true tool=0 drawing at (508.0,256.0)
[handleDrawing] tool=0 brushType=0 eraserSize=12.0 eraserOp=1.00 layer=0x5f7a2b51bd30
[stampHardRound] cx=167 cy=174 r=6 color=(255,101,50,255) layerW=512 layerH=512
[stampHardRound] cx=164 cy=174 r=6 color=(255,101,50,255) layerW=512 layerH=512
[stampHardRound] cx=164 cy=174 r=6 color=(255,101,50,255) layerW=512 layerH=512
[MOUSE_MOVE] drawing=true tool=0 drawing at (506.0,258.0)
[handleDrawing] tool=0 brushType=0 eraserSize=12.0 eraserOp=1.00 layer=0x5f7a2b51bd30
[stampHardRound] cx=164 cy=174 r=6 color=(255,101,50,255) layerW=512 layerH=512
[stampHardRound] cx=162 cy=176 r=6 color=(255,101,50,255) layerW=512 layerH=512
[stampHardRound] cx=162 cy=176 r=6 color=(255,101,50,255) layerW=512 layerH=512
[CANVAS_UPDATE] recompositing (frameDirty=1 canvasDirty=0)
[MOUSE_MOVE] drawing=true tool=0 drawing at (505.0,258.0)
[handleDrawing] tool=0 brushType=0 eraserSize=12.0 eraserOp=1.00 layer=0x5f7a2b51bd30
[stampHardRound] cx=162 cy=176 r=6 color=(255,101,50,255) layerW=512 layerH=512
[stampHardRound] cx=161 cy=176 r=6 color=(255,101,50,255) layerW=512 layerH=512
[stampHardRound] cx=161 cy=176 r=6 color=(255,101,50,255) layerW=512 layerH=512
[MOUSE_MOVE] drawing=true tool=0 drawing at (504.0,259.0)
[handleDrawing] tool=0 brushType=0 eraserSize=12.0 eraserOp=1.00 layer=0x5f7a2b51bd30
[stampHardRound] cx=161 cy=176 r=6 color=(255,101,50,255) layerW=512 layerH=512
[stampHardRound] cx=160 cy=177 r=6 color=(255,101,50,255) layerW=512 layerH=512
[stampHardRound] cx=160 cy=177 r=6 color=(255,101,50,255) layerW=512 layerH=512
[MOUSE_MOVE] drawing=true tool=0 drawing at (503.0,259.0)
[handleDrawing] tool=0 brushType=0 eraserSize=12.0 eraserOp=1.00 layer=0x5f7a2b51bd30
[stampHardRound] cx=160 cy=177 r=6 color=(255,101,50,255) layerW=512 layerH=512
[stampHardRound] cx=159 cy=177 r=6 color=(255,101,50,255) layerW=512 layerH=512
[stampHardRound] cx=159 cy=177 r=6 color=(255,101,50,255) layerW=512 layerH=512
[MOUSE_MOVE] drawing=true tool=0 drawing at (502.0,260.0)
[handleDrawing] tool=0 brushType=0 eraserSize=12.0 eraserOp=1.00 layer=0x5f7a2b51bd30
[stampHardRound] cx=159 cy=177 r=6 color=(255,101,50,255) layerW=512 layerH=512
[stampHardRound] cx=158 cy=178 r=6 color=(255,101,50,255) layerW=512 layerH=512
[stampHardRound] cx=158 cy=178 r=6 color=(255,101,50,255) layerW=512 layerH=512
[MOUSE_MOVE] drawing=true tool=0 drawing at (501.0,260.0)
[handleDrawing] tool=0 brushType=0 eraserSize=12.0 eraserOp=1.00 layer=0x5f7a2b51bd30
[stampHardRound] cx=158 cy=178 r=6 color=(255,101,50,255) layerW=512 layerH=512
[stampHardRound] cx=157 cy=178 r=6 color=(255,101,50,255) layerW=512 layerH=512
[stampHardRound] cx=157 cy=178 r=6 color=(255,101,50,255) layerW=512 layerH=512
[MOUSE_MOVE] drawing=true tool=0 drawing at (500.0,261.0)
[handleDrawing] tool=0 brushType=0 eraserSize=12.0 eraserOp=1.00 layer=0x5f7a2b51bd30
[stampHardRound] cx=157 cy=178 r=6 color=(255,101,50,255) layerW=512 layerH=512
[stampHardRound] cx=156 cy=179 r=6 color=(255,101,50,255) layerW=512 layerH=512
[stampHardRound] cx=156 cy=179 r=6 color=(255,101,50,255) layerW=512 layerH=512
[CANVAS_UPDATE] recompositing (frameDirty=1 canvasDirty=0)
[MOUSE_MOVE] drawing=true tool=0 drawing at (498.0,262.0)
[handleDrawing] tool=0 brushType=0 eraserSize=12.0 eraserOp=1.00 layer=0x5f7a2b51bd30
[stampHardRound] cx=156 cy=179 r=6 color=(255,101,50,255) layerW=512 layerH=512
[stampHardRound] cx=154 cy=180 r=6 color=(255,101,50,255) layerW=512 layerH=512
[stampHardRound] cx=154 cy=180 r=6 color=(255,101,50,255) layerW=512 layerH=512
[MOUSE_MOVE] drawing=true tool=0 drawing at (498.0,263.0)
[handleDrawing] tool=0 brushType=0 eraserSize=12.0 eraserOp=1.00 layer=0x5f7a2b51bd30
[stampHardRound] cx=154 cy=180 r=6 color=(255,101,50,255) layerW=512 layerH=512
[stampHardRound] cx=154 cy=181 r=6 color=(255,101,50,255) layerW=512 layerH=512
[stampHardRound] cx=154 cy=181 r=6 color=(255,101,50,255) layerW=512 layerH=512
[MOUSE_MOVE] drawing=true tool=0 drawing at (498.0,264.0)
[handleDrawing] tool=0 brushType=0 eraserSize=12.0 eraserOp=1.00 layer=0x5f7a2b51bd30
[stampHardRound] cx=154 cy=181 r=6 color=(255,101,50,255) layerW=512 layerH=512
[stampHardRound] cx=154 cy=182 r=6 color=(255,101,50,255) layerW=512 layerH=512
[stampHardRound] cx=154 cy=182 r=6 color=(255,101,50,255) layerW=512 layerH=512
[CANVAS_UPDATE] recompositing (frameDirty=1 canvasDirty=0)
[MOUSE_MOVE] drawing=true tool=0 drawing at (498.0,265.0)
[handleDrawing] tool=0 brushType=0 eraserSize=12.0 eraserOp=1.00 layer=0x5f7a2b51bd30
[stampHardRound] cx=154 cy=182 r=6 color=(255,101,50,255) layerW=512 layerH=512
[stampHardRound] cx=154 cy=183 r=6 color=(255,101,50,255) layerW=512 layerH=512
[stampHardRound] cx=154 cy=183 r=6 color=(255,101,50,255) layerW=512 layerH=512
[MOUSE_MOVE] drawing=true tool=0 drawing at (498.0,266.0)
[handleDrawing] tool=0 brushType=0 eraserSize=12.0 eraserOp=1.00 layer=0x5f7a2b51bd30
[stampHardRound] cx=154 cy=183 r=6 color=(255,101,50,255) layerW=512 layerH=512
[stampHardRound] cx=154 cy=184 r=6 color=(255,101,50,255) layerW=512 layerH=512
[stampHardRound] cx=154 cy=184 r=6 color=(255,101,50,255) layerW=512 layerH=512
[CANVAS_UPDATE] recompositing (frameDirty=1 canvasDirty=0)
[MOUSE_MOVE] drawing=true tool=0 drawing at (498.0,267.0)
[handleDrawing] tool=0 brushType=0 eraserSize=12.0 eraserOp=1.00 layer=0x5f7a2b51bd30
[stampHardRound] cx=154 cy=184 r=6 color=(255,101,50,255) layerW=512 layerH=512
[stampHardRound] cx=154 cy=185 r=6 color=(255,101,50,255) layerW=512 layerH=512
[stampHardRound] cx=154 cy=185 r=6 color=(255,101,50,255) layerW=512 layerH=512
[CANVAS_UPDATE] recompositing (frameDirty=1 canvasDirty=0)
[MOUSE_MOVE] drawing=true tool=0 drawing at (498.0,268.0)
[handleDrawing] tool=0 brushType=0 eraserSize=12.0 eraserOp=1.00 layer=0x5f7a2b51bd30
[stampHardRound] cx=154 cy=185 r=6 color=(255,101,50,255) layerW=512 layerH=512
[stampHardRound] cx=154 cy=186 r=6 color=(255,101,50,255) layerW=512 layerH=512
[stampHardRound] cx=154 cy=186 r=6 color=(255,101,50,255) layerW=512 layerH=512
[MOUSE_MOVE] drawing=true tool=0 drawing at (498.0,269.0)
[handleDrawing] tool=0 brushType=0 eraserSize=12.0 eraserOp=1.00 layer=0x5f7a2b51bd30
[stampHardRound] cx=154 cy=186 r=6 color=(255,101,50,255) layerW=512 layerH=512
[stampHardRound] cx=154 cy=187 r=6 color=(255,101,50,255) layerW=512 layerH=512
[stampHardRound] cx=154 cy=187 r=6 color=(255,101,50,255) layerW=512 layerH=512
[CANVAS_UPDATE] recompositing (frameDirty=1 canvasDirty=0)
[MOUSE_MOVE] drawing=true tool=0 drawing at (498.0,271.0)
[handleDrawing] tool=0 brushType=0 eraserSize=12.0 eraserOp=1.00 layer=0x5f7a2b51bd30
[stampHardRound] cx=154 cy=187 r=6 color=(255,101,50,255) layerW=512 layerH=512
[stampHardRound] cx=154 cy=189 r=6 color=(255,101,50,255) layerW=512 layerH=512
[stampHardRound] cx=154 cy=189 r=6 color=(255,101,50,255) layerW=512 layerH=512
[MOUSE_MOVE] drawing=true tool=0 drawing at (498.0,273.0)
[handleDrawing] tool=0 brushType=0 eraserSize=12.0 eraserOp=1.00 layer=0x5f7a2b51bd30
[stampHardRound] cx=154 cy=189 r=6 color=(255,101,50,255) layerW=512 layerH=512
[stampHardRound] cx=154 cy=191 r=6 color=(255,101,50,255) layerW=512 layerH=512
[stampHardRound] cx=154 cy=191 r=6 color=(255,101,50,255) layerW=512 layerH=512
[MOUSE_MOVE] drawing=true tool=0 drawing at (498.0,274.0)
[handleDrawing] tool=0 brushType=0 eraserSize=12.0 eraserOp=1.00 layer=0x5f7a2b51bd30
[stampHardRound] cx=154 cy=191 r=6 color=(255,101,50,255) layerW=512 layerH=512
[stampHardRound] cx=154 cy=192 r=6 color=(255,101,50,255) layerW=512 layerH=512
[stampHardRound] cx=154 cy=192 r=6 color=(255,101,50,255) layerW=512 layerH=512
[MOUSE_MOVE] drawing=true tool=0 drawing at (498.0,275.0)
[handleDrawing] tool=0 brushType=0 eraserSize=12.0 eraserOp=1.00 layer=0x5f7a2b51bd30
[stampHardRound] cx=154 cy=192 r=6 color=(255,101,50,255) layerW=512 layerH=512
[stampHardRound] cx=154 cy=193 r=6 color=(255,101,50,255) layerW=512 layerH=512
[stampHardRound] cx=154 cy=193 r=6 color=(255,101,50,255) layerW=512 layerH=512
[MOUSE_MOVE] drawing=true tool=0 drawing at (498.0,278.0)
[handleDrawing] tool=0 brushType=0 eraserSize=12.0 eraserOp=1.00 layer=0x5f7a2b51bd30
[stampHardRound] cx=154 cy=193 r=6 color=(255,101,50,255) layerW=512 layerH=512
[stampHardRound] cx=154 cy=196 r=6 color=(255,101,50,255) layerW=512 layerH=512
[stampHardRound] cx=154 cy=196 r=6 color=(255,101,50,255) layerW=512 layerH=512
[MOUSE_MOVE] drawing=true tool=0 drawing at (498.0,281.0)
[handleDrawing] tool=0 brushType=0 eraserSize=12.0 eraserOp=1.00 layer=0x5f7a2b51bd30
[stampHardRound] cx=154 cy=196 r=6 color=(255,101,50,255) layerW=512 layerH=512
[stampHardRound] cx=154 cy=199 r=6 color=(255,101,50,255) layerW=512 layerH=512
[stampHardRound] cx=154 cy=199 r=6 color=(255,101,50,255) layerW=512 layerH=512
[CANVAS_UPDATE] recompositing (frameDirty=1 canvasDirty=0)
[MOUSE_MOVE] drawing=true tool=0 drawing at (498.0,283.0)
[handleDrawing] tool=0 brushType=0 eraserSize=12.0 eraserOp=1.00 layer=0x5f7a2b51bd30
[stampHardRound] cx=154 cy=199 r=6 color=(255,101,50,255) layerW=512 layerH=512
[stampHardRound] cx=154 cy=201 r=6 color=(255,101,50,255) layerW=512 layerH=512
[stampHardRound] cx=154 cy=201 r=6 color=(255,101,50,255) layerW=512 layerH=512
[MOUSE_MOVE] drawing=true tool=0 drawing at (498.0,288.0)
[handleDrawing] tool=0 brushType=0 eraserSize=12.0 eraserOp=1.00 layer=0x5f7a2b51bd30
[stampHardRound] cx=154 cy=201 r=6 color=(255,101,50,255) layerW=512 layerH=512
[stampHardRound] cx=154 cy=204 r=6 color=(255,101,50,255) layerW=512 layerH=512
[stampHardRound] cx=154 cy=206 r=6 color=(255,101,50,255) layerW=512 layerH=512
[stampHardRound] cx=154 cy=206 r=6 color=(255,101,50,255) layerW=512 layerH=512
[MOUSE_MOVE] drawing=true tool=0 drawing at (498.0,292.0)
[handleDrawing] tool=0 brushType=0 eraserSize=12.0 eraserOp=1.00 layer=0x5f7a2b51bd30
[stampHardRound] cx=154 cy=206 r=6 color=(255,101,50,255) layerW=512 layerH=512
[stampHardRound] cx=154 cy=208 r=6 color=(255,101,50,255) layerW=512 layerH=512
[stampHardRound] cx=154 cy=210 r=6 color=(255,101,50,255) layerW=512 layerH=512
[stampHardRound] cx=154 cy=210 r=6 color=(255,101,50,255) layerW=512 layerH=512
[MOUSE_MOVE] drawing=true tool=0 drawing at (498.0,293.0)
[handleDrawing] tool=0 brushType=0 eraserSize=12.0 eraserOp=1.00 layer=0x5f7a2b51bd30
[stampHardRound] cx=154 cy=210 r=6 color=(255,101,50,255) layerW=512 layerH=512
[stampHardRound] cx=154 cy=211 r=6 color=(255,101,50,255) layerW=512 layerH=512
[stampHardRound] cx=154 cy=211 r=6 color=(255,101,50,255) layerW=512 layerH=512
[MOUSE_MOVE] drawing=true tool=0 drawing at (498.0,296.0)
[handleDrawing] tool=0 brushType=0 eraserSize=12.0 eraserOp=1.00 layer=0x5f7a2b51bd30
[stampHardRound] cx=154 cy=211 r=6 color=(255,101,50,255) layerW=512 layerH=512
[stampHardRound] cx=154 cy=214 r=6 color=(255,101,50,255) layerW=512 layerH=512
[stampHardRound] cx=154 cy=214 r=6 color=(255,101,50,255) layerW=512 layerH=512
[MOUSE_MOVE] drawing=true tool=0 drawing at (498.0,299.0)
[handleDrawing] tool=0 brushType=0 eraserSize=12.0 eraserOp=1.00 layer=0x5f7a2b51bd30
[stampHardRound] cx=154 cy=214 r=6 color=(255,101,50,255) layerW=512 layerH=512
[stampHardRound] cx=154 cy=217 r=6 color=(255,101,50,255) layerW=512 layerH=512
[stampHardRound] cx=154 cy=217 r=6 color=(255,101,50,255) layerW=512 layerH=512
[MOUSE_MOVE] drawing=true tool=0 drawing at (498.0,302.0)
[handleDrawing] tool=0 brushType=0 eraserSize=12.0 eraserOp=1.00 layer=0x5f7a2b51bd30
[stampHardRound] cx=154 cy=217 r=6 color=(255,101,50,255) layerW=512 layerH=512
[stampHardRound] cx=154 cy=220 r=6 color=(255,101,50,255) layerW=512 layerH=512
[stampHardRound] cx=154 cy=220 r=6 color=(255,101,50,255) layerW=512 layerH=512
[MOUSE_MOVE] drawing=true tool=0 drawing at (498.0,308.0)
[handleDrawing] tool=0 brushType=0 eraserSize=12.0 eraserOp=1.00 layer=0x5f7a2b51bd30
[stampHardRound] cx=154 cy=220 r=6 color=(255,101,50,255) layerW=512 layerH=512
[stampHardRound] cx=154 cy=223 r=6 color=(255,101,50,255) layerW=512 layerH=512
[stampHardRound] cx=154 cy=226 r=6 color=(255,101,50,255) layerW=512 layerH=512
[stampHardRound] cx=154 cy=226 r=6 color=(255,101,50,255) layerW=512 layerH=512
[MOUSE_MOVE] drawing=true tool=0 drawing at (498.0,312.0)
[handleDrawing] tool=0 brushType=0 eraserSize=12.0 eraserOp=1.00 layer=0x5f7a2b51bd30
[stampHardRound] cx=154 cy=226 r=6 color=(255,101,50,255) layerW=512 layerH=512
[stampHardRound] cx=154 cy=228 r=6 color=(255,101,50,255) layerW=512 layerH=512
[stampHardRound] cx=154 cy=230 r=6 color=(255,101,50,255) layerW=512 layerH=512
[stampHardRound] cx=154 cy=230 r=6 color=(255,101,50,255) layerW=512 layerH=512
[CANVAS_UPDATE] recompositing (frameDirty=1 canvasDirty=0)
[MOUSE_MOVE] drawing=true tool=0 drawing at (498.0,315.0)
[handleDrawing] tool=0 brushType=0 eraserSize=12.0 eraserOp=1.00 layer=0x5f7a2b51bd30
[stampHardRound] cx=154 cy=230 r=6 color=(255,101,50,255) layerW=512 layerH=512
[stampHardRound] cx=154 cy=233 r=6 color=(255,101,50,255) layerW=512 layerH=512
[stampHardRound] cx=154 cy=233 r=6 color=(255,101,50,255) layerW=512 layerH=512
[MOUSE_MOVE] drawing=true tool=0 drawing at (498.0,321.0)
[handleDrawing] tool=0 brushType=0 eraserSize=12.0 eraserOp=1.00 layer=0x5f7a2b51bd30
[stampHardRound] cx=154 cy=233 r=6 color=(255,101,50,255) layerW=512 layerH=512
[stampHardRound] cx=154 cy=236 r=6 color=(255,101,50,255) layerW=512 layerH=512
[stampHardRound] cx=154 cy=239 r=6 color=(255,101,50,255) layerW=512 layerH=512
[stampHardRound] cx=154 cy=239 r=6 color=(255,101,50,255) layerW=512 layerH=512
[MOUSE_MOVE] drawing=true tool=0 drawing at (498.0,327.0)
[handleDrawing] tool=0 brushType=0 eraserSize=12.0 eraserOp=1.00 layer=0x5f7a2b51bd30
[stampHardRound] cx=154 cy=239 r=6 color=(255,101,50,255) layerW=512 layerH=512
[stampHardRound] cx=154 cy=242 r=6 color=(255,101,50,255) layerW=512 layerH=512
[stampHardRound] cx=154 cy=245 r=6 color=(255,101,50,255) layerW=512 layerH=512
[stampHardRound] cx=154 cy=245 r=6 color=(255,101,50,255) layerW=512 layerH=512
[MOUSE_MOVE] drawing=true tool=0 drawing at (498.0,331.0)
[handleDrawing] tool=0 brushType=0 eraserSize=12.0 eraserOp=1.00 layer=0x5f7a2b51bd30
[stampHardRound] cx=154 cy=245 r=6 color=(255,101,50,255) layerW=512 layerH=512
[stampHardRound] cx=154 cy=247 r=6 color=(255,101,50,255) layerW=512 layerH=512
[stampHardRound] cx=154 cy=249 r=6 color=(255,101,50,255) layerW=512 layerH=512
[stampHardRound] cx=154 cy=249 r=6 color=(255,101,50,255) layerW=512 layerH=512
[MOUSE_MOVE] drawing=true tool=0 drawing at (498.0,336.0)
[handleDrawing] tool=0 brushType=0 eraserSize=12.0 eraserOp=1.00 layer=0x5f7a2b51bd30
[stampHardRound] cx=154 cy=249 r=6 color=(255,101,50,255) layerW=512 layerH=512
[stampHardRound] cx=154 cy=252 r=6 color=(255,101,50,255) layerW=512 layerH=512
[stampHardRound] cx=154 cy=254 r=6 color=(255,101,50,255) layerW=512 layerH=512
[stampHardRound] cx=154 cy=254 r=6 color=(255,101,50,255) layerW=512 layerH=512
[MOUSE_MOVE] drawing=true tool=0 drawing at (498.0,342.0)
[handleDrawing] tool=0 brushType=0 eraserSize=12.0 eraserOp=1.00 layer=0x5f7a2b51bd30
[stampHardRound] cx=154 cy=254 r=6 color=(255,101,50,255) layerW=512 layerH=512
[stampHardRound] cx=154 cy=257 r=6 color=(255,101,50,255) layerW=512 layerH=512
[stampHardRound] cx=154 cy=260 r=6 color=(255,101,50,255) layerW=512 layerH=512
[stampHardRound] cx=154 cy=260 r=6 color=(255,101,50,255) layerW=512 layerH=512
[MOUSE_MOVE] drawing=true tool=0 drawing at (500.0,346.0)
[handleDrawing] tool=0 brushType=0 eraserSize=12.0 eraserOp=1.00 layer=0x5f7a2b51bd30
[stampHardRound] cx=154 cy=260 r=6 color=(255,101,50,255) layerW=512 layerH=512
[stampHardRound] cx=155 cy=262 r=6 color=(255,101,50,255) layerW=512 layerH=512
[stampHardRound] cx=156 cy=264 r=6 color=(255,101,50,255) layerW=512 layerH=512
[stampHardRound] cx=156 cy=264 r=6 color=(255,101,50,255) layerW=512 layerH=512
[MOUSE_MOVE] drawing=true tool=0 drawing at (500.0,352.0)
[handleDrawing] tool=0 brushType=0 eraserSize=12.0 eraserOp=1.00 layer=0x5f7a2b51bd30
[stampHardRound] cx=156 cy=264 r=6 color=(255,101,50,255) layerW=512 layerH=512
[stampHardRound] cx=156 cy=267 r=6 color=(255,101,50,255) layerW=512 layerH=512
[stampHardRound] cx=156 cy=270 r=6 color=(255,101,50,255) layerW=512 layerH=512
[stampHardRound] cx=156 cy=270 r=6 color=(255,101,50,255) layerW=512 layerH=512
[CANVAS_UPDATE] recompositing (frameDirty=1 canvasDirty=0)
[MOUSE_MOVE] drawing=true tool=0 drawing at (500.0,356.0)
[handleDrawing] tool=0 brushType=0 eraserSize=12.0 eraserOp=1.00 layer=0x5f7a2b51bd30
[stampHardRound] cx=156 cy=270 r=6 color=(255,101,50,255) layerW=512 layerH=512
[stampHardRound] cx=156 cy=272 r=6 color=(255,101,50,255) layerW=512 layerH=512
[stampHardRound] cx=156 cy=274 r=6 color=(255,101,50,255) layerW=512 layerH=512
[stampHardRound] cx=156 cy=274 r=6 color=(255,101,50,255) layerW=512 layerH=512
[MOUSE_MOVE] drawing=true tool=0 drawing at (502.0,359.0)
[handleDrawing] tool=0 brushType=0 eraserSize=12.0 eraserOp=1.00 layer=0x5f7a2b51bd30
[stampHardRound] cx=156 cy=274 r=6 color=(255,101,50,255) layerW=512 layerH=512
[stampHardRound] cx=157 cy=276 r=6 color=(255,101,50,255) layerW=512 layerH=512
[stampHardRound] cx=158 cy=277 r=6 color=(255,101,50,255) layerW=512 layerH=512
[stampHardRound] cx=158 cy=277 r=6 color=(255,101,50,255) layerW=512 layerH=512
[MOUSE_MOVE] drawing=true tool=0 drawing at (502.0,365.0)
[handleDrawing] tool=0 brushType=0 eraserSize=12.0 eraserOp=1.00 layer=0x5f7a2b51bd30
[stampHardRound] cx=158 cy=277 r=6 color=(255,101,50,255) layerW=512 layerH=512
[stampHardRound] cx=158 cy=280 r=6 color=(255,101,50,255) layerW=512 layerH=512
[stampHardRound] cx=158 cy=283 r=6 color=(255,101,50,255) layerW=512 layerH=512
[stampHardRound] cx=158 cy=283 r=6 color=(255,101,50,255) layerW=512 layerH=512
[MOUSE_MOVE] drawing=true tool=0 drawing at (504.0,367.0)
[handleDrawing] tool=0 brushType=0 eraserSize=12.0 eraserOp=1.00 layer=0x5f7a2b51bd30
[stampHardRound] cx=158 cy=283 r=6 color=(255,101,50,255) layerW=512 layerH=512
[stampHardRound] cx=160 cy=285 r=6 color=(255,101,50,255) layerW=512 layerH=512
[stampHardRound] cx=160 cy=285 r=6 color=(255,101,50,255) layerW=512 layerH=512
[MOUSE_MOVE] drawing=true tool=0 drawing at (504.0,370.0)
[handleDrawing] tool=0 brushType=0 eraserSize=12.0 eraserOp=1.00 layer=0x5f7a2b51bd30
[stampHardRound] cx=160 cy=285 r=6 color=(255,101,50,255) layerW=512 layerH=512
[stampHardRound] cx=160 cy=288 r=6 color=(255,101,50,255) layerW=512 layerH=512
[stampHardRound] cx=160 cy=288 r=6 color=(255,101,50,255) layerW=512 layerH=512
[MOUSE_MOVE] drawing=true tool=0 drawing at (504.0,373.0)
[handleDrawing] tool=0 brushType=0 eraserSize=12.0 eraserOp=1.00 layer=0x5f7a2b51bd30
[stampHardRound] cx=160 cy=288 r=6 color=(255,101,50,255) layerW=512 layerH=512
[stampHardRound] cx=160 cy=291 r=6 color=(255,101,50,255) layerW=512 layerH=512
[stampHardRound] cx=160 cy=291 r=6 color=(255,101,50,255) layerW=512 layerH=512
[MOUSE_MOVE] drawing=true tool=0 drawing at (504.0,375.0)
[handleDrawing] tool=0 brushType=0 eraserSize=12.0 eraserOp=1.00 layer=0x5f7a2b51bd30
[stampHardRound] cx=160 cy=291 r=6 color=(255,101,50,255) layerW=512 layerH=512
[stampHardRound] cx=160 cy=293 r=6 color=(255,101,50,255) layerW=512 layerH=512
[stampHardRound] cx=160 cy=293 r=6 color=(255,101,50,255) layerW=512 layerH=512
[MOUSE_MOVE] drawing=true tool=0 drawing at (504.0,378.0)
[handleDrawing] tool=0 brushType=0 eraserSize=12.0 eraserOp=1.00 layer=0x5f7a2b51bd30
[stampHardRound] cx=160 cy=293 r=6 color=(255,101,50,255) layerW=512 layerH=512
[stampHardRound] cx=160 cy=296 r=6 color=(255,101,50,255) layerW=512 layerH=512
[stampHardRound] cx=160 cy=296 r=6 color=(255,101,50,255) layerW=512 layerH=512
[CANVAS_UPDATE] recompositing (frameDirty=1 canvasDirty=0)
[MOUSE_MOVE] drawing=true tool=0 drawing at (506.0,381.0)
[handleDrawing] tool=0 brushType=0 eraserSize=12.0 eraserOp=1.00 layer=0x5f7a2b51bd30
[stampHardRound] cx=160 cy=296 r=6 color=(255,101,50,255) layerW=512 layerH=512
[stampHardRound] cx=161 cy=298 r=6 color=(255,101,50,255) layerW=512 layerH=512
[stampHardRound] cx=162 cy=299 r=6 color=(255,101,50,255) layerW=512 layerH=512
[stampHardRound] cx=162 cy=299 r=6 color=(255,101,50,255) layerW=512 layerH=512
[MOUSE_MOVE] drawing=true tool=0 drawing at (507.0,385.0)
[handleDrawing] tool=0 brushType=0 eraserSize=12.0 eraserOp=1.00 layer=0x5f7a2b51bd30
[stampHardRound] cx=162 cy=299 r=6 color=(255,101,50,255) layerW=512 layerH=512
[stampHardRound] cx=163 cy=301 r=6 color=(255,101,50,255) layerW=512 layerH=512
[stampHardRound] cx=163 cy=303 r=6 color=(255,101,50,255) layerW=512 layerH=512
[stampHardRound] cx=163 cy=303 r=6 color=(255,101,50,255) layerW=512 layerH=512
[MOUSE_MOVE] drawing=true tool=0 drawing at (507.0,386.0)
[handleDrawing] tool=0 brushType=0 eraserSize=12.0 eraserOp=1.00 layer=0x5f7a2b51bd30
[stampHardRound] cx=163 cy=303 r=6 color=(255,101,50,255) layerW=512 layerH=512
[stampHardRound] cx=163 cy=304 r=6 color=(255,101,50,255) layerW=512 layerH=512
[stampHardRound] cx=163 cy=304 r=6 color=(255,101,50,255) layerW=512 layerH=512
[MOUSE_MOVE] drawing=true tool=0 drawing at (509.0,389.0)
[handleDrawing] tool=0 brushType=0 eraserSize=12.0 eraserOp=1.00 layer=0x5f7a2b51bd30
[stampHardRound] cx=163 cy=304 r=6 color=(255,101,50,255) layerW=512 layerH=512
[stampHardRound] cx=164 cy=306 r=6 color=(255,101,50,255) layerW=512 layerH=512
[stampHardRound] cx=165 cy=307 r=6 color=(255,101,50,255) layerW=512 layerH=512
[stampHardRound] cx=165 cy=307 r=6 color=(255,101,50,255) layerW=512 layerH=512
[MOUSE_MOVE] drawing=true tool=0 drawing at (511.0,392.0)
[handleDrawing] tool=0 brushType=0 eraserSize=12.0 eraserOp=1.00 layer=0x5f7a2b51bd30
[stampHardRound] cx=165 cy=307 r=6 color=(255,101,50,255) layerW=512 layerH=512
[stampHardRound] cx=166 cy=309 r=6 color=(255,101,50,255) layerW=512 layerH=512
[stampHardRound] cx=167 cy=310 r=6 color=(255,101,50,255) layerW=512 layerH=512
[stampHardRound] cx=167 cy=310 r=6 color=(255,101,50,255) layerW=512 layerH=512
[MOUSE_MOVE] drawing=true tool=0 drawing at (511.0,394.0)
[handleDrawing] tool=0 brushType=0 eraserSize=12.0 eraserOp=1.00 layer=0x5f7a2b51bd30
[stampHardRound] cx=167 cy=310 r=6 color=(255,101,50,255) layerW=512 layerH=512
[stampHardRound] cx=167 cy=312 r=6 color=(255,101,50,255) layerW=512 layerH=512
[stampHardRound] cx=167 cy=312 r=6 color=(255,101,50,255) layerW=512 layerH=512
[MOUSE_MOVE] drawing=true tool=0 drawing at (512.0,397.0)
[handleDrawing] tool=0 brushType=0 eraserSize=12.0 eraserOp=1.00 layer=0x5f7a2b51bd30
[stampHardRound] cx=167 cy=312 r=6 color=(255,101,50,255) layerW=512 layerH=512
[stampHardRound] cx=168 cy=314 r=6 color=(255,101,50,255) layerW=512 layerH=512
[stampHardRound] cx=168 cy=315 r=6 color=(255,101,50,255) layerW=512 layerH=512
[stampHardRound] cx=168 cy=315 r=6 color=(255,101,50,255) layerW=512 layerH=512
[MOUSE_MOVE] drawing=true tool=0 drawing at (513.0,398.0)
[handleDrawing] tool=0 brushType=0 eraserSize=12.0 eraserOp=1.00 layer=0x5f7a2b51bd30
[stampHardRound] cx=168 cy=315 r=6 color=(255,101,50,255) layerW=512 layerH=512
[stampHardRound] cx=169 cy=316 r=6 color=(255,101,50,255) layerW=512 layerH=512
[stampHardRound] cx=169 cy=316 r=6 color=(255,101,50,255) layerW=512 layerH=512
[CANVAS_UPDATE] recompositing (frameDirty=1 canvasDirty=0)
[MOUSE_MOVE] drawing=true tool=0 drawing at (515.0,401.0)
[handleDrawing] tool=0 brushType=0 eraserSize=12.0 eraserOp=1.00 layer=0x5f7a2b51bd30
[stampHardRound] cx=169 cy=316 r=6 color=(255,101,50,255) layerW=512 layerH=512
[stampHardRound] cx=170 cy=318 r=6 color=(255,101,50,255) layerW=512 layerH=512
[stampHardRound] cx=171 cy=319 r=6 color=(255,101,50,255) layerW=512 layerH=512
[stampHardRound] cx=171 cy=319 r=6 color=(255,101,50,255) layerW=512 layerH=512
[MOUSE_MOVE] drawing=true tool=0 drawing at (515.0,402.0)
[handleDrawing] tool=0 brushType=0 eraserSize=12.0 eraserOp=1.00 layer=0x5f7a2b51bd30
[stampHardRound] cx=171 cy=319 r=6 color=(255,101,50,255) layerW=512 layerH=512
[stampHardRound] cx=171 cy=320 r=6 color=(255,101,50,255) layerW=512 layerH=512
[stampHardRound] cx=171 cy=320 r=6 color=(255,101,50,255) layerW=512 layerH=512
[MOUSE_MOVE] drawing=true tool=0 drawing at (516.0,403.0)
[handleDrawing] tool=0 brushType=0 eraserSize=12.0 eraserOp=1.00 layer=0x5f7a2b51bd30
[stampHardRound] cx=171 cy=320 r=6 color=(255,101,50,255) layerW=512 layerH=512
[stampHardRound] cx=172 cy=321 r=6 color=(255,101,50,255) layerW=512 layerH=512
[stampHardRound] cx=172 cy=321 r=6 color=(255,101,50,255) layerW=512 layerH=512
[MOUSE_MOVE] drawing=true tool=0 drawing at (516.0,404.0)
[handleDrawing] tool=0 brushType=0 eraserSize=12.0 eraserOp=1.00 layer=0x5f7a2b51bd30
[stampHardRound] cx=172 cy=321 r=6 color=(255,101,50,255) layerW=512 layerH=512
[stampHardRound] cx=172 cy=322 r=6 color=(255,101,50,255) layerW=512 layerH=512
[stampHardRound] cx=172 cy=322 r=6 color=(255,101,50,255) layerW=512 layerH=512
[MOUSE_MOVE] drawing=true tool=0 drawing at (517.0,406.0)
[handleDrawing] tool=0 brushType=0 eraserSize=12.0 eraserOp=1.00 layer=0x5f7a2b51bd30
[stampHardRound] cx=172 cy=322 r=6 color=(255,101,50,255) layerW=512 layerH=512
[stampHardRound] cx=173 cy=324 r=6 color=(255,101,50,255) layerW=512 layerH=512
[stampHardRound] cx=173 cy=324 r=6 color=(255,101,50,255) layerW=512 layerH=512
[MOUSE_MOVE] drawing=true tool=0 drawing at (517.0,407.0)
[handleDrawing] tool=0 brushType=0 eraserSize=12.0 eraserOp=1.00 layer=0x5f7a2b51bd30
[stampHardRound] cx=173 cy=324 r=6 color=(255,101,50,255) layerW=512 layerH=512
[stampHardRound] cx=173 cy=325 r=6 color=(255,101,50,255) layerW=512 layerH=512
[stampHardRound] cx=173 cy=325 r=6 color=(255,101,50,255) layerW=512 layerH=512
[CANVAS_UPDATE] recompositing (frameDirty=1 canvasDirty=0)
[MOUSE_MOVE] drawing=true tool=0 drawing at (518.0,407.0)
[handleDrawing] tool=0 brushType=0 eraserSize=12.0 eraserOp=1.00 layer=0x5f7a2b51bd30
[stampHardRound] cx=173 cy=325 r=6 color=(255,101,50,255) layerW=512 layerH=512
[stampHardRound] cx=174 cy=325 r=6 color=(255,101,50,255) layerW=512 layerH=512
[stampHardRound] cx=174 cy=325 r=6 color=(255,101,50,255) layerW=512 layerH=512
[MOUSE_MOVE] drawing=true tool=0 drawing at (518.0,408.0)
[handleDrawing] tool=0 brushType=0 eraserSize=12.0 eraserOp=1.00 layer=0x5f7a2b51bd30
[stampHardRound] cx=174 cy=325 r=6 color=(255,101,50,255) layerW=512 layerH=512
[stampHardRound] cx=174 cy=326 r=6 color=(255,101,50,255) layerW=512 layerH=512
[stampHardRound] cx=174 cy=326 r=6 color=(255,101,50,255) layerW=512 layerH=512
[MOUSE_MOVE] drawing=true tool=0 drawing at (518.0,409.0)
[handleDrawing] tool=0 brushType=0 eraserSize=12.0 eraserOp=1.00 layer=0x5f7a2b51bd30
[stampHardRound] cx=174 cy=326 r=6 color=(255,101,50,255) layerW=512 layerH=512
[stampHardRound] cx=174 cy=327 r=6 color=(255,101,50,255) layerW=512 layerH=512
[stampHardRound] cx=174 cy=327 r=6 color=(255,101,50,255) layerW=512 layerH=512
[MOUSE_MOVE] drawing=true tool=0 drawing at (519.0,409.0)
[handleDrawing] tool=0 brushType=0 eraserSize=12.0 eraserOp=1.00 layer=0x5f7a2b51bd30
[stampHardRound] cx=174 cy=327 r=6 color=(255,101,50,255) layerW=512 layerH=512
[stampHardRound] cx=175 cy=327 r=6 color=(255,101,50,255) layerW=512 layerH=512
[stampHardRound] cx=175 cy=327 r=6 color=(255,101,50,255) layerW=512 layerH=512
[CANVAS_UPDATE] recompositing (frameDirty=1 canvasDirty=0)
[MOUSE_MOVE] drawing=true tool=0 drawing at (520.0,409.0)
[handleDrawing] tool=0 brushType=0 eraserSize=12.0 eraserOp=1.00 layer=0x5f7a2b51bd30
[stampHardRound] cx=175 cy=327 r=6 color=(255,101,50,255) layerW=512 layerH=512
[stampHardRound] cx=176 cy=327 r=6 color=(255,101,50,255) layerW=512 layerH=512
[stampHardRound] cx=176 cy=327 r=6 color=(255,101,50,255) layerW=512 layerH=512
[MOUSE_MOVE] drawing=true tool=0 drawing at (521.0,408.0)
[handleDrawing] tool=0 brushType=0 eraserSize=12.0 eraserOp=1.00 layer=0x5f7a2b51bd30
[stampHardRound] cx=176 cy=327 r=6 color=(255,101,50,255) layerW=512 layerH=512
[stampHardRound] cx=177 cy=326 r=6 color=(255,101,50,255) layerW=512 layerH=512
[stampHardRound] cx=177 cy=326 r=6 color=(255,101,50,255) layerW=512 layerH=512
[CANVAS_UPDATE] recompositing (frameDirty=1 canvasDirty=0)
[MOUSE_MOVE] drawing=true tool=0 drawing at (522.0,407.0)
[handleDrawing] tool=0 brushType=0 eraserSize=12.0 eraserOp=1.00 layer=0x5f7a2b51bd30
[stampHardRound] cx=177 cy=326 r=6 color=(255,101,50,255) layerW=512 layerH=512
[stampHardRound] cx=178 cy=325 r=6 color=(255,101,50,255) layerW=512 layerH=512
[stampHardRound] cx=178 cy=325 r=6 color=(255,101,50,255) layerW=512 layerH=512
[MOUSE_MOVE] drawing=true tool=0 drawing at (523.0,407.0)
[handleDrawing] tool=0 brushType=0 eraserSize=12.0 eraserOp=1.00 layer=0x5f7a2b51bd30
[stampHardRound] cx=178 cy=325 r=6 color=(255,101,50,255) layerW=512 layerH=512
[stampHardRound] cx=179 cy=325 r=6 color=(255,101,50,255) layerW=512 layerH=512
[stampHardRound] cx=179 cy=325 r=6 color=(255,101,50,255) layerW=512 layerH=512
[MOUSE_MOVE] drawing=true tool=0 drawing at (524.0,406.0)
[handleDrawing] tool=0 brushType=0 eraserSize=12.0 eraserOp=1.00 layer=0x5f7a2b51bd30
[stampHardRound] cx=179 cy=325 r=6 color=(255,101,50,255) layerW=512 layerH=512
[stampHardRound] cx=180 cy=324 r=6 color=(255,101,50,255) layerW=512 layerH=512
[stampHardRound] cx=180 cy=324 r=6 color=(255,101,50,255) layerW=512 layerH=512
[MOUSE_MOVE] drawing=true tool=0 drawing at (525.0,405.0)
[handleDrawing] tool=0 brushType=0 eraserSize=12.0 eraserOp=1.00 layer=0x5f7a2b51bd30
[stampHardRound] cx=180 cy=324 r=6 color=(255,101,50,255) layerW=512 layerH=512
[stampHardRound] cx=181 cy=323 r=6 color=(255,101,50,255) layerW=512 layerH=512
[stampHardRound] cx=181 cy=323 r=6 color=(255,101,50,255) layerW=512 layerH=512
[CANVAS_UPDATE] recompositing (frameDirty=1 canvasDirty=0)
[MOUSE_MOVE] drawing=true tool=0 drawing at (526.0,404.0)
[handleDrawing] tool=0 brushType=0 eraserSize=12.0 eraserOp=1.00 layer=0x5f7a2b51bd30
[stampHardRound] cx=181 cy=323 r=6 color=(255,101,50,255) layerW=512 layerH=512
[stampHardRound] cx=182 cy=322 r=6 color=(255,101,50,255) layerW=512 layerH=512
[stampHardRound] cx=182 cy=322 r=6 color=(255,101,50,255) layerW=512 layerH=512
[CANVAS_UPDATE] recompositing (frameDirty=1 canvasDirty=0)
[MOUSE_BTN] x=526.0 y=404.0 btn=0 pressed=0 tool=0 drawing=1 moving=0
[MOUSE_UP_CLEANUP] drawing=false
[MOUSE_BTN] x=73.0 y=51.0 btn=0 pressed=1 tool=0 drawing=0 moving=0
[SIDEBAR] Selected tool=1
[MOUSE_BTN] x=73.0 y=51.0 btn=0 pressed=0 tool=1 drawing=0 moving=0
[MOUSE_UP_CLEANUP] drawing=false
[MOUSE_BTN] x=543.0 y=403.0 btn=0 pressed=1 tool=1 drawing=0 moving=0
[CANVAS_CLICK] tool=1 pos=(543.0,403.0)
[PUSH_UNDO] layer=Layer 0 size=512x512 nonZeroPixels=0
[handleDrawing] tool=1 brushType=4 eraserSize=12.0 eraserOp=1.00 layer=0x5f7a2b51bd30
[BrushEngine::stampEraser] cx=199.0 cy=321.0 m_eraser=0x5f7a1ec70c58
[GradualEraser::stamp] cx=199.0 cy=321.0 r=6 total=113 skipped_zero=113 erased=0
[GradualEraser::verify] center(199,321) rgba=(0,0,0,0)
[CANVAS_UPDATE] recompositing (frameDirty=1 canvasDirty=0)
[CANVAS_UPDATE] sample pixel (199,321): rgba=(0,0,0,0)
[MOUSE_MOVE] drawing=true tool=1 drawing at (542.0,403.0)
[handleDrawing] tool=1 brushType=4 eraserSize=12.0 eraserOp=1.00 layer=0x5f7a2b51bd30
[BrushEngine::stampEraser] cx=199.0 cy=321.0 m_eraser=0x5f7a1ec70c58
[GradualEraser::stamp] cx=199.0 cy=321.0 r=6 total=113 skipped_zero=113 erased=0
[GradualEraser::verify] center(199,321) rgba=(0,0,0,0)
[BrushEngine::stampEraser] cx=198.0 cy=321.0 m_eraser=0x5f7a1ec70c58
[GradualEraser::stamp] cx=198.0 cy=321.0 r=6 total=113 skipped_zero=113 erased=0
[GradualEraser::verify] center(198,321) rgba=(0,0,0,0)
[BrushEngine::stampEraser] cx=198.0 cy=321.0 m_eraser=0x5f7a1ec70c58
[GradualEraser::stamp] cx=198.0 cy=321.0 r=6 total=113 skipped_zero=113 erased=0
[GradualEraser::verify] center(198,321) rgba=(0,0,0,0)
[CANVAS_UPDATE] recompositing (frameDirty=1 canvasDirty=0)
[CANVAS_UPDATE] sample pixel (198,321): rgba=(0,0,0,0)
[MOUSE_MOVE] drawing=true tool=1 drawing at (541.0,403.0)
[handleDrawing] tool=1 brushType=4 eraserSize=12.0 eraserOp=1.00 layer=0x5f7a2b51bd30
[BrushEngine::stampEraser] cx=198.0 cy=321.0 m_eraser=0x5f7a1ec70c58
[GradualEraser::stamp] cx=198.0 cy=321.0 r=6 total=113 skipped_zero=113 erased=0
[GradualEraser::verify] center(198,321) rgba=(0,0,0,0)
[BrushEngine::stampEraser] cx=197.0 cy=321.0 m_eraser=0x5f7a1ec70c58
[GradualEraser::stamp] cx=197.0 cy=321.0 r=6 total=113 skipped_zero=113 erased=0
[GradualEraser::verify] center(197,321) rgba=(0,0,0,0)
[BrushEngine::stampEraser] cx=197.0 cy=321.0 m_eraser=0x5f7a1ec70c58
[GradualEraser::stamp] cx=197.0 cy=321.0 r=6 total=113 skipped_zero=113 erased=0
[GradualEraser::verify] center(197,321) rgba=(0,0,0,0)
[MOUSE_MOVE] drawing=true tool=1 drawing at (540.0,403.0)
[handleDrawing] tool=1 brushType=4 eraserSize=12.0 eraserOp=1.00 layer=0x5f7a2b51bd30
[BrushEngine::stampEraser] cx=197.0 cy=321.0 m_eraser=0x5f7a1ec70c58
[GradualEraser::stamp] cx=197.0 cy=321.0 r=6 total=113 skipped_zero=113 erased=0
[GradualEraser::verify] center(197,321) rgba=(0,0,0,0)
[BrushEngine::stampEraser] cx=196.0 cy=321.0 m_eraser=0x5f7a1ec70c58
[GradualEraser::stamp] cx=196.0 cy=321.0 r=6 total=113 skipped_zero=113 erased=0
[GradualEraser::verify] center(196,321) rgba=(0,0,0,0)
[BrushEngine::stampEraser] cx=196.0 cy=321.0 m_eraser=0x5f7a1ec70c58
[GradualEraser::stamp] cx=196.0 cy=321.0 r=6 total=113 skipped_zero=113 erased=0
[GradualEraser::verify] center(196,321) rgba=(0,0,0,0)
[CANVAS_UPDATE] recompositing (frameDirty=1 canvasDirty=0)
[CANVAS_UPDATE] sample pixel (196,321): rgba=(0,0,0,0)
[MOUSE_MOVE] drawing=true tool=1 drawing at (539.0,403.0)
[handleDrawing] tool=1 brushType=4 eraserSize=12.0 eraserOp=1.00 layer=0x5f7a2b51bd30
[BrushEngine::stampEraser] cx=196.0 cy=321.0 m_eraser=0x5f7a1ec70c58
[GradualEraser::stamp] cx=196.0 cy=321.0 r=6 total=113 skipped_zero=113 erased=0
[GradualEraser::verify] center(196,321) rgba=(0,0,0,0)
[BrushEngine::stampEraser] cx=195.0 cy=321.0 m_eraser=0x5f7a1ec70c58
[GradualEraser::stamp] cx=195.0 cy=321.0 r=6 total=113 skipped_zero=113 erased=0
[GradualEraser::verify] center(195,321) rgba=(0,0,0,0)
[BrushEngine::stampEraser] cx=195.0 cy=321.0 m_eraser=0x5f7a1ec70c58
[GradualEraser::stamp] cx=195.0 cy=321.0 r=6 total=113 skipped_zero=113 erased=0
[GradualEraser::verify] center(195,321) rgba=(0,0,0,0)
[MOUSE_MOVE] drawing=true tool=1 drawing at (538.0,403.0)
[handleDrawing] tool=1 brushType=4 eraserSize=12.0 eraserOp=1.00 layer=0x5f7a2b51bd30
[BrushEngine::stampEraser] cx=195.0 cy=321.0 m_eraser=0x5f7a1ec70c58
[GradualEraser::stamp] cx=195.0 cy=321.0 r=6 total=113 skipped_zero=113 erased=0
[GradualEraser::verify] center(195,321) rgba=(0,0,0,0)
[BrushEngine::stampEraser] cx=194.0 cy=321.0 m_eraser=0x5f7a1ec70c58
[GradualEraser::stamp] cx=194.0 cy=321.0 r=6 total=113 skipped_zero=113 erased=0
[GradualEraser::verify] center(194,321) rgba=(0,0,0,0)
[BrushEngine::stampEraser] cx=194.0 cy=321.0 m_eraser=0x5f7a1ec70c58
[GradualEraser::stamp] cx=194.0 cy=321.0 r=6 total=113 skipped_zero=113 erased=0
[GradualEraser::verify] center(194,321) rgba=(0,0,0,0)
[CANVAS_UPDATE] recompositing (frameDirty=1 canvasDirty=0)
[CANVAS_UPDATE] sample pixel (194,321): rgba=(0,0,0,0)
[MOUSE_MOVE] drawing=true tool=1 drawing at (537.0,404.0)
[handleDrawing] tool=1 brushType=4 eraserSize=12.0 eraserOp=1.00 layer=0x5f7a2b51bd30
[BrushEngine::stampEraser] cx=194.0 cy=321.0 m_eraser=0x5f7a1ec70c58
[GradualEraser::stamp] cx=194.0 cy=321.0 r=6 total=113 skipped_zero=113 erased=0
[GradualEraser::verify] center(194,321) rgba=(0,0,0,0)
[BrushEngine::stampEraser] cx=193.0 cy=322.0 m_eraser=0x5f7a1ec70c58
[GradualEraser::stamp] cx=193.0 cy=322.0 r=6 total=113 skipped_zero=111 erased=2
[GradualEraser::verify] center(193,322) rgba=(0,0,0,0)
[BrushEngine::stampEraser] cx=193.0 cy=322.0 m_eraser=0x5f7a1ec70c58
[GradualEraser::stamp] cx=193.0 cy=322.0 r=6 total=113 skipped_zero=113 erased=0
[GradualEraser::verify] center(193,322) rgba=(0,0,0,0)
[MOUSE_MOVE] drawing=true tool=1 drawing at (536.0,404.0)
[handleDrawing] tool=1 brushType=4 eraserSize=12.0 eraserOp=1.00 layer=0x5f7a2b51bd30
[BrushEngine::stampEraser] cx=193.0 cy=322.0 m_eraser=0x5f7a1ec70c58
[GradualEraser::stamp] cx=193.0 cy=322.0 r=6 total=113 skipped_zero=113 erased=0
[GradualEraser::verify] center(193,322) rgba=(0,0,0,0)
[BrushEngine::stampEraser] cx=192.0 cy=322.0 m_eraser=0x5f7a1ec70c58
[GradualEraser::stamp] cx=192.0 cy=322.0 r=6 total=113 skipped_zero=106 erased=7
[GradualEraser::verify] center(192,322) rgba=(0,0,0,0)
[BrushEngine::stampEraser] cx=192.0 cy=322.0 m_eraser=0x5f7a1ec70c58
[GradualEraser::stamp] cx=192.0 cy=322.0 r=6 total=113 skipped_zero=113 erased=0
[GradualEraser::verify] center(192,322) rgba=(0,0,0,0)
[CANVAS_UPDATE] recompositing (frameDirty=1 canvasDirty=0)
[CANVAS_UPDATE] sample pixel (192,322): rgba=(0,0,0,0)
[MOUSE_MOVE] drawing=true tool=1 drawing at (535.0,405.0)
[handleDrawing] tool=1 brushType=4 eraserSize=12.0 eraserOp=1.00 layer=0x5f7a2b51bd30
[BrushEngine::stampEraser] cx=192.0 cy=322.0 m_eraser=0x5f7a1ec70c58
[GradualEraser::stamp] cx=192.0 cy=322.0 r=6 total=113 skipped_zero=113 erased=0
[GradualEraser::verify] center(192,322) rgba=(0,0,0,0)
[BrushEngine::stampEraser] cx=191.0 cy=323.0 m_eraser=0x5f7a1ec70c58
[GradualEraser::stamp] cx=191.0 cy=323.0 r=6 total=113 skipped_zero=106 erased=7
[GradualEraser::verify] center(191,323) rgba=(0,0,0,0)
[BrushEngine::stampEraser] cx=191.0 cy=323.0 m_eraser=0x5f7a1ec70c58
[GradualEraser::stamp] cx=191.0 cy=323.0 r=6 total=113 skipped_zero=113 erased=0
[GradualEraser::verify] center(191,323) rgba=(0,0,0,0)
[MOUSE_MOVE] drawing=true tool=1 drawing at (534.0,405.0)
[handleDrawing] tool=1 brushType=4 eraserSize=12.0 eraserOp=1.00 layer=0x5f7a2b51bd30
[BrushEngine::stampEraser] cx=191.0 cy=323.0 m_eraser=0x5f7a1ec70c58
[GradualEraser::stamp] cx=191.0 cy=323.0 r=6 total=113 skipped_zero=113 erased=0
[GradualEraser::verify] center(191,323) rgba=(0,0,0,0)
[BrushEngine::stampEraser] cx=190.0 cy=323.0 m_eraser=0x5f7a1ec70c58
[GradualEraser::stamp] cx=190.0 cy=323.0 r=6 total=113 skipped_zero=105 erased=8
[GradualEraser::verify] center(190,323) rgba=(0,0,0,0)
[BrushEngine::stampEraser] cx=190.0 cy=323.0 m_eraser=0x5f7a1ec70c58
[GradualEraser::stamp] cx=190.0 cy=323.0 r=6 total=113 skipped_zero=113 erased=0
[GradualEraser::verify] center(190,323) rgba=(0,0,0,0)
[MOUSE_MOVE] drawing=true tool=1 drawing at (533.0,405.0)
[handleDrawing] tool=1 brushType=4 eraserSize=12.0 eraserOp=1.00 layer=0x5f7a2b51bd30
[BrushEngine::stampEraser] cx=190.0 cy=323.0 m_eraser=0x5f7a1ec70c58
[GradualEraser::stamp] cx=190.0 cy=323.0 r=6 total=113 skipped_zero=113 erased=0
[GradualEraser::verify] center(190,323) rgba=(0,0,0,0)
[BrushEngine::stampEraser] cx=189.0 cy=323.0 m_eraser=0x5f7a1ec70c58
[GradualEraser::stamp] cx=189.0 cy=323.0 r=6 total=113 skipped_zero=103 erased=10
[GradualEraser::verify] center(189,323) rgba=(0,0,0,0)
[BrushEngine::stampEraser] cx=189.0 cy=323.0 m_eraser=0x5f7a1ec70c58
[GradualEraser::stamp] cx=189.0 cy=323.0 r=6 total=113 skipped_zero=113 erased=0
[GradualEraser::verify] center(189,323) rgba=(0,0,0,0)
[MOUSE_MOVE] drawing=true tool=1 drawing at (532.0,406.0)
[handleDrawing] tool=1 brushType=4 eraserSize=12.0 eraserOp=1.00 layer=0x5f7a2b51bd30
[BrushEngine::stampEraser] cx=189.0 cy=323.0 m_eraser=0x5f7a1ec70c58
[GradualEraser::stamp] cx=189.0 cy=323.0 r=6 total=113 skipped_zero=113 erased=0
[GradualEraser::verify] center(189,323) rgba=(0,0,0,0)
[BrushEngine::stampEraser] cx=188.0 cy=324.0 m_eraser=0x5f7a1ec70c58
[GradualEraser::stamp] cx=188.0 cy=324.0 r=6 total=113 skipped_zero=104 erased=9
[GradualEraser::verify] center(188,324) rgba=(0,0,0,0)
[BrushEngine::stampEraser] cx=188.0 cy=324.0 m_eraser=0x5f7a1ec70c58
[GradualEraser::stamp] cx=188.0 cy=324.0 r=6 total=113 skipped_zero=113 erased=0
[GradualEraser::verify] center(188,324) rgba=(0,0,0,0)
[CANVAS_UPDATE] recompositing (frameDirty=1 canvasDirty=0)
[CANVAS_UPDATE] sample pixel (188,324): rgba=(0,0,0,0)
[MOUSE_MOVE] drawing=true tool=1 drawing at (531.0,406.0)
[handleDrawing] tool=1 brushType=4 eraserSize=12.0 eraserOp=1.00 layer=0x5f7a2b51bd30
[BrushEngine::stampEraser] cx=188.0 cy=324.0 m_eraser=0x5f7a1ec70c58
[GradualEraser::stamp] cx=188.0 cy=324.0 r=6 total=113 skipped_zero=113 erased=0
[GradualEraser::verify] center(188,324) rgba=(0,0,0,0)
[BrushEngine::stampEraser] cx=187.0 cy=324.0 m_eraser=0x5f7a1ec70c58
[GradualEraser::stamp] cx=187.0 cy=324.0 r=6 total=113 skipped_zero=103 erased=10
[GradualEraser::verify] center(187,324) rgba=(0,0,0,0)
[BrushEngine::stampEraser] cx=187.0 cy=324.0 m_eraser=0x5f7a1ec70c58
[GradualEraser::stamp] cx=187.0 cy=324.0 r=6 total=113 skipped_zero=113 erased=0
[GradualEraser::verify] center(187,324) rgba=(0,0,0,0)
[MOUSE_MOVE] drawing=true tool=1 drawing at (530.0,407.0)
[handleDrawing] tool=1 brushType=4 eraserSize=12.0 eraserOp=1.00 layer=0x5f7a2b51bd30
[BrushEngine::stampEraser] cx=187.0 cy=324.0 m_eraser=0x5f7a1ec70c58
[GradualEraser::stamp] cx=187.0 cy=324.0 r=6 total=113 skipped_zero=113 erased=0
[GradualEraser::verify] center(187,324) rgba=(0,0,0,0)
[BrushEngine::stampEraser] cx=186.0 cy=325.0 m_eraser=0x5f7a1ec70c58
[GradualEraser::stamp] cx=186.0 cy=325.0 r=6 total=113 skipped_zero=103 erased=10
[GradualEraser::verify] center(186,325) rgba=(0,0,0,0)
[BrushEngine::stampEraser] cx=186.0 cy=325.0 m_eraser=0x5f7a1ec70c58
[GradualEraser::stamp] cx=186.0 cy=325.0 r=6 total=113 skipped_zero=113 erased=0
[GradualEraser::verify] center(186,325) rgba=(0,0,0,0)
[CANVAS_UPDATE] recompositing (frameDirty=1 canvasDirty=0)
[CANVAS_UPDATE] sample pixel (186,325): rgba=(255,101,50,255)
[MOUSE_MOVE] drawing=true tool=1 drawing at (529.0,407.0)
[handleDrawing] tool=1 brushType=4 eraserSize=12.0 eraserOp=1.00 layer=0x5f7a2b51bd30
[BrushEngine::stampEraser] cx=186.0 cy=325.0 m_eraser=0x5f7a1ec70c58
[GradualEraser::stamp] cx=186.0 cy=325.0 r=6 total=113 skipped_zero=113 erased=0
[GradualEraser::verify] center(186,325) rgba=(0,0,0,0)
[BrushEngine::stampEraser] cx=185.0 cy=325.0 m_eraser=0x5f7a1ec70c58
[GradualEraser::stamp] cx=185.0 cy=325.0 r=6 total=113 skipped_zero=102 erased=11
[GradualEraser::verify] center(185,325) rgba=(0,0,0,0)
[BrushEngine::stampEraser] cx=185.0 cy=325.0 m_eraser=0x5f7a1ec70c58
[GradualEraser::stamp] cx=185.0 cy=325.0 r=6 total=113 skipped_zero=113 erased=0
[GradualEraser::verify] center(185,325) rgba=(0,0,0,0)
[MOUSE_MOVE] drawing=true tool=1 drawing at (528.0,408.0)
[handleDrawing] tool=1 brushType=4 eraserSize=12.0 eraserOp=1.00 layer=0x5f7a2b51bd30
[BrushEngine::stampEraser] cx=185.0 cy=325.0 m_eraser=0x5f7a1ec70c58
[GradualEraser::stamp] cx=185.0 cy=325.0 r=6 total=113 skipped_zero=113 erased=0
[GradualEraser::verify] center(185,325) rgba=(0,0,0,0)
[BrushEngine::stampEraser] cx=184.0 cy=326.0 m_eraser=0x5f7a1ec70c58
[GradualEraser::stamp] cx=184.0 cy=326.0 r=6 total=113 skipped_zero=103 erased=10
[GradualEraser::verify] center(184,326) rgba=(0,0,0,0)
[BrushEngine::stampEraser] cx=184.0 cy=326.0 m_eraser=0x5f7a1ec70c58
[GradualEraser::stamp] cx=184.0 cy=326.0 r=6 total=113 skipped_zero=113 erased=0
[GradualEraser::verify] center(184,326) rgba=(0,0,0,0)
[MOUSE_MOVE] drawing=true tool=1 drawing at (527.0,408.0)
[handleDrawing] tool=1 brushType=4 eraserSize=12.0 eraserOp=1.00 layer=0x5f7a2b51bd30
[BrushEngine::stampEraser] cx=184.0 cy=326.0 m_eraser=0x5f7a1ec70c58
[GradualEraser::stamp] cx=184.0 cy=326.0 r=6 total=113 skipped_zero=113 erased=0
[GradualEraser::verify] center(184,326) rgba=(0,0,0,0)
[BrushEngine::stampEraser] cx=183.0 cy=326.0 m_eraser=0x5f7a1ec70c58
[GradualEraser::stamp] cx=183.0 cy=326.0 r=6 total=113 skipped_zero=102 erased=11
[GradualEraser::verify] center(183,326) rgba=(0,0,0,0)
[BrushEngine::stampEraser] cx=183.0 cy=326.0 m_eraser=0x5f7a1ec70c58
[GradualEraser::stamp] cx=183.0 cy=326.0 r=6 total=113 skipped_zero=113 erased=0
[GradualEraser::verify] center(183,326) rgba=(0,0,0,0)
[CANVAS_UPDATE] recompositing (frameDirty=1 canvasDirty=0)
[CANVAS_UPDATE] sample pixel (183,326): rgba=(255,101,50,255)
[MOUSE_MOVE] drawing=true tool=1 drawing at (526.0,408.0)
[handleDrawing] tool=1 brushType=4 eraserSize=12.0 eraserOp=1.00 layer=0x5f7a2b51bd30
[BrushEngine::stampEraser] cx=183.0 cy=326.0 m_eraser=0x5f7a1ec70c58
[GradualEraser::stamp] cx=183.0 cy=326.0 r=6 total=113 skipped_zero=113 erased=0
[GradualEraser::verify] center(183,326) rgba=(0,0,0,0)
[BrushEngine::stampEraser] cx=182.0 cy=326.0 m_eraser=0x5f7a1ec70c58
[GradualEraser::stamp] cx=182.0 cy=326.0 r=6 total=113 skipped_zero=102 erased=11
[GradualEraser::verify] center(182,326) rgba=(0,0,0,0)
[BrushEngine::stampEraser] cx=182.0 cy=326.0 m_eraser=0x5f7a1ec70c58
[GradualEraser::stamp] cx=182.0 cy=326.0 r=6 total=113 skipped_zero=113 erased=0
[GradualEraser::verify] center(182,326) rgba=(0,0,0,0)
[MOUSE_MOVE] drawing=true tool=1 drawing at (525.0,409.0)
[handleDrawing] tool=1 brushType=4 eraserSize=12.0 eraserOp=1.00 layer=0x5f7a2b51bd30
[BrushEngine::stampEraser] cx=182.0 cy=326.0 m_eraser=0x5f7a1ec70c58
[GradualEraser::stamp] cx=182.0 cy=326.0 r=6 total=113 skipped_zero=113 erased=0
[GradualEraser::verify] center(182,326) rgba=(0,0,0,0)
[BrushEngine::stampEraser] cx=181.0 cy=327.0 m_eraser=0x5f7a1ec70c58
[GradualEraser::stamp] cx=181.0 cy=327.0 r=6 total=113 skipped_zero=101 erased=12
[GradualEraser::verify] center(181,327) rgba=(0,0,0,0)
[BrushEngine::stampEraser] cx=181.0 cy=327.0 m_eraser=0x5f7a1ec70c58
[GradualEraser::stamp] cx=181.0 cy=327.0 r=6 total=113 skipped_zero=113 erased=0
[GradualEraser::verify] center(181,327) rgba=(0,0,0,0)
[MOUSE_MOVE] drawing=true tool=1 drawing at (524.0,410.0)
[handleDrawing] tool=1 brushType=4 eraserSize=12.0 eraserOp=1.00 layer=0x5f7a2b51bd30
[BrushEngine::stampEraser] cx=181.0 cy=327.0 m_eraser=0x5f7a1ec70c58
[GradualEraser::stamp] cx=181.0 cy=327.0 r=6 total=113 skipped_zero=113 erased=0
[GradualEraser::verify] center(181,327) rgba=(0,0,0,0)
[BrushEngine::stampEraser] cx=180.0 cy=328.0 m_eraser=0x5f7a1ec70c58
[GradualEraser::stamp] cx=180.0 cy=328.0 r=6 total=113 skipped_zero=103 erased=10
[GradualEraser::verify] center(180,328) rgba=(0,0,0,0)
[BrushEngine::stampEraser] cx=180.0 cy=328.0 m_eraser=0x5f7a1ec70c58
[GradualEraser::stamp] cx=180.0 cy=328.0 r=6 total=113 skipped_zero=113 erased=0
[GradualEraser::verify] center(180,328) rgba=(0,0,0,0)
[CANVAS_UPDATE] recompositing (frameDirty=1 canvasDirty=0)
[CANVAS_UPDATE] sample pixel (180,328): rgba=(255,101,50,255)
[MOUSE_MOVE] drawing=true tool=1 drawing at (523.0,410.0)
[handleDrawing] tool=1 brushType=4 eraserSize=12.0 eraserOp=1.00 layer=0x5f7a2b51bd30
[BrushEngine::stampEraser] cx=180.0 cy=328.0 m_eraser=0x5f7a1ec70c58
[GradualEraser::stamp] cx=180.0 cy=328.0 r=6 total=113 skipped_zero=113 erased=0
[GradualEraser::verify] center(180,328) rgba=(0,0,0,0)
[BrushEngine::stampEraser] cx=179.0 cy=328.0 m_eraser=0x5f7a1ec70c58
[GradualEraser::stamp] cx=179.0 cy=328.0 r=6 total=113 skipped_zero=102 erased=11
[GradualEraser::verify] center(179,328) rgba=(0,0,0,0)
[BrushEngine::stampEraser] cx=179.0 cy=328.0 m_eraser=0x5f7a1ec70c58
[GradualEraser::stamp] cx=179.0 cy=328.0 r=6 total=113 skipped_zero=113 erased=0
[GradualEraser::verify] center(179,328) rgba=(0,0,0,0)
[CANVAS_UPDATE] recompositing (frameDirty=1 canvasDirty=0)
[CANVAS_UPDATE] sample pixel (179,328): rgba=(255,101,50,255)
[MOUSE_MOVE] drawing=true tool=1 drawing at (522.0,411.0)
[handleDrawing] tool=1 brushType=4 eraserSize=12.0 eraserOp=1.00 layer=0x5f7a2b51bd30
[BrushEngine::stampEraser] cx=179.0 cy=328.0 m_eraser=0x5f7a1ec70c58
[GradualEraser::stamp] cx=179.0 cy=328.0 r=6 total=113 skipped_zero=113 erased=0
[GradualEraser::verify] center(179,328) rgba=(0,0,0,0)
[BrushEngine::stampEraser] cx=178.0 cy=329.0 m_eraser=0x5f7a1ec70c58
[GradualEraser::stamp] cx=178.0 cy=329.0 r=6 total=113 skipped_zero=103 erased=10
[GradualEraser::verify] center(178,329) rgba=(0,0,0,0)
[BrushEngine::stampEraser] cx=178.0 cy=329.0 m_eraser=0x5f7a1ec70c58
[GradualEraser::stamp] cx=178.0 cy=329.0 r=6 total=113 skipped_zero=113 erased=0
[GradualEraser::verify] center(178,329) rgba=(0,0,0,0)
[MOUSE_MOVE] drawing=true tool=1 drawing at (521.0,411.0)
[handleDrawing] tool=1 brushType=4 eraserSize=12.0 eraserOp=1.00 layer=0x5f7a2b51bd30
[BrushEngine::stampEraser] cx=178.0 cy=329.0 m_eraser=0x5f7a1ec70c58
[GradualEraser::stamp] cx=178.0 cy=329.0 r=6 total=113 skipped_zero=113 erased=0
[GradualEraser::verify] center(178,329) rgba=(0,0,0,0)
[BrushEngine::stampEraser] cx=177.0 cy=329.0 m_eraser=0x5f7a1ec70c58
[GradualEraser::stamp] cx=177.0 cy=329.0 r=6 total=113 skipped_zero=104 erased=9
[GradualEraser::verify] center(177,329) rgba=(0,0,0,0)
[BrushEngine::stampEraser] cx=177.0 cy=329.0 m_eraser=0x5f7a1ec70c58
[GradualEraser::stamp] cx=177.0 cy=329.0 r=6 total=113 skipped_zero=113 erased=0
[GradualEraser::verify] center(177,329) rgba=(0,0,0,0)
[MOUSE_MOVE] drawing=true tool=1 drawing at (520.0,412.0)
[handleDrawing] tool=1 brushType=4 eraserSize=12.0 eraserOp=1.00 layer=0x5f7a2b51bd30
[BrushEngine::stampEraser] cx=177.0 cy=329.0 m_eraser=0x5f7a1ec70c58
[GradualEraser::stamp] cx=177.0 cy=329.0 r=6 total=113 skipped_zero=113 erased=0
[GradualEraser::verify] center(177,329) rgba=(0,0,0,0)
[BrushEngine::stampEraser] cx=176.0 cy=330.0 m_eraser=0x5f7a1ec70c58
[GradualEraser::stamp] cx=176.0 cy=330.0 r=6 total=113 skipped_zero=107 erased=6
[GradualEraser::verify] center(176,330) rgba=(0,0,0,0)
[BrushEngine::stampEraser] cx=176.0 cy=330.0 m_eraser=0x5f7a1ec70c58
[GradualEraser::stamp] cx=176.0 cy=330.0 r=6 total=113 skipped_zero=113 erased=0
[GradualEraser::verify] center(176,330) rgba=(0,0,0,0)
[CANVAS_UPDATE] recompositing (frameDirty=1 canvasDirty=0)
[CANVAS_UPDATE] sample pixel (176,330): rgba=(255,101,50,255)
[MOUSE_MOVE] drawing=true tool=1 drawing at (519.0,412.0)
[handleDrawing] tool=1 brushType=4 eraserSize=12.0 eraserOp=1.00 layer=0x5f7a2b51bd30
[BrushEngine::stampEraser] cx=176.0 cy=330.0 m_eraser=0x5f7a1ec70c58
[GradualEraser::stamp] cx=176.0 cy=330.0 r=6 total=113 skipped_zero=113 erased=0
[GradualEraser::verify] center(176,330) rgba=(0,0,0,0)
[BrushEngine::stampEraser] cx=175.0 cy=330.0 m_eraser=0x5f7a1ec70c58
[GradualEraser::stamp] cx=175.0 cy=330.0 r=6 total=113 skipped_zero=106 erased=7
[GradualEraser::verify] center(175,330) rgba=(0,0,0,0)
[BrushEngine::stampEraser] cx=175.0 cy=330.0 m_eraser=0x5f7a1ec70c58
[GradualEraser::stamp] cx=175.0 cy=330.0 r=6 total=113 skipped_zero=113 erased=0
[GradualEraser::verify] center(175,330) rgba=(0,0,0,0)
[CANVAS_UPDATE] recompositing (frameDirty=1 canvasDirty=0)
[CANVAS_UPDATE] sample pixel (175,330): rgba=(255,101,50,255)
[MOUSE_MOVE] drawing=true tool=1 drawing at (519.0,413.0)
[handleDrawing] tool=1 brushType=4 eraserSize=12.0 eraserOp=1.00 layer=0x5f7a2b51bd30
[BrushEngine::stampEraser] cx=175.0 cy=330.0 m_eraser=0x5f7a1ec70c58
[GradualEraser::stamp] cx=175.0 cy=330.0 r=6 total=113 skipped_zero=113 erased=0
[GradualEraser::verify] center(175,330) rgba=(0,0,0,0)
[BrushEngine::stampEraser] cx=175.0 cy=331.0 m_eraser=0x5f7a1ec70c58
[GradualEraser::stamp] cx=175.0 cy=331.0 r=6 total=113 skipped_zero=113 erased=0
[GradualEraser::verify] center(175,331) rgba=(0,0,0,0)
[BrushEngine::stampEraser] cx=175.0 cy=331.0 m_eraser=0x5f7a1ec70c58
[GradualEraser::stamp] cx=175.0 cy=331.0 r=6 total=113 skipped_zero=113 erased=0
[GradualEraser::verify] center(175,331) rgba=(0,0,0,0)
[CANVAS_UPDATE] recompositing (frameDirty=1 canvasDirty=0)
[CANVAS_UPDATE] sample pixel (175,331): rgba=(255,101,50,255)
[MOUSE_MOVE] drawing=true tool=1 drawing at (518.0,413.0)
[handleDrawing] tool=1 brushType=4 eraserSize=12.0 eraserOp=1.00 layer=0x5f7a2b51bd30
[BrushEngine::stampEraser] cx=175.0 cy=331.0 m_eraser=0x5f7a1ec70c58
[GradualEraser::stamp] cx=175.0 cy=331.0 r=6 total=113 skipped_zero=113 erased=0
[GradualEraser::verify] center(175,331) rgba=(0,0,0,0)
[BrushEngine::stampEraser] cx=174.0 cy=331.0 m_eraser=0x5f7a1ec70c58
[GradualEraser::stamp] cx=174.0 cy=331.0 r=6 total=113 skipped_zero=111 erased=2
[GradualEraser::verify] center(174,331) rgba=(0,0,0,0)
[BrushEngine::stampEraser] cx=174.0 cy=331.0 m_eraser=0x5f7a1ec70c58
[GradualEraser::stamp] cx=174.0 cy=331.0 r=6 total=113 skipped_zero=113 erased=0
[GradualEraser::verify] center(174,331) rgba=(0,0,0,0)
[CANVAS_UPDATE] recompositing (frameDirty=1 canvasDirty=0)
[CANVAS_UPDATE] sample pixel (174,331): rgba=(255,101,50,255)
[MOUSE_MOVE] drawing=true tool=1 drawing at (519.0,413.0)
[handleDrawing] tool=1 brushType=4 eraserSize=12.0 eraserOp=1.00 layer=0x5f7a2b51bd30
[BrushEngine::stampEraser] cx=174.0 cy=331.0 m_eraser=0x5f7a1ec70c58
[GradualEraser::stamp] cx=174.0 cy=331.0 r=6 total=113 skipped_zero=113 erased=0
[GradualEraser::verify] center(174,331) rgba=(0,0,0,0)
[BrushEngine::stampEraser] cx=175.0 cy=331.0 m_eraser=0x5f7a1ec70c58
[GradualEraser::stamp] cx=175.0 cy=331.0 r=6 total=113 skipped_zero=113 erased=0
[GradualEraser::verify] center(175,331) rgba=(0,0,0,0)
[BrushEngine::stampEraser] cx=175.0 cy=331.0 m_eraser=0x5f7a1ec70c58
[GradualEraser::stamp] cx=175.0 cy=331.0 r=6 total=113 skipped_zero=113 erased=0
[GradualEraser::verify] center(175,331) rgba=(0,0,0,0)
[CANVAS_UPDATE] recompositing (frameDirty=1 canvasDirty=0)
[CANVAS_UPDATE] sample pixel (175,331): rgba=(255,101,50,255)
[MOUSE_MOVE] drawing=true tool=1 drawing at (520.0,412.0)
[handleDrawing] tool=1 brushType=4 eraserSize=12.0 eraserOp=1.00 layer=0x5f7a2b51bd30
[BrushEngine::stampEraser] cx=175.0 cy=331.0 m_eraser=0x5f7a1ec70c58
[GradualEraser::stamp] cx=175.0 cy=331.0 r=6 total=113 skipped_zero=113 erased=0
[GradualEraser::verify] center(175,331) rgba=(0,0,0,0)
[BrushEngine::stampEraser] cx=176.0 cy=330.0 m_eraser=0x5f7a1ec70c58
[GradualEraser::stamp] cx=176.0 cy=330.0 r=6 total=113 skipped_zero=113 erased=0
[GradualEraser::verify] center(176,330) rgba=(0,0,0,0)
[BrushEngine::stampEraser] cx=176.0 cy=330.0 m_eraser=0x5f7a1ec70c58
[GradualEraser::stamp] cx=176.0 cy=330.0 r=6 total=113 skipped_zero=113 erased=0
[GradualEraser::verify] center(176,330) rgba=(0,0,0,0)
[CANVAS_UPDATE] recompositing (frameDirty=1 canvasDirty=0)
[CANVAS_UPDATE] sample pixel (176,330): rgba=(255,101,50,255)
[MOUSE_MOVE] drawing=true tool=1 drawing at (520.0,411.0)
[handleDrawing] tool=1 brushType=4 eraserSize=12.0 eraserOp=1.00 layer=0x5f7a2b51bd30
[BrushEngine::stampEraser] cx=176.0 cy=330.0 m_eraser=0x5f7a1ec70c58
[GradualEraser::stamp] cx=176.0 cy=330.0 r=6 total=113 skipped_zero=113 erased=0
[GradualEraser::verify] center(176,330) rgba=(0,0,0,0)
[BrushEngine::stampEraser] cx=176.0 cy=329.0 m_eraser=0x5f7a1ec70c58
[GradualEraser::stamp] cx=176.0 cy=329.0 r=6 total=113 skipped_zero=112 erased=1
[GradualEraser::verify] center(176,329) rgba=(0,0,0,0)
[BrushEngine::stampEraser] cx=176.0 cy=329.0 m_eraser=0x5f7a1ec70c58
[GradualEraser::stamp] cx=176.0 cy=329.0 r=6 total=113 skipped_zero=113 erased=0
[GradualEraser::verify] center(176,329) rgba=(0,0,0,0)
[CANVAS_UPDATE] recompositing (frameDirty=1 canvasDirty=0)
[CANVAS_UPDATE] sample pixel (176,329): rgba=(255,101,50,255)
[MOUSE_MOVE] drawing=true tool=1 drawing at (521.0,409.0)
[handleDrawing] tool=1 brushType=4 eraserSize=12.0 eraserOp=1.00 layer=0x5f7a2b51bd30
[BrushEngine::stampEraser] cx=176.0 cy=329.0 m_eraser=0x5f7a1ec70c58
[GradualEraser::stamp] cx=176.0 cy=329.0 r=6 total=113 skipped_zero=113 erased=0
[GradualEraser::verify] center(176,329) rgba=(0,0,0,0)
[BrushEngine::stampEraser] cx=177.0 cy=327.0 m_eraser=0x5f7a1ec70c58
[GradualEraser::stamp] cx=177.0 cy=327.0 r=6 total=113 skipped_zero=104 erased=9
[GradualEraser::verify] center(177,327) rgba=(0,0,0,0)
[BrushEngine::stampEraser] cx=177.0 cy=327.0 m_eraser=0x5f7a1ec70c58
[GradualEraser::stamp] cx=177.0 cy=327.0 r=6 total=113 skipped_zero=113 erased=0
[GradualEraser::verify] center(177,327) rgba=(0,0,0,0)
[MOUSE_MOVE] drawing=true tool=1 drawing at (521.0,408.0)
[handleDrawing] tool=1 brushType=4 eraserSize=12.0 eraserOp=1.00 layer=0x5f7a2b51bd30
[BrushEngine::stampEraser] cx=177.0 cy=327.0 m_eraser=0x5f7a1ec70c58
[GradualEraser::stamp] cx=177.0 cy=327.0 r=6 total=113 skipped_zero=113 erased=0
[GradualEraser::verify] center(177,327) rgba=(0,0,0,0)
[BrushEngine::stampEraser] cx=177.0 cy=326.0 m_eraser=0x5f7a1ec70c58
[GradualEraser::stamp] cx=177.0 cy=326.0 r=6 total=113 skipped_zero=106 erased=7
[GradualEraser::verify] center(177,326) rgba=(0,0,0,0)
[BrushEngine::stampEraser] cx=177.0 cy=326.0 m_eraser=0x5f7a1ec70c58
[GradualEraser::stamp] cx=177.0 cy=326.0 r=6 total=113 skipped_zero=113 erased=0
[GradualEraser::verify] center(177,326) rgba=(0,0,0,0)
[MOUSE_MOVE] drawing=true tool=1 drawing at (521.0,407.0)
[handleDrawing] tool=1 brushType=4 eraserSize=12.0 eraserOp=1.00 layer=0x5f7a2b51bd30
[BrushEngine::stampEraser] cx=177.0 cy=326.0 m_eraser=0x5f7a1ec70c58
[GradualEraser::stamp] cx=177.0 cy=326.0 r=6 total=113 skipped_zero=113 erased=0
[GradualEraser::verify] center(177,326) rgba=(0,0,0,0)
[BrushEngine::stampEraser] cx=177.0 cy=325.0 m_eraser=0x5f7a1ec70c58
[GradualEraser::stamp] cx=177.0 cy=325.0 r=6 total=113 skipped_zero=103 erased=10
[GradualEraser::verify] center(177,325) rgba=(0,0,0,0)
[BrushEngine::stampEraser] cx=177.0 cy=325.0 m_eraser=0x5f7a1ec70c58
[GradualEraser::stamp] cx=177.0 cy=325.0 r=6 total=113 skipped_zero=113 erased=0
[GradualEraser::verify] center(177,325) rgba=(0,0,0,0)
[CANVAS_UPDATE] recompositing (frameDirty=1 canvasDirty=0)
[CANVAS_UPDATE] sample pixel (177,325): rgba=(255,101,50,255)
[MOUSE_MOVE] drawing=true tool=1 drawing at (521.0,406.0)
[handleDrawing] tool=1 brushType=4 eraserSize=12.0 eraserOp=1.00 layer=0x5f7a2b51bd30
[BrushEngine::stampEraser] cx=177.0 cy=325.0 m_eraser=0x5f7a1ec70c58
[GradualEraser::stamp] cx=177.0 cy=325.0 r=6 total=113 skipped_zero=113 erased=0
[GradualEraser::verify] center(177,325) rgba=(0,0,0,0)
[BrushEngine::stampEraser] cx=177.0 cy=324.0 m_eraser=0x5f7a1ec70c58
[GradualEraser::stamp] cx=177.0 cy=324.0 r=6 total=113 skipped_zero=102 erased=11
[GradualEraser::verify] center(177,324) rgba=(0,0,0,0)
[BrushEngine::stampEraser] cx=177.0 cy=324.0 m_eraser=0x5f7a1ec70c58
[GradualEraser::stamp] cx=177.0 cy=324.0 r=6 total=113 skipped_zero=113 erased=0
[GradualEraser::verify] center(177,324) rgba=(0,0,0,0)
[MOUSE_MOVE] drawing=true tool=1 drawing at (521.0,405.0)
[handleDrawing] tool=1 brushType=4 eraserSize=12.0 eraserOp=1.00 layer=0x5f7a2b51bd30
[BrushEngine::stampEraser] cx=177.0 cy=324.0 m_eraser=0x5f7a1ec70c58
[GradualEraser::stamp] cx=177.0 cy=324.0 r=6 total=113 skipped_zero=113 erased=0
[GradualEraser::verify] center(177,324) rgba=(0,0,0,0)
[BrushEngine::stampEraser] cx=177.0 cy=323.0 m_eraser=0x5f7a1ec70c58
[GradualEraser::stamp] cx=177.0 cy=323.0 r=6 total=113 skipped_zero=103 erased=10
[GradualEraser::verify] center(177,323) rgba=(0,0,0,0)
[BrushEngine::stampEraser] cx=177.0 cy=323.0 m_eraser=0x5f7a1ec70c58
[GradualEraser::stamp] cx=177.0 cy=323.0 r=6 total=113 skipped_zero=113 erased=0
[GradualEraser::verify] center(177,323) rgba=(0,0,0,0)
[MOUSE_MOVE] drawing=true tool=1 drawing at (521.0,404.0)
[handleDrawing] tool=1 brushType=4 eraserSize=12.0 eraserOp=1.00 layer=0x5f7a2b51bd30
[BrushEngine::stampEraser] cx=177.0 cy=323.0 m_eraser=0x5f7a1ec70c58
[GradualEraser::stamp] cx=177.0 cy=323.0 r=6 total=113 skipped_zero=113 erased=0
[GradualEraser::verify] center(177,323) rgba=(0,0,0,0)
[BrushEngine::stampEraser] cx=177.0 cy=322.0 m_eraser=0x5f7a1ec70c58
[GradualEraser::stamp] cx=177.0 cy=322.0 r=6 total=113 skipped_zero=103 erased=10
[GradualEraser::verify] center(177,322) rgba=(0,0,0,0)
[BrushEngine::stampEraser] cx=177.0 cy=322.0 m_eraser=0x5f7a1ec70c58
[GradualEraser::stamp] cx=177.0 cy=322.0 r=6 total=113 skipped_zero=113 erased=0
[GradualEraser::verify] center(177,322) rgba=(0,0,0,0)
[MOUSE_MOVE] drawing=true tool=1 drawing at (521.0,403.0)
[handleDrawing] tool=1 brushType=4 eraserSize=12.0 eraserOp=1.00 layer=0x5f7a2b51bd30
[BrushEngine::stampEraser] cx=177.0 cy=322.0 m_eraser=0x5f7a1ec70c58
[GradualEraser::stamp] cx=177.0 cy=322.0 r=6 total=113 skipped_zero=113 erased=0
[GradualEraser::verify] center(177,322) rgba=(0,0,0,0)
[BrushEngine::stampEraser] cx=177.0 cy=321.0 m_eraser=0x5f7a1ec70c58
[GradualEraser::stamp] cx=177.0 cy=321.0 r=6 total=113 skipped_zero=105 erased=8
[GradualEraser::verify] center(177,321) rgba=(0,0,0,0)
[BrushEngine::stampEraser] cx=177.0 cy=321.0 m_eraser=0x5f7a1ec70c58
[GradualEraser::stamp] cx=177.0 cy=321.0 r=6 total=113 skipped_zero=113 erased=0
[GradualEraser::verify] center(177,321) rgba=(0,0,0,0)
[CANVAS_UPDATE] recompositing (frameDirty=1 canvasDirty=0)
[CANVAS_UPDATE] sample pixel (177,321): rgba=(255,101,50,255)
[MOUSE_MOVE] drawing=true tool=1 drawing at (521.0,402.0)
[handleDrawing] tool=1 brushType=4 eraserSize=12.0 eraserOp=1.00 layer=0x5f7a2b51bd30
[BrushEngine::stampEraser] cx=177.0 cy=321.0 m_eraser=0x5f7a1ec70c58
[GradualEraser::stamp] cx=177.0 cy=321.0 r=6 total=113 skipped_zero=113 erased=0
[GradualEraser::verify] center(177,321) rgba=(0,0,0,0)
[BrushEngine::stampEraser] cx=177.0 cy=320.0 m_eraser=0x5f7a1ec70c58
[GradualEraser::stamp] cx=177.0 cy=320.0 r=6 total=113 skipped_zero=107 erased=6
[GradualEraser::verify] center(177,320) rgba=(0,0,0,0)
[BrushEngine::stampEraser] cx=177.0 cy=320.0 m_eraser=0x5f7a1ec70c58
[GradualEraser::stamp] cx=177.0 cy=320.0 r=6 total=113 skipped_zero=113 erased=0
[GradualEraser::verify] center(177,320) rgba=(0,0,0,0)
[MOUSE_MOVE] drawing=true tool=1 drawing at (521.0,401.0)
[handleDrawing] tool=1 brushType=4 eraserSize=12.0 eraserOp=1.00 layer=0x5f7a2b51bd30
[BrushEngine::stampEraser] cx=177.0 cy=320.0 m_eraser=0x5f7a1ec70c58
[GradualEraser::stamp] cx=177.0 cy=320.0 r=6 total=113 skipped_zero=113 erased=0
[GradualEraser::verify] center(177,320) rgba=(0,0,0,0)
[BrushEngine::stampEraser] cx=177.0 cy=319.0 m_eraser=0x5f7a1ec70c58
[GradualEraser::stamp] cx=177.0 cy=319.0 r=6 total=113 skipped_zero=107 erased=6
[GradualEraser::verify] center(177,319) rgba=(0,0,0,0)
[BrushEngine::stampEraser] cx=177.0 cy=319.0 m_eraser=0x5f7a1ec70c58
[GradualEraser::stamp] cx=177.0 cy=319.0 r=6 total=113 skipped_zero=113 erased=0
[GradualEraser::verify] center(177,319) rgba=(0,0,0,0)
[MOUSE_MOVE] drawing=true tool=1 drawing at (521.0,400.0)
[handleDrawing] tool=1 brushType=4 eraserSize=12.0 eraserOp=1.00 layer=0x5f7a2b51bd30
[BrushEngine::stampEraser] cx=177.0 cy=319.0 m_eraser=0x5f7a1ec70c58
[GradualEraser::stamp] cx=177.0 cy=319.0 r=6 total=113 skipped_zero=113 erased=0
[GradualEraser::verify] center(177,319) rgba=(0,0,0,0)
[BrushEngine::stampEraser] cx=177.0 cy=318.0 m_eraser=0x5f7a1ec70c58
[GradualEraser::stamp] cx=177.0 cy=318.0 r=6 total=113 skipped_zero=108 erased=5
[GradualEraser::verify] center(177,318) rgba=(0,0,0,0)
[BrushEngine::stampEraser] cx=177.0 cy=318.0 m_eraser=0x5f7a1ec70c58
[GradualEraser::stamp] cx=177.0 cy=318.0 r=6 total=113 skipped_zero=113 erased=0
[GradualEraser::verify] center(177,318) rgba=(0,0,0,0)
[CANVAS_UPDATE] recompositing (frameDirty=1 canvasDirty=0)
[CANVAS_UPDATE] sample pixel (177,318): rgba=(255,101,50,255)
[MOUSE_MOVE] drawing=true tool=1 drawing at (521.0,399.0)
[handleDrawing] tool=1 brushType=4 eraserSize=12.0 eraserOp=1.00 layer=0x5f7a2b51bd30
[BrushEngine::stampEraser] cx=177.0 cy=318.0 m_eraser=0x5f7a1ec70c58
[GradualEraser::stamp] cx=177.0 cy=318.0 r=6 total=113 skipped_zero=113 erased=0
[GradualEraser::verify] center(177,318) rgba=(0,0,0,0)
[BrushEngine::stampEraser] cx=177.0 cy=317.0 m_eraser=0x5f7a1ec70c58
[GradualEraser::stamp] cx=177.0 cy=317.0 r=6 total=113 skipped_zero=109 erased=4
[GradualEraser::verify] center(177,317) rgba=(0,0,0,0)
[BrushEngine::stampEraser] cx=177.0 cy=317.0 m_eraser=0x5f7a1ec70c58
[GradualEraser::stamp] cx=177.0 cy=317.0 r=6 total=113 skipped_zero=113 erased=0
[GradualEraser::verify] center(177,317) rgba=(0,0,0,0)
[MOUSE_MOVE] drawing=true tool=1 drawing at (520.0,398.0)
[handleDrawing] tool=1 brushType=4 eraserSize=12.0 eraserOp=1.00 layer=0x5f7a2b51bd30
[BrushEngine::stampEraser] cx=177.0 cy=317.0 m_eraser=0x5f7a1ec70c58
[GradualEraser::stamp] cx=177.0 cy=317.0 r=6 total=113 skipped_zero=113 erased=0
[GradualEraser::verify] center(177,317) rgba=(0,0,0,0)
[BrushEngine::stampEraser] cx=176.0 cy=316.0 m_eraser=0x5f7a1ec70c58
[GradualEraser::stamp] cx=176.0 cy=316.0 r=6 total=113 skipped_zero=104 erased=9
[GradualEraser::verify] center(176,316) rgba=(0,0,0,0)
[BrushEngine::stampEraser] cx=176.0 cy=316.0 m_eraser=0x5f7a1ec70c58
[GradualEraser::stamp] cx=176.0 cy=316.0 r=6 total=113 skipped_zero=113 erased=0
[GradualEraser::verify] center(176,316) rgba=(0,0,0,0)
[MOUSE_MOVE] drawing=true tool=1 drawing at (520.0,397.0)
[handleDrawing] tool=1 brushType=4 eraserSize=12.0 eraserOp=1.00 layer=0x5f7a2b51bd30
[BrushEngine::stampEraser] cx=176.0 cy=316.0 m_eraser=0x5f7a1ec70c58
[GradualEraser::stamp] cx=176.0 cy=316.0 r=6 total=113 skipped_zero=113 erased=0
[GradualEraser::verify] center(176,316) rgba=(0,0,0,0)
[BrushEngine::stampEraser] cx=176.0 cy=315.0 m_eraser=0x5f7a1ec70c58
[GradualEraser::stamp] cx=176.0 cy=315.0 r=6 total=113 skipped_zero=109 erased=4
[GradualEraser::verify] center(176,315) rgba=(0,0,0,0)
[BrushEngine::stampEraser] cx=176.0 cy=315.0 m_eraser=0x5f7a1ec70c58
[GradualEraser::stamp] cx=176.0 cy=315.0 r=6 total=113 skipped_zero=113 erased=0
[GradualEraser::verify] center(176,315) rgba=(0,0,0,0)
[MOUSE_MOVE] drawing=true tool=1 drawing at (520.0,396.0)
[handleDrawing] tool=1 brushType=4 eraserSize=12.0 eraserOp=1.00 layer=0x5f7a2b51bd30
[BrushEngine::stampEraser] cx=176.0 cy=315.0 m_eraser=0x5f7a1ec70c58
[GradualEraser::stamp] cx=176.0 cy=315.0 r=6 total=113 skipped_zero=113 erased=0
[GradualEraser::verify] center(176,315) rgba=(0,0,0,0)
[BrushEngine::stampEraser] cx=176.0 cy=314.0 m_eraser=0x5f7a1ec70c58
[GradualEraser::stamp] cx=176.0 cy=314.0 r=6 total=113 skipped_zero=110 erased=3
[GradualEraser::verify] center(176,314) rgba=(0,0,0,0)
[BrushEngine::stampEraser] cx=176.0 cy=314.0 m_eraser=0x5f7a1ec70c58
[GradualEraser::stamp] cx=176.0 cy=314.0 r=6 total=113 skipped_zero=113 erased=0
[GradualEraser::verify] center(176,314) rgba=(0,0,0,0)
[MOUSE_MOVE] drawing=true tool=1 drawing at (518.0,395.0)
[handleDrawing] tool=1 brushType=4 eraserSize=12.0 eraserOp=1.00 layer=0x5f7a2b51bd30
[BrushEngine::stampEraser] cx=176.0 cy=314.0 m_eraser=0x5f7a1ec70c58
[GradualEraser::stamp] cx=176.0 cy=314.0 r=6 total=113 skipped_zero=113 erased=0
[GradualEraser::verify] center(176,314) rgba=(0,0,0,0)
[BrushEngine::stampEraser] cx=174.0 cy=313.0 m_eraser=0x5f7a1ec70c58
[GradualEraser::stamp] cx=174.0 cy=313.0 r=6 total=113 skipped_zero=94 erased=19
[GradualEraser::verify] center(174,313) rgba=(0,0,0,0)
[BrushEngine::stampEraser] cx=174.0 cy=313.0 m_eraser=0x5f7a1ec70c58
[GradualEraser::stamp] cx=174.0 cy=313.0 r=6 total=113 skipped_zero=113 erased=0
[GradualEraser::verify] center(174,313) rgba=(0,0,0,0)
[CANVAS_UPDATE] recompositing (frameDirty=1 canvasDirty=0)
[CANVAS_UPDATE] sample pixel (174,313): rgba=(255,101,50,255)
[MOUSE_MOVE] drawing=true tool=1 drawing at (518.0,394.0)
[handleDrawing] tool=1 brushType=4 eraserSize=12.0 eraserOp=1.00 layer=0x5f7a2b51bd30
[BrushEngine::stampEraser] cx=174.0 cy=313.0 m_eraser=0x5f7a1ec70c58
[GradualEraser::stamp] cx=174.0 cy=313.0 r=6 total=113 skipped_zero=113 erased=0
[GradualEraser::verify] center(174,313) rgba=(0,0,0,0)
[BrushEngine::stampEraser] cx=174.0 cy=312.0 m_eraser=0x5f7a1ec70c58
[GradualEraser::stamp] cx=174.0 cy=312.0 r=6 total=113 skipped_zero=108 erased=5
[GradualEraser::verify] center(174,312) rgba=(0,0,0,0)
[BrushEngine::stampEraser] cx=174.0 cy=312.0 m_eraser=0x5f7a1ec70c58
[GradualEraser::stamp] cx=174.0 cy=312.0 r=6 total=113 skipped_zero=113 erased=0
[GradualEraser::verify] center(174,312) rgba=(0,0,0,0)
[MOUSE_MOVE] drawing=true tool=1 drawing at (517.0,393.0)
[handleDrawing] tool=1 brushType=4 eraserSize=12.0 eraserOp=1.00 layer=0x5f7a2b51bd30
[BrushEngine::stampEraser] cx=174.0 cy=312.0 m_eraser=0x5f7a1ec70c58
[GradualEraser::stamp] cx=174.0 cy=312.0 r=6 total=113 skipped_zero=113 erased=0
[GradualEraser::verify] center(174,312) rgba=(0,0,0,0)
[BrushEngine::stampEraser] cx=173.0 cy=311.0 m_eraser=0x5f7a1ec70c58
[GradualEraser::stamp] cx=173.0 cy=311.0 r=6 total=113 skipped_zero=102 erased=11
[GradualEraser::verify] center(173,311) rgba=(0,0,0,0)
[BrushEngine::stampEraser] cx=173.0 cy=311.0 m_eraser=0x5f7a1ec70c58
[GradualEraser::stamp] cx=173.0 cy=311.0 r=6 total=113 skipped_zero=113 erased=0
[GradualEraser::verify] center(173,311) rgba=(0,0,0,0)
[MOUSE_MOVE] drawing=true tool=1 drawing at (516.0,392.0)
[handleDrawing] tool=1 brushType=4 eraserSize=12.0 eraserOp=1.00 layer=0x5f7a2b51bd30
[BrushEngine::stampEraser] cx=173.0 cy=311.0 m_eraser=0x5f7a1ec70c58
[GradualEraser::stamp] cx=173.0 cy=311.0 r=6 total=113 skipped_zero=113 erased=0
[GradualEraser::verify] center(173,311) rgba=(0,0,0,0)
[BrushEngine::stampEraser] cx=172.0 cy=310.0 m_eraser=0x5f7a1ec70c58
[GradualEraser::stamp] cx=172.0 cy=310.0 r=6 total=113 skipped_zero=101 erased=12
[GradualEraser::verify] center(172,310) rgba=(0,0,0,0)
[BrushEngine::stampEraser] cx=172.0 cy=310.0 m_eraser=0x5f7a1ec70c58
[GradualEraser::stamp] cx=172.0 cy=310.0 r=6 total=113 skipped_zero=113 erased=0
[GradualEraser::verify] center(172,310) rgba=(0,0,0,0)
[MOUSE_MOVE] drawing=true tool=1 drawing at (516.0,391.0)
[handleDrawing] tool=1 brushType=4 eraserSize=12.0 eraserOp=1.00 layer=0x5f7a2b51bd30
[BrushEngine::stampEraser] cx=172.0 cy=310.0 m_eraser=0x5f7a1ec70c58
[GradualEraser::stamp] cx=172.0 cy=310.0 r=6 total=113 skipped_zero=113 erased=0
[GradualEraser::verify] center(172,310) rgba=(0,0,0,0)
[BrushEngine::stampEraser] cx=172.0 cy=309.0 m_eraser=0x5f7a1ec70c58
[GradualEraser::stamp] cx=172.0 cy=309.0 r=6 total=113 skipped_zero=108 erased=5
[GradualEraser::verify] center(172,309) rgba=(0,0,0,0)
[BrushEngine::stampEraser] cx=172.0 cy=309.0 m_eraser=0x5f7a1ec70c58
[GradualEraser::stamp] cx=172.0 cy=309.0 r=6 total=113 skipped_zero=113 erased=0
[GradualEraser::verify] center(172,309) rgba=(0,0,0,0)
[MOUSE_MOVE] drawing=true tool=1 drawing at (515.0,391.0)
[handleDrawing] tool=1 brushType=4 eraserSize=12.0 eraserOp=1.00 layer=0x5f7a2b51bd30
[BrushEngine::stampEraser] cx=172.0 cy=309.0 m_eraser=0x5f7a1ec70c58
[GradualEraser::stamp] cx=172.0 cy=309.0 r=6 total=113 skipped_zero=113 erased=0
[GradualEraser::verify] center(172,309) rgba=(0,0,0,0)
[BrushEngine::stampEraser] cx=171.0 cy=309.0 m_eraser=0x5f7a1ec70c58
[GradualEraser::stamp] cx=171.0 cy=309.0 r=6 total=113 skipped_zero=105 erased=8
[GradualEraser::verify] center(171,309) rgba=(0,0,0,0)
[BrushEngine::stampEraser] cx=171.0 cy=309.0 m_eraser=0x5f7a1ec70c58
[GradualEraser::stamp] cx=171.0 cy=309.0 r=6 total=113 skipped_zero=113 erased=0
[GradualEraser::verify] center(171,309) rgba=(0,0,0,0)
[MOUSE_MOVE] drawing=true tool=1 drawing at (514.0,390.0)
[handleDrawing] tool=1 brushType=4 eraserSize=12.0 eraserOp=1.00 layer=0x5f7a2b51bd30
[BrushEngine::stampEraser] cx=171.0 cy=309.0 m_eraser=0x5f7a1ec70c58
[GradualEraser::stamp] cx=171.0 cy=309.0 r=6 total=113 skipped_zero=113 erased=0
[GradualEraser::verify] center(171,309) rgba=(0,0,0,0)
[BrushEngine::stampEraser] cx=170.0 cy=308.0 m_eraser=0x5f7a1ec70c58
[GradualEraser::stamp] cx=170.0 cy=308.0 r=6 total=113 skipped_zero=100 erased=13
[GradualEraser::verify] center(170,308) rgba=(0,0,0,0)
[BrushEngine::stampEraser] cx=170.0 cy=308.0 m_eraser=0x5f7a1ec70c58
[GradualEraser::stamp] cx=170.0 cy=308.0 r=6 total=113 skipped_zero=113 erased=0
[GradualEraser::verify] center(170,308) rgba=(0,0,0,0)
[CANVAS_UPDATE] recompositing (frameDirty=1 canvasDirty=0)
[CANVAS_UPDATE] sample pixel (170,308): rgba=(255,101,50,255)
[MOUSE_MOVE] drawing=true tool=1 drawing at (513.0,388.0)
[handleDrawing] tool=1 brushType=4 eraserSize=12.0 eraserOp=1.00 layer=0x5f7a2b51bd30
[BrushEngine::stampEraser] cx=170.0 cy=308.0 m_eraser=0x5f7a1ec70c58
[GradualEraser::stamp] cx=170.0 cy=308.0 r=6 total=113 skipped_zero=113 erased=0
[GradualEraser::verify] center(170,308) rgba=(0,0,0,0)
[BrushEngine::stampEraser] cx=169.0 cy=306.0 m_eraser=0x5f7a1ec70c58
[GradualEraser::stamp] cx=169.0 cy=306.0 r=6 total=113 skipped_zero=95 erased=18
[GradualEraser::verify] center(169,306) rgba=(0,0,0,0)
[BrushEngine::stampEraser] cx=169.0 cy=306.0 m_eraser=0x5f7a1ec70c58
[GradualEraser::stamp] cx=169.0 cy=306.0 r=6 total=113 skipped_zero=113 erased=0
[GradualEraser::verify] center(169,306) rgba=(0,0,0,0)
[MOUSE_MOVE] drawing=true tool=1 drawing at (513.0,387.0)
[handleDrawing] tool=1 brushType=4 eraserSize=12.0 eraserOp=1.00 layer=0x5f7a2b51bd30
[BrushEngine::stampEraser] cx=169.0 cy=306.0 m_eraser=0x5f7a1ec70c58
[GradualEraser::stamp] cx=169.0 cy=306.0 r=6 total=113 skipped_zero=113 erased=0
[GradualEraser::verify] center(169,306) rgba=(0,0,0,0)
[BrushEngine::stampEraser] cx=169.0 cy=305.0 m_eraser=0x5f7a1ec70c58
[GradualEraser::stamp] cx=169.0 cy=305.0 r=6 total=113 skipped_zero=107 erased=6
[GradualEraser::verify] center(169,305) rgba=(0,0,0,0)
[BrushEngine::stampEraser] cx=169.0 cy=305.0 m_eraser=0x5f7a1ec70c58
[GradualEraser::stamp] cx=169.0 cy=305.0 r=6 total=113 skipped_zero=113 erased=0
[GradualEraser::verify] center(169,305) rgba=(0,0,0,0)
[MOUSE_MOVE] drawing=true tool=1 drawing at (512.0,386.0)
[handleDrawing] tool=1 brushType=4 eraserSize=12.0 eraserOp=1.00 layer=0x5f7a2b51bd30
[BrushEngine::stampEraser] cx=169.0 cy=305.0 m_eraser=0x5f7a1ec70c58
[GradualEraser::stamp] cx=169.0 cy=305.0 r=6 total=113 skipped_zero=113 erased=0
[GradualEraser::verify] center(169,305) rgba=(0,0,0,0)
[BrushEngine::stampEraser] cx=168.0 cy=304.0 m_eraser=0x5f7a1ec70c58
[GradualEraser::stamp] cx=168.0 cy=304.0 r=6 total=113 skipped_zero=99 erased=14
[GradualEraser::verify] center(168,304) rgba=(0,0,0,0)
[BrushEngine::stampEraser] cx=168.0 cy=304.0 m_eraser=0x5f7a1ec70c58
[GradualEraser::stamp] cx=168.0 cy=304.0 r=6 total=113 skipped_zero=113 erased=0
[GradualEraser::verify] center(168,304) rgba=(0,0,0,0)
[CANVAS_UPDATE] recompositing (frameDirty=1 canvasDirty=0)
[CANVAS_UPDATE] sample pixel (168,304): rgba=(255,101,50,255)
[MOUSE_MOVE] drawing=true tool=1 drawing at (511.0,386.0)
[handleDrawing] tool=1 brushType=4 eraserSize=12.0 eraserOp=1.00 layer=0x5f7a2b51bd30
[BrushEngine::stampEraser] cx=168.0 cy=304.0 m_eraser=0x5f7a1ec70c58
[GradualEraser::stamp] cx=168.0 cy=304.0 r=6 total=113 skipped_zero=113 erased=0
[GradualEraser::verify] center(168,304) rgba=(0,0,0,0)
[BrushEngine::stampEraser] cx=167.0 cy=304.0 m_eraser=0x5f7a1ec70c58
[GradualEraser::stamp] cx=167.0 cy=304.0 r=6 total=113 skipped_zero=102 erased=11
[GradualEraser::verify] center(167,304) rgba=(0,0,0,0)
[BrushEngine::stampEraser] cx=167.0 cy=304.0 m_eraser=0x5f7a1ec70c58
[GradualEraser::stamp] cx=167.0 cy=304.0 r=6 total=113 skipped_zero=113 erased=0
[GradualEraser::verify] center(167,304) rgba=(0,0,0,0)
[MOUSE_MOVE] drawing=true tool=1 drawing at (510.0,385.0)
[handleDrawing] tool=1 brushType=4 eraserSize=12.0 eraserOp=1.00 layer=0x5f7a2b51bd30
[BrushEngine::stampEraser] cx=167.0 cy=304.0 m_eraser=0x5f7a1ec70c58
[GradualEraser::stamp] cx=167.0 cy=304.0 r=6 total=113 skipped_zero=113 erased=0
[GradualEraser::verify] center(167,304) rgba=(0,0,0,0)
[BrushEngine::stampEraser] cx=166.0 cy=303.0 m_eraser=0x5f7a1ec70c58
[GradualEraser::stamp] cx=166.0 cy=303.0 r=6 total=113 skipped_zero=98 erased=15
[GradualEraser::verify] center(166,303) rgba=(0,0,0,0)
[BrushEngine::stampEraser] cx=166.0 cy=303.0 m_eraser=0x5f7a1ec70c58
[GradualEraser::stamp] cx=166.0 cy=303.0 r=6 total=113 skipped_zero=113 erased=0
[GradualEraser::verify] center(166,303) rgba=(0,0,0,0)
[CANVAS_UPDATE] recompositing (frameDirty=1 canvasDirty=0)
[CANVAS_UPDATE] sample pixel (166,303): rgba=(255,101,50,255)
[MOUSE_MOVE] drawing=true tool=1 drawing at (509.0,385.0)
[handleDrawing] tool=1 brushType=4 eraserSize=12.0 eraserOp=1.00 layer=0x5f7a2b51bd30
[BrushEngine::stampEraser] cx=166.0 cy=303.0 m_eraser=0x5f7a1ec70c58
[GradualEraser::stamp] cx=166.0 cy=303.0 r=6 total=113 skipped_zero=113 erased=0
[GradualEraser::verify] center(166,303) rgba=(0,0,0,0)
[BrushEngine::stampEraser] cx=165.0 cy=303.0 m_eraser=0x5f7a1ec70c58
[GradualEraser::stamp] cx=165.0 cy=303.0 r=6 total=113 skipped_zero=101 erased=12
[GradualEraser::verify] center(165,303) rgba=(0,0,0,0)
[BrushEngine::stampEraser] cx=165.0 cy=303.0 m_eraser=0x5f7a1ec70c58
[GradualEraser::stamp] cx=165.0 cy=303.0 r=6 total=113 skipped_zero=113 erased=0
[GradualEraser::verify] center(165,303) rgba=(0,0,0,0)
[CANVAS_UPDATE] recompositing (frameDirty=1 canvasDirty=0)
[CANVAS_UPDATE] sample pixel (165,303): rgba=(255,101,50,255)
[MOUSE_MOVE] drawing=true tool=1 drawing at (508.0,386.0)
[handleDrawing] tool=1 brushType=4 eraserSize=12.0 eraserOp=1.00 layer=0x5f7a2b51bd30
[BrushEngine::stampEraser] cx=165.0 cy=303.0 m_eraser=0x5f7a1ec70c58
[GradualEraser::stamp] cx=165.0 cy=303.0 r=6 total=113 skipped_zero=113 erased=0
[GradualEraser::verify] center(165,303) rgba=(0,0,0,0)
[BrushEngine::stampEraser] cx=164.0 cy=304.0 m_eraser=0x5f7a1ec70c58
[GradualEraser::stamp] cx=164.0 cy=304.0 r=6 total=113 skipped_zero=99 erased=14
[GradualEraser::verify] center(164,304) rgba=(0,0,0,0)
[BrushEngine::stampEraser] cx=164.0 cy=304.0 m_eraser=0x5f7a1ec70c58
[GradualEraser::stamp] cx=164.0 cy=304.0 r=6 total=113 skipped_zero=113 erased=0
[GradualEraser::verify] center(164,304) rgba=(0,0,0,0)
[MOUSE_MOVE] drawing=true tool=1 drawing at (508.0,387.0)
[handleDrawing] tool=1 brushType=4 eraserSize=12.0 eraserOp=1.00 layer=0x5f7a2b51bd30
[BrushEngine::stampEraser] cx=164.0 cy=304.0 m_eraser=0x5f7a1ec70c58
[GradualEraser::stamp] cx=164.0 cy=304.0 r=6 total=113 skipped_zero=113 erased=0
[GradualEraser::verify] center(164,304) rgba=(0,0,0,0)
[BrushEngine::stampEraser] cx=164.0 cy=305.0 m_eraser=0x5f7a1ec70c58
[GradualEraser::stamp] cx=164.0 cy=305.0 r=6 total=113 skipped_zero=106 erased=7
[GradualEraser::verify] center(164,305) rgba=(0,0,0,0)
[BrushEngine::stampEraser] cx=164.0 cy=305.0 m_eraser=0x5f7a1ec70c58
[GradualEraser::stamp] cx=164.0 cy=305.0 r=6 total=113 skipped_zero=113 erased=0
[GradualEraser::verify] center(164,305) rgba=(0,0,0,0)
[MOUSE_MOVE] drawing=true tool=1 drawing at (508.0,388.0)
[handleDrawing] tool=1 brushType=4 eraserSize=12.0 eraserOp=1.00 layer=0x5f7a2b51bd30
[BrushEngine::stampEraser] cx=164.0 cy=305.0 m_eraser=0x5f7a1ec70c58
[GradualEraser::stamp] cx=164.0 cy=305.0 r=6 total=113 skipped_zero=113 erased=0
[GradualEraser::verify] center(164,305) rgba=(0,0,0,0)
[BrushEngine::stampEraser] cx=164.0 cy=306.0 m_eraser=0x5f7a1ec70c58
[GradualEraser::stamp] cx=164.0 cy=306.0 r=6 total=113 skipped_zero=106 erased=7
[GradualEraser::verify] center(164,306) rgba=(0,0,0,0)
[BrushEngine::stampEraser] cx=164.0 cy=306.0 m_eraser=0x5f7a1ec70c58
[GradualEraser::stamp] cx=164.0 cy=306.0 r=6 total=113 skipped_zero=113 erased=0
[GradualEraser::verify] center(164,306) rgba=(0,0,0,0)
[MOUSE_MOVE] drawing=true tool=1 drawing at (508.0,389.0)
[handleDrawing] tool=1 brushType=4 eraserSize=12.0 eraserOp=1.00 layer=0x5f7a2b51bd30
[BrushEngine::stampEraser] cx=164.0 cy=306.0 m_eraser=0x5f7a1ec70c58
[GradualEraser::stamp] cx=164.0 cy=306.0 r=6 total=113 skipped_zero=113 erased=0
[GradualEraser::verify] center(164,306) rgba=(0,0,0,0)
[BrushEngine::stampEraser] cx=164.0 cy=307.0 m_eraser=0x5f7a1ec70c58
[GradualEraser::stamp] cx=164.0 cy=307.0 r=6 total=113 skipped_zero=107 erased=6
[GradualEraser::verify] center(164,307) rgba=(0,0,0,0)
[BrushEngine::stampEraser] cx=164.0 cy=307.0 m_eraser=0x5f7a1ec70c58
[GradualEraser::stamp] cx=164.0 cy=307.0 r=6 total=113 skipped_zero=113 erased=0
[GradualEraser::verify] center(164,307) rgba=(0,0,0,0)
[MOUSE_MOVE] drawing=true tool=1 drawing at (507.0,390.0)
[handleDrawing] tool=1 brushType=4 eraserSize=12.0 eraserOp=1.00 layer=0x5f7a2b51bd30
[BrushEngine::stampEraser] cx=164.0 cy=307.0 m_eraser=0x5f7a1ec70c58
[GradualEraser::stamp] cx=164.0 cy=307.0 r=6 total=113 skipped_zero=113 erased=0
[GradualEraser::verify] center(164,307) rgba=(0,0,0,0)
[BrushEngine::stampEraser] cx=163.0 cy=308.0 m_eraser=0x5f7a1ec70c58
[GradualEraser::stamp] cx=163.0 cy=308.0 r=6 total=113 skipped_zero=108 erased=5
[GradualEraser::verify] center(163,308) rgba=(0,0,0,0)
[BrushEngine::stampEraser] cx=163.0 cy=308.0 m_eraser=0x5f7a1ec70c58
[GradualEraser::stamp] cx=163.0 cy=308.0 r=6 total=113 skipped_zero=113 erased=0
[GradualEraser::verify] center(163,308) rgba=(0,0,0,0)
[CANVAS_UPDATE] recompositing (frameDirty=1 canvasDirty=0)
[CANVAS_UPDATE] sample pixel (163,308): rgba=(255,101,50,255)
[MOUSE_MOVE] drawing=true tool=1 drawing at (507.0,392.0)
[handleDrawing] tool=1 brushType=4 eraserSize=12.0 eraserOp=1.00 layer=0x5f7a2b51bd30
[BrushEngine::stampEraser] cx=163.0 cy=308.0 m_eraser=0x5f7a1ec70c58
[GradualEraser::stamp] cx=163.0 cy=308.0 r=6 total=113 skipped_zero=113 erased=0
[GradualEraser::verify] center(163,308) rgba=(0,0,0,0)
[BrushEngine::stampEraser] cx=163.0 cy=310.0 m_eraser=0x5f7a1ec70c58
[GradualEraser::stamp] cx=163.0 cy=310.0 r=6 total=113 skipped_zero=102 erased=11
[GradualEraser::verify] center(163,310) rgba=(0,0,0,0)
[BrushEngine::stampEraser] cx=163.0 cy=310.0 m_eraser=0x5f7a1ec70c58
[GradualEraser::stamp] cx=163.0 cy=310.0 r=6 total=113 skipped_zero=113 erased=0
[GradualEraser::verify] center(163,310) rgba=(0,0,0,0)
[MOUSE_MOVE] drawing=true tool=1 drawing at (507.0,393.0)
[handleDrawing] tool=1 brushType=4 eraserSize=12.0 eraserOp=1.00 layer=0x5f7a2b51bd30
[BrushEngine::stampEraser] cx=163.0 cy=310.0 m_eraser=0x5f7a1ec70c58
[GradualEraser::stamp] cx=163.0 cy=310.0 r=6 total=113 skipped_zero=113 erased=0
[GradualEraser::verify] center(163,310) rgba=(0,0,0,0)
[BrushEngine::stampEraser] cx=163.0 cy=311.0 m_eraser=0x5f7a1ec70c58
[GradualEraser::stamp] cx=163.0 cy=311.0 r=6 total=113 skipped_zero=108 erased=5
[GradualEraser::verify] center(163,311) rgba=(0,0,0,0)
[BrushEngine::stampEraser] cx=163.0 cy=311.0 m_eraser=0x5f7a1ec70c58
[GradualEraser::stamp] cx=163.0 cy=311.0 r=6 total=113 skipped_zero=113 erased=0
[GradualEraser::verify] center(163,311) rgba=(0,0,0,0)
[MOUSE_MOVE] drawing=true tool=1 drawing at (507.0,396.0)
[handleDrawing] tool=1 brushType=4 eraserSize=12.0 eraserOp=1.00 layer=0x5f7a2b51bd30
[BrushEngine::stampEraser] cx=163.0 cy=311.0 m_eraser=0x5f7a1ec70c58
[GradualEraser::stamp] cx=163.0 cy=311.0 r=6 total=113 skipped_zero=113 erased=0
[GradualEraser::verify] center(163,311) rgba=(0,0,0,0)
[BrushEngine::stampEraser] cx=163.0 cy=314.0 m_eraser=0x5f7a1ec70c58
[GradualEraser::stamp] cx=163.0 cy=314.0 r=6 total=113 skipped_zero=97 erased=16
[GradualEraser::verify] center(163,314) rgba=(0,0,0,0)
[BrushEngine::stampEraser] cx=163.0 cy=314.0 m_eraser=0x5f7a1ec70c58
[GradualEraser::stamp] cx=163.0 cy=314.0 r=6 total=113 skipped_zero=113 erased=0
[GradualEraser::verify] center(163,314) rgba=(0,0,0,0)
[MOUSE_MOVE] drawing=true tool=1 drawing at (507.0,397.0)
[handleDrawing] tool=1 brushType=4 eraserSize=12.0 eraserOp=1.00 layer=0x5f7a2b51bd30
[BrushEngine::stampEraser] cx=163.0 cy=314.0 m_eraser=0x5f7a1ec70c58
[GradualEraser::stamp] cx=163.0 cy=314.0 r=6 total=113 skipped_zero=113 erased=0
[GradualEraser::verify] center(163,314) rgba=(0,0,0,0)
[BrushEngine::stampEraser] cx=163.0 cy=315.0 m_eraser=0x5f7a1ec70c58
[GradualEraser::stamp] cx=163.0 cy=315.0 r=6 total=113 skipped_zero=109 erased=4
[GradualEraser::verify] center(163,315) rgba=(0,0,0,0)
[BrushEngine::stampEraser] cx=163.0 cy=315.0 m_eraser=0x5f7a1ec70c58
[GradualEraser::stamp] cx=163.0 cy=315.0 r=6 total=113 skipped_zero=113 erased=0
[GradualEraser::verify] center(163,315) rgba=(0,0,0,0)
[MOUSE_MOVE] drawing=true tool=1 drawing at (507.0,399.0)
[handleDrawing] tool=1 brushType=4 eraserSize=12.0 eraserOp=1.00 layer=0x5f7a2b51bd30
[BrushEngine::stampEraser] cx=163.0 cy=315.0 m_eraser=0x5f7a1ec70c58
[GradualEraser::stamp] cx=163.0 cy=315.0 r=6 total=113 skipped_zero=113 erased=0
[GradualEraser::verify] center(163,315) rgba=(0,0,0,0)
[BrushEngine::stampEraser] cx=163.0 cy=317.0 m_eraser=0x5f7a1ec70c58
[GradualEraser::stamp] cx=163.0 cy=317.0 r=6 total=113 skipped_zero=105 erased=8
[GradualEraser::verify] center(163,317) rgba=(0,0,0,0)
[BrushEngine::stampEraser] cx=163.0 cy=317.0 m_eraser=0x5f7a1ec70c58
[GradualEraser::stamp] cx=163.0 cy=317.0 r=6 total=113 skipped_zero=113 erased=0
[GradualEraser::verify] center(163,317) rgba=(0,0,0,0)
[MOUSE_MOVE] drawing=true tool=1 drawing at (507.0,401.0)
[handleDrawing] tool=1 brushType=4 eraserSize=12.0 eraserOp=1.00 layer=0x5f7a2b51bd30
[BrushEngine::stampEraser] cx=163.0 cy=317.0 m_eraser=0x5f7a1ec70c58
[GradualEraser::stamp] cx=163.0 cy=317.0 r=6 total=113 skipped_zero=113 erased=0
[GradualEraser::verify] center(163,317) rgba=(0,0,0,0)
[BrushEngine::stampEraser] cx=163.0 cy=319.0 m_eraser=0x5f7a1ec70c58
[GradualEraser::stamp] cx=163.0 cy=319.0 r=6 total=113 skipped_zero=107 erased=6
[GradualEraser::verify] center(163,319) rgba=(0,0,0,0)
[BrushEngine::stampEraser] cx=163.0 cy=319.0 m_eraser=0x5f7a1ec70c58
[GradualEraser::stamp] cx=163.0 cy=319.0 r=6 total=113 skipped_zero=113 erased=0
[GradualEraser::verify] center(163,319) rgba=(0,0,0,0)
[CANVAS_UPDATE] recompositing (frameDirty=1 canvasDirty=0)
[CANVAS_UPDATE] sample pixel (163,319): rgba=(0,0,0,0)
[MOUSE_MOVE] drawing=true tool=1 drawing at (507.0,402.0)
[handleDrawing] tool=1 brushType=4 eraserSize=12.0 eraserOp=1.00 layer=0x5f7a2b51bd30
[BrushEngine::stampEraser] cx=163.0 cy=319.0 m_eraser=0x5f7a1ec70c58
[GradualEraser::stamp] cx=163.0 cy=319.0 r=6 total=113 skipped_zero=113 erased=0
[GradualEraser::verify] center(163,319) rgba=(0,0,0,0)
[BrushEngine::stampEraser] cx=163.0 cy=320.0 m_eraser=0x5f7a1ec70c58
[GradualEraser::stamp] cx=163.0 cy=320.0 r=6 total=113 skipped_zero=110 erased=3
[GradualEraser::verify] center(163,320) rgba=(0,0,0,0)
[BrushEngine::stampEraser] cx=163.0 cy=320.0 m_eraser=0x5f7a1ec70c58
[GradualEraser::stamp] cx=163.0 cy=320.0 r=6 total=113 skipped_zero=113 erased=0
[GradualEraser::verify] center(163,320) rgba=(0,0,0,0)
[MOUSE_MOVE] drawing=true tool=1 drawing at (507.0,403.0)
[handleDrawing] tool=1 brushType=4 eraserSize=12.0 eraserOp=1.00 layer=0x5f7a2b51bd30
[BrushEngine::stampEraser] cx=163.0 cy=320.0 m_eraser=0x5f7a1ec70c58
[GradualEraser::stamp] cx=163.0 cy=320.0 r=6 total=113 skipped_zero=113 erased=0
[GradualEraser::verify] center(163,320) rgba=(0,0,0,0)
[BrushEngine::stampEraser] cx=163.0 cy=321.0 m_eraser=0x5f7a1ec70c58
[GradualEraser::stamp] cx=163.0 cy=321.0 r=6 total=113 skipped_zero=110 erased=3
[GradualEraser::verify] center(163,321) rgba=(0,0,0,0)
[BrushEngine::stampEraser] cx=163.0 cy=321.0 m_eraser=0x5f7a1ec70c58
[GradualEraser::stamp] cx=163.0 cy=321.0 r=6 total=113 skipped_zero=113 erased=0
[GradualEraser::verify] center(163,321) rgba=(0,0,0,0)
[MOUSE_MOVE] drawing=true tool=1 drawing at (507.0,405.0)
[handleDrawing] tool=1 brushType=4 eraserSize=12.0 eraserOp=1.00 layer=0x5f7a2b51bd30
[BrushEngine::stampEraser] cx=163.0 cy=321.0 m_eraser=0x5f7a1ec70c58
[GradualEraser::stamp] cx=163.0 cy=321.0 r=6 total=113 skipped_zero=113 erased=0
[GradualEraser::verify] center(163,321) rgba=(0,0,0,0)
[BrushEngine::stampEraser] cx=163.0 cy=323.0 m_eraser=0x5f7a1ec70c58
[GradualEraser::stamp] cx=163.0 cy=323.0 r=6 total=113 skipped_zero=110 erased=3
[GradualEraser::verify] center(163,323) rgba=(0,0,0,0)
[BrushEngine::stampEraser] cx=163.0 cy=323.0 m_eraser=0x5f7a1ec70c58
[GradualEraser::stamp] cx=163.0 cy=323.0 r=6 total=113 skipped_zero=113 erased=0
[GradualEraser::verify] center(163,323) rgba=(0,0,0,0)
[MOUSE_MOVE] drawing=true tool=1 drawing at (507.0,406.0)
[handleDrawing] tool=1 brushType=4 eraserSize=12.0 eraserOp=1.00 layer=0x5f7a2b51bd30
[BrushEngine::stampEraser] cx=163.0 cy=323.0 m_eraser=0x5f7a1ec70c58
[GradualEraser::stamp] cx=163.0 cy=323.0 r=6 total=113 skipped_zero=113 erased=0
[GradualEraser::verify] center(163,323) rgba=(0,0,0,0)
[BrushEngine::stampEraser] cx=163.0 cy=324.0 m_eraser=0x5f7a1ec70c58
[GradualEraser::stamp] cx=163.0 cy=324.0 r=6 total=113 skipped_zero=111 erased=2
[GradualEraser::verify] center(163,324) rgba=(0,0,0,0)
[BrushEngine::stampEraser] cx=163.0 cy=324.0 m_eraser=0x5f7a1ec70c58
[GradualEraser::stamp] cx=163.0 cy=324.0 r=6 total=113 skipped_zero=113 erased=0
[GradualEraser::verify] center(163,324) rgba=(0,0,0,0)
[MOUSE_MOVE] drawing=true tool=1 drawing at (507.0,407.0)
[handleDrawing] tool=1 brushType=4 eraserSize=12.0 eraserOp=1.00 layer=0x5f7a2b51bd30
[BrushEngine::stampEraser] cx=163.0 cy=324.0 m_eraser=0x5f7a1ec70c58
[GradualEraser::stamp] cx=163.0 cy=324.0 r=6 total=113 skipped_zero=113 erased=0
[GradualEraser::verify] center(163,324) rgba=(0,0,0,0)
[BrushEngine::stampEraser] cx=163.0 cy=325.0 m_eraser=0x5f7a1ec70c58
[GradualEraser::stamp] cx=163.0 cy=325.0 r=6 total=113 skipped_zero=111 erased=2
[GradualEraser::verify] center(163,325) rgba=(0,0,0,0)
[BrushEngine::stampEraser] cx=163.0 cy=325.0 m_eraser=0x5f7a1ec70c58
[GradualEraser::stamp] cx=163.0 cy=325.0 r=6 total=113 skipped_zero=113 erased=0
[GradualEraser::verify] center(163,325) rgba=(0,0,0,0)
[MOUSE_MOVE] drawing=true tool=1 drawing at (507.0,408.0)
[handleDrawing] tool=1 brushType=4 eraserSize=12.0 eraserOp=1.00 layer=0x5f7a2b51bd30
[BrushEngine::stampEraser] cx=163.0 cy=325.0 m_eraser=0x5f7a1ec70c58
[GradualEraser::stamp] cx=163.0 cy=325.0 r=6 total=113 skipped_zero=113 erased=0
[GradualEraser::verify] center(163,325) rgba=(0,0,0,0)
[BrushEngine::stampEraser] cx=163.0 cy=326.0 m_eraser=0x5f7a1ec70c58
[GradualEraser::stamp] cx=163.0 cy=326.0 r=6 total=113 skipped_zero=112 erased=1
[GradualEraser::verify] center(163,326) rgba=(0,0,0,0)
[BrushEngine::stampEraser] cx=163.0 cy=326.0 m_eraser=0x5f7a1ec70c58
[GradualEraser::stamp] cx=163.0 cy=326.0 r=6 total=113 skipped_zero=113 erased=0
[GradualEraser::verify] center(163,326) rgba=(0,0,0,0)
[CANVAS_UPDATE] recompositing (frameDirty=1 canvasDirty=0)
[CANVAS_UPDATE] sample pixel (163,326): rgba=(0,0,0,0)
[MOUSE_MOVE] drawing=true tool=1 drawing at (507.0,409.0)
[handleDrawing] tool=1 brushType=4 eraserSize=12.0 eraserOp=1.00 layer=0x5f7a2b51bd30
[BrushEngine::stampEraser] cx=163.0 cy=326.0 m_eraser=0x5f7a1ec70c58
[GradualEraser::stamp] cx=163.0 cy=326.0 r=6 total=113 skipped_zero=113 erased=0
[GradualEraser::verify] center(163,326) rgba=(0,0,0,0)
[BrushEngine::stampEraser] cx=163.0 cy=327.0 m_eraser=0x5f7a1ec70c58
[GradualEraser::stamp] cx=163.0 cy=327.0 r=6 total=113 skipped_zero=112 erased=1
[GradualEraser::verify] center(163,327) rgba=(0,0,0,0)
[BrushEngine::stampEraser] cx=163.0 cy=327.0 m_eraser=0x5f7a1ec70c58
[GradualEraser::stamp] cx=163.0 cy=327.0 r=6 total=113 skipped_zero=113 erased=0
[GradualEraser::verify] center(163,327) rgba=(0,0,0,0)
[MOUSE_MOVE] drawing=true tool=1 drawing at (507.0,410.0)
[handleDrawing] tool=1 brushType=4 eraserSize=12.0 eraserOp=1.00 layer=0x5f7a2b51bd30
[BrushEngine::stampEraser] cx=163.0 cy=327.0 m_eraser=0x5f7a1ec70c58
[GradualEraser::stamp] cx=163.0 cy=327.0 r=6 total=113 skipped_zero=113 erased=0
[GradualEraser::verify] center(163,327) rgba=(0,0,0,0)
[BrushEngine::stampEraser] cx=163.0 cy=328.0 m_eraser=0x5f7a1ec70c58
[GradualEraser::stamp] cx=163.0 cy=328.0 r=6 total=113 skipped_zero=113 erased=0
[GradualEraser::verify] center(163,328) rgba=(0,0,0,0)
[BrushEngine::stampEraser] cx=163.0 cy=328.0 m_eraser=0x5f7a1ec70c58
[GradualEraser::stamp] cx=163.0 cy=328.0 r=6 total=113 skipped_zero=113 erased=0
[GradualEraser::verify] center(163,328) rgba=(0,0,0,0)
[MOUSE_MOVE] drawing=true tool=1 drawing at (507.0,411.0)
[handleDrawing] tool=1 brushType=4 eraserSize=12.0 eraserOp=1.00 layer=0x5f7a2b51bd30
[BrushEngine::stampEraser] cx=163.0 cy=328.0 m_eraser=0x5f7a1ec70c58
[GradualEraser::stamp] cx=163.0 cy=328.0 r=6 total=113 skipped_zero=113 erased=0
[GradualEraser::verify] center(163,328) rgba=(0,0,0,0)
[BrushEngine::stampEraser] cx=163.0 cy=329.0 m_eraser=0x5f7a1ec70c58
[GradualEraser::stamp] cx=163.0 cy=329.0 r=6 total=113 skipped_zero=113 erased=0
[GradualEraser::verify] center(163,329) rgba=(0,0,0,0)
[BrushEngine::stampEraser] cx=163.0 cy=329.0 m_eraser=0x5f7a1ec70c58
[GradualEraser::stamp] cx=163.0 cy=329.0 r=6 total=113 skipped_zero=113 erased=0
[GradualEraser::verify] center(163,329) rgba=(0,0,0,0)
[MOUSE_MOVE] drawing=true tool=1 drawing at (507.0,412.0)
[handleDrawing] tool=1 brushType=4 eraserSize=12.0 eraserOp=1.00 layer=0x5f7a2b51bd30
[BrushEngine::stampEraser] cx=163.0 cy=329.0 m_eraser=0x5f7a1ec70c58
[GradualEraser::stamp] cx=163.0 cy=329.0 r=6 total=113 skipped_zero=113 erased=0
[GradualEraser::verify] center(163,329) rgba=(0,0,0,0)
[BrushEngine::stampEraser] cx=163.0 cy=330.0 m_eraser=0x5f7a1ec70c58
[GradualEraser::stamp] cx=163.0 cy=330.0 r=6 total=113 skipped_zero=113 erased=0
[GradualEraser::verify] center(163,330) rgba=(0,0,0,0)
[BrushEngine::stampEraser] cx=163.0 cy=330.0 m_eraser=0x5f7a1ec70c58
[GradualEraser::stamp] cx=163.0 cy=330.0 r=6 total=113 skipped_zero=113 erased=0
[GradualEraser::verify] center(163,330) rgba=(0,0,0,0)
[CANVAS_UPDATE] recompositing (frameDirty=1 canvasDirty=0)
[CANVAS_UPDATE] sample pixel (163,330): rgba=(0,0,0,0)
[MOUSE_MOVE] drawing=true tool=1 drawing at (507.0,413.0)
[handleDrawing] tool=1 brushType=4 eraserSize=12.0 eraserOp=1.00 layer=0x5f7a2b51bd30
[BrushEngine::stampEraser] cx=163.0 cy=330.0 m_eraser=0x5f7a1ec70c58
[GradualEraser::stamp] cx=163.0 cy=330.0 r=6 total=113 skipped_zero=113 erased=0
[GradualEraser::verify] center(163,330) rgba=(0,0,0,0)
[BrushEngine::stampEraser] cx=163.0 cy=331.0 m_eraser=0x5f7a1ec70c58
[GradualEraser::stamp] cx=163.0 cy=331.0 r=6 total=113 skipped_zero=113 erased=0
[GradualEraser::verify] center(163,331) rgba=(0,0,0,0)
[BrushEngine::stampEraser] cx=163.0 cy=331.0 m_eraser=0x5f7a1ec70c58
[GradualEraser::stamp] cx=163.0 cy=331.0 r=6 total=113 skipped_zero=113 erased=0
[GradualEraser::verify] center(163,331) rgba=(0,0,0,0)
[CANVAS_UPDATE] recompositing (frameDirty=1 canvasDirty=0)
[CANVAS_UPDATE] sample pixel (163,331): rgba=(0,0,0,0)
[MOUSE_MOVE] drawing=true tool=1 drawing at (507.0,414.0)
[handleDrawing] tool=1 brushType=4 eraserSize=12.0 eraserOp=1.00 layer=0x5f7a2b51bd30
[BrushEngine::stampEraser] cx=163.0 cy=331.0 m_eraser=0x5f7a1ec70c58
[GradualEraser::stamp] cx=163.0 cy=331.0 r=6 total=113 skipped_zero=113 erased=0
[GradualEraser::verify] center(163,331) rgba=(0,0,0,0)
[BrushEngine::stampEraser] cx=163.0 cy=332.0 m_eraser=0x5f7a1ec70c58
[GradualEraser::stamp] cx=163.0 cy=332.0 r=6 total=113 skipped_zero=113 erased=0
[GradualEraser::verify] center(163,332) rgba=(0,0,0,0)
[BrushEngine::stampEraser] cx=163.0 cy=332.0 m_eraser=0x5f7a1ec70c58
[GradualEraser::stamp] cx=163.0 cy=332.0 r=6 total=113 skipped_zero=113 erased=0
[GradualEraser::verify] center(163,332) rgba=(0,0,0,0)
[CANVAS_UPDATE] recompositing (frameDirty=1 canvasDirty=0)
[CANVAS_UPDATE] sample pixel (163,332): rgba=(0,0,0,0)
[MOUSE_MOVE] drawing=true tool=1 drawing at (507.0,414.0)
[handleDrawing] tool=1 brushType=4 eraserSize=12.0 eraserOp=1.00 layer=0x5f7a2b51bd30
[BrushEngine::stampEraser] cx=163.0 cy=332.0 m_eraser=0x5f7a1ec70c58
[GradualEraser::stamp] cx=163.0 cy=332.0 r=6 total=113 skipped_zero=113 erased=0
[GradualEraser::verify] center(163,332) rgba=(0,0,0,0)
[BrushEngine::stampEraser] cx=163.0 cy=332.0 m_eraser=0x5f7a1ec70c58
[GradualEraser::stamp] cx=163.0 cy=332.0 r=6 total=113 skipped_zero=113 erased=0
[GradualEraser::verify] center(163,332) rgba=(0,0,0,0)
[BrushEngine::stampEraser] cx=163.0 cy=332.0 m_eraser=0x5f7a1ec70c58
[GradualEraser::stamp] cx=163.0 cy=332.0 r=6 total=113 skipped_zero=113 erased=0
[GradualEraser::verify] center(163,332) rgba=(0,0,0,0)
[MOUSE_MOVE] drawing=true tool=1 drawing at (507.0,413.0)
[handleDrawing] tool=1 brushType=4 eraserSize=12.0 eraserOp=1.00 layer=0x5f7a2b51bd30
[BrushEngine::stampEraser] cx=163.0 cy=332.0 m_eraser=0x5f7a1ec70c58
[GradualEraser::stamp] cx=163.0 cy=332.0 r=6 total=113 skipped_zero=113 erased=0
[GradualEraser::verify] center(163,332) rgba=(0,0,0,0)
[BrushEngine::stampEraser] cx=163.0 cy=331.0 m_eraser=0x5f7a1ec70c58
[GradualEraser::stamp] cx=163.0 cy=331.0 r=6 total=113 skipped_zero=113 erased=0
[GradualEraser::verify] center(163,331) rgba=(0,0,0,0)
[BrushEngine::stampEraser] cx=163.0 cy=331.0 m_eraser=0x5f7a1ec70c58
[GradualEraser::stamp] cx=163.0 cy=331.0 r=6 total=113 skipped_zero=113 erased=0
[GradualEraser::verify] center(163,331) rgba=(0,0,0,0)
[CANVAS_UPDATE] recompositing (frameDirty=1 canvasDirty=0)
[CANVAS_UPDATE] sample pixel (163,331): rgba=(0,0,0,0)
[MOUSE_MOVE] drawing=true tool=1 drawing at (507.0,412.0)
[handleDrawing] tool=1 brushType=4 eraserSize=12.0 eraserOp=1.00 layer=0x5f7a2b51bd30
[BrushEngine::stampEraser] cx=163.0 cy=331.0 m_eraser=0x5f7a1ec70c58
[GradualEraser::stamp] cx=163.0 cy=331.0 r=6 total=113 skipped_zero=113 erased=0
[GradualEraser::verify] center(163,331) rgba=(0,0,0,0)
[BrushEngine::stampEraser] cx=163.0 cy=330.0 m_eraser=0x5f7a1ec70c58
[GradualEraser::stamp] cx=163.0 cy=330.0 r=6 total=113 skipped_zero=113 erased=0
[GradualEraser::verify] center(163,330) rgba=(0,0,0,0)
[BrushEngine::stampEraser] cx=163.0 cy=330.0 m_eraser=0x5f7a1ec70c58
[GradualEraser::stamp] cx=163.0 cy=330.0 r=6 total=113 skipped_zero=113 erased=0
[GradualEraser::verify] center(163,330) rgba=(0,0,0,0)
[MOUSE_MOVE] drawing=true tool=1 drawing at (507.0,411.0)
[handleDrawing] tool=1 brushType=4 eraserSize=12.0 eraserOp=1.00 layer=0x5f7a2b51bd30
[BrushEngine::stampEraser] cx=163.0 cy=330.0 m_eraser=0x5f7a1ec70c58
[GradualEraser::stamp] cx=163.0 cy=330.0 r=6 total=113 skipped_zero=113 erased=0
[GradualEraser::verify] center(163,330) rgba=(0,0,0,0)
[BrushEngine::stampEraser] cx=163.0 cy=329.0 m_eraser=0x5f7a1ec70c58
[GradualEraser::stamp] cx=163.0 cy=329.0 r=6 total=113 skipped_zero=113 erased=0
[GradualEraser::verify] center(163,329) rgba=(0,0,0,0)
[BrushEngine::stampEraser] cx=163.0 cy=329.0 m_eraser=0x5f7a1ec70c58
[GradualEraser::stamp] cx=163.0 cy=329.0 r=6 total=113 skipped_zero=113 erased=0
[GradualEraser::verify] center(163,329) rgba=(0,0,0,0)
[MOUSE_MOVE] drawing=true tool=1 drawing at (507.0,410.0)
[handleDrawing] tool=1 brushType=4 eraserSize=12.0 eraserOp=1.00 layer=0x5f7a2b51bd30
[BrushEngine::stampEraser] cx=163.0 cy=329.0 m_eraser=0x5f7a1ec70c58
[GradualEraser::stamp] cx=163.0 cy=329.0 r=6 total=113 skipped_zero=113 erased=0
[GradualEraser::verify] center(163,329) rgba=(0,0,0,0)
[BrushEngine::stampEraser] cx=163.0 cy=328.0 m_eraser=0x5f7a1ec70c58
[GradualEraser::stamp] cx=163.0 cy=328.0 r=6 total=113 skipped_zero=113 erased=0
[GradualEraser::verify] center(163,328) rgba=(0,0,0,0)
[BrushEngine::stampEraser] cx=163.0 cy=328.0 m_eraser=0x5f7a1ec70c58
[GradualEraser::stamp] cx=163.0 cy=328.0 r=6 total=113 skipped_zero=113 erased=0
[GradualEraser::verify] center(163,328) rgba=(0,0,0,0)
[CANVAS_UPDATE] recompositing (frameDirty=1 canvasDirty=0)
[CANVAS_UPDATE] sample pixel (163,328): rgba=(0,0,0,0)
[MOUSE_MOVE] drawing=true tool=1 drawing at (507.0,409.0)
[handleDrawing] tool=1 brushType=4 eraserSize=12.0 eraserOp=1.00 layer=0x5f7a2b51bd30
[BrushEngine::stampEraser] cx=163.0 cy=328.0 m_eraser=0x5f7a1ec70c58
[GradualEraser::stamp] cx=163.0 cy=328.0 r=6 total=113 skipped_zero=113 erased=0
[GradualEraser::verify] center(163,328) rgba=(0,0,0,0)
[BrushEngine::stampEraser] cx=163.0 cy=327.0 m_eraser=0x5f7a1ec70c58
[GradualEraser::stamp] cx=163.0 cy=327.0 r=6 total=113 skipped_zero=113 erased=0
[GradualEraser::verify] center(163,327) rgba=(0,0,0,0)
[BrushEngine::stampEraser] cx=163.0 cy=327.0 m_eraser=0x5f7a1ec70c58
[GradualEraser::stamp] cx=163.0 cy=327.0 r=6 total=113 skipped_zero=113 erased=0
[GradualEraser::verify] center(163,327) rgba=(0,0,0,0)
[MOUSE_MOVE] drawing=true tool=1 drawing at (507.0,408.0)
[handleDrawing] tool=1 brushType=4 eraserSize=12.0 eraserOp=1.00 layer=0x5f7a2b51bd30
[BrushEngine::stampEraser] cx=163.0 cy=327.0 m_eraser=0x5f7a1ec70c58
[GradualEraser::stamp] cx=163.0 cy=327.0 r=6 total=113 skipped_zero=113 erased=0
[GradualEraser::verify] center(163,327) rgba=(0,0,0,0)
[BrushEngine::stampEraser] cx=163.0 cy=326.0 m_eraser=0x5f7a1ec70c58
[GradualEraser::stamp] cx=163.0 cy=326.0 r=6 total=113 skipped_zero=113 erased=0
[GradualEraser::verify] center(163,326) rgba=(0,0,0,0)
[BrushEngine::stampEraser] cx=163.0 cy=326.0 m_eraser=0x5f7a1ec70c58
[GradualEraser::stamp] cx=163.0 cy=326.0 r=6 total=113 skipped_zero=113 erased=0
[GradualEraser::verify] center(163,326) rgba=(0,0,0,0)
[MOUSE_MOVE] drawing=true tool=1 drawing at (507.0,406.0)
[handleDrawing] tool=1 brushType=4 eraserSize=12.0 eraserOp=1.00 layer=0x5f7a2b51bd30
[BrushEngine::stampEraser] cx=163.0 cy=326.0 m_eraser=0x5f7a1ec70c58
[GradualEraser::stamp] cx=163.0 cy=326.0 r=6 total=113 skipped_zero=113 erased=0
[GradualEraser::verify] center(163,326) rgba=(0,0,0,0)
[BrushEngine::stampEraser] cx=163.0 cy=324.0 m_eraser=0x5f7a1ec70c58
[GradualEraser::stamp] cx=163.0 cy=324.0 r=6 total=113 skipped_zero=113 erased=0
[GradualEraser::verify] center(163,324) rgba=(0,0,0,0)
[BrushEngine::stampEraser] cx=163.0 cy=324.0 m_eraser=0x5f7a1ec70c58
[GradualEraser::stamp] cx=163.0 cy=324.0 r=6 total=113 skipped_zero=113 erased=0
[GradualEraser::verify] center(163,324) rgba=(0,0,0,0)
[MOUSE_MOVE] drawing=true tool=1 drawing at (507.0,405.0)
[handleDrawing] tool=1 brushType=4 eraserSize=12.0 eraserOp=1.00 layer=0x5f7a2b51bd30
[BrushEngine::stampEraser] cx=163.0 cy=324.0 m_eraser=0x5f7a1ec70c58
[GradualEraser::stamp] cx=163.0 cy=324.0 r=6 total=113 skipped_zero=113 erased=0
[GradualEraser::verify] center(163,324) rgba=(0,0,0,0)
[BrushEngine::stampEraser] cx=163.0 cy=323.0 m_eraser=0x5f7a1ec70c58
[GradualEraser::stamp] cx=163.0 cy=323.0 r=6 total=113 skipped_zero=113 erased=0
[GradualEraser::verify] center(163,323) rgba=(0,0,0,0)
[BrushEngine::stampEraser] cx=163.0 cy=323.0 m_eraser=0x5f7a1ec70c58
[GradualEraser::stamp] cx=163.0 cy=323.0 r=6 total=113 skipped_zero=113 erased=0
[GradualEraser::verify] center(163,323) rgba=(0,0,0,0)
[MOUSE_MOVE] drawing=true tool=1 drawing at (507.0,404.0)
[handleDrawing] tool=1 brushType=4 eraserSize=12.0 eraserOp=1.00 layer=0x5f7a2b51bd30
[BrushEngine::stampEraser] cx=163.0 cy=323.0 m_eraser=0x5f7a1ec70c58
[GradualEraser::stamp] cx=163.0 cy=323.0 r=6 total=113 skipped_zero=113 erased=0
[GradualEraser::verify] center(163,323) rgba=(0,0,0,0)
[BrushEngine::stampEraser] cx=163.0 cy=322.0 m_eraser=0x5f7a1ec70c58
[GradualEraser::stamp] cx=163.0 cy=322.0 r=6 total=113 skipped_zero=112 erased=1
[GradualEraser::verify] center(163,322) rgba=(0,0,0,0)
[BrushEngine::stampEraser] cx=163.0 cy=322.0 m_eraser=0x5f7a1ec70c58
[GradualEraser::stamp] cx=163.0 cy=322.0 r=6 total=113 skipped_zero=113 erased=0
[GradualEraser::verify] center(163,322) rgba=(0,0,0,0)
[MOUSE_MOVE] drawing=true tool=1 drawing at (507.0,403.0)
[handleDrawing] tool=1 brushType=4 eraserSize=12.0 eraserOp=1.00 layer=0x5f7a2b51bd30
[BrushEngine::stampEraser] cx=163.0 cy=322.0 m_eraser=0x5f7a1ec70c58
[GradualEraser::stamp] cx=163.0 cy=322.0 r=6 total=113 skipped_zero=113 erased=0
[GradualEraser::verify] center(163,322) rgba=(0,0,0,0)
[BrushEngine::stampEraser] cx=163.0 cy=321.0 m_eraser=0x5f7a1ec70c58
[GradualEraser::stamp] cx=163.0 cy=321.0 r=6 total=113 skipped_zero=113 erased=0
[GradualEraser::verify] center(163,321) rgba=(0,0,0,0)
[BrushEngine::stampEraser] cx=163.0 cy=321.0 m_eraser=0x5f7a1ec70c58
[GradualEraser::stamp] cx=163.0 cy=321.0 r=6 total=113 skipped_zero=113 erased=0
[GradualEraser::verify] center(163,321) rgba=(0,0,0,0)
[MOUSE_MOVE] drawing=true tool=1 drawing at (507.0,401.0)
[handleDrawing] tool=1 brushType=4 eraserSize=12.0 eraserOp=1.00 layer=0x5f7a2b51bd30
[BrushEngine::stampEraser] cx=163.0 cy=321.0 m_eraser=0x5f7a1ec70c58
[GradualEraser::stamp] cx=163.0 cy=321.0 r=6 total=113 skipped_zero=113 erased=0
[GradualEraser::verify] center(163,321) rgba=(0,0,0,0)
[BrushEngine::stampEraser] cx=163.0 cy=319.0 m_eraser=0x5f7a1ec70c58
[GradualEraser::stamp] cx=163.0 cy=319.0 r=6 total=113 skipped_zero=113 erased=0
[GradualEraser::verify] center(163,319) rgba=(0,0,0,0)
[BrushEngine::stampEraser] cx=163.0 cy=319.0 m_eraser=0x5f7a1ec70c58
[GradualEraser::stamp] cx=163.0 cy=319.0 r=6 total=113 skipped_zero=113 erased=0
[GradualEraser::verify] center(163,319) rgba=(0,0,0,0)
[CANVAS_UPDATE] recompositing (frameDirty=1 canvasDirty=0)
[CANVAS_UPDATE] sample pixel (163,319): rgba=(0,0,0,0)
[MOUSE_MOVE] drawing=true tool=1 drawing at (507.0,400.0)
[handleDrawing] tool=1 brushType=4 eraserSize=12.0 eraserOp=1.00 layer=0x5f7a2b51bd30
[BrushEngine::stampEraser] cx=163.0 cy=319.0 m_eraser=0x5f7a1ec70c58
[GradualEraser::stamp] cx=163.0 cy=319.0 r=6 total=113 skipped_zero=113 erased=0
[GradualEraser::verify] center(163,319) rgba=(0,0,0,0)
[BrushEngine::stampEraser] cx=163.0 cy=318.0 m_eraser=0x5f7a1ec70c58
[GradualEraser::stamp] cx=163.0 cy=318.0 r=6 total=113 skipped_zero=112 erased=1
[GradualEraser::verify] center(163,318) rgba=(0,0,0,0)
[BrushEngine::stampEraser] cx=163.0 cy=318.0 m_eraser=0x5f7a1ec70c58
[GradualEraser::stamp] cx=163.0 cy=318.0 r=6 total=113 skipped_zero=113 erased=0
[GradualEraser::verify] center(163,318) rgba=(0,0,0,0)
[MOUSE_MOVE] drawing=true tool=1 drawing at (507.0,399.0)
[handleDrawing] tool=1 brushType=4 eraserSize=12.0 eraserOp=1.00 layer=0x5f7a2b51bd30
[BrushEngine::stampEraser] cx=163.0 cy=318.0 m_eraser=0x5f7a1ec70c58
[GradualEraser::stamp] cx=163.0 cy=318.0 r=6 total=113 skipped_zero=113 erased=0
[GradualEraser::verify] center(163,318) rgba=(0,0,0,0)
[BrushEngine::stampEraser] cx=163.0 cy=317.0 m_eraser=0x5f7a1ec70c58
[GradualEraser::stamp] cx=163.0 cy=317.0 r=6 total=113 skipped_zero=113 erased=0
[GradualEraser::verify] center(163,317) rgba=(0,0,0,0)
[BrushEngine::stampEraser] cx=163.0 cy=317.0 m_eraser=0x5f7a1ec70c58
[GradualEraser::stamp] cx=163.0 cy=317.0 r=6 total=113 skipped_zero=113 erased=0
[GradualEraser::verify] center(163,317) rgba=(0,0,0,0)
[MOUSE_MOVE] drawing=true tool=1 drawing at (507.0,396.0)
[handleDrawing] tool=1 brushType=4 eraserSize=12.0 eraserOp=1.00 layer=0x5f7a2b51bd30
[BrushEngine::stampEraser] cx=163.0 cy=317.0 m_eraser=0x5f7a1ec70c58
[GradualEraser::stamp] cx=163.0 cy=317.0 r=6 total=113 skipped_zero=113 erased=0
[GradualEraser::verify] center(163,317) rgba=(0,0,0,0)
[BrushEngine::stampEraser] cx=163.0 cy=314.0 m_eraser=0x5f7a1ec70c58
[GradualEraser::stamp] cx=163.0 cy=314.0 r=6 total=113 skipped_zero=113 erased=0
[GradualEraser::verify] center(163,314) rgba=(0,0,0,0)
[BrushEngine::stampEraser] cx=163.0 cy=314.0 m_eraser=0x5f7a1ec70c58
[GradualEraser::stamp] cx=163.0 cy=314.0 r=6 total=113 skipped_zero=113 erased=0
[GradualEraser::verify] center(163,314) rgba=(0,0,0,0)
[MOUSE_MOVE] drawing=true tool=1 drawing at (507.0,395.0)
[handleDrawing] tool=1 brushType=4 eraserSize=12.0 eraserOp=1.00 layer=0x5f7a2b51bd30
[BrushEngine::stampEraser] cx=163.0 cy=314.0 m_eraser=0x5f7a1ec70c58
[GradualEraser::stamp] cx=163.0 cy=314.0 r=6 total=113 skipped_zero=113 erased=0
[GradualEraser::verify] center(163,314) rgba=(0,0,0,0)
[BrushEngine::stampEraser] cx=163.0 cy=313.0 m_eraser=0x5f7a1ec70c58
[GradualEraser::stamp] cx=163.0 cy=313.0 r=6 total=113 skipped_zero=113 erased=0
[GradualEraser::verify] center(163,313) rgba=(0,0,0,0)
[BrushEngine::stampEraser] cx=163.0 cy=313.0 m_eraser=0x5f7a1ec70c58
[GradualEraser::stamp] cx=163.0 cy=313.0 r=6 total=113 skipped_zero=113 erased=0
[GradualEraser::verify] center(163,313) rgba=(0,0,0,0)
[MOUSE_MOVE] drawing=true tool=1 drawing at (507.0,394.0)
[handleDrawing] tool=1 brushType=4 eraserSize=12.0 eraserOp=1.00 layer=0x5f7a2b51bd30
[BrushEngine::stampEraser] cx=163.0 cy=313.0 m_eraser=0x5f7a1ec70c58
[GradualEraser::stamp] cx=163.0 cy=313.0 r=6 total=113 skipped_zero=113 erased=0
[GradualEraser::verify] center(163,313) rgba=(0,0,0,0)
[BrushEngine::stampEraser] cx=163.0 cy=312.0 m_eraser=0x5f7a1ec70c58
[GradualEraser::stamp] cx=163.0 cy=312.0 r=6 total=113 skipped_zero=113 erased=0
[GradualEraser::verify] center(163,312) rgba=(0,0,0,0)
[BrushEngine::stampEraser] cx=163.0 cy=312.0 m_eraser=0x5f7a1ec70c58
[GradualEraser::stamp] cx=163.0 cy=312.0 r=6 total=113 skipped_zero=113 erased=0
[GradualEraser::verify] center(163,312) rgba=(0,0,0,0)
[MOUSE_MOVE] drawing=true tool=1 drawing at (507.0,393.0)
[handleDrawing] tool=1 brushType=4 eraserSize=12.0 eraserOp=1.00 layer=0x5f7a2b51bd30
[BrushEngine::stampEraser] cx=163.0 cy=312.0 m_eraser=0x5f7a1ec70c58
[GradualEraser::stamp] cx=163.0 cy=312.0 r=6 total=113 skipped_zero=113 erased=0
[GradualEraser::verify] center(163,312) rgba=(0,0,0,0)
[BrushEngine::stampEraser] cx=163.0 cy=311.0 m_eraser=0x5f7a1ec70c58
[GradualEraser::stamp] cx=163.0 cy=311.0 r=6 total=113 skipped_zero=113 erased=0
[GradualEraser::verify] center(163,311) rgba=(0,0,0,0)
[BrushEngine::stampEraser] cx=163.0 cy=311.0 m_eraser=0x5f7a1ec70c58
[GradualEraser::stamp] cx=163.0 cy=311.0 r=6 total=113 skipped_zero=113 erased=0
[GradualEraser::verify] center(163,311) rgba=(0,0,0,0)
[MOUSE_MOVE] drawing=true tool=1 drawing at (507.0,392.0)
[handleDrawing] tool=1 brushType=4 eraserSize=12.0 eraserOp=1.00 layer=0x5f7a2b51bd30
[BrushEngine::stampEraser] cx=163.0 cy=311.0 m_eraser=0x5f7a1ec70c58
[GradualEraser::stamp] cx=163.0 cy=311.0 r=6 total=113 skipped_zero=113 erased=0
[GradualEraser::verify] center(163,311) rgba=(0,0,0,0)
[BrushEngine::stampEraser] cx=163.0 cy=310.0 m_eraser=0x5f7a1ec70c58
[GradualEraser::stamp] cx=163.0 cy=310.0 r=6 total=113 skipped_zero=113 erased=0
[GradualEraser::verify] center(163,310) rgba=(0,0,0,0)
[BrushEngine::stampEraser] cx=163.0 cy=310.0 m_eraser=0x5f7a1ec70c58
[GradualEraser::stamp] cx=163.0 cy=310.0 r=6 total=113 skipped_zero=113 erased=0
[GradualEraser::verify] center(163,310) rgba=(0,0,0,0)
[CANVAS_UPDATE] recompositing (frameDirty=1 canvasDirty=0)
[CANVAS_UPDATE] sample pixel (163,310): rgba=(255,101,50,255)
[MOUSE_MOVE] drawing=true tool=1 drawing at (507.0,391.0)
[handleDrawing] tool=1 brushType=4 eraserSize=12.0 eraserOp=1.00 layer=0x5f7a2b51bd30
[BrushEngine::stampEraser] cx=163.0 cy=310.0 m_eraser=0x5f7a1ec70c58
[GradualEraser::stamp] cx=163.0 cy=310.0 r=6 total=113 skipped_zero=113 erased=0
[GradualEraser::verify] center(163,310) rgba=(0,0,0,0)
[BrushEngine::stampEraser] cx=163.0 cy=309.0 m_eraser=0x5f7a1ec70c58
[GradualEraser::stamp] cx=163.0 cy=309.0 r=6 total=113 skipped_zero=113 erased=0
[GradualEraser::verify] center(163,309) rgba=(0,0,0,0)
[BrushEngine::stampEraser] cx=163.0 cy=309.0 m_eraser=0x5f7a1ec70c58
[GradualEraser::stamp] cx=163.0 cy=309.0 r=6 total=113 skipped_zero=113 erased=0
[GradualEraser::verify] center(163,309) rgba=(0,0,0,0)
[MOUSE_MOVE] drawing=true tool=1 drawing at (507.0,390.0)
[handleDrawing] tool=1 brushType=4 eraserSize=12.0 eraserOp=1.00 layer=0x5f7a2b51bd30
[BrushEngine::stampEraser] cx=163.0 cy=309.0 m_eraser=0x5f7a1ec70c58
[GradualEraser::stamp] cx=163.0 cy=309.0 r=6 total=113 skipped_zero=113 erased=0
[GradualEraser::verify] center(163,309) rgba=(0,0,0,0)
[BrushEngine::stampEraser] cx=163.0 cy=308.0 m_eraser=0x5f7a1ec70c58
[GradualEraser::stamp] cx=163.0 cy=308.0 r=6 total=113 skipped_zero=113 erased=0
[GradualEraser::verify] center(163,308) rgba=(0,0,0,0)
[BrushEngine::stampEraser] cx=163.0 cy=308.0 m_eraser=0x5f7a1ec70c58
[GradualEraser::stamp] cx=163.0 cy=308.0 r=6 total=113 skipped_zero=113 erased=0
[GradualEraser::verify] center(163,308) rgba=(0,0,0,0)
[MOUSE_MOVE] drawing=true tool=1 drawing at (507.0,389.0)
[handleDrawing] tool=1 brushType=4 eraserSize=12.0 eraserOp=1.00 layer=0x5f7a2b51bd30
[BrushEngine::stampEraser] cx=163.0 cy=308.0 m_eraser=0x5f7a1ec70c58
[GradualEraser::stamp] cx=163.0 cy=308.0 r=6 total=113 skipped_zero=113 erased=0
[GradualEraser::verify] center(163,308) rgba=(0,0,0,0)
[BrushEngine::stampEraser] cx=163.0 cy=307.0 m_eraser=0x5f7a1ec70c58
[GradualEraser::stamp] cx=163.0 cy=307.0 r=6 total=113 skipped_zero=113 erased=0
[GradualEraser::verify] center(163,307) rgba=(0,0,0,0)
[BrushEngine::stampEraser] cx=163.0 cy=307.0 m_eraser=0x5f7a1ec70c58
[GradualEraser::stamp] cx=163.0 cy=307.0 r=6 total=113 skipped_zero=113 erased=0
[GradualEraser::verify] center(163,307) rgba=(0,0,0,0)
[MOUSE_MOVE] drawing=true tool=1 drawing at (507.0,388.0)
[handleDrawing] tool=1 brushType=4 eraserSize=12.0 eraserOp=1.00 layer=0x5f7a2b51bd30
[BrushEngine::stampEraser] cx=163.0 cy=307.0 m_eraser=0x5f7a1ec70c58
[GradualEraser::stamp] cx=163.0 cy=307.0 r=6 total=113 skipped_zero=113 erased=0
[GradualEraser::verify] center(163,307) rgba=(0,0,0,0)
[BrushEngine::stampEraser] cx=163.0 cy=306.0 m_eraser=0x5f7a1ec70c58
[GradualEraser::stamp] cx=163.0 cy=306.0 r=6 total=113 skipped_zero=112 erased=1
[GradualEraser::verify] center(163,306) rgba=(0,0,0,0)
[BrushEngine::stampEraser] cx=163.0 cy=306.0 m_eraser=0x5f7a1ec70c58
[GradualEraser::stamp] cx=163.0 cy=306.0 r=6 total=113 skipped_zero=113 erased=0
[GradualEraser::verify] center(163,306) rgba=(0,0,0,0)
[MOUSE_MOVE] drawing=true tool=1 drawing at (506.0,385.0)
[handleDrawing] tool=1 brushType=4 eraserSize=12.0 eraserOp=1.00 layer=0x5f7a2b51bd30
[BrushEngine::stampEraser] cx=163.0 cy=306.0 m_eraser=0x5f7a1ec70c58
[GradualEraser::stamp] cx=163.0 cy=306.0 r=6 total=113 skipped_zero=113 erased=0
[GradualEraser::verify] center(163,306) rgba=(0,0,0,0)
[BrushEngine::stampEraser] cx=162.5 cy=304.5 m_eraser=0x5f7a1ec70c58
[GradualEraser::stamp] cx=162.5 cy=304.5 r=6 total=113 skipped_zero=112 erased=1
[GradualEraser::verify] center(163,305) rgba=(0,0,0,0)
[BrushEngine::stampEraser] cx=162.0 cy=303.0 m_eraser=0x5f7a1ec70c58
[GradualEraser::stamp] cx=162.0 cy=303.0 r=6 total=113 skipped_zero=98 erased=15
[GradualEraser::verify] center(162,303) rgba=(0,0,0,0)
[BrushEngine::stampEraser] cx=162.0 cy=303.0 m_eraser=0x5f7a1ec70c58
[GradualEraser::stamp] cx=162.0 cy=303.0 r=6 total=113 skipped_zero=113 erased=0
[GradualEraser::verify] center(162,303) rgba=(0,0,0,0)
[MOUSE_MOVE] drawing=true tool=1 drawing at (506.0,384.0)
[handleDrawing] tool=1 brushType=4 eraserSize=12.0 eraserOp=1.00 layer=0x5f7a2b51bd30
[BrushEngine::stampEraser] cx=162.0 cy=303.0 m_eraser=0x5f7a1ec70c58
[GradualEraser::stamp] cx=162.0 cy=303.0 r=6 total=113 skipped_zero=113 erased=0
[GradualEraser::verify] center(162,303) rgba=(0,0,0,0)
[BrushEngine::stampEraser] cx=162.0 cy=302.0 m_eraser=0x5f7a1ec70c58
[GradualEraser::stamp] cx=162.0 cy=302.0 r=6 total=113 skipped_zero=105 erased=8
[GradualEraser::verify] center(162,302) rgba=(0,0,0,0)
[BrushEngine::stampEraser] cx=162.0 cy=302.0 m_eraser=0x5f7a1ec70c58
[GradualEraser::stamp] cx=162.0 cy=302.0 r=6 total=113 skipped_zero=113 erased=0
[GradualEraser::verify] center(162,302) rgba=(0,0,0,0)
[CANVAS_UPDATE] recompositing (frameDirty=1 canvasDirty=0)
[CANVAS_UPDATE] sample pixel (162,302): rgba=(255,101,50,255)
[MOUSE_MOVE] drawing=true tool=1 drawing at (505.0,383.0)
[handleDrawing] tool=1 brushType=4 eraserSize=12.0 eraserOp=1.00 layer=0x5f7a2b51bd30
[BrushEngine::stampEraser] cx=162.0 cy=302.0 m_eraser=0x5f7a1ec70c58
[GradualEraser::stamp] cx=162.0 cy=302.0 r=6 total=113 skipped_zero=113 erased=0
[GradualEraser::verify] center(162,302) rgba=(0,0,0,0)
[BrushEngine::stampEraser] cx=161.0 cy=301.0 m_eraser=0x5f7a1ec70c58
[GradualEraser::stamp] cx=161.0 cy=301.0 r=6 total=113 skipped_zero=99 erased=14
[GradualEraser::verify] center(161,301) rgba=(0,0,0,0)
[BrushEngine::stampEraser] cx=161.0 cy=301.0 m_eraser=0x5f7a1ec70c58
[GradualEraser::stamp] cx=161.0 cy=301.0 r=6 total=113 skipped_zero=113 erased=0
[GradualEraser::verify] center(161,301) rgba=(0,0,0,0)
[MOUSE_MOVE] drawing=true tool=1 drawing at (505.0,380.0)
[handleDrawing] tool=1 brushType=4 eraserSize=12.0 eraserOp=1.00 layer=0x5f7a2b51bd30
[BrushEngine::stampEraser] cx=161.0 cy=301.0 m_eraser=0x5f7a1ec70c58
[GradualEraser::stamp] cx=161.0 cy=301.0 r=6 total=113 skipped_zero=113 erased=0
[GradualEraser::verify] center(161,301) rgba=(0,0,0,0)
[BrushEngine::stampEraser] cx=161.0 cy=298.0 m_eraser=0x5f7a1ec70c58
[GradualEraser::stamp] cx=161.0 cy=298.0 r=6 total=113 skipped_zero=80 erased=33
[GradualEraser::verify] center(161,298) rgba=(0,0,0,0)
[BrushEngine::stampEraser] cx=161.0 cy=298.0 m_eraser=0x5f7a1ec70c58
[GradualEraser::stamp] cx=161.0 cy=298.0 r=6 total=113 skipped_zero=113 erased=0
[GradualEraser::verify] center(161,298) rgba=(0,0,0,0)
[MOUSE_MOVE] drawing=true tool=1 drawing at (503.0,379.0)
[handleDrawing] tool=1 brushType=4 eraserSize=12.0 eraserOp=1.00 layer=0x5f7a2b51bd30
[BrushEngine::stampEraser] cx=161.0 cy=298.0 m_eraser=0x5f7a1ec70c58
[GradualEraser::stamp] cx=161.0 cy=298.0 r=6 total=113 skipped_zero=113 erased=0
[GradualEraser::verify] center(161,298) rgba=(0,0,0,0)
[BrushEngine::stampEraser] cx=159.0 cy=297.0 m_eraser=0x5f7a1ec70c58
[GradualEraser::stamp] cx=159.0 cy=297.0 r=6 total=113 skipped_zero=96 erased=17
[GradualEraser::verify] center(159,297) rgba=(0,0,0,0)
[BrushEngine::stampEraser] cx=159.0 cy=297.0 m_eraser=0x5f7a1ec70c58
[GradualEraser::stamp] cx=159.0 cy=297.0 r=6 total=113 skipped_zero=113 erased=0
[GradualEraser::verify] center(159,297) rgba=(0,0,0,0)
[MOUSE_MOVE] drawing=true tool=1 drawing at (503.0,378.0)
[handleDrawing] tool=1 brushType=4 eraserSize=12.0 eraserOp=1.00 layer=0x5f7a2b51bd30
[BrushEngine::stampEraser] cx=159.0 cy=297.0 m_eraser=0x5f7a1ec70c58
[GradualEraser::stamp] cx=159.0 cy=297.0 r=6 total=113 skipped_zero=113 erased=0
[GradualEraser::verify] center(159,297) rgba=(0,0,0,0)
[BrushEngine::stampEraser] cx=159.0 cy=296.0 m_eraser=0x5f7a1ec70c58
[GradualEraser::stamp] cx=159.0 cy=296.0 r=6 total=113 skipped_zero=103 erased=10
[GradualEraser::verify] center(159,296) rgba=(0,0,0,0)
[BrushEngine::stampEraser] cx=159.0 cy=296.0 m_eraser=0x5f7a1ec70c58
[GradualEraser::stamp] cx=159.0 cy=296.0 r=6 total=113 skipped_zero=113 erased=0
[GradualEraser::verify] center(159,296) rgba=(0,0,0,0)
[MOUSE_MOVE] drawing=true tool=1 drawing at (503.0,375.0)
[handleDrawing] tool=1 brushType=4 eraserSize=12.0 eraserOp=1.00 layer=0x5f7a2b51bd30
[BrushEngine::stampEraser] cx=159.0 cy=296.0 m_eraser=0x5f7a1ec70c58
[GradualEraser::stamp] cx=159.0 cy=296.0 r=6 total=113 skipped_zero=113 erased=0
[GradualEraser::verify] center(159,296) rgba=(0,0,0,0)
[BrushEngine::stampEraser] cx=159.0 cy=293.0 m_eraser=0x5f7a1ec70c58
[GradualEraser::stamp] cx=159.0 cy=293.0 r=6 total=113 skipped_zero=81 erased=32
[GradualEraser::verify] center(159,293) rgba=(0,0,0,0)
[BrushEngine::stampEraser] cx=159.0 cy=293.0 m_eraser=0x5f7a1ec70c58
[GradualEraser::stamp] cx=159.0 cy=293.0 r=6 total=113 skipped_zero=113 erased=0
[GradualEraser::verify] center(159,293) rgba=(0,0,0,0)
[MOUSE_MOVE] drawing=true tool=1 drawing at (502.0,374.0)
[handleDrawing] tool=1 brushType=4 eraserSize=12.0 eraserOp=1.00 layer=0x5f7a2b51bd30
[BrushEngine::stampEraser] cx=159.0 cy=293.0 m_eraser=0x5f7a1ec70c58
[GradualEraser::stamp] cx=159.0 cy=293.0 r=6 total=113 skipped_zero=113 erased=0
[GradualEraser::verify] center(159,293) rgba=(0,0,0,0)
[BrushEngine::stampEraser] cx=158.0 cy=292.0 m_eraser=0x5f7a1ec70c58
[GradualEraser::stamp] cx=158.0 cy=292.0 r=6 total=113 skipped_zero=104 erased=9
[GradualEraser::verify] center(158,292) rgba=(0,0,0,0)
[BrushEngine::stampEraser] cx=158.0 cy=292.0 m_eraser=0x5f7a1ec70c58
[GradualEraser::stamp] cx=158.0 cy=292.0 r=6 total=113 skipped_zero=113 erased=0
[GradualEraser::verify] center(158,292) rgba=(0,0,0,0)
[CANVAS_UPDATE] recompositing (frameDirty=1 canvasDirty=0)
[CANVAS_UPDATE] sample pixel (158,292): rgba=(255,101,50,255)
[MOUSE_MOVE] drawing=true tool=1 drawing at (502.0,373.0)
[handleDrawing] tool=1 brushType=4 eraserSize=12.0 eraserOp=1.00 layer=0x5f7a2b51bd30
[BrushEngine::stampEraser] cx=158.0 cy=292.0 m_eraser=0x5f7a1ec70c58
[GradualEraser::stamp] cx=158.0 cy=292.0 r=6 total=113 skipped_zero=113 erased=0
[GradualEraser::verify] center(158,292) rgba=(0,0,0,0)
[BrushEngine::stampEraser] cx=158.0 cy=291.0 m_eraser=0x5f7a1ec70c58
[GradualEraser::stamp] cx=158.0 cy=291.0 r=6 total=113 skipped_zero=103 erased=10
[GradualEraser::verify] center(158,291) rgba=(0,0,0,0)
[BrushEngine::stampEraser] cx=158.0 cy=291.0 m_eraser=0x5f7a1ec70c58
[GradualEraser::stamp] cx=158.0 cy=291.0 r=6 total=113 skipped_zero=113 erased=0
[GradualEraser::verify] center(158,291) rgba=(0,0,0,0)
[MOUSE_MOVE] drawing=true tool=1 drawing at (502.0,372.0)
[handleDrawing] tool=1 brushType=4 eraserSize=12.0 eraserOp=1.00 layer=0x5f7a2b51bd30
[BrushEngine::stampEraser] cx=158.0 cy=291.0 m_eraser=0x5f7a1ec70c58
[GradualEraser::stamp] cx=158.0 cy=291.0 r=6 total=113 skipped_zero=113 erased=0
[GradualEraser::verify] center(158,291) rgba=(0,0,0,0)
[BrushEngine::stampEraser] cx=158.0 cy=290.0 m_eraser=0x5f7a1ec70c58
[GradualEraser::stamp] cx=158.0 cy=290.0 r=6 total=113 skipped_zero=103 erased=10
[GradualEraser::verify] center(158,290) rgba=(0,0,0,0)
[BrushEngine::stampEraser] cx=158.0 cy=290.0 m_eraser=0x5f7a1ec70c58
[GradualEraser::stamp] cx=158.0 cy=290.0 r=6 total=113 skipped_zero=113 erased=0
[GradualEraser::verify] center(158,290) rgba=(0,0,0,0)
[MOUSE_MOVE] drawing=true tool=1 drawing at (501.0,370.0)
[handleDrawing] tool=1 brushType=4 eraserSize=12.0 eraserOp=1.00 layer=0x5f7a2b51bd30
[BrushEngine::stampEraser] cx=158.0 cy=290.0 m_eraser=0x5f7a1ec70c58
[GradualEraser::stamp] cx=158.0 cy=290.0 r=6 total=113 skipped_zero=113 erased=0
[GradualEraser::verify] center(158,290) rgba=(0,0,0,0)
[BrushEngine::stampEraser] cx=157.0 cy=288.0 m_eraser=0x5f7a1ec70c58
[GradualEraser::stamp] cx=157.0 cy=288.0 r=6 total=113 skipped_zero=93 erased=20
[GradualEraser::verify] center(157,288) rgba=(0,0,0,0)
[BrushEngine::stampEraser] cx=157.0 cy=288.0 m_eraser=0x5f7a1ec70c58
[GradualEraser::stamp] cx=157.0 cy=288.0 r=6 total=113 skipped_zero=113 erased=0
[GradualEraser::verify] center(157,288) rgba=(0,0,0,0)
[MOUSE_MOVE] drawing=true tool=1 drawing at (501.0,369.0)
[handleDrawing] tool=1 brushType=4 eraserSize=12.0 eraserOp=1.00 layer=0x5f7a2b51bd30
[BrushEngine::stampEraser] cx=157.0 cy=288.0 m_eraser=0x5f7a1ec70c58
[GradualEraser::stamp] cx=157.0 cy=288.0 r=6 total=113 skipped_zero=113 erased=0
[GradualEraser::verify] center(157,288) rgba=(0,0,0,0)
[BrushEngine::stampEraser] cx=157.0 cy=287.0 m_eraser=0x5f7a1ec70c58
[GradualEraser::stamp] cx=157.0 cy=287.0 r=6 total=113 skipped_zero=103 erased=10
[GradualEraser::verify] center(157,287) rgba=(0,0,0,0)
[BrushEngine::stampEraser] cx=157.0 cy=287.0 m_eraser=0x5f7a1ec70c58
[GradualEraser::stamp] cx=157.0 cy=287.0 r=6 total=113 skipped_zero=113 erased=0
[GradualEraser::verify] center(157,287) rgba=(0,0,0,0)
[MOUSE_MOVE] drawing=true tool=1 drawing at (501.0,368.0)
[handleDrawing] tool=1 brushType=4 eraserSize=12.0 eraserOp=1.00 layer=0x5f7a2b51bd30
[BrushEngine::stampEraser] cx=157.0 cy=287.0 m_eraser=0x5f7a1ec70c58
[GradualEraser::stamp] cx=157.0 cy=287.0 r=6 total=113 skipped_zero=113 erased=0
[GradualEraser::verify] center(157,287) rgba=(0,0,0,0)
[BrushEngine::stampEraser] cx=157.0 cy=286.0 m_eraser=0x5f7a1ec70c58
[GradualEraser::stamp] cx=157.0 cy=286.0 r=6 total=113 skipped_zero=101 erased=12
[GradualEraser::verify] center(157,286) rgba=(0,0,0,0)
[BrushEngine::stampEraser] cx=157.0 cy=286.0 m_eraser=0x5f7a1ec70c58
[GradualEraser::stamp] cx=157.0 cy=286.0 r=6 total=113 skipped_zero=113 erased=0
[GradualEraser::verify] center(157,286) rgba=(0,0,0,0)
[MOUSE_MOVE] drawing=true tool=1 drawing at (500.0,366.0)
[handleDrawing] tool=1 brushType=4 eraserSize=12.0 eraserOp=1.00 layer=0x5f7a2b51bd30
[BrushEngine::stampEraser] cx=157.0 cy=286.0 m_eraser=0x5f7a1ec70c58
[GradualEraser::stamp] cx=157.0 cy=286.0 r=6 total=113 skipped_zero=113 erased=0
[GradualEraser::verify] center(157,286) rgba=(0,0,0,0)
[BrushEngine::stampEraser] cx=156.0 cy=284.0 m_eraser=0x5f7a1ec70c58
[GradualEraser::stamp] cx=156.0 cy=284.0 r=6 total=113 skipped_zero=95 erased=18
[GradualEraser::verify] center(156,284) rgba=(0,0,0,0)
[BrushEngine::stampEraser] cx=156.0 cy=284.0 m_eraser=0x5f7a1ec70c58
[GradualEraser::stamp] cx=156.0 cy=284.0 r=6 total=113 skipped_zero=113 erased=0
[GradualEraser::verify] center(156,284) rgba=(0,0,0,0)
[MOUSE_MOVE] drawing=true tool=1 drawing at (500.0,365.0)
[handleDrawing] tool=1 brushType=4 eraserSize=12.0 eraserOp=1.00 layer=0x5f7a2b51bd30
[BrushEngine::stampEraser] cx=156.0 cy=284.0 m_eraser=0x5f7a1ec70c58
[GradualEraser::stamp] cx=156.0 cy=284.0 r=6 total=113 skipped_zero=113 erased=0
[GradualEraser::verify] center(156,284) rgba=(0,0,0,0)
[BrushEngine::stampEraser] cx=156.0 cy=283.0 m_eraser=0x5f7a1ec70c58
[GradualEraser::stamp] cx=156.0 cy=283.0 r=6 total=113 skipped_zero=103 erased=10
[GradualEraser::verify] center(156,283) rgba=(0,0,0,0)
[BrushEngine::stampEraser] cx=156.0 cy=283.0 m_eraser=0x5f7a1ec70c58
[GradualEraser::stamp] cx=156.0 cy=283.0 r=6 total=113 skipped_zero=113 erased=0
[GradualEraser::verify] center(156,283) rgba=(0,0,0,0)
[CANVAS_UPDATE] recompositing (frameDirty=1 canvasDirty=0)
[CANVAS_UPDATE] sample pixel (156,283): rgba=(255,101,50,255)
[MOUSE_MOVE] drawing=true tool=1 drawing at (499.0,364.0)
[handleDrawing] tool=1 brushType=4 eraserSize=12.0 eraserOp=1.00 layer=0x5f7a2b51bd30
[BrushEngine::stampEraser] cx=156.0 cy=283.0 m_eraser=0x5f7a1ec70c58
[GradualEraser::stamp] cx=156.0 cy=283.0 r=6 total=113 skipped_zero=113 erased=0
[GradualEraser::verify] center(156,283) rgba=(0,0,0,0)
[BrushEngine::stampEraser] cx=155.0 cy=282.0 m_eraser=0x5f7a1ec70c58
[GradualEraser::stamp] cx=155.0 cy=282.0 r=6 total=113 skipped_zero=105 erased=8
[GradualEraser::verify] center(155,282) rgba=(0,0,0,0)
[BrushEngine::stampEraser] cx=155.0 cy=282.0 m_eraser=0x5f7a1ec70c58
[GradualEraser::stamp] cx=155.0 cy=282.0 r=6 total=113 skipped_zero=113 erased=0
[GradualEraser::verify] center(155,282) rgba=(0,0,0,0)
[MOUSE_MOVE] drawing=true tool=1 drawing at (499.0,362.0)
[handleDrawing] tool=1 brushType=4 eraserSize=12.0 eraserOp=1.00 layer=0x5f7a2b51bd30
[BrushEngine::stampEraser] cx=155.0 cy=282.0 m_eraser=0x5f7a1ec70c58
[GradualEraser::stamp] cx=155.0 cy=282.0 r=6 total=113 skipped_zero=113 erased=0
[GradualEraser::verify] center(155,282) rgba=(0,0,0,0)
[BrushEngine::stampEraser] cx=155.0 cy=280.0 m_eraser=0x5f7a1ec70c58
[GradualEraser::stamp] cx=155.0 cy=280.0 r=6 total=113 skipped_zero=93 erased=20
[GradualEraser::verify] center(155,280) rgba=(0,0,0,0)
[BrushEngine::stampEraser] cx=155.0 cy=280.0 m_eraser=0x5f7a1ec70c58
[GradualEraser::stamp] cx=155.0 cy=280.0 r=6 total=113 skipped_zero=113 erased=0
[GradualEraser::verify] center(155,280) rgba=(0,0,0,0)
[MOUSE_MOVE] drawing=true tool=1 drawing at (499.0,361.0)
[handleDrawing] tool=1 brushType=4 eraserSize=12.0 eraserOp=1.00 layer=0x5f7a2b51bd30
[BrushEngine::stampEraser] cx=155.0 cy=280.0 m_eraser=0x5f7a1ec70c58
[GradualEraser::stamp] cx=155.0 cy=280.0 r=6 total=113 skipped_zero=113 erased=0
[GradualEraser::verify] center(155,280) rgba=(0,0,0,0)
[BrushEngine::stampEraser] cx=155.0 cy=279.0 m_eraser=0x5f7a1ec70c58
[GradualEraser::stamp] cx=155.0 cy=279.0 r=6 total=113 skipped_zero=102 erased=11
[GradualEraser::verify] center(155,279) rgba=(0,0,0,0)
[BrushEngine::stampEraser] cx=155.0 cy=279.0 m_eraser=0x5f7a1ec70c58
[GradualEraser::stamp] cx=155.0 cy=279.0 r=6 total=113 skipped_zero=113 erased=0
[GradualEraser::verify] center(155,279) rgba=(0,0,0,0)
[MOUSE_MOVE] drawing=true tool=1 drawing at (499.0,359.0)
[handleDrawing] tool=1 brushType=4 eraserSize=12.0 eraserOp=1.00 layer=0x5f7a2b51bd30
[BrushEngine::stampEraser] cx=155.0 cy=279.0 m_eraser=0x5f7a1ec70c58
[GradualEraser::stamp] cx=155.0 cy=279.0 r=6 total=113 skipped_zero=113 erased=0
[GradualEraser::verify] center(155,279) rgba=(0,0,0,0)
[BrushEngine::stampEraser] cx=155.0 cy=277.0 m_eraser=0x5f7a1ec70c58
[GradualEraser::stamp] cx=155.0 cy=277.0 r=6 total=113 skipped_zero=91 erased=22
[GradualEraser::verify] center(155,277) rgba=(0,0,0,0)
[BrushEngine::stampEraser] cx=155.0 cy=277.0 m_eraser=0x5f7a1ec70c58
[GradualEraser::stamp] cx=155.0 cy=277.0 r=6 total=113 skipped_zero=113 erased=0
[GradualEraser::verify] center(155,277) rgba=(0,0,0,0)
[MOUSE_MOVE] drawing=true tool=1 drawing at (497.0,358.0)
[handleDrawing] tool=1 brushType=4 eraserSize=12.0 eraserOp=1.00 layer=0x5f7a2b51bd30
[BrushEngine::stampEraser] cx=155.0 cy=277.0 m_eraser=0x5f7a1ec70c58
[GradualEraser::stamp] cx=155.0 cy=277.0 r=6 total=113 skipped_zero=113 erased=0
[GradualEraser::verify] center(155,277) rgba=(0,0,0,0)
[BrushEngine::stampEraser] cx=153.0 cy=276.0 m_eraser=0x5f7a1ec70c58
[GradualEraser::stamp] cx=153.0 cy=276.0 r=6 total=113 skipped_zero=105 erased=8
[GradualEraser::verify] center(153,276) rgba=(0,0,0,0)
[BrushEngine::stampEraser] cx=153.0 cy=276.0 m_eraser=0x5f7a1ec70c58
[GradualEraser::stamp] cx=153.0 cy=276.0 r=6 total=113 skipped_zero=113 erased=0
[GradualEraser::verify] center(153,276) rgba=(0,0,0,0)
[CANVAS_UPDATE] recompositing (frameDirty=1 canvasDirty=0)
[CANVAS_UPDATE] sample pixel (153,276): rgba=(255,101,50,255)
[MOUSE_MOVE] drawing=true tool=1 drawing at (497.0,357.0)
[handleDrawing] tool=1 brushType=4 eraserSize=12.0 eraserOp=1.00 layer=0x5f7a2b51bd30
[BrushEngine::stampEraser] cx=153.0 cy=276.0 m_eraser=0x5f7a1ec70c58
[GradualEraser::stamp] cx=153.0 cy=276.0 r=6 total=113 skipped_zero=113 erased=0
[GradualEraser::verify] center(153,276) rgba=(0,0,0,0)
[BrushEngine::stampEraser] cx=153.0 cy=275.0 m_eraser=0x5f7a1ec70c58
[GradualEraser::stamp] cx=153.0 cy=275.0 r=6 total=113 skipped_zero=105 erased=8
[GradualEraser::verify] center(153,275) rgba=(0,0,0,0)
[BrushEngine::stampEraser] cx=153.0 cy=275.0 m_eraser=0x5f7a1ec70c58
[GradualEraser::stamp] cx=153.0 cy=275.0 r=6 total=113 skipped_zero=113 erased=0
[GradualEraser::verify] center(153,275) rgba=(0,0,0,0)
[MOUSE_MOVE] drawing=true tool=1 drawing at (497.0,356.0)
[handleDrawing] tool=1 brushType=4 eraserSize=12.0 eraserOp=1.00 layer=0x5f7a2b51bd30
[BrushEngine::stampEraser] cx=153.0 cy=275.0 m_eraser=0x5f7a1ec70c58
[GradualEraser::stamp] cx=153.0 cy=275.0 r=6 total=113 skipped_zero=113 erased=0
[GradualEraser::verify] center(153,275) rgba=(0,0,0,0)
[BrushEngine::stampEraser] cx=153.0 cy=274.0 m_eraser=0x5f7a1ec70c58
[GradualEraser::stamp] cx=153.0 cy=274.0 r=6 total=113 skipped_zero=105 erased=8
[GradualEraser::verify] center(153,274) rgba=(0,0,0,0)
[BrushEngine::stampEraser] cx=153.0 cy=274.0 m_eraser=0x5f7a1ec70c58
[GradualEraser::stamp] cx=153.0 cy=274.0 r=6 total=113 skipped_zero=113 erased=0
[GradualEraser::verify] center(153,274) rgba=(0,0,0,0)
[MOUSE_MOVE] drawing=true tool=1 drawing at (496.0,355.0)
[handleDrawing] tool=1 brushType=4 eraserSize=12.0 eraserOp=1.00 layer=0x5f7a2b51bd30
[BrushEngine::stampEraser] cx=153.0 cy=274.0 m_eraser=0x5f7a1ec70c58
[GradualEraser::stamp] cx=153.0 cy=274.0 r=6 total=113 skipped_zero=113 erased=0
[GradualEraser::verify] center(153,274) rgba=(0,0,0,0)
[BrushEngine::stampEraser] cx=152.0 cy=273.0 m_eraser=0x5f7a1ec70c58
[GradualEraser::stamp] cx=152.0 cy=273.0 r=6 total=113 skipped_zero=108 erased=5
[GradualEraser::verify] center(152,273) rgba=(0,0,0,0)
[BrushEngine::stampEraser] cx=152.0 cy=273.0 m_eraser=0x5f7a1ec70c58
[GradualEraser::stamp] cx=152.0 cy=273.0 r=6 total=113 skipped_zero=113 erased=0
[GradualEraser::verify] center(152,273) rgba=(0,0,0,0)
[CANVAS_UPDATE] recompositing (frameDirty=1 canvasDirty=0)
[CANVAS_UPDATE] sample pixel (152,273): rgba=(255,101,50,255)
[MOUSE_MOVE] drawing=true tool=1 drawing at (496.0,354.0)
[handleDrawing] tool=1 brushType=4 eraserSize=12.0 eraserOp=1.00 layer=0x5f7a2b51bd30
[BrushEngine::stampEraser] cx=152.0 cy=273.0 m_eraser=0x5f7a1ec70c58
[GradualEraser::stamp] cx=152.0 cy=273.0 r=6 total=113 skipped_zero=113 erased=0
[GradualEraser::verify] center(152,273) rgba=(0,0,0,0)
[BrushEngine::stampEraser] cx=152.0 cy=272.0 m_eraser=0x5f7a1ec70c58
[GradualEraser::stamp] cx=152.0 cy=272.0 r=6 total=113 skipped_zero=105 erased=8
[GradualEraser::verify] center(152,272) rgba=(0,0,0,0)
[BrushEngine::stampEraser] cx=152.0 cy=272.0 m_eraser=0x5f7a1ec70c58
[GradualEraser::stamp] cx=152.0 cy=272.0 r=6 total=113 skipped_zero=113 erased=0
[GradualEraser::verify] center(152,272) rgba=(0,0,0,0)
[CANVAS_UPDATE] recompositing (frameDirty=1 canvasDirty=0)
[CANVAS_UPDATE] sample pixel (152,272): rgba=(255,101,50,255)
[MOUSE_MOVE] drawing=true tool=1 drawing at (496.0,354.0)
[handleDrawing] tool=1 brushType=4 eraserSize=12.0 eraserOp=1.00 layer=0x5f7a2b51bd30
[BrushEngine::stampEraser] cx=152.0 cy=272.0 m_eraser=0x5f7a1ec70c58
[GradualEraser::stamp] cx=152.0 cy=272.0 r=6 total=113 skipped_zero=113 erased=0
[GradualEraser::verify] center(152,272) rgba=(0,0,0,0)
[BrushEngine::stampEraser] cx=152.0 cy=272.0 m_eraser=0x5f7a1ec70c58
[GradualEraser::stamp] cx=152.0 cy=272.0 r=6 total=113 skipped_zero=113 erased=0
[GradualEraser::verify] center(152,272) rgba=(0,0,0,0)
[BrushEngine::stampEraser] cx=152.0 cy=272.0 m_eraser=0x5f7a1ec70c58
[GradualEraser::stamp] cx=152.0 cy=272.0 r=6 total=113 skipped_zero=113 erased=0
[GradualEraser::verify] center(152,272) rgba=(0,0,0,0)
[CANVAS_UPDATE] recompositing (frameDirty=1 canvasDirty=0)
[CANVAS_UPDATE] sample pixel (152,272): rgba=(255,101,50,255)
[MOUSE_MOVE] drawing=true tool=1 drawing at (496.0,355.0)
[handleDrawing] tool=1 brushType=4 eraserSize=12.0 eraserOp=1.00 layer=0x5f7a2b51bd30
[BrushEngine::stampEraser] cx=152.0 cy=272.0 m_eraser=0x5f7a1ec70c58
[GradualEraser::stamp] cx=152.0 cy=272.0 r=6 total=113 skipped_zero=113 erased=0
[GradualEraser::verify] center(152,272) rgba=(0,0,0,0)
[BrushEngine::stampEraser] cx=152.0 cy=273.0 m_eraser=0x5f7a1ec70c58
[GradualEraser::stamp] cx=152.0 cy=273.0 r=6 total=113 skipped_zero=113 erased=0
[GradualEraser::verify] center(152,273) rgba=(0,0,0,0)
[BrushEngine::stampEraser] cx=152.0 cy=273.0 m_eraser=0x5f7a1ec70c58
[GradualEraser::stamp] cx=152.0 cy=273.0 r=6 total=113 skipped_zero=113 erased=0
[GradualEraser::verify] center(152,273) rgba=(0,0,0,0)
[MOUSE_MOVE] drawing=true tool=1 drawing at (498.0,358.0)
[handleDrawing] tool=1 brushType=4 eraserSize=12.0 eraserOp=1.00 layer=0x5f7a2b51bd30
[BrushEngine::stampEraser] cx=152.0 cy=273.0 m_eraser=0x5f7a1ec70c58
[GradualEraser::stamp] cx=152.0 cy=273.0 r=6 total=113 skipped_zero=113 erased=0
[GradualEraser::verify] center(152,273) rgba=(0,0,0,0)
[BrushEngine::stampEraser] cx=153.0 cy=274.5 m_eraser=0x5f7a1ec70c58
[GradualEraser::stamp] cx=153.0 cy=274.5 r=6 total=113 skipped_zero=113 erased=0
[GradualEraser::verify] center(153,275) rgba=(0,0,0,0)
[BrushEngine::stampEraser] cx=154.0 cy=276.0 m_eraser=0x5f7a1ec70c58
[GradualEraser::stamp] cx=154.0 cy=276.0 r=6 total=113 skipped_zero=113 erased=0
[GradualEraser::verify] center(154,276) rgba=(0,0,0,0)
[BrushEngine::stampEraser] cx=154.0 cy=276.0 m_eraser=0x5f7a1ec70c58
[GradualEraser::stamp] cx=154.0 cy=276.0 r=6 total=113 skipped_zero=113 erased=0
[GradualEraser::verify] center(154,276) rgba=(0,0,0,0)
[MOUSE_MOVE] drawing=true tool=1 drawing at (499.0,360.0)
[handleDrawing] tool=1 brushType=4 eraserSize=12.0 eraserOp=1.00 layer=0x5f7a2b51bd30
[BrushEngine::stampEraser] cx=154.0 cy=276.0 m_eraser=0x5f7a1ec70c58
[GradualEraser::stamp] cx=154.0 cy=276.0 r=6 total=113 skipped_zero=113 erased=0
[GradualEraser::verify] center(154,276) rgba=(0,0,0,0)
[BrushEngine::stampEraser] cx=155.0 cy=278.0 m_eraser=0x5f7a1ec70c58
[GradualEraser::stamp] cx=155.0 cy=278.0 r=6 total=113 skipped_zero=112 erased=1
[GradualEraser::verify] center(155,278) rgba=(0,0,0,0)
[BrushEngine::stampEraser] cx=155.0 cy=278.0 m_eraser=0x5f7a1ec70c58
[GradualEraser::stamp] cx=155.0 cy=278.0 r=6 total=113 skipped_zero=113 erased=0
[GradualEraser::verify] center(155,278) rgba=(0,0,0,0)
[MOUSE_MOVE] drawing=true tool=1 drawing at (499.0,362.0)
[handleDrawing] tool=1 brushType=4 eraserSize=12.0 eraserOp=1.00 layer=0x5f7a2b51bd30
[BrushEngine::stampEraser] cx=155.0 cy=278.0 m_eraser=0x5f7a1ec70c58
[GradualEraser::stamp] cx=155.0 cy=278.0 r=6 total=113 skipped_zero=113 erased=0
[GradualEraser::verify] center(155,278) rgba=(0,0,0,0)
[BrushEngine::stampEraser] cx=155.0 cy=280.0 m_eraser=0x5f7a1ec70c58
[GradualEraser::stamp] cx=155.0 cy=280.0 r=6 total=113 skipped_zero=113 erased=0
[GradualEraser::verify] center(155,280) rgba=(0,0,0,0)
[BrushEngine::stampEraser] cx=155.0 cy=280.0 m_eraser=0x5f7a1ec70c58
[GradualEraser::stamp] cx=155.0 cy=280.0 r=6 total=113 skipped_zero=113 erased=0
[GradualEraser::verify] center(155,280) rgba=(0,0,0,0)
[MOUSE_MOVE] drawing=true tool=1 drawing at (501.0,364.0)
[handleDrawing] tool=1 brushType=4 eraserSize=12.0 eraserOp=1.00 layer=0x5f7a2b51bd30
[BrushEngine::stampEraser] cx=155.0 cy=280.0 m_eraser=0x5f7a1ec70c58
[GradualEraser::stamp] cx=155.0 cy=280.0 r=6 total=113 skipped_zero=113 erased=0
[GradualEraser::verify] center(155,280) rgba=(0,0,0,0)
[BrushEngine::stampEraser] cx=157.0 cy=282.0 m_eraser=0x5f7a1ec70c58
[GradualEraser::stamp] cx=157.0 cy=282.0 r=6 total=113 skipped_zero=108 erased=5
[GradualEraser::verify] center(157,282) rgba=(0,0,0,0)
[BrushEngine::stampEraser] cx=157.0 cy=282.0 m_eraser=0x5f7a1ec70c58
[GradualEraser::stamp] cx=157.0 cy=282.0 r=6 total=113 skipped_zero=113 erased=0
[GradualEraser::verify] center(157,282) rgba=(0,0,0,0)
[MOUSE_MOVE] drawing=true tool=1 drawing at (501.0,365.0)
[handleDrawing] tool=1 brushType=4 eraserSize=12.0 eraserOp=1.00 layer=0x5f7a2b51bd30
[BrushEngine::stampEraser] cx=157.0 cy=282.0 m_eraser=0x5f7a1ec70c58
[GradualEraser::stamp] cx=157.0 cy=282.0 r=6 total=113 skipped_zero=113 erased=0
[GradualEraser::verify] center(157,282) rgba=(0,0,0,0)
[BrushEngine::stampEraser] cx=157.0 cy=283.0 m_eraser=0x5f7a1ec70c58
[GradualEraser::stamp] cx=157.0 cy=283.0 r=6 total=113 skipped_zero=112 erased=1
[GradualEraser::verify] center(157,283) rgba=(0,0,0,0)
[BrushEngine::stampEraser] cx=157.0 cy=283.0 m_eraser=0x5f7a1ec70c58
[GradualEraser::stamp] cx=157.0 cy=283.0 r=6 total=113 skipped_zero=113 erased=0
[GradualEraser::verify] center(157,283) rgba=(0,0,0,0)
[MOUSE_MOVE] drawing=true tool=1 drawing at (502.0,366.0)
[handleDrawing] tool=1 brushType=4 eraserSize=12.0 eraserOp=1.00 layer=0x5f7a2b51bd30
[BrushEngine::stampEraser] cx=157.0 cy=283.0 m_eraser=0x5f7a1ec70c58
[GradualEraser::stamp] cx=157.0 cy=283.0 r=6 total=113 skipped_zero=113 erased=0
[GradualEraser::verify] center(157,283) rgba=(0,0,0,0)
[BrushEngine::stampEraser] cx=158.0 cy=284.0 m_eraser=0x5f7a1ec70c58
[GradualEraser::stamp] cx=158.0 cy=284.0 r=6 total=113 skipped_zero=109 erased=4
[GradualEraser::verify] center(158,284) rgba=(0,0,0,0)
[BrushEngine::stampEraser] cx=158.0 cy=284.0 m_eraser=0x5f7a1ec70c58
[GradualEraser::stamp] cx=158.0 cy=284.0 r=6 total=113 skipped_zero=113 erased=0
[GradualEraser::verify] center(158,284) rgba=(0,0,0,0)
[CANVAS_UPDATE] recompositing (frameDirty=1 canvasDirty=0)
[CANVAS_UPDATE] sample pixel (158,284): rgba=(255,101,50,255)
[MOUSE_MOVE] drawing=true tool=1 drawing at (502.0,367.0)
[handleDrawing] tool=1 brushType=4 eraserSize=12.0 eraserOp=1.00 layer=0x5f7a2b51bd30
[BrushEngine::stampEraser] cx=158.0 cy=284.0 m_eraser=0x5f7a1ec70c58
[GradualEraser::stamp] cx=158.0 cy=284.0 r=6 total=113 skipped_zero=113 erased=0
[GradualEraser::verify] center(158,284) rgba=(0,0,0,0)
[BrushEngine::stampEraser] cx=158.0 cy=285.0 m_eraser=0x5f7a1ec70c58
[GradualEraser::stamp] cx=158.0 cy=285.0 r=6 total=113 skipped_zero=112 erased=1
[GradualEraser::verify] center(158,285) rgba=(0,0,0,0)
[BrushEngine::stampEraser] cx=158.0 cy=285.0 m_eraser=0x5f7a1ec70c58
[GradualEraser::stamp] cx=158.0 cy=285.0 r=6 total=113 skipped_zero=113 erased=0
[GradualEraser::verify] center(158,285) rgba=(0,0,0,0)
[MOUSE_MOVE] drawing=true tool=1 drawing at (502.0,369.0)
[handleDrawing] tool=1 brushType=4 eraserSize=12.0 eraserOp=1.00 layer=0x5f7a2b51bd30
[BrushEngine::stampEraser] cx=158.0 cy=285.0 m_eraser=0x5f7a1ec70c58
[GradualEraser::stamp] cx=158.0 cy=285.0 r=6 total=113 skipped_zero=113 erased=0
[GradualEraser::verify] center(158,285) rgba=(0,0,0,0)
[BrushEngine::stampEraser] cx=158.0 cy=287.0 m_eraser=0x5f7a1ec70c58
[GradualEraser::stamp] cx=158.0 cy=287.0 r=6 total=113 skipped_zero=112 erased=1
[GradualEraser::verify] center(158,287) rgba=(0,0,0,0)
[BrushEngine::stampEraser] cx=158.0 cy=287.0 m_eraser=0x5f7a1ec70c58
[GradualEraser::stamp] cx=158.0 cy=287.0 r=6 total=113 skipped_zero=113 erased=0
[GradualEraser::verify] center(158,287) rgba=(0,0,0,0)
[MOUSE_MOVE] drawing=true tool=1 drawing at (503.0,370.0)
[handleDrawing] tool=1 brushType=4 eraserSize=12.0 eraserOp=1.00 layer=0x5f7a2b51bd30
[BrushEngine::stampEraser] cx=158.0 cy=287.0 m_eraser=0x5f7a1ec70c58
[GradualEraser::stamp] cx=158.0 cy=287.0 r=6 total=113 skipped_zero=113 erased=0
[GradualEraser::verify] center(158,287) rgba=(0,0,0,0)
[BrushEngine::stampEraser] cx=159.0 cy=288.0 m_eraser=0x5f7a1ec70c58
[GradualEraser::stamp] cx=159.0 cy=288.0 r=6 total=113 skipped_zero=109 erased=4
[GradualEraser::verify] center(159,288) rgba=(0,0,0,0)
[BrushEngine::stampEraser] cx=159.0 cy=288.0 m_eraser=0x5f7a1ec70c58
[GradualEraser::stamp] cx=159.0 cy=288.0 r=6 total=113 skipped_zero=113 erased=0
[GradualEraser::verify] center(159,288) rgba=(0,0,0,0)
[MOUSE_MOVE] drawing=true tool=1 drawing at (503.0,371.0)
[handleDrawing] tool=1 brushType=4 eraserSize=12.0 eraserOp=1.00 layer=0x5f7a2b51bd30
[BrushEngine::stampEraser] cx=159.0 cy=288.0 m_eraser=0x5f7a1ec70c58
[GradualEraser::stamp] cx=159.0 cy=288.0 r=6 total=113 skipped_zero=113 erased=0
[GradualEraser::verify] center(159,288) rgba=(0,0,0,0)
[BrushEngine::stampEraser] cx=159.0 cy=289.0 m_eraser=0x5f7a1ec70c58
[GradualEraser::stamp] cx=159.0 cy=289.0 r=6 total=113 skipped_zero=112 erased=1
[GradualEraser::verify] center(159,289) rgba=(0,0,0,0)
[BrushEngine::stampEraser] cx=159.0 cy=289.0 m_eraser=0x5f7a1ec70c58
[GradualEraser::stamp] cx=159.0 cy=289.0 r=6 total=113 skipped_zero=113 erased=0
[GradualEraser::verify] center(159,289) rgba=(0,0,0,0)
[MOUSE_MOVE] drawing=true tool=1 drawing at (504.0,372.0)
[handleDrawing] tool=1 brushType=4 eraserSize=12.0 eraserOp=1.00 layer=0x5f7a2b51bd30
[BrushEngine::stampEraser] cx=159.0 cy=289.0 m_eraser=0x5f7a1ec70c58
[GradualEraser::stamp] cx=159.0 cy=289.0 r=6 total=113 skipped_zero=113 erased=0
[GradualEraser::verify] center(159,289) rgba=(0,0,0,0)
[BrushEngine::stampEraser] cx=160.0 cy=290.0 m_eraser=0x5f7a1ec70c58
[GradualEraser::stamp] cx=160.0 cy=290.0 r=6 total=113 skipped_zero=109 erased=4
[GradualEraser::verify] center(160,290) rgba=(0,0,0,0)
[BrushEngine::stampEraser] cx=160.0 cy=290.0 m_eraser=0x5f7a1ec70c58
[GradualEraser::stamp] cx=160.0 cy=290.0 r=6 total=113 skipped_zero=113 erased=0
[GradualEraser::verify] center(160,290) rgba=(0,0,0,0)
[MOUSE_MOVE] drawing=true tool=1 drawing at (504.0,373.0)
[handleDrawing] tool=1 brushType=4 eraserSize=12.0 eraserOp=1.00 layer=0x5f7a2b51bd30
[BrushEngine::stampEraser] cx=160.0 cy=290.0 m_eraser=0x5f7a1ec70c58
[GradualEraser::stamp] cx=160.0 cy=290.0 r=6 total=113 skipped_zero=113 erased=0
[GradualEraser::verify] center(160,290) rgba=(0,0,0,0)
[BrushEngine::stampEraser] cx=160.0 cy=291.0 m_eraser=0x5f7a1ec70c58
[GradualEraser::stamp] cx=160.0 cy=291.0 r=6 total=113 skipped_zero=112 erased=1
[GradualEraser::verify] center(160,291) rgba=(0,0,0,0)
[BrushEngine::stampEraser] cx=160.0 cy=291.0 m_eraser=0x5f7a1ec70c58
[GradualEraser::stamp] cx=160.0 cy=291.0 r=6 total=113 skipped_zero=113 erased=0
[GradualEraser::verify] center(160,291) rgba=(0,0,0,0)
[MOUSE_MOVE] drawing=true tool=1 drawing at (504.0,374.0)
[handleDrawing] tool=1 brushType=4 eraserSize=12.0 eraserOp=1.00 layer=0x5f7a2b51bd30
[BrushEngine::stampEraser] cx=160.0 cy=291.0 m_eraser=0x5f7a1ec70c58
[GradualEraser::stamp] cx=160.0 cy=291.0 r=6 total=113 skipped_zero=113 erased=0
[GradualEraser::verify] center(160,291) rgba=(0,0,0,0)
[BrushEngine::stampEraser] cx=160.0 cy=292.0 m_eraser=0x5f7a1ec70c58
[GradualEraser::stamp] cx=160.0 cy=292.0 r=6 total=113 skipped_zero=113 erased=0
[GradualEraser::verify] center(160,292) rgba=(0,0,0,0)
[BrushEngine::stampEraser] cx=160.0 cy=292.0 m_eraser=0x5f7a1ec70c58
[GradualEraser::stamp] cx=160.0 cy=292.0 r=6 total=113 skipped_zero=113 erased=0
[GradualEraser::verify] center(160,292) rgba=(0,0,0,0)
[CANVAS_UPDATE] recompositing (frameDirty=1 canvasDirty=0)
[CANVAS_UPDATE] sample pixel (160,292): rgba=(255,101,50,255)
[MOUSE_MOVE] drawing=true tool=1 drawing at (505.0,375.0)
[handleDrawing] tool=1 brushType=4 eraserSize=12.0 eraserOp=1.00 layer=0x5f7a2b51bd30
[BrushEngine::stampEraser] cx=160.0 cy=292.0 m_eraser=0x5f7a1ec70c58
[GradualEraser::stamp] cx=160.0 cy=292.0 r=6 total=113 skipped_zero=113 erased=0
[GradualEraser::verify] center(160,292) rgba=(0,0,0,0)
[BrushEngine::stampEraser] cx=161.0 cy=293.0 m_eraser=0x5f7a1ec70c58
[GradualEraser::stamp] cx=161.0 cy=293.0 r=6 total=113 skipped_zero=112 erased=1
[GradualEraser::verify] center(161,293) rgba=(0,0,0,0)
[BrushEngine::stampEraser] cx=161.0 cy=293.0 m_eraser=0x5f7a1ec70c58
[GradualEraser::stamp] cx=161.0 cy=293.0 r=6 total=113 skipped_zero=113 erased=0
[GradualEraser::verify] center(161,293) rgba=(0,0,0,0)
[MOUSE_MOVE] drawing=true tool=1 drawing at (505.0,377.0)
[handleDrawing] tool=1 brushType=4 eraserSize=12.0 eraserOp=1.00 layer=0x5f7a2b51bd30
[BrushEngine::stampEraser] cx=161.0 cy=293.0 m_eraser=0x5f7a1ec70c58
[GradualEraser::stamp] cx=161.0 cy=293.0 r=6 total=113 skipped_zero=113 erased=0
[GradualEraser::verify] center(161,293) rgba=(0,0,0,0)
[BrushEngine::stampEraser] cx=161.0 cy=295.0 m_eraser=0x5f7a1ec70c58
[GradualEraser::stamp] cx=161.0 cy=295.0 r=6 total=113 skipped_zero=113 erased=0
[GradualEraser::verify] center(161,295) rgba=(0,0,0,0)
[BrushEngine::stampEraser] cx=161.0 cy=295.0 m_eraser=0x5f7a1ec70c58
[GradualEraser::stamp] cx=161.0 cy=295.0 r=6 total=113 skipped_zero=113 erased=0
[GradualEraser::verify] center(161,295) rgba=(0,0,0,0)
[MOUSE_MOVE] drawing=true tool=1 drawing at (505.0,378.0)
[handleDrawing] tool=1 brushType=4 eraserSize=12.0 eraserOp=1.00 layer=0x5f7a2b51bd30
[BrushEngine::stampEraser] cx=161.0 cy=295.0 m_eraser=0x5f7a1ec70c58
[GradualEraser::stamp] cx=161.0 cy=295.0 r=6 total=113 skipped_zero=113 erased=0
[GradualEraser::verify] center(161,295) rgba=(0,0,0,0)
[BrushEngine::stampEraser] cx=161.0 cy=296.0 m_eraser=0x5f7a1ec70c58
[GradualEraser::stamp] cx=161.0 cy=296.0 r=6 total=113 skipped_zero=112 erased=1
[GradualEraser::verify] center(161,296) rgba=(0,0,0,0)
[BrushEngine::stampEraser] cx=161.0 cy=296.0 m_eraser=0x5f7a1ec70c58
[GradualEraser::stamp] cx=161.0 cy=296.0 r=6 total=113 skipped_zero=113 erased=0
[GradualEraser::verify] center(161,296) rgba=(0,0,0,0)
[CANVAS_UPDATE] recompositing (frameDirty=1 canvasDirty=0)
[CANVAS_UPDATE] sample pixel (161,296): rgba=(255,101,50,255)
[MOUSE_MOVE] drawing=true tool=1 drawing at (505.0,377.0)
[handleDrawing] tool=1 brushType=4 eraserSize=12.0 eraserOp=1.00 layer=0x5f7a2b51bd30
[BrushEngine::stampEraser] cx=161.0 cy=296.0 m_eraser=0x5f7a1ec70c58
[GradualEraser::stamp] cx=161.0 cy=296.0 r=6 total=113 skipped_zero=113 erased=0
[GradualEraser::verify] center(161,296) rgba=(0,0,0,0)
[BrushEngine::stampEraser] cx=161.0 cy=295.0 m_eraser=0x5f7a1ec70c58
[GradualEraser::stamp] cx=161.0 cy=295.0 r=6 total=113 skipped_zero=113 erased=0
[GradualEraser::verify] center(161,295) rgba=(0,0,0,0)
[BrushEngine::stampEraser] cx=161.0 cy=295.0 m_eraser=0x5f7a1ec70c58
[GradualEraser::stamp] cx=161.0 cy=295.0 r=6 total=113 skipped_zero=113 erased=0
[GradualEraser::verify] center(161,295) rgba=(0,0,0,0)
[MOUSE_MOVE] drawing=true tool=1 drawing at (505.0,376.0)
[handleDrawing] tool=1 brushType=4 eraserSize=12.0 eraserOp=1.00 layer=0x5f7a2b51bd30
[BrushEngine::stampEraser] cx=161.0 cy=295.0 m_eraser=0x5f7a1ec70c58
[GradualEraser::stamp] cx=161.0 cy=295.0 r=6 total=113 skipped_zero=113 erased=0
[GradualEraser::verify] center(161,295) rgba=(0,0,0,0)
[BrushEngine::stampEraser] cx=161.0 cy=294.0 m_eraser=0x5f7a1ec70c58
[GradualEraser::stamp] cx=161.0 cy=294.0 r=6 total=113 skipped_zero=113 erased=0
[GradualEraser::verify] center(161,294) rgba=(0,0,0,0)
[BrushEngine::stampEraser] cx=161.0 cy=294.0 m_eraser=0x5f7a1ec70c58
[GradualEraser::stamp] cx=161.0 cy=294.0 r=6 total=113 skipped_zero=113 erased=0
[GradualEraser::verify] center(161,294) rgba=(0,0,0,0)
[MOUSE_MOVE] drawing=true tool=1 drawing at (505.0,375.0)
[handleDrawing] tool=1 brushType=4 eraserSize=12.0 eraserOp=1.00 layer=0x5f7a2b51bd30
[BrushEngine::stampEraser] cx=161.0 cy=294.0 m_eraser=0x5f7a1ec70c58
[GradualEraser::stamp] cx=161.0 cy=294.0 r=6 total=113 skipped_zero=113 erased=0
[GradualEraser::verify] center(161,294) rgba=(0,0,0,0)
[BrushEngine::stampEraser] cx=161.0 cy=293.0 m_eraser=0x5f7a1ec70c58
[GradualEraser::stamp] cx=161.0 cy=293.0 r=6 total=113 skipped_zero=113 erased=0
[GradualEraser::verify] center(161,293) rgba=(0,0,0,0)
[BrushEngine::stampEraser] cx=161.0 cy=293.0 m_eraser=0x5f7a1ec70c58
[GradualEraser::stamp] cx=161.0 cy=293.0 r=6 total=113 skipped_zero=113 erased=0
[GradualEraser::verify] center(161,293) rgba=(0,0,0,0)
[CANVAS_UPDATE] recompositing (frameDirty=1 canvasDirty=0)
[CANVAS_UPDATE] sample pixel (161,293): rgba=(255,101,50,255)
[MOUSE_MOVE] drawing=true tool=1 drawing at (505.0,374.0)
[handleDrawing] tool=1 brushType=4 eraserSize=12.0 eraserOp=1.00 layer=0x5f7a2b51bd30
[BrushEngine::stampEraser] cx=161.0 cy=293.0 m_eraser=0x5f7a1ec70c58
[GradualEraser::stamp] cx=161.0 cy=293.0 r=6 total=113 skipped_zero=113 erased=0
[GradualEraser::verify] center(161,293) rgba=(0,0,0,0)
[BrushEngine::stampEraser] cx=161.0 cy=292.0 m_eraser=0x5f7a1ec70c58
[GradualEraser::stamp] cx=161.0 cy=292.0 r=6 total=113 skipped_zero=113 erased=0
[GradualEraser::verify] center(161,292) rgba=(0,0,0,0)
[BrushEngine::stampEraser] cx=161.0 cy=292.0 m_eraser=0x5f7a1ec70c58
[GradualEraser::stamp] cx=161.0 cy=292.0 r=6 total=113 skipped_zero=113 erased=0
[GradualEraser::verify] center(161,292) rgba=(0,0,0,0)
[MOUSE_MOVE] drawing=true tool=1 drawing at (504.0,373.0)
[handleDrawing] tool=1 brushType=4 eraserSize=12.0 eraserOp=1.00 layer=0x5f7a2b51bd30
[BrushEngine::stampEraser] cx=161.0 cy=292.0 m_eraser=0x5f7a1ec70c58
[GradualEraser::stamp] cx=161.0 cy=292.0 r=6 total=113 skipped_zero=113 erased=0
[GradualEraser::verify] center(161,292) rgba=(0,0,0,0)
[BrushEngine::stampEraser] cx=160.0 cy=291.0 m_eraser=0x5f7a1ec70c58
[GradualEraser::stamp] cx=160.0 cy=291.0 r=6 total=113 skipped_zero=113 erased=0
[GradualEraser::verify] center(160,291) rgba=(0,0,0,0)
[BrushEngine::stampEraser] cx=160.0 cy=291.0 m_eraser=0x5f7a1ec70c58
[GradualEraser::stamp] cx=160.0 cy=291.0 r=6 total=113 skipped_zero=113 erased=0
[GradualEraser::verify] center(160,291) rgba=(0,0,0,0)
[MOUSE_MOVE] drawing=true tool=1 drawing at (504.0,372.0)
[handleDrawing] tool=1 brushType=4 eraserSize=12.0 eraserOp=1.00 layer=0x5f7a2b51bd30
[BrushEngine::stampEraser] cx=160.0 cy=291.0 m_eraser=0x5f7a1ec70c58
[GradualEraser::stamp] cx=160.0 cy=291.0 r=6 total=113 skipped_zero=113 erased=0
[GradualEraser::verify] center(160,291) rgba=(0,0,0,0)
[BrushEngine::stampEraser] cx=160.0 cy=290.0 m_eraser=0x5f7a1ec70c58
[GradualEraser::stamp] cx=160.0 cy=290.0 r=6 total=113 skipped_zero=113 erased=0
[GradualEraser::verify] center(160,290) rgba=(0,0,0,0)
[BrushEngine::stampEraser] cx=160.0 cy=290.0 m_eraser=0x5f7a1ec70c58
[GradualEraser::stamp] cx=160.0 cy=290.0 r=6 total=113 skipped_zero=113 erased=0
[GradualEraser::verify] center(160,290) rgba=(0,0,0,0)
[MOUSE_MOVE] drawing=true tool=1 drawing at (504.0,371.0)
[handleDrawing] tool=1 brushType=4 eraserSize=12.0 eraserOp=1.00 layer=0x5f7a2b51bd30
[BrushEngine::stampEraser] cx=160.0 cy=290.0 m_eraser=0x5f7a1ec70c58
[GradualEraser::stamp] cx=160.0 cy=290.0 r=6 total=113 skipped_zero=113 erased=0
[GradualEraser::verify] center(160,290) rgba=(0,0,0,0)
[BrushEngine::stampEraser] cx=160.0 cy=289.0 m_eraser=0x5f7a1ec70c58
[GradualEraser::stamp] cx=160.0 cy=289.0 r=6 total=113 skipped_zero=112 erased=1
[GradualEraser::verify] center(160,289) rgba=(0,0,0,0)
[BrushEngine::stampEraser] cx=160.0 cy=289.0 m_eraser=0x5f7a1ec70c58
[GradualEraser::stamp] cx=160.0 cy=289.0 r=6 total=113 skipped_zero=113 erased=0
[GradualEraser::verify] center(160,289) rgba=(0,0,0,0)
[MOUSE_MOVE] drawing=true tool=1 drawing at (503.0,369.0)
[handleDrawing] tool=1 brushType=4 eraserSize=12.0 eraserOp=1.00 layer=0x5f7a2b51bd30
[BrushEngine::stampEraser] cx=160.0 cy=289.0 m_eraser=0x5f7a1ec70c58
[GradualEraser::stamp] cx=160.0 cy=289.0 r=6 total=113 skipped_zero=113 erased=0
[GradualEraser::verify] center(160,289) rgba=(0,0,0,0)
[BrushEngine::stampEraser] cx=159.0 cy=287.0 m_eraser=0x5f7a1ec70c58
[GradualEraser::stamp] cx=159.0 cy=287.0 r=6 total=113 skipped_zero=113 erased=0
[GradualEraser::verify] center(159,287) rgba=(0,0,0,0)
[BrushEngine::stampEraser] cx=159.0 cy=287.0 m_eraser=0x5f7a1ec70c58
[GradualEraser::stamp] cx=159.0 cy=287.0 r=6 total=113 skipped_zero=113 erased=0
[GradualEraser::verify] center(159,287) rgba=(0,0,0,0)
[MOUSE_MOVE] drawing=true tool=1 drawing at (503.0,368.0)
[handleDrawing] tool=1 brushType=4 eraserSize=12.0 eraserOp=1.00 layer=0x5f7a2b51bd30
[BrushEngine::stampEraser] cx=159.0 cy=287.0 m_eraser=0x5f7a1ec70c58
[GradualEraser::stamp] cx=159.0 cy=287.0 r=6 total=113 skipped_zero=113 erased=0
[GradualEraser::verify] center(159,287) rgba=(0,0,0,0)
[BrushEngine::stampEraser] cx=159.0 cy=286.0 m_eraser=0x5f7a1ec70c58
[GradualEraser::stamp] cx=159.0 cy=286.0 r=6 total=113 skipped_zero=112 erased=1
[GradualEraser::verify] center(159,286) rgba=(0,0,0,0)
[BrushEngine::stampEraser] cx=159.0 cy=286.0 m_eraser=0x5f7a1ec70c58
[GradualEraser::stamp] cx=159.0 cy=286.0 r=6 total=113 skipped_zero=113 erased=0
[GradualEraser::verify] center(159,286) rgba=(0,0,0,0)
[MOUSE_MOVE] drawing=true tool=1 drawing at (503.0,365.0)
[handleDrawing] tool=1 brushType=4 eraserSize=12.0 eraserOp=1.00 layer=0x5f7a2b51bd30
[BrushEngine::stampEraser] cx=159.0 cy=286.0 m_eraser=0x5f7a1ec70c58
[GradualEraser::stamp] cx=159.0 cy=286.0 r=6 total=113 skipped_zero=113 erased=0
[GradualEraser::verify] center(159,286) rgba=(0,0,0,0)
[BrushEngine::stampEraser] cx=159.0 cy=283.0 m_eraser=0x5f7a1ec70c58
[GradualEraser::stamp] cx=159.0 cy=283.0 r=6 total=113 skipped_zero=106 erased=7
[GradualEraser::verify] center(159,283) rgba=(0,0,0,0)
[BrushEngine::stampEraser] cx=159.0 cy=283.0 m_eraser=0x5f7a1ec70c58
[GradualEraser::stamp] cx=159.0 cy=283.0 r=6 total=113 skipped_zero=113 erased=0
[GradualEraser::verify] center(159,283) rgba=(0,0,0,0)
[MOUSE_MOVE] drawing=true tool=1 drawing at (501.0,364.0)
[handleDrawing] tool=1 brushType=4 eraserSize=12.0 eraserOp=1.00 layer=0x5f7a2b51bd30
[BrushEngine::stampEraser] cx=159.0 cy=283.0 m_eraser=0x5f7a1ec70c58
[GradualEraser::stamp] cx=159.0 cy=283.0 r=6 total=113 skipped_zero=113 erased=0
[GradualEraser::verify] center(159,283) rgba=(0,0,0,0)
[BrushEngine::stampEraser] cx=157.0 cy=282.0 m_eraser=0x5f7a1ec70c58
[GradualEraser::stamp] cx=157.0 cy=282.0 r=6 total=113 skipped_zero=113 erased=0
[GradualEraser::verify] center(157,282) rgba=(0,0,0,0)
[BrushEngine::stampEraser] cx=157.0 cy=282.0 m_eraser=0x5f7a1ec70c58
[GradualEraser::stamp] cx=157.0 cy=282.0 r=6 total=113 skipped_zero=113 erased=0
[GradualEraser::verify] center(157,282) rgba=(0,0,0,0)
[MOUSE_MOVE] drawing=true tool=1 drawing at (501.0,363.0)
[handleDrawing] tool=1 brushType=4 eraserSize=12.0 eraserOp=1.00 layer=0x5f7a2b51bd30
[BrushEngine::stampEraser] cx=157.0 cy=282.0 m_eraser=0x5f7a1ec70c58
[GradualEraser::stamp] cx=157.0 cy=282.0 r=6 total=113 skipped_zero=113 erased=0
[GradualEraser::verify] center(157,282) rgba=(0,0,0,0)
[BrushEngine::stampEraser] cx=157.0 cy=281.0 m_eraser=0x5f7a1ec70c58
[GradualEraser::stamp] cx=157.0 cy=281.0 r=6 total=113 skipped_zero=113 erased=0
[GradualEraser::verify] center(157,281) rgba=(0,0,0,0)
[BrushEngine::stampEraser] cx=157.0 cy=281.0 m_eraser=0x5f7a1ec70c58
[GradualEraser::stamp] cx=157.0 cy=281.0 r=6 total=113 skipped_zero=113 erased=0
[GradualEraser::verify] center(157,281) rgba=(0,0,0,0)
[CANVAS_UPDATE] recompositing (frameDirty=1 canvasDirty=0)
[CANVAS_UPDATE] sample pixel (157,281): rgba=(255,101,50,255)
[MOUSE_MOVE] drawing=true tool=1 drawing at (500.0,361.0)
[handleDrawing] tool=1 brushType=4 eraserSize=12.0 eraserOp=1.00 layer=0x5f7a2b51bd30
[BrushEngine::stampEraser] cx=157.0 cy=281.0 m_eraser=0x5f7a1ec70c58
[GradualEraser::stamp] cx=157.0 cy=281.0 r=6 total=113 skipped_zero=113 erased=0
[GradualEraser::verify] center(157,281) rgba=(0,0,0,0)
[BrushEngine::stampEraser] cx=156.0 cy=279.0 m_eraser=0x5f7a1ec70c58
[GradualEraser::stamp] cx=156.0 cy=279.0 r=6 total=113 skipped_zero=112 erased=1
[GradualEraser::verify] center(156,279) rgba=(0,0,0,0)
[BrushEngine::stampEraser] cx=156.0 cy=279.0 m_eraser=0x5f7a1ec70c58
[GradualEraser::stamp] cx=156.0 cy=279.0 r=6 total=113 skipped_zero=113 erased=0
[GradualEraser::verify] center(156,279) rgba=(0,0,0,0)
[MOUSE_MOVE] drawing=true tool=1 drawing at (500.0,360.0)
[handleDrawing] tool=1 brushType=4 eraserSize=12.0 eraserOp=1.00 layer=0x5f7a2b51bd30
[BrushEngine::stampEraser] cx=156.0 cy=279.0 m_eraser=0x5f7a1ec70c58
[GradualEraser::stamp] cx=156.0 cy=279.0 r=6 total=113 skipped_zero=113 erased=0
[GradualEraser::verify] center(156,279) rgba=(0,0,0,0)
[BrushEngine::stampEraser] cx=156.0 cy=278.0 m_eraser=0x5f7a1ec70c58
[GradualEraser::stamp] cx=156.0 cy=278.0 r=6 total=113 skipped_zero=112 erased=1
[GradualEraser::verify] center(156,278) rgba=(0,0,0,0)
[BrushEngine::stampEraser] cx=156.0 cy=278.0 m_eraser=0x5f7a1ec70c58
[GradualEraser::stamp] cx=156.0 cy=278.0 r=6 total=113 skipped_zero=113 erased=0
[GradualEraser::verify] center(156,278) rgba=(0,0,0,0)
[MOUSE_MOVE] drawing=true tool=1 drawing at (500.0,359.0)
[handleDrawing] tool=1 brushType=4 eraserSize=12.0 eraserOp=1.00 layer=0x5f7a2b51bd30
[BrushEngine::stampEraser] cx=156.0 cy=278.0 m_eraser=0x5f7a1ec70c58
[GradualEraser::stamp] cx=156.0 cy=278.0 r=6 total=113 skipped_zero=113 erased=0
[GradualEraser::verify] center(156,278) rgba=(0,0,0,0)
[BrushEngine::stampEraser] cx=156.0 cy=277.0 m_eraser=0x5f7a1ec70c58
[GradualEraser::stamp] cx=156.0 cy=277.0 r=6 total=113 skipped_zero=109 erased=4
[GradualEraser::verify] center(156,277) rgba=(0,0,0,0)
[BrushEngine::stampEraser] cx=156.0 cy=277.0 m_eraser=0x5f7a1ec70c58
[GradualEraser::stamp] cx=156.0 cy=277.0 r=6 total=113 skipped_zero=113 erased=0
[GradualEraser::verify] center(156,277) rgba=(0,0,0,0)
[MOUSE_MOVE] drawing=true tool=1 drawing at (499.0,358.0)
[handleDrawing] tool=1 brushType=4 eraserSize=12.0 eraserOp=1.00 layer=0x5f7a2b51bd30
[BrushEngine::stampEraser] cx=156.0 cy=277.0 m_eraser=0x5f7a1ec70c58
[GradualEraser::stamp] cx=156.0 cy=277.0 r=6 total=113 skipped_zero=113 erased=0
[GradualEraser::verify] center(156,277) rgba=(0,0,0,0)
[BrushEngine::stampEraser] cx=155.0 cy=276.0 m_eraser=0x5f7a1ec70c58
[GradualEraser::stamp] cx=155.0 cy=276.0 r=6 total=113 skipped_zero=113 erased=0
[GradualEraser::verify] center(155,276) rgba=(0,0,0,0)
[BrushEngine::stampEraser] cx=155.0 cy=276.0 m_eraser=0x5f7a1ec70c58
[GradualEraser::stamp] cx=155.0 cy=276.0 r=6 total=113 skipped_zero=113 erased=0
[GradualEraser::verify] center(155,276) rgba=(0,0,0,0)
[MOUSE_MOVE] drawing=true tool=1 drawing at (499.0,355.0)
[handleDrawing] tool=1 brushType=4 eraserSize=12.0 eraserOp=1.00 layer=0x5f7a2b51bd30
[BrushEngine::stampEraser] cx=155.0 cy=276.0 m_eraser=0x5f7a1ec70c58
[GradualEraser::stamp] cx=155.0 cy=276.0 r=6 total=113 skipped_zero=113 erased=0
[GradualEraser::verify] center(155,276) rgba=(0,0,0,0)
[BrushEngine::stampEraser] cx=155.0 cy=273.0 m_eraser=0x5f7a1ec70c58
[GradualEraser::stamp] cx=155.0 cy=273.0 r=6 total=113 skipped_zero=102 erased=11
[GradualEraser::verify] center(155,273) rgba=(0,0,0,0)
[BrushEngine::stampEraser] cx=155.0 cy=273.0 m_eraser=0x5f7a1ec70c58
[GradualEraser::stamp] cx=155.0 cy=273.0 r=6 total=113 skipped_zero=113 erased=0
[GradualEraser::verify] center(155,273) rgba=(0,0,0,0)
[MOUSE_MOVE] drawing=true tool=1 drawing at (499.0,353.0)
[handleDrawing] tool=1 brushType=4 eraserSize=12.0 eraserOp=1.00 layer=0x5f7a2b51bd30
[BrushEngine::stampEraser] cx=155.0 cy=273.0 m_eraser=0x5f7a1ec70c58
[GradualEraser::stamp] cx=155.0 cy=273.0 r=6 total=113 skipped_zero=113 erased=0
[GradualEraser::verify] center(155,273) rgba=(0,0,0,0)
[BrushEngine::stampEraser] cx=155.0 cy=271.0 m_eraser=0x5f7a1ec70c58
[GradualEraser::stamp] cx=155.0 cy=271.0 r=6 total=113 skipped_zero=98 erased=15
[GradualEraser::verify] center(155,271) rgba=(0,0,0,0)
[BrushEngine::stampEraser] cx=155.0 cy=271.0 m_eraser=0x5f7a1ec70c58
[GradualEraser::stamp] cx=155.0 cy=271.0 r=6 total=113 skipped_zero=113 erased=0
[GradualEraser::verify] center(155,271) rgba=(0,0,0,0)
[MOUSE_MOVE] drawing=true tool=1 drawing at (498.0,352.0)
[handleDrawing] tool=1 brushType=4 eraserSize=12.0 eraserOp=1.00 layer=0x5f7a2b51bd30
[BrushEngine::stampEraser] cx=155.0 cy=271.0 m_eraser=0x5f7a1ec70c58
[GradualEraser::stamp] cx=155.0 cy=271.0 r=6 total=113 skipped_zero=113 erased=0
[GradualEraser::verify] center(155,271) rgba=(0,0,0,0)
[BrushEngine::stampEraser] cx=154.0 cy=270.0 m_eraser=0x5f7a1ec70c58
[GradualEraser::stamp] cx=154.0 cy=270.0 r=6 total=113 skipped_zero=105 erased=8
[GradualEraser::verify] center(154,270) rgba=(0,0,0,0)
[BrushEngine::stampEraser] cx=154.0 cy=270.0 m_eraser=0x5f7a1ec70c58
[GradualEraser::stamp] cx=154.0 cy=270.0 r=6 total=113 skipped_zero=113 erased=0
[GradualEraser::verify] center(154,270) rgba=(0,0,0,0)
[MOUSE_MOVE] drawing=true tool=1 drawing at (498.0,349.0)
[handleDrawing] tool=1 brushType=4 eraserSize=12.0 eraserOp=1.00 layer=0x5f7a2b51bd30
[BrushEngine::stampEraser] cx=154.0 cy=270.0 m_eraser=0x5f7a1ec70c58
[GradualEraser::stamp] cx=154.0 cy=270.0 r=6 total=113 skipped_zero=113 erased=0
[GradualEraser::verify] center(154,270) rgba=(0,0,0,0)
[BrushEngine::stampEraser] cx=154.0 cy=267.0 m_eraser=0x5f7a1ec70c58
[GradualEraser::stamp] cx=154.0 cy=267.0 r=6 total=113 skipped_zero=82 erased=31
[GradualEraser::verify] center(154,267) rgba=(0,0,0,0)
[BrushEngine::stampEraser] cx=154.0 cy=267.0 m_eraser=0x5f7a1ec70c58
[GradualEraser::stamp] cx=154.0 cy=267.0 r=6 total=113 skipped_zero=113 erased=0
[GradualEraser::verify] center(154,267) rgba=(0,0,0,0)
[CANVAS_UPDATE] recompositing (frameDirty=1 canvasDirty=0)
[CANVAS_UPDATE] sample pixel (154,267): rgba=(255,101,50,255)
[MOUSE_MOVE] drawing=true tool=1 drawing at (496.0,348.0)
[handleDrawing] tool=1 brushType=4 eraserSize=12.0 eraserOp=1.00 layer=0x5f7a2b51bd30
[BrushEngine::stampEraser] cx=154.0 cy=267.0 m_eraser=0x5f7a1ec70c58
[GradualEraser::stamp] cx=154.0 cy=267.0 r=6 total=113 skipped_zero=113 erased=0
[GradualEraser::verify] center(154,267) rgba=(0,0,0,0)
[BrushEngine::stampEraser] cx=152.0 cy=266.0 m_eraser=0x5f7a1ec70c58
[GradualEraser::stamp] cx=152.0 cy=266.0 r=6 total=113 skipped_zero=103 erased=10
[GradualEraser::verify] center(152,266) rgba=(0,0,0,0)
[BrushEngine::stampEraser] cx=152.0 cy=266.0 m_eraser=0x5f7a1ec70c58
[GradualEraser::stamp] cx=152.0 cy=266.0 r=6 total=113 skipped_zero=113 erased=0
[GradualEraser::verify] center(152,266) rgba=(0,0,0,0)
[MOUSE_MOVE] drawing=true tool=1 drawing at (496.0,345.0)
[handleDrawing] tool=1 brushType=4 eraserSize=12.0 eraserOp=1.00 layer=0x5f7a2b51bd30
[BrushEngine::stampEraser] cx=152.0 cy=266.0 m_eraser=0x5f7a1ec70c58
[GradualEraser::stamp] cx=152.0 cy=266.0 r=6 total=113 skipped_zero=113 erased=0
[GradualEraser::verify] center(152,266) rgba=(0,0,0,0)
[BrushEngine::stampEraser] cx=152.0 cy=263.0 m_eraser=0x5f7a1ec70c58
[GradualEraser::stamp] cx=152.0 cy=263.0 r=6 total=113 skipped_zero=86 erased=27
[GradualEraser::verify] center(152,263) rgba=(0,0,0,0)
[BrushEngine::stampEraser] cx=152.0 cy=263.0 m_eraser=0x5f7a1ec70c58
[GradualEraser::stamp] cx=152.0 cy=263.0 r=6 total=113 skipped_zero=113 erased=0
[GradualEraser::verify] center(152,263) rgba=(0,0,0,0)
[MOUSE_MOVE] drawing=true tool=1 drawing at (496.0,344.0)
[handleDrawing] tool=1 brushType=4 eraserSize=12.0 eraserOp=1.00 layer=0x5f7a2b51bd30
[BrushEngine::stampEraser] cx=152.0 cy=263.0 m_eraser=0x5f7a1ec70c58
[GradualEraser::stamp] cx=152.0 cy=263.0 r=6 total=113 skipped_zero=113 erased=0
[GradualEraser::verify] center(152,263) rgba=(0,0,0,0)
[BrushEngine::stampEraser] cx=152.0 cy=262.0 m_eraser=0x5f7a1ec70c58
[GradualEraser::stamp] cx=152.0 cy=262.0 r=6 total=113 skipped_zero=103 erased=10
[GradualEraser::verify] center(152,262) rgba=(0,0,0,0)
[BrushEngine::stampEraser] cx=152.0 cy=262.0 m_eraser=0x5f7a1ec70c58
[GradualEraser::stamp] cx=152.0 cy=262.0 r=6 total=113 skipped_zero=113 erased=0
[GradualEraser::verify] center(152,262) rgba=(0,0,0,0)
[MOUSE_MOVE] drawing=true tool=1 drawing at (495.0,343.0)
[handleDrawing] tool=1 brushType=4 eraserSize=12.0 eraserOp=1.00 layer=0x5f7a2b51bd30
[BrushEngine::stampEraser] cx=152.0 cy=262.0 m_eraser=0x5f7a1ec70c58
[GradualEraser::stamp] cx=152.0 cy=262.0 r=6 total=113 skipped_zero=113 erased=0
[GradualEraser::verify] center(152,262) rgba=(0,0,0,0)
[BrushEngine::stampEraser] cx=151.0 cy=261.0 m_eraser=0x5f7a1ec70c58
[GradualEraser::stamp] cx=151.0 cy=261.0 r=6 total=113 skipped_zero=106 erased=7
[GradualEraser::verify] center(151,261) rgba=(0,0,0,0)
[BrushEngine::stampEraser] cx=151.0 cy=261.0 m_eraser=0x5f7a1ec70c58
[GradualEraser::stamp] cx=151.0 cy=261.0 r=6 total=113 skipped_zero=113 erased=0
[GradualEraser::verify] center(151,261) rgba=(0,0,0,0)
[MOUSE_MOVE] drawing=true tool=1 drawing at (495.0,340.0)
[handleDrawing] tool=1 brushType=4 eraserSize=12.0 eraserOp=1.00 layer=0x5f7a2b51bd30
[BrushEngine::stampEraser] cx=151.0 cy=261.0 m_eraser=0x5f7a1ec70c58
[GradualEraser::stamp] cx=151.0 cy=261.0 r=6 total=113 skipped_zero=113 erased=0
[GradualEraser::verify] center(151,261) rgba=(0,0,0,0)
[BrushEngine::stampEraser] cx=151.0 cy=258.0 m_eraser=0x5f7a1ec70c58
[GradualEraser::stamp] cx=151.0 cy=258.0 r=6 total=113 skipped_zero=87 erased=26
[GradualEraser::verify] center(151,258) rgba=(0,0,0,0)
[BrushEngine::stampEraser] cx=151.0 cy=258.0 m_eraser=0x5f7a1ec70c58
[GradualEraser::stamp] cx=151.0 cy=258.0 r=6 total=113 skipped_zero=113 erased=0
[GradualEraser::verify] center(151,258) rgba=(0,0,0,0)
[MOUSE_MOVE] drawing=true tool=1 drawing at (494.0,337.0)
[handleDrawing] tool=1 brushType=4 eraserSize=12.0 eraserOp=1.00 layer=0x5f7a2b51bd30
[BrushEngine::stampEraser] cx=151.0 cy=258.0 m_eraser=0x5f7a1ec70c58
[GradualEraser::stamp] cx=151.0 cy=258.0 r=6 total=113 skipped_zero=113 erased=0
[GradualEraser::verify] center(151,258) rgba=(0,0,0,0)
[BrushEngine::stampEraser] cx=150.5 cy=256.5 m_eraser=0x5f7a1ec70c58
[GradualEraser::stamp] cx=150.5 cy=256.5 r=6 total=113 skipped_zero=103 erased=10
[GradualEraser::verify] center(151,257) rgba=(0,0,0,0)
[BrushEngine::stampEraser] cx=150.0 cy=255.0 m_eraser=0x5f7a1ec70c58
[GradualEraser::stamp] cx=150.0 cy=255.0 r=6 total=113 skipped_zero=101 erased=12
[GradualEraser::verify] center(150,255) rgba=(0,0,0,0)
[BrushEngine::stampEraser] cx=150.0 cy=255.0 m_eraser=0x5f7a1ec70c58
[GradualEraser::stamp] cx=150.0 cy=255.0 r=6 total=113 skipped_zero=113 erased=0
[GradualEraser::verify] center(150,255) rgba=(0,0,0,0)
[CANVAS_UPDATE] recompositing (frameDirty=1 canvasDirty=0)
[CANVAS_UPDATE] sample pixel (150,255): rgba=(255,101,50,255)
[MOUSE_MOVE] drawing=true tool=1 drawing at (494.0,334.0)
[handleDrawing] tool=1 brushType=4 eraserSize=12.0 eraserOp=1.00 layer=0x5f7a2b51bd30
[BrushEngine::stampEraser] cx=150.0 cy=255.0 m_eraser=0x5f7a1ec70c58
[GradualEraser::stamp] cx=150.0 cy=255.0 r=6 total=113 skipped_zero=113 erased=0
[GradualEraser::verify] center(150,255) rgba=(0,0,0,0)
[BrushEngine::stampEraser] cx=150.0 cy=252.0 m_eraser=0x5f7a1ec70c58
[GradualEraser::stamp] cx=150.0 cy=252.0 r=6 total=113 skipped_zero=89 erased=24
[GradualEraser::verify] center(150,252) rgba=(0,0,0,0)
[BrushEngine::stampEraser] cx=150.0 cy=252.0 m_eraser=0x5f7a1ec70c58
[GradualEraser::stamp] cx=150.0 cy=252.0 r=6 total=113 skipped_zero=113 erased=0
[GradualEraser::verify] center(150,252) rgba=(0,0,0,0)
[MOUSE_MOVE] drawing=true tool=1 drawing at (492.0,332.0)
[handleDrawing] tool=1 brushType=4 eraserSize=12.0 eraserOp=1.00 layer=0x5f7a2b51bd30
[BrushEngine::stampEraser] cx=150.0 cy=252.0 m_eraser=0x5f7a1ec70c58
[GradualEraser::stamp] cx=150.0 cy=252.0 r=6 total=113 skipped_zero=113 erased=0
[GradualEraser::verify] center(150,252) rgba=(0,0,0,0)
[BrushEngine::stampEraser] cx=148.0 cy=250.0 m_eraser=0x5f7a1ec70c58
[GradualEraser::stamp] cx=148.0 cy=250.0 r=6 total=113 skipped_zero=106 erased=7
[GradualEraser::verify] center(148,250) rgba=(0,0,0,0)
[BrushEngine::stampEraser] cx=148.0 cy=250.0 m_eraser=0x5f7a1ec70c58
[GradualEraser::stamp] cx=148.0 cy=250.0 r=6 total=113 skipped_zero=113 erased=0
[GradualEraser::verify] center(148,250) rgba=(0,0,0,0)
[MOUSE_MOVE] drawing=true tool=1 drawing at (492.0,331.0)
[handleDrawing] tool=1 brushType=4 eraserSize=12.0 eraserOp=1.00 layer=0x5f7a2b51bd30
[BrushEngine::stampEraser] cx=148.0 cy=250.0 m_eraser=0x5f7a1ec70c58
[GradualEraser::stamp] cx=148.0 cy=250.0 r=6 total=113 skipped_zero=113 erased=0
[GradualEraser::verify] center(148,250) rgba=(0,0,0,0)
[BrushEngine::stampEraser] cx=148.0 cy=249.0 m_eraser=0x5f7a1ec70c58
[GradualEraser::stamp] cx=148.0 cy=249.0 r=6 total=113 skipped_zero=108 erased=5
[GradualEraser::verify] center(148,249) rgba=(0,0,0,0)
[BrushEngine::stampEraser] cx=148.0 cy=249.0 m_eraser=0x5f7a1ec70c58
[GradualEraser::stamp] cx=148.0 cy=249.0 r=6 total=113 skipped_zero=113 erased=0
[GradualEraser::verify] center(148,249) rgba=(0,0,0,0)
[MOUSE_MOVE] drawing=true tool=1 drawing at (492.0,329.0)
[handleDrawing] tool=1 brushType=4 eraserSize=12.0 eraserOp=1.00 layer=0x5f7a2b51bd30
[BrushEngine::stampEraser] cx=148.0 cy=249.0 m_eraser=0x5f7a1ec70c58
[GradualEraser::stamp] cx=148.0 cy=249.0 r=6 total=113 skipped_zero=113 erased=0
[GradualEraser::verify] center(148,249) rgba=(0,0,0,0)
[BrushEngine::stampEraser] cx=148.0 cy=247.0 m_eraser=0x5f7a1ec70c58
[GradualEraser::stamp] cx=148.0 cy=247.0 r=6 total=113 skipped_zero=101 erased=12
[GradualEraser::verify] center(148,247) rgba=(0,0,0,0)
[BrushEngine::stampEraser] cx=148.0 cy=247.0 m_eraser=0x5f7a1ec70c58
[GradualEraser::stamp] cx=148.0 cy=247.0 r=6 total=113 skipped_zero=113 erased=0
[GradualEraser::verify] center(148,247) rgba=(0,0,0,0)
[MOUSE_MOVE] drawing=true tool=1 drawing at (492.0,328.0)
[handleDrawing] tool=1 brushType=4 eraserSize=12.0 eraserOp=1.00 layer=0x5f7a2b51bd30
[BrushEngine::stampEraser] cx=148.0 cy=247.0 m_eraser=0x5f7a1ec70c58
[GradualEraser::stamp] cx=148.0 cy=247.0 r=6 total=113 skipped_zero=113 erased=0
[GradualEraser::verify] center(148,247) rgba=(0,0,0,0)
[BrushEngine::stampEraser] cx=148.0 cy=246.0 m_eraser=0x5f7a1ec70c58
[GradualEraser::stamp] cx=148.0 cy=246.0 r=6 total=113 skipped_zero=107 erased=6
[GradualEraser::verify] center(148,246) rgba=(0,0,0,0)
[BrushEngine::stampEraser] cx=148.0 cy=246.0 m_eraser=0x5f7a1ec70c58
[GradualEraser::stamp] cx=148.0 cy=246.0 r=6 total=113 skipped_zero=113 erased=0
[GradualEraser::verify] center(148,246) rgba=(0,0,0,0)
[MOUSE_MOVE] drawing=true tool=1 drawing at (492.0,327.0)
[handleDrawing] tool=1 brushType=4 eraserSize=12.0 eraserOp=1.00 layer=0x5f7a2b51bd30
[BrushEngine::stampEraser] cx=148.0 cy=246.0 m_eraser=0x5f7a1ec70c58
[GradualEraser::stamp] cx=148.0 cy=246.0 r=6 total=113 skipped_zero=113 erased=0
[GradualEraser::verify] center(148,246) rgba=(0,0,0,0)
[BrushEngine::stampEraser] cx=148.0 cy=245.0 m_eraser=0x5f7a1ec70c58
[GradualEraser::stamp] cx=148.0 cy=245.0 r=6 total=113 skipped_zero=106 erased=7
[GradualEraser::verify] center(148,245) rgba=(0,0,0,0)
[BrushEngine::stampEraser] cx=148.0 cy=245.0 m_eraser=0x5f7a1ec70c58
[GradualEraser::stamp] cx=148.0 cy=245.0 r=6 total=113 skipped_zero=113 erased=0
[GradualEraser::verify] center(148,245) rgba=(0,0,0,0)
[MOUSE_MOVE] drawing=true tool=1 drawing at (492.0,326.0)
[handleDrawing] tool=1 brushType=4 eraserSize=12.0 eraserOp=1.00 layer=0x5f7a2b51bd30
[BrushEngine::stampEraser] cx=148.0 cy=245.0 m_eraser=0x5f7a1ec70c58
[GradualEraser::stamp] cx=148.0 cy=245.0 r=6 total=113 skipped_zero=113 erased=0
[GradualEraser::verify] center(148,245) rgba=(0,0,0,0)
[BrushEngine::stampEraser] cx=148.0 cy=244.0 m_eraser=0x5f7a1ec70c58
[GradualEraser::stamp] cx=148.0 cy=244.0 r=6 total=113 skipped_zero=107 erased=6
[GradualEraser::verify] center(148,244) rgba=(0,0,0,0)
[BrushEngine::stampEraser] cx=148.0 cy=244.0 m_eraser=0x5f7a1ec70c58
[GradualEraser::stamp] cx=148.0 cy=244.0 r=6 total=113 skipped_zero=113 erased=0
[GradualEraser::verify] center(148,244) rgba=(0,0,0,0)
[MOUSE_MOVE] drawing=true tool=1 drawing at (492.0,325.0)
[handleDrawing] tool=1 brushType=4 eraserSize=12.0 eraserOp=1.00 layer=0x5f7a2b51bd30
[BrushEngine::stampEraser] cx=148.0 cy=244.0 m_eraser=0x5f7a1ec70c58
[GradualEraser::stamp] cx=148.0 cy=244.0 r=6 total=113 skipped_zero=113 erased=0
[GradualEraser::verify] center(148,244) rgba=(0,0,0,0)
[BrushEngine::stampEraser] cx=148.0 cy=243.0 m_eraser=0x5f7a1ec70c58
[GradualEraser::stamp] cx=148.0 cy=243.0 r=6 total=113 skipped_zero=107 erased=6
[GradualEraser::verify] center(148,243) rgba=(0,0,0,0)
[BrushEngine::stampEraser] cx=148.0 cy=243.0 m_eraser=0x5f7a1ec70c58
[GradualEraser::stamp] cx=148.0 cy=243.0 r=6 total=113 skipped_zero=113 erased=0
[GradualEraser::verify] center(148,243) rgba=(0,0,0,0)
[CANVAS_UPDATE] recompositing (frameDirty=1 canvasDirty=0)
[CANVAS_UPDATE] sample pixel (148,243): rgba=(0,0,0,0)
[MOUSE_MOVE] drawing=true tool=1 drawing at (491.0,323.0)
[handleDrawing] tool=1 brushType=4 eraserSize=12.0 eraserOp=1.00 layer=0x5f7a2b51bd30
[BrushEngine::stampEraser] cx=148.0 cy=243.0 m_eraser=0x5f7a1ec70c58
[GradualEraser::stamp] cx=148.0 cy=243.0 r=6 total=113 skipped_zero=113 erased=0
[GradualEraser::verify] center(148,243) rgba=(0,0,0,0)
[BrushEngine::stampEraser] cx=147.0 cy=241.0 m_eraser=0x5f7a1ec70c58
[GradualEraser::stamp] cx=147.0 cy=241.0 r=6 total=113 skipped_zero=106 erased=7
[GradualEraser::verify] center(147,241) rgba=(0,0,0,0)
[BrushEngine::stampEraser] cx=147.0 cy=241.0 m_eraser=0x5f7a1ec70c58
[GradualEraser::stamp] cx=147.0 cy=241.0 r=6 total=113 skipped_zero=113 erased=0
[GradualEraser::verify] center(147,241) rgba=(0,0,0,0)
[MOUSE_MOVE] drawing=true tool=1 drawing at (491.0,320.0)
[handleDrawing] tool=1 brushType=4 eraserSize=12.0 eraserOp=1.00 layer=0x5f7a2b51bd30
[BrushEngine::stampEraser] cx=147.0 cy=241.0 m_eraser=0x5f7a1ec70c58
[GradualEraser::stamp] cx=147.0 cy=241.0 r=6 total=113 skipped_zero=113 erased=0
[GradualEraser::verify] center(147,241) rgba=(0,0,0,0)
[BrushEngine::stampEraser] cx=147.0 cy=238.0 m_eraser=0x5f7a1ec70c58
[GradualEraser::stamp] cx=147.0 cy=238.0 r=6 total=113 skipped_zero=99 erased=14
[GradualEraser::verify] center(147,238) rgba=(0,0,0,0)
[BrushEngine::stampEraser] cx=147.0 cy=238.0 m_eraser=0x5f7a1ec70c58
[GradualEraser::stamp] cx=147.0 cy=238.0 r=6 total=113 skipped_zero=113 erased=0
[GradualEraser::verify] center(147,238) rgba=(0,0,0,0)
[MOUSE_MOVE] drawing=true tool=1 drawing at (491.0,319.0)
[handleDrawing] tool=1 brushType=4 eraserSize=12.0 eraserOp=1.00 layer=0x5f7a2b51bd30
[BrushEngine::stampEraser] cx=147.0 cy=238.0 m_eraser=0x5f7a1ec70c58
[GradualEraser::stamp] cx=147.0 cy=238.0 r=6 total=113 skipped_zero=113 erased=0
[GradualEraser::verify] center(147,238) rgba=(0,0,0,0)
[BrushEngine::stampEraser] cx=147.0 cy=237.0 m_eraser=0x5f7a1ec70c58
[GradualEraser::stamp] cx=147.0 cy=237.0 r=6 total=113 skipped_zero=108 erased=5
[GradualEraser::verify] center(147,237) rgba=(0,0,0,0)
[BrushEngine::stampEraser] cx=147.0 cy=237.0 m_eraser=0x5f7a1ec70c58
[GradualEraser::stamp] cx=147.0 cy=237.0 r=6 total=113 skipped_zero=113 erased=0
[GradualEraser::verify] center(147,237) rgba=(0,0,0,0)
[MOUSE_MOVE] drawing=true tool=1 drawing at (491.0,318.0)
[handleDrawing] tool=1 brushType=4 eraserSize=12.0 eraserOp=1.00 layer=0x5f7a2b51bd30
[BrushEngine::stampEraser] cx=147.0 cy=237.0 m_eraser=0x5f7a1ec70c58
[GradualEraser::stamp] cx=147.0 cy=237.0 r=6 total=113 skipped_zero=113 erased=0
[GradualEraser::verify] center(147,237) rgba=(0,0,0,0)
[BrushEngine::stampEraser] cx=147.0 cy=236.0 m_eraser=0x5f7a1ec70c58
[GradualEraser::stamp] cx=147.0 cy=236.0 r=6 total=113 skipped_zero=108 erased=5
[GradualEraser::verify] center(147,236) rgba=(0,0,0,0)
[BrushEngine::stampEraser] cx=147.0 cy=236.0 m_eraser=0x5f7a1ec70c58
[GradualEraser::stamp] cx=147.0 cy=236.0 r=6 total=113 skipped_zero=113 erased=0
[GradualEraser::verify] center(147,236) rgba=(0,0,0,0)
[MOUSE_MOVE] drawing=true tool=1 drawing at (491.0,317.0)
[handleDrawing] tool=1 brushType=4 eraserSize=12.0 eraserOp=1.00 layer=0x5f7a2b51bd30
[BrushEngine::stampEraser] cx=147.0 cy=236.0 m_eraser=0x5f7a1ec70c58
[GradualEraser::stamp] cx=147.0 cy=236.0 r=6 total=113 skipped_zero=113 erased=0
[GradualEraser::verify] center(147,236) rgba=(0,0,0,0)
[BrushEngine::stampEraser] cx=147.0 cy=235.0 m_eraser=0x5f7a1ec70c58
[GradualEraser::stamp] cx=147.0 cy=235.0 r=6 total=113 skipped_zero=107 erased=6
[GradualEraser::verify] center(147,235) rgba=(0,0,0,0)
[BrushEngine::stampEraser] cx=147.0 cy=235.0 m_eraser=0x5f7a1ec70c58
[GradualEraser::stamp] cx=147.0 cy=235.0 r=6 total=113 skipped_zero=113 erased=0
[GradualEraser::verify] center(147,235) rgba=(0,0,0,0)
[MOUSE_MOVE] drawing=true tool=1 drawing at (491.0,316.0)
[handleDrawing] tool=1 brushType=4 eraserSize=12.0 eraserOp=1.00 layer=0x5f7a2b51bd30
[BrushEngine::stampEraser] cx=147.0 cy=235.0 m_eraser=0x5f7a1ec70c58
[GradualEraser::stamp] cx=147.0 cy=235.0 r=6 total=113 skipped_zero=113 erased=0
[GradualEraser::verify] center(147,235) rgba=(0,0,0,0)
[BrushEngine::stampEraser] cx=147.0 cy=234.0 m_eraser=0x5f7a1ec70c58
[GradualEraser::stamp] cx=147.0 cy=234.0 r=6 total=113 skipped_zero=108 erased=5
[GradualEraser::verify] center(147,234) rgba=(0,0,0,0)
[BrushEngine::stampEraser] cx=147.0 cy=234.0 m_eraser=0x5f7a1ec70c58
[GradualEraser::stamp] cx=147.0 cy=234.0 r=6 total=113 skipped_zero=113 erased=0
[GradualEraser::verify] center(147,234) rgba=(0,0,0,0)
[MOUSE_MOVE] drawing=true tool=1 drawing at (491.0,315.0)
[handleDrawing] tool=1 brushType=4 eraserSize=12.0 eraserOp=1.00 layer=0x5f7a2b51bd30
[BrushEngine::stampEraser] cx=147.0 cy=234.0 m_eraser=0x5f7a1ec70c58
[GradualEraser::stamp] cx=147.0 cy=234.0 r=6 total=113 skipped_zero=113 erased=0
[GradualEraser::verify] center(147,234) rgba=(0,0,0,0)
[BrushEngine::stampEraser] cx=147.0 cy=233.0 m_eraser=0x5f7a1ec70c58
[GradualEraser::stamp] cx=147.0 cy=233.0 r=6 total=113 skipped_zero=107 erased=6
[GradualEraser::verify] center(147,233) rgba=(0,0,0,0)
[BrushEngine::stampEraser] cx=147.0 cy=233.0 m_eraser=0x5f7a1ec70c58
[GradualEraser::stamp] cx=147.0 cy=233.0 r=6 total=113 skipped_zero=113 erased=0
[GradualEraser::verify] center(147,233) rgba=(0,0,0,0)
[MOUSE_MOVE] drawing=true tool=1 drawing at (490.0,312.0)
[handleDrawing] tool=1 brushType=4 eraserSize=12.0 eraserOp=1.00 layer=0x5f7a2b51bd30
[BrushEngine::stampEraser] cx=147.0 cy=233.0 m_eraser=0x5f7a1ec70c58
[GradualEraser::stamp] cx=147.0 cy=233.0 r=6 total=113 skipped_zero=113 erased=0
[GradualEraser::verify] center(147,233) rgba=(0,0,0,0)
[BrushEngine::stampEraser] cx=146.5 cy=231.5 m_eraser=0x5f7a1ec70c58
[GradualEraser::stamp] cx=146.5 cy=231.5 r=6 total=113 skipped_zero=108 erased=5
[GradualEraser::verify] center(147,232) rgba=(0,0,0,0)
[BrushEngine::stampEraser] cx=146.0 cy=230.0 m_eraser=0x5f7a1ec70c58
[GradualEraser::stamp] cx=146.0 cy=230.0 r=6 total=113 skipped_zero=108 erased=5
[GradualEraser::verify] center(146,230) rgba=(0,0,0,0)
[BrushEngine::stampEraser] cx=146.0 cy=230.0 m_eraser=0x5f7a1ec70c58
[GradualEraser::stamp] cx=146.0 cy=230.0 r=6 total=113 skipped_zero=113 erased=0
[GradualEraser::verify] center(146,230) rgba=(0,0,0,0)
[CANVAS_UPDATE] recompositing (frameDirty=1 canvasDirty=0)
[CANVAS_UPDATE] sample pixel (146,230): rgba=(0,0,0,0)
[MOUSE_MOVE] drawing=true tool=1 drawing at (490.0,310.0)
[handleDrawing] tool=1 brushType=4 eraserSize=12.0 eraserOp=1.00 layer=0x5f7a2b51bd30
[BrushEngine::stampEraser] cx=146.0 cy=230.0 m_eraser=0x5f7a1ec70c58
[GradualEraser::stamp] cx=146.0 cy=230.0 r=6 total=113 skipped_zero=113 erased=0
[GradualEraser::verify] center(146,230) rgba=(0,0,0,0)
[BrushEngine::stampEraser] cx=146.0 cy=228.0 m_eraser=0x5f7a1ec70c58
[GradualEraser::stamp] cx=146.0 cy=228.0 r=6 total=113 skipped_zero=105 erased=8
[GradualEraser::verify] center(146,228) rgba=(0,0,0,0)
[BrushEngine::stampEraser] cx=146.0 cy=228.0 m_eraser=0x5f7a1ec70c58
[GradualEraser::stamp] cx=146.0 cy=228.0 r=6 total=113 skipped_zero=113 erased=0
[GradualEraser::verify] center(146,228) rgba=(0,0,0,0)
[MOUSE_MOVE] drawing=true tool=1 drawing at (490.0,309.0)
[handleDrawing] tool=1 brushType=4 eraserSize=12.0 eraserOp=1.00 layer=0x5f7a2b51bd30
[BrushEngine::stampEraser] cx=146.0 cy=228.0 m_eraser=0x5f7a1ec70c58
[GradualEraser::stamp] cx=146.0 cy=228.0 r=6 total=113 skipped_zero=113 erased=0
[GradualEraser::verify] center(146,228) rgba=(0,0,0,0)
[BrushEngine::stampEraser] cx=146.0 cy=227.0 m_eraser=0x5f7a1ec70c58
[GradualEraser::stamp] cx=146.0 cy=227.0 r=6 total=113 skipped_zero=109 erased=4
[GradualEraser::verify] center(146,227) rgba=(0,0,0,0)
[BrushEngine::stampEraser] cx=146.0 cy=227.0 m_eraser=0x5f7a1ec70c58
[GradualEraser::stamp] cx=146.0 cy=227.0 r=6 total=113 skipped_zero=113 erased=0
[GradualEraser::verify] center(146,227) rgba=(0,0,0,0)
[MOUSE_MOVE] drawing=true tool=1 drawing at (490.0,306.0)
[handleDrawing] tool=1 brushType=4 eraserSize=12.0 eraserOp=1.00 layer=0x5f7a2b51bd30
[BrushEngine::stampEraser] cx=146.0 cy=227.0 m_eraser=0x5f7a1ec70c58
[GradualEraser::stamp] cx=146.0 cy=227.0 r=6 total=113 skipped_zero=113 erased=0
[GradualEraser::verify] center(146,227) rgba=(0,0,0,0)
[BrushEngine::stampEraser] cx=146.0 cy=224.0 m_eraser=0x5f7a1ec70c58
[GradualEraser::stamp] cx=146.0 cy=224.0 r=6 total=113 skipped_zero=102 erased=11
[GradualEraser::verify] center(146,224) rgba=(0,0,0,0)
[BrushEngine::stampEraser] cx=146.0 cy=224.0 m_eraser=0x5f7a1ec70c58
[GradualEraser::stamp] cx=146.0 cy=224.0 r=6 total=113 skipped_zero=113 erased=0
[GradualEraser::verify] center(146,224) rgba=(0,0,0,0)
[MOUSE_MOVE] drawing=true tool=1 drawing at (490.0,305.0)
[handleDrawing] tool=1 brushType=4 eraserSize=12.0 eraserOp=1.00 layer=0x5f7a2b51bd30
[BrushEngine::stampEraser] cx=146.0 cy=224.0 m_eraser=0x5f7a1ec70c58
[GradualEraser::stamp] cx=146.0 cy=224.0 r=6 total=113 skipped_zero=113 erased=0
[GradualEraser::verify] center(146,224) rgba=(0,0,0,0)
[BrushEngine::stampEraser] cx=146.0 cy=223.0 m_eraser=0x5f7a1ec70c58
[GradualEraser::stamp] cx=146.0 cy=223.0 r=6 total=113 skipped_zero=109 erased=4
[GradualEraser::verify] center(146,223) rgba=(0,0,0,0)
[BrushEngine::stampEraser] cx=146.0 cy=223.0 m_eraser=0x5f7a1ec70c58
[GradualEraser::stamp] cx=146.0 cy=223.0 r=6 total=113 skipped_zero=113 erased=0
[GradualEraser::verify] center(146,223) rgba=(0,0,0,0)
[MOUSE_MOVE] drawing=true tool=1 drawing at (490.0,304.0)
[handleDrawing] tool=1 brushType=4 eraserSize=12.0 eraserOp=1.00 layer=0x5f7a2b51bd30
[BrushEngine::stampEraser] cx=146.0 cy=223.0 m_eraser=0x5f7a1ec70c58
[GradualEraser::stamp] cx=146.0 cy=223.0 r=6 total=113 skipped_zero=113 erased=0
[GradualEraser::verify] center(146,223) rgba=(0,0,0,0)
[BrushEngine::stampEraser] cx=146.0 cy=222.0 m_eraser=0x5f7a1ec70c58
[GradualEraser::stamp] cx=146.0 cy=222.0 r=6 total=113 skipped_zero=108 erased=5
[GradualEraser::verify] center(146,222) rgba=(0,0,0,0)
[BrushEngine::stampEraser] cx=146.0 cy=222.0 m_eraser=0x5f7a1ec70c58
[GradualEraser::stamp] cx=146.0 cy=222.0 r=6 total=113 skipped_zero=113 erased=0
[GradualEraser::verify] center(146,222) rgba=(0,0,0,0)
[MOUSE_MOVE] drawing=true tool=1 drawing at (490.0,301.0)
[handleDrawing] tool=1 brushType=4 eraserSize=12.0 eraserOp=1.00 layer=0x5f7a2b51bd30
[BrushEngine::stampEraser] cx=146.0 cy=222.0 m_eraser=0x5f7a1ec70c58
[GradualEraser::stamp] cx=146.0 cy=222.0 r=6 total=113 skipped_zero=113 erased=0
[GradualEraser::verify] center(146,222) rgba=(0,0,0,0)
[BrushEngine::stampEraser] cx=146.0 cy=219.0 m_eraser=0x5f7a1ec70c58
[GradualEraser::stamp] cx=146.0 cy=219.0 r=6 total=113 skipped_zero=102 erased=11
[GradualEraser::verify] center(146,219) rgba=(0,0,0,0)
[BrushEngine::stampEraser] cx=146.0 cy=219.0 m_eraser=0x5f7a1ec70c58
[GradualEraser::stamp] cx=146.0 cy=219.0 r=6 total=113 skipped_zero=113 erased=0
[GradualEraser::verify] center(146,219) rgba=(0,0,0,0)
[MOUSE_MOVE] drawing=true tool=1 drawing at (490.0,300.0)
[handleDrawing] tool=1 brushType=4 eraserSize=12.0 eraserOp=1.00 layer=0x5f7a2b51bd30
[BrushEngine::stampEraser] cx=146.0 cy=219.0 m_eraser=0x5f7a1ec70c58
[GradualEraser::stamp] cx=146.0 cy=219.0 r=6 total=113 skipped_zero=113 erased=0
[GradualEraser::verify] center(146,219) rgba=(0,0,0,0)
[BrushEngine::stampEraser] cx=146.0 cy=218.0 m_eraser=0x5f7a1ec70c58
[GradualEraser::stamp] cx=146.0 cy=218.0 r=6 total=113 skipped_zero=109 erased=4
[GradualEraser::verify] center(146,218) rgba=(0,0,0,0)
[BrushEngine::stampEraser] cx=146.0 cy=218.0 m_eraser=0x5f7a1ec70c58
[GradualEraser::stamp] cx=146.0 cy=218.0 r=6 total=113 skipped_zero=113 erased=0
[GradualEraser::verify] center(146,218) rgba=(0,0,0,0)
[MOUSE_MOVE] drawing=true tool=1 drawing at (490.0,299.0)
[handleDrawing] tool=1 brushType=4 eraserSize=12.0 eraserOp=1.00 layer=0x5f7a2b51bd30
[BrushEngine::stampEraser] cx=146.0 cy=218.0 m_eraser=0x5f7a1ec70c58
[GradualEraser::stamp] cx=146.0 cy=218.0 r=6 total=113 skipped_zero=113 erased=0
[GradualEraser::verify] center(146,218) rgba=(0,0,0,0)
[BrushEngine::stampEraser] cx=146.0 cy=217.0 m_eraser=0x5f7a1ec70c58
[GradualEraser::stamp] cx=146.0 cy=217.0 r=6 total=113 skipped_zero=109 erased=4
[GradualEraser::verify] center(146,217) rgba=(0,0,0,0)
[BrushEngine::stampEraser] cx=146.0 cy=217.0 m_eraser=0x5f7a1ec70c58
[GradualEraser::stamp] cx=146.0 cy=217.0 r=6 total=113 skipped_zero=113 erased=0
[GradualEraser::verify] center(146,217) rgba=(0,0,0,0)
[CANVAS_UPDATE] recompositing (frameDirty=1 canvasDirty=0)
[CANVAS_UPDATE] sample pixel (146,217): rgba=(0,0,0,0)
[MOUSE_MOVE] drawing=true tool=1 drawing at (490.0,296.0)
[handleDrawing] tool=1 brushType=4 eraserSize=12.0 eraserOp=1.00 layer=0x5f7a2b51bd30
[BrushEngine::stampEraser] cx=146.0 cy=217.0 m_eraser=0x5f7a1ec70c58
[GradualEraser::stamp] cx=146.0 cy=217.0 r=6 total=113 skipped_zero=113 erased=0
[GradualEraser::verify] center(146,217) rgba=(0,0,0,0)
[BrushEngine::stampEraser] cx=146.0 cy=214.0 m_eraser=0x5f7a1ec70c58
[GradualEraser::stamp] cx=146.0 cy=214.0 r=6 total=113 skipped_zero=101 erased=12
[GradualEraser::verify] center(146,214) rgba=(0,0,0,0)
[BrushEngine::stampEraser] cx=146.0 cy=214.0 m_eraser=0x5f7a1ec70c58
[GradualEraser::stamp] cx=146.0 cy=214.0 r=6 total=113 skipped_zero=113 erased=0
[GradualEraser::verify] center(146,214) rgba=(0,0,0,0)
[MOUSE_MOVE] drawing=true tool=1 drawing at (490.0,294.0)
[handleDrawing] tool=1 brushType=4 eraserSize=12.0 eraserOp=1.00 layer=0x5f7a2b51bd30
[BrushEngine::stampEraser] cx=146.0 cy=214.0 m_eraser=0x5f7a1ec70c58
[GradualEraser::stamp] cx=146.0 cy=214.0 r=6 total=113 skipped_zero=113 erased=0
[GradualEraser::verify] center(146,214) rgba=(0,0,0,0)
[BrushEngine::stampEraser] cx=146.0 cy=212.0 m_eraser=0x5f7a1ec70c58
[GradualEraser::stamp] cx=146.0 cy=212.0 r=6 total=113 skipped_zero=105 erased=8
[GradualEraser::verify] center(146,212) rgba=(0,0,0,0)
[BrushEngine::stampEraser] cx=146.0 cy=212.0 m_eraser=0x5f7a1ec70c58
[GradualEraser::stamp] cx=146.0 cy=212.0 r=6 total=113 skipped_zero=113 erased=0
[GradualEraser::verify] center(146,212) rgba=(0,0,0,0)
[MOUSE_MOVE] drawing=true tool=1 drawing at (490.0,292.0)
[handleDrawing] tool=1 brushType=4 eraserSize=12.0 eraserOp=1.00 layer=0x5f7a2b51bd30
[BrushEngine::stampEraser] cx=146.0 cy=212.0 m_eraser=0x5f7a1ec70c58
[GradualEraser::stamp] cx=146.0 cy=212.0 r=6 total=113 skipped_zero=113 erased=0
[GradualEraser::verify] center(146,212) rgba=(0,0,0,0)
[BrushEngine::stampEraser] cx=146.0 cy=210.0 m_eraser=0x5f7a1ec70c58
[GradualEraser::stamp] cx=146.0 cy=210.0 r=6 total=113 skipped_zero=105 erased=8
[GradualEraser::verify] center(146,210) rgba=(0,0,0,0)
[BrushEngine::stampEraser] cx=146.0 cy=210.0 m_eraser=0x5f7a1ec70c58
[GradualEraser::stamp] cx=146.0 cy=210.0 r=6 total=113 skipped_zero=113 erased=0
[GradualEraser::verify] center(146,210) rgba=(0,0,0,0)
[MOUSE_MOVE] drawing=true tool=1 drawing at (490.0,290.0)
[handleDrawing] tool=1 brushType=4 eraserSize=12.0 eraserOp=1.00 layer=0x5f7a2b51bd30
[BrushEngine::stampEraser] cx=146.0 cy=210.0 m_eraser=0x5f7a1ec70c58
[GradualEraser::stamp] cx=146.0 cy=210.0 r=6 total=113 skipped_zero=113 erased=0
[GradualEraser::verify] center(146,210) rgba=(0,0,0,0)
[BrushEngine::stampEraser] cx=146.0 cy=208.0 m_eraser=0x5f7a1ec70c58
[GradualEraser::stamp] cx=146.0 cy=208.0 r=6 total=113 skipped_zero=105 erased=8
[GradualEraser::verify] center(146,208) rgba=(0,0,0,0)
[BrushEngine::stampEraser] cx=146.0 cy=208.0 m_eraser=0x5f7a1ec70c58
[GradualEraser::stamp] cx=146.0 cy=208.0 r=6 total=113 skipped_zero=113 erased=0
[GradualEraser::verify] center(146,208) rgba=(0,0,0,0)
[MOUSE_MOVE] drawing=true tool=1 drawing at (490.0,289.0)
[handleDrawing] tool=1 brushType=4 eraserSize=12.0 eraserOp=1.00 layer=0x5f7a2b51bd30
[BrushEngine::stampEraser] cx=146.0 cy=208.0 m_eraser=0x5f7a1ec70c58
[GradualEraser::stamp] cx=146.0 cy=208.0 r=6 total=113 skipped_zero=113 erased=0
[GradualEraser::verify] center(146,208) rgba=(0,0,0,0)
[BrushEngine::stampEraser] cx=146.0 cy=207.0 m_eraser=0x5f7a1ec70c58
[GradualEraser::stamp] cx=146.0 cy=207.0 r=6 total=113 skipped_zero=109 erased=4
[GradualEraser::verify] center(146,207) rgba=(0,0,0,0)
[BrushEngine::stampEraser] cx=146.0 cy=207.0 m_eraser=0x5f7a1ec70c58
[GradualEraser::stamp] cx=146.0 cy=207.0 r=6 total=113 skipped_zero=113 erased=0
[GradualEraser::verify] center(146,207) rgba=(0,0,0,0)
[MOUSE_MOVE] drawing=true tool=1 drawing at (490.0,287.0)
[handleDrawing] tool=1 brushType=4 eraserSize=12.0 eraserOp=1.00 layer=0x5f7a2b51bd30
[BrushEngine::stampEraser] cx=146.0 cy=207.0 m_eraser=0x5f7a1ec70c58
[GradualEraser::stamp] cx=146.0 cy=207.0 r=6 total=113 skipped_zero=113 erased=0
[GradualEraser::verify] center(146,207) rgba=(0,0,0,0)
[BrushEngine::stampEraser] cx=146.0 cy=205.0 m_eraser=0x5f7a1ec70c58
[GradualEraser::stamp] cx=146.0 cy=205.0 r=6 total=113 skipped_zero=105 erased=8
[GradualEraser::verify] center(146,205) rgba=(0,0,0,0)
[BrushEngine::stampEraser] cx=146.0 cy=205.0 m_eraser=0x5f7a1ec70c58
[GradualEraser::stamp] cx=146.0 cy=205.0 r=6 total=113 skipped_zero=113 erased=0
[GradualEraser::verify] center(146,205) rgba=(0,0,0,0)
[MOUSE_MOVE] drawing=true tool=1 drawing at (490.0,285.0)
[handleDrawing] tool=1 brushType=4 eraserSize=12.0 eraserOp=1.00 layer=0x5f7a2b51bd30
[BrushEngine::stampEraser] cx=146.0 cy=205.0 m_eraser=0x5f7a1ec70c58
[GradualEraser::stamp] cx=146.0 cy=205.0 r=6 total=113 skipped_zero=113 erased=0
[GradualEraser::verify] center(146,205) rgba=(0,0,0,0)
[BrushEngine::stampEraser] cx=146.0 cy=203.0 m_eraser=0x5f7a1ec70c58
[GradualEraser::stamp] cx=146.0 cy=203.0 r=6 total=113 skipped_zero=105 erased=8
[GradualEraser::verify] center(146,203) rgba=(0,0,0,0)
[BrushEngine::stampEraser] cx=146.0 cy=203.0 m_eraser=0x5f7a1ec70c58
[GradualEraser::stamp] cx=146.0 cy=203.0 r=6 total=113 skipped_zero=113 erased=0
[GradualEraser::verify] center(146,203) rgba=(0,0,0,0)
[CANVAS_UPDATE] recompositing (frameDirty=1 canvasDirty=0)
[CANVAS_UPDATE] sample pixel (146,203): rgba=(0,0,0,0)
[MOUSE_MOVE] drawing=true tool=1 drawing at (490.0,283.0)
[handleDrawing] tool=1 brushType=4 eraserSize=12.0 eraserOp=1.00 layer=0x5f7a2b51bd30
[BrushEngine::stampEraser] cx=146.0 cy=203.0 m_eraser=0x5f7a1ec70c58
[GradualEraser::stamp] cx=146.0 cy=203.0 r=6 total=113 skipped_zero=113 erased=0
[GradualEraser::verify] center(146,203) rgba=(0,0,0,0)
[BrushEngine::stampEraser] cx=146.0 cy=201.0 m_eraser=0x5f7a1ec70c58
[GradualEraser::stamp] cx=146.0 cy=201.0 r=6 total=113 skipped_zero=105 erased=8
[GradualEraser::verify] center(146,201) rgba=(0,0,0,0)
[BrushEngine::stampEraser] cx=146.0 cy=201.0 m_eraser=0x5f7a1ec70c58
[GradualEraser::stamp] cx=146.0 cy=201.0 r=6 total=113 skipped_zero=113 erased=0
[GradualEraser::verify] center(146,201) rgba=(0,0,0,0)
[MOUSE_MOVE] drawing=true tool=1 drawing at (490.0,282.0)
[handleDrawing] tool=1 brushType=4 eraserSize=12.0 eraserOp=1.00 layer=0x5f7a2b51bd30
[BrushEngine::stampEraser] cx=146.0 cy=201.0 m_eraser=0x5f7a1ec70c58
[GradualEraser::stamp] cx=146.0 cy=201.0 r=6 total=113 skipped_zero=113 erased=0
[GradualEraser::verify] center(146,201) rgba=(0,0,0,0)
[BrushEngine::stampEraser] cx=146.0 cy=200.0 m_eraser=0x5f7a1ec70c58
[GradualEraser::stamp] cx=146.0 cy=200.0 r=6 total=113 skipped_zero=109 erased=4
[GradualEraser::verify] center(146,200) rgba=(0,0,0,0)
[BrushEngine::stampEraser] cx=146.0 cy=200.0 m_eraser=0x5f7a1ec70c58
[GradualEraser::stamp] cx=146.0 cy=200.0 r=6 total=113 skipped_zero=113 erased=0
[GradualEraser::verify] center(146,200) rgba=(0,0,0,0)
[MOUSE_MOVE] drawing=true tool=1 drawing at (490.0,279.0)
[handleDrawing] tool=1 brushType=4 eraserSize=12.0 eraserOp=1.00 layer=0x5f7a2b51bd30
[BrushEngine::stampEraser] cx=146.0 cy=200.0 m_eraser=0x5f7a1ec70c58
[GradualEraser::stamp] cx=146.0 cy=200.0 r=6 total=113 skipped_zero=113 erased=0
[GradualEraser::verify] center(146,200) rgba=(0,0,0,0)
[BrushEngine::stampEraser] cx=146.0 cy=197.0 m_eraser=0x5f7a1ec70c58
[GradualEraser::stamp] cx=146.0 cy=197.0 r=6 total=113 skipped_zero=101 erased=12
[GradualEraser::verify] center(146,197) rgba=(0,0,0,0)
[BrushEngine::stampEraser] cx=146.0 cy=197.0 m_eraser=0x5f7a1ec70c58
[GradualEraser::stamp] cx=146.0 cy=197.0 r=6 total=113 skipped_zero=113 erased=0
[GradualEraser::verify] center(146,197) rgba=(0,0,0,0)
[MOUSE_MOVE] drawing=true tool=1 drawing at (490.0,278.0)
[handleDrawing] tool=1 brushType=4 eraserSize=12.0 eraserOp=1.00 layer=0x5f7a2b51bd30
[BrushEngine::stampEraser] cx=146.0 cy=197.0 m_eraser=0x5f7a1ec70c58
[GradualEraser::stamp] cx=146.0 cy=197.0 r=6 total=113 skipped_zero=113 erased=0
[GradualEraser::verify] center(146,197) rgba=(0,0,0,0)
[BrushEngine::stampEraser] cx=146.0 cy=196.0 m_eraser=0x5f7a1ec70c58
[GradualEraser::stamp] cx=146.0 cy=196.0 r=6 total=113 skipped_zero=108 erased=5
[GradualEraser::verify] center(146,196) rgba=(0,0,0,0)
[BrushEngine::stampEraser] cx=146.0 cy=196.0 m_eraser=0x5f7a1ec70c58
[GradualEraser::stamp] cx=146.0 cy=196.0 r=6 total=113 skipped_zero=113 erased=0
[GradualEraser::verify] center(146,196) rgba=(0,0,0,0)
[CANVAS_UPDATE] recompositing (frameDirty=1 canvasDirty=0)
[CANVAS_UPDATE] sample pixel (146,196): rgba=(0,0,0,0)
[MOUSE_MOVE] drawing=true tool=1 drawing at (490.0,277.0)
[handleDrawing] tool=1 brushType=4 eraserSize=12.0 eraserOp=1.00 layer=0x5f7a2b51bd30
[BrushEngine::stampEraser] cx=146.0 cy=196.0 m_eraser=0x5f7a1ec70c58
[GradualEraser::stamp] cx=146.0 cy=196.0 r=6 total=113 skipped_zero=113 erased=0
[GradualEraser::verify] center(146,196) rgba=(0,0,0,0)
[BrushEngine::stampEraser] cx=146.0 cy=195.0 m_eraser=0x5f7a1ec70c58
[GradualEraser::stamp] cx=146.0 cy=195.0 r=6 total=113 skipped_zero=109 erased=4
[GradualEraser::verify] center(146,195) rgba=(0,0,0,0)
[BrushEngine::stampEraser] cx=146.0 cy=195.0 m_eraser=0x5f7a1ec70c58
[GradualEraser::stamp] cx=146.0 cy=195.0 r=6 total=113 skipped_zero=113 erased=0
[GradualEraser::verify] center(146,195) rgba=(0,0,0,0)
[CANVAS_UPDATE] recompositing (frameDirty=1 canvasDirty=0)
[CANVAS_UPDATE] sample pixel (146,195): rgba=(0,0,0,0)
[MOUSE_MOVE] drawing=true tool=1 drawing at (490.0,278.0)
[handleDrawing] tool=1 brushType=4 eraserSize=12.0 eraserOp=1.00 layer=0x5f7a2b51bd30
[BrushEngine::stampEraser] cx=146.0 cy=195.0 m_eraser=0x5f7a1ec70c58
[GradualEraser::stamp] cx=146.0 cy=195.0 r=6 total=113 skipped_zero=113 erased=0
[GradualEraser::verify] center(146,195) rgba=(0,0,0,0)
[BrushEngine::stampEraser] cx=146.0 cy=196.0 m_eraser=0x5f7a1ec70c58
[GradualEraser::stamp] cx=146.0 cy=196.0 r=6 total=113 skipped_zero=113 erased=0
[GradualEraser::verify] center(146,196) rgba=(0,0,0,0)
[BrushEngine::stampEraser] cx=146.0 cy=196.0 m_eraser=0x5f7a1ec70c58
[GradualEraser::stamp] cx=146.0 cy=196.0 r=6 total=113 skipped_zero=113 erased=0
[GradualEraser::verify] center(146,196) rgba=(0,0,0,0)
[MOUSE_MOVE] drawing=true tool=1 drawing at (490.0,279.0)
[handleDrawing] tool=1 brushType=4 eraserSize=12.0 eraserOp=1.00 layer=0x5f7a2b51bd30
[BrushEngine::stampEraser] cx=146.0 cy=196.0 m_eraser=0x5f7a1ec70c58
[GradualEraser::stamp] cx=146.0 cy=196.0 r=6 total=113 skipped_zero=113 erased=0
[GradualEraser::verify] center(146,196) rgba=(0,0,0,0)
[BrushEngine::stampEraser] cx=146.0 cy=197.0 m_eraser=0x5f7a1ec70c58
[GradualEraser::stamp] cx=146.0 cy=197.0 r=6 total=113 skipped_zero=113 erased=0
[GradualEraser::verify] center(146,197) rgba=(0,0,0,0)
[BrushEngine::stampEraser] cx=146.0 cy=197.0 m_eraser=0x5f7a1ec70c58
[GradualEraser::stamp] cx=146.0 cy=197.0 r=6 total=113 skipped_zero=113 erased=0
[GradualEraser::verify] center(146,197) rgba=(0,0,0,0)
[MOUSE_MOVE] drawing=true tool=1 drawing at (490.0,280.0)
[handleDrawing] tool=1 brushType=4 eraserSize=12.0 eraserOp=1.00 layer=0x5f7a2b51bd30
[BrushEngine::stampEraser] cx=146.0 cy=197.0 m_eraser=0x5f7a1ec70c58
[GradualEraser::stamp] cx=146.0 cy=197.0 r=6 total=113 skipped_zero=113 erased=0
[GradualEraser::verify] center(146,197) rgba=(0,0,0,0)
[BrushEngine::stampEraser] cx=146.0 cy=198.0 m_eraser=0x5f7a1ec70c58
[GradualEraser::stamp] cx=146.0 cy=198.0 r=6 total=113 skipped_zero=112 erased=1
[GradualEraser::verify] center(146,198) rgba=(0,0,0,0)
[BrushEngine::stampEraser] cx=146.0 cy=198.0 m_eraser=0x5f7a1ec70c58
[GradualEraser::stamp] cx=146.0 cy=198.0 r=6 total=113 skipped_zero=113 erased=0
[GradualEraser::verify] center(146,198) rgba=(0,0,0,0)
[MOUSE_MOVE] drawing=true tool=1 drawing at (490.0,281.0)
[handleDrawing] tool=1 brushType=4 eraserSize=12.0 eraserOp=1.00 layer=0x5f7a2b51bd30
[BrushEngine::stampEraser] cx=146.0 cy=198.0 m_eraser=0x5f7a1ec70c58
[GradualEraser::stamp] cx=146.0 cy=198.0 r=6 total=113 skipped_zero=113 erased=0
[GradualEraser::verify] center(146,198) rgba=(0,0,0,0)
[BrushEngine::stampEraser] cx=146.0 cy=199.0 m_eraser=0x5f7a1ec70c58
[GradualEraser::stamp] cx=146.0 cy=199.0 r=6 total=113 skipped_zero=112 erased=1
[GradualEraser::verify] center(146,199) rgba=(0,0,0,0)
[BrushEngine::stampEraser] cx=146.0 cy=199.0 m_eraser=0x5f7a1ec70c58
[GradualEraser::stamp] cx=146.0 cy=199.0 r=6 total=113 skipped_zero=113 erased=0
[GradualEraser::verify] center(146,199) rgba=(0,0,0,0)
[CANVAS_UPDATE] recompositing (frameDirty=1 canvasDirty=0)
[CANVAS_UPDATE] sample pixel (146,199): rgba=(0,0,0,0)
[MOUSE_MOVE] drawing=true tool=1 drawing at (490.0,284.0)
[handleDrawing] tool=1 brushType=4 eraserSize=12.0 eraserOp=1.00 layer=0x5f7a2b51bd30
[BrushEngine::stampEraser] cx=146.0 cy=199.0 m_eraser=0x5f7a1ec70c58
[GradualEraser::stamp] cx=146.0 cy=199.0 r=6 total=113 skipped_zero=113 erased=0
[GradualEraser::verify] center(146,199) rgba=(0,0,0,0)
[BrushEngine::stampEraser] cx=146.0 cy=202.0 m_eraser=0x5f7a1ec70c58
[GradualEraser::stamp] cx=146.0 cy=202.0 r=6 total=113 skipped_zero=112 erased=1
[GradualEraser::verify] center(146,202) rgba=(0,0,0,0)
[BrushEngine::stampEraser] cx=146.0 cy=202.0 m_eraser=0x5f7a1ec70c58
[GradualEraser::stamp] cx=146.0 cy=202.0 r=6 total=113 skipped_zero=113 erased=0
[GradualEraser::verify] center(146,202) rgba=(0,0,0,0)
[MOUSE_MOVE] drawing=true tool=1 drawing at (490.0,285.0)
[handleDrawing] tool=1 brushType=4 eraserSize=12.0 eraserOp=1.00 layer=0x5f7a2b51bd30
[BrushEngine::stampEraser] cx=146.0 cy=202.0 m_eraser=0x5f7a1ec70c58
[GradualEraser::stamp] cx=146.0 cy=202.0 r=6 total=113 skipped_zero=113 erased=0
[GradualEraser::verify] center(146,202) rgba=(0,0,0,0)
[BrushEngine::stampEraser] cx=146.0 cy=203.0 m_eraser=0x5f7a1ec70c58
[GradualEraser::stamp] cx=146.0 cy=203.0 r=6 total=113 skipped_zero=113 erased=0
[GradualEraser::verify] center(146,203) rgba=(0,0,0,0)
[BrushEngine::stampEraser] cx=146.0 cy=203.0 m_eraser=0x5f7a1ec70c58
[GradualEraser::stamp] cx=146.0 cy=203.0 r=6 total=113 skipped_zero=113 erased=0
[GradualEraser::verify] center(146,203) rgba=(0,0,0,0)
[MOUSE_MOVE] drawing=true tool=1 drawing at (490.0,288.0)
[handleDrawing] tool=1 brushType=4 eraserSize=12.0 eraserOp=1.00 layer=0x5f7a2b51bd30
[BrushEngine::stampEraser] cx=146.0 cy=203.0 m_eraser=0x5f7a1ec70c58
[GradualEraser::stamp] cx=146.0 cy=203.0 r=6 total=113 skipped_zero=113 erased=0
[GradualEraser::verify] center(146,203) rgba=(0,0,0,0)
[BrushEngine::stampEraser] cx=146.0 cy=206.0 m_eraser=0x5f7a1ec70c58
[GradualEraser::stamp] cx=146.0 cy=206.0 r=6 total=113 skipped_zero=112 erased=1
[GradualEraser::verify] center(146,206) rgba=(0,0,0,0)
[BrushEngine::stampEraser] cx=146.0 cy=206.0 m_eraser=0x5f7a1ec70c58
[GradualEraser::stamp] cx=146.0 cy=206.0 r=6 total=113 skipped_zero=113 erased=0
[GradualEraser::verify] center(146,206) rgba=(0,0,0,0)
[MOUSE_MOVE] drawing=true tool=1 drawing at (491.0,288.0)
[handleDrawing] tool=1 brushType=4 eraserSize=12.0 eraserOp=1.00 layer=0x5f7a2b51bd30
[BrushEngine::stampEraser] cx=146.0 cy=206.0 m_eraser=0x5f7a1ec70c58
[GradualEraser::stamp] cx=146.0 cy=206.0 r=6 total=113 skipped_zero=113 erased=0
[GradualEraser::verify] center(146,206) rgba=(0,0,0,0)
[BrushEngine::stampEraser] cx=147.0 cy=206.0 m_eraser=0x5f7a1ec70c58
[GradualEraser::stamp] cx=147.0 cy=206.0 r=6 total=113 skipped_zero=110 erased=3
[GradualEraser::verify] center(147,206) rgba=(0,0,0,0)
[BrushEngine::stampEraser] cx=147.0 cy=206.0 m_eraser=0x5f7a1ec70c58
[GradualEraser::stamp] cx=147.0 cy=206.0 r=6 total=113 skipped_zero=113 erased=0
[GradualEraser::verify] center(147,206) rgba=(0,0,0,0)
[MOUSE_MOVE] drawing=true tool=1 drawing at (491.0,289.0)
[handleDrawing] tool=1 brushType=4 eraserSize=12.0 eraserOp=1.00 layer=0x5f7a2b51bd30
[BrushEngine::stampEraser] cx=147.0 cy=206.0 m_eraser=0x5f7a1ec70c58
[GradualEraser::stamp] cx=147.0 cy=206.0 r=6 total=113 skipped_zero=113 erased=0
[GradualEraser::verify] center(147,206) rgba=(0,0,0,0)
[BrushEngine::stampEraser] cx=147.0 cy=207.0 m_eraser=0x5f7a1ec70c58
[GradualEraser::stamp] cx=147.0 cy=207.0 r=6 total=113 skipped_zero=112 erased=1
[GradualEraser::verify] center(147,207) rgba=(0,0,0,0)
[BrushEngine::stampEraser] cx=147.0 cy=207.0 m_eraser=0x5f7a1ec70c58
[GradualEraser::stamp] cx=147.0 cy=207.0 r=6 total=113 skipped_zero=113 erased=0
[GradualEraser::verify] center(147,207) rgba=(0,0,0,0)
[MOUSE_MOVE] drawing=true tool=1 drawing at (491.0,292.0)
[handleDrawing] tool=1 brushType=4 eraserSize=12.0 eraserOp=1.00 layer=0x5f7a2b51bd30
[BrushEngine::stampEraser] cx=147.0 cy=207.0 m_eraser=0x5f7a1ec70c58
[GradualEraser::stamp] cx=147.0 cy=207.0 r=6 total=113 skipped_zero=113 erased=0
[GradualEraser::verify] center(147,207) rgba=(0,0,0,0)
[BrushEngine::stampEraser] cx=147.0 cy=210.0 m_eraser=0x5f7a1ec70c58
[GradualEraser::stamp] cx=147.0 cy=210.0 r=6 total=113 skipped_zero=110 erased=3
[GradualEraser::verify] center(147,210) rgba=(0,0,0,0)
[BrushEngine::stampEraser] cx=147.0 cy=210.0 m_eraser=0x5f7a1ec70c58
[GradualEraser::stamp] cx=147.0 cy=210.0 r=6 total=113 skipped_zero=113 erased=0
[GradualEraser::verify] center(147,210) rgba=(0,0,0,0)
[MOUSE_MOVE] drawing=true tool=1 drawing at (491.0,293.0)
[handleDrawing] tool=1 brushType=4 eraserSize=12.0 eraserOp=1.00 layer=0x5f7a2b51bd30
[BrushEngine::stampEraser] cx=147.0 cy=210.0 m_eraser=0x5f7a1ec70c58
[GradualEraser::stamp] cx=147.0 cy=210.0 r=6 total=113 skipped_zero=113 erased=0
[GradualEraser::verify] center(147,210) rgba=(0,0,0,0)
[BrushEngine::stampEraser] cx=147.0 cy=211.0 m_eraser=0x5f7a1ec70c58
[GradualEraser::stamp] cx=147.0 cy=211.0 r=6 total=113 skipped_zero=112 erased=1
[GradualEraser::verify] center(147,211) rgba=(0,0,0,0)
[BrushEngine::stampEraser] cx=147.0 cy=211.0 m_eraser=0x5f7a1ec70c58
[GradualEraser::stamp] cx=147.0 cy=211.0 r=6 total=113 skipped_zero=113 erased=0
[GradualEraser::verify] center(147,211) rgba=(0,0,0,0)
[CANVAS_UPDATE] recompositing (frameDirty=1 canvasDirty=0)
[CANVAS_UPDATE] sample pixel (147,211): rgba=(0,0,0,0)
[MOUSE_MOVE] drawing=true tool=1 drawing at (491.0,295.0)
[handleDrawing] tool=1 brushType=4 eraserSize=12.0 eraserOp=1.00 layer=0x5f7a2b51bd30
[BrushEngine::stampEraser] cx=147.0 cy=211.0 m_eraser=0x5f7a1ec70c58
[GradualEraser::stamp] cx=147.0 cy=211.0 r=6 total=113 skipped_zero=113 erased=0
[GradualEraser::verify] center(147,211) rgba=(0,0,0,0)
[BrushEngine::stampEraser] cx=147.0 cy=213.0 m_eraser=0x5f7a1ec70c58
[GradualEraser::stamp] cx=147.0 cy=213.0 r=6 total=113 skipped_zero=110 erased=3
[GradualEraser::verify] center(147,213) rgba=(0,0,0,0)
[BrushEngine::stampEraser] cx=147.0 cy=213.0 m_eraser=0x5f7a1ec70c58
[GradualEraser::stamp] cx=147.0 cy=213.0 r=6 total=113 skipped_zero=113 erased=0
[GradualEraser::verify] center(147,213) rgba=(0,0,0,0)
[MOUSE_MOVE] drawing=true tool=1 drawing at (491.0,296.0)
[handleDrawing] tool=1 brushType=4 eraserSize=12.0 eraserOp=1.00 layer=0x5f7a2b51bd30
[BrushEngine::stampEraser] cx=147.0 cy=213.0 m_eraser=0x5f7a1ec70c58
[GradualEraser::stamp] cx=147.0 cy=213.0 r=6 total=113 skipped_zero=113 erased=0
[GradualEraser::verify] center(147,213) rgba=(0,0,0,0)
[BrushEngine::stampEraser] cx=147.0 cy=214.0 m_eraser=0x5f7a1ec70c58
[GradualEraser::stamp] cx=147.0 cy=214.0 r=6 total=113 skipped_zero=112 erased=1
[GradualEraser::verify] center(147,214) rgba=(0,0,0,0)
[BrushEngine::stampEraser] cx=147.0 cy=214.0 m_eraser=0x5f7a1ec70c58
[GradualEraser::stamp] cx=147.0 cy=214.0 r=6 total=113 skipped_zero=113 erased=0
[GradualEraser::verify] center(147,214) rgba=(0,0,0,0)
[MOUSE_MOVE] drawing=true tool=1 drawing at (491.0,297.0)
[handleDrawing] tool=1 brushType=4 eraserSize=12.0 eraserOp=1.00 layer=0x5f7a2b51bd30
[BrushEngine::stampEraser] cx=147.0 cy=214.0 m_eraser=0x5f7a1ec70c58
[GradualEraser::stamp] cx=147.0 cy=214.0 r=6 total=113 skipped_zero=113 erased=0
[GradualEraser::verify] center(147,214) rgba=(0,0,0,0)
[BrushEngine::stampEraser] cx=147.0 cy=215.0 m_eraser=0x5f7a1ec70c58
[GradualEraser::stamp] cx=147.0 cy=215.0 r=6 total=113 skipped_zero=112 erased=1
[GradualEraser::verify] center(147,215) rgba=(0,0,0,0)
[BrushEngine::stampEraser] cx=147.0 cy=215.0 m_eraser=0x5f7a1ec70c58
[GradualEraser::stamp] cx=147.0 cy=215.0 r=6 total=113 skipped_zero=113 erased=0
[GradualEraser::verify] center(147,215) rgba=(0,0,0,0)
[MOUSE_MOVE] drawing=true tool=1 drawing at (491.0,298.0)
[handleDrawing] tool=1 brushType=4 eraserSize=12.0 eraserOp=1.00 layer=0x5f7a2b51bd30
[BrushEngine::stampEraser] cx=147.0 cy=215.0 m_eraser=0x5f7a1ec70c58
[GradualEraser::stamp] cx=147.0 cy=215.0 r=6 total=113 skipped_zero=113 erased=0
[GradualEraser::verify] center(147,215) rgba=(0,0,0,0)
[BrushEngine::stampEraser] cx=147.0 cy=216.0 m_eraser=0x5f7a1ec70c58
[GradualEraser::stamp] cx=147.0 cy=216.0 r=6 total=113 skipped_zero=112 erased=1
[GradualEraser::verify] center(147,216) rgba=(0,0,0,0)
[BrushEngine::stampEraser] cx=147.0 cy=216.0 m_eraser=0x5f7a1ec70c58
[GradualEraser::stamp] cx=147.0 cy=216.0 r=6 total=113 skipped_zero=113 erased=0
[GradualEraser::verify] center(147,216) rgba=(0,0,0,0)
[MOUSE_MOVE] drawing=true tool=1 drawing at (491.0,299.0)
[handleDrawing] tool=1 brushType=4 eraserSize=12.0 eraserOp=1.00 layer=0x5f7a2b51bd30
[BrushEngine::stampEraser] cx=147.0 cy=216.0 m_eraser=0x5f7a1ec70c58
[GradualEraser::stamp] cx=147.0 cy=216.0 r=6 total=113 skipped_zero=113 erased=0
[GradualEraser::verify] center(147,216) rgba=(0,0,0,0)
[BrushEngine::stampEraser] cx=147.0 cy=217.0 m_eraser=0x5f7a1ec70c58
[GradualEraser::stamp] cx=147.0 cy=217.0 r=6 total=113 skipped_zero=111 erased=2
[GradualEraser::verify] center(147,217) rgba=(0,0,0,0)
[BrushEngine::stampEraser] cx=147.0 cy=217.0 m_eraser=0x5f7a1ec70c58
[GradualEraser::stamp] cx=147.0 cy=217.0 r=6 total=113 skipped_zero=113 erased=0
[GradualEraser::verify] center(147,217) rgba=(0,0,0,0)
[CANVAS_UPDATE] recompositing (frameDirty=1 canvasDirty=0)
[CANVAS_UPDATE] sample pixel (147,217): rgba=(0,0,0,0)
[MOUSE_MOVE] drawing=true tool=1 drawing at (491.0,302.0)
[handleDrawing] tool=1 brushType=4 eraserSize=12.0 eraserOp=1.00 layer=0x5f7a2b51bd30
[BrushEngine::stampEraser] cx=147.0 cy=217.0 m_eraser=0x5f7a1ec70c58
[GradualEraser::stamp] cx=147.0 cy=217.0 r=6 total=113 skipped_zero=113 erased=0
[GradualEraser::verify] center(147,217) rgba=(0,0,0,0)
[BrushEngine::stampEraser] cx=147.0 cy=220.0 m_eraser=0x5f7a1ec70c58
[GradualEraser::stamp] cx=147.0 cy=220.0 r=6 total=113 skipped_zero=111 erased=2
[GradualEraser::verify] center(147,220) rgba=(0,0,0,0)
[BrushEngine::stampEraser] cx=147.0 cy=220.0 m_eraser=0x5f7a1ec70c58
[GradualEraser::stamp] cx=147.0 cy=220.0 r=6 total=113 skipped_zero=113 erased=0
[GradualEraser::verify] center(147,220) rgba=(0,0,0,0)
[MOUSE_MOVE] drawing=true tool=1 drawing at (492.0,303.0)
[handleDrawing] tool=1 brushType=4 eraserSize=12.0 eraserOp=1.00 layer=0x5f7a2b51bd30
[BrushEngine::stampEraser] cx=147.0 cy=220.0 m_eraser=0x5f7a1ec70c58
[GradualEraser::stamp] cx=147.0 cy=220.0 r=6 total=113 skipped_zero=113 erased=0
[GradualEraser::verify] center(147,220) rgba=(0,0,0,0)
[BrushEngine::stampEraser] cx=148.0 cy=221.0 m_eraser=0x5f7a1ec70c58
[GradualEraser::stamp] cx=148.0 cy=221.0 r=6 total=113 skipped_zero=105 erased=8
[GradualEraser::verify] center(148,221) rgba=(0,0,0,0)
[BrushEngine::stampEraser] cx=148.0 cy=221.0 m_eraser=0x5f7a1ec70c58
[GradualEraser::stamp] cx=148.0 cy=221.0 r=6 total=113 skipped_zero=113 erased=0
[GradualEraser::verify] center(148,221) rgba=(0,0,0,0)
[MOUSE_MOVE] drawing=true tool=1 drawing at (492.0,304.0)
[handleDrawing] tool=1 brushType=4 eraserSize=12.0 eraserOp=1.00 layer=0x5f7a2b51bd30
[BrushEngine::stampEraser] cx=148.0 cy=221.0 m_eraser=0x5f7a1ec70c58
[GradualEraser::stamp] cx=148.0 cy=221.0 r=6 total=113 skipped_zero=113 erased=0
[GradualEraser::verify] center(148,221) rgba=(0,0,0,0)
[BrushEngine::stampEraser] cx=148.0 cy=222.0 m_eraser=0x5f7a1ec70c58
[GradualEraser::stamp] cx=148.0 cy=222.0 r=6 total=113 skipped_zero=110 erased=3
[GradualEraser::verify] center(148,222) rgba=(0,0,0,0)
[BrushEngine::stampEraser] cx=148.0 cy=222.0 m_eraser=0x5f7a1ec70c58
[GradualEraser::stamp] cx=148.0 cy=222.0 r=6 total=113 skipped_zero=113 erased=0
[GradualEraser::verify] center(148,222) rgba=(0,0,0,0)
[MOUSE_MOVE] drawing=true tool=1 drawing at (492.0,305.0)
[handleDrawing] tool=1 brushType=4 eraserSize=12.0 eraserOp=1.00 layer=0x5f7a2b51bd30
[BrushEngine::stampEraser] cx=148.0 cy=222.0 m_eraser=0x5f7a1ec70c58
[GradualEraser::stamp] cx=148.0 cy=222.0 r=6 total=113 skipped_zero=113 erased=0
[GradualEraser::verify] center(148,222) rgba=(0,0,0,0)
[BrushEngine::stampEraser] cx=148.0 cy=223.0 m_eraser=0x5f7a1ec70c58
[GradualEraser::stamp] cx=148.0 cy=223.0 r=6 total=113 skipped_zero=111 erased=2
[GradualEraser::verify] center(148,223) rgba=(0,0,0,0)
[BrushEngine::stampEraser] cx=148.0 cy=223.0 m_eraser=0x5f7a1ec70c58
[GradualEraser::stamp] cx=148.0 cy=223.0 r=6 total=113 skipped_zero=113 erased=0
[GradualEraser::verify] center(148,223) rgba=(0,0,0,0)
[MOUSE_MOVE] drawing=true tool=1 drawing at (492.0,306.0)
[handleDrawing] tool=1 brushType=4 eraserSize=12.0 eraserOp=1.00 layer=0x5f7a2b51bd30
[BrushEngine::stampEraser] cx=148.0 cy=223.0 m_eraser=0x5f7a1ec70c58
[GradualEraser::stamp] cx=148.0 cy=223.0 r=6 total=113 skipped_zero=113 erased=0
[GradualEraser::verify] center(148,223) rgba=(0,0,0,0)
[BrushEngine::stampEraser] cx=148.0 cy=224.0 m_eraser=0x5f7a1ec70c58
[GradualEraser::stamp] cx=148.0 cy=224.0 r=6 total=113 skipped_zero=111 erased=2
[GradualEraser::verify] center(148,224) rgba=(0,0,0,0)
[BrushEngine::stampEraser] cx=148.0 cy=224.0 m_eraser=0x5f7a1ec70c58
[GradualEraser::stamp] cx=148.0 cy=224.0 r=6 total=113 skipped_zero=113 erased=0
[GradualEraser::verify] center(148,224) rgba=(0,0,0,0)
[MOUSE_MOVE] drawing=true tool=1 drawing at (492.0,307.0)
[handleDrawing] tool=1 brushType=4 eraserSize=12.0 eraserOp=1.00 layer=0x5f7a2b51bd30
[BrushEngine::stampEraser] cx=148.0 cy=224.0 m_eraser=0x5f7a1ec70c58
[GradualEraser::stamp] cx=148.0 cy=224.0 r=6 total=113 skipped_zero=113 erased=0
[GradualEraser::verify] center(148,224) rgba=(0,0,0,0)
[BrushEngine::stampEraser] cx=148.0 cy=225.0 m_eraser=0x5f7a1ec70c58
[GradualEraser::stamp] cx=148.0 cy=225.0 r=6 total=113 skipped_zero=111 erased=2
[GradualEraser::verify] center(148,225) rgba=(0,0,0,0)
[BrushEngine::stampEraser] cx=148.0 cy=225.0 m_eraser=0x5f7a1ec70c58
[GradualEraser::stamp] cx=148.0 cy=225.0 r=6 total=113 skipped_zero=113 erased=0
[GradualEraser::verify] center(148,225) rgba=(0,0,0,0)
[MOUSE_MOVE] drawing=true tool=1 drawing at (492.0,308.0)
[handleDrawing] tool=1 brushType=4 eraserSize=12.0 eraserOp=1.00 layer=0x5f7a2b51bd30
[BrushEngine::stampEraser] cx=148.0 cy=225.0 m_eraser=0x5f7a1ec70c58
[GradualEraser::stamp] cx=148.0 cy=225.0 r=6 total=113 skipped_zero=113 erased=0
[GradualEraser::verify] center(148,225) rgba=(0,0,0,0)
[BrushEngine::stampEraser] cx=148.0 cy=226.0 m_eraser=0x5f7a1ec70c58
[GradualEraser::stamp] cx=148.0 cy=226.0 r=6 total=113 skipped_zero=111 erased=2
[GradualEraser::verify] center(148,226) rgba=(0,0,0,0)
[BrushEngine::stampEraser] cx=148.0 cy=226.0 m_eraser=0x5f7a1ec70c58
[GradualEraser::stamp] cx=148.0 cy=226.0 r=6 total=113 skipped_zero=113 erased=0
[GradualEraser::verify] center(148,226) rgba=(0,0,0,0)
[CANVAS_UPDATE] recompositing (frameDirty=1 canvasDirty=0)
[CANVAS_UPDATE] sample pixel (148,226): rgba=(255,101,50,255)
[MOUSE_MOVE] drawing=true tool=1 drawing at (492.0,309.0)
[handleDrawing] tool=1 brushType=4 eraserSize=12.0 eraserOp=1.00 layer=0x5f7a2b51bd30
[BrushEngine::stampEraser] cx=148.0 cy=226.0 m_eraser=0x5f7a1ec70c58
[GradualEraser::stamp] cx=148.0 cy=226.0 r=6 total=113 skipped_zero=113 erased=0
[GradualEraser::verify] center(148,226) rgba=(0,0,0,0)
[BrushEngine::stampEraser] cx=148.0 cy=227.0 m_eraser=0x5f7a1ec70c58
[GradualEraser::stamp] cx=148.0 cy=227.0 r=6 total=113 skipped_zero=111 erased=2
[GradualEraser::verify] center(148,227) rgba=(0,0,0,0)
[BrushEngine::stampEraser] cx=148.0 cy=227.0 m_eraser=0x5f7a1ec70c58
[GradualEraser::stamp] cx=148.0 cy=227.0 r=6 total=113 skipped_zero=113 erased=0
[GradualEraser::verify] center(148,227) rgba=(0,0,0,0)
[MOUSE_MOVE] drawing=true tool=1 drawing at (492.0,311.0)
[handleDrawing] tool=1 brushType=4 eraserSize=12.0 eraserOp=1.00 layer=0x5f7a2b51bd30
[BrushEngine::stampEraser] cx=148.0 cy=227.0 m_eraser=0x5f7a1ec70c58
[GradualEraser::stamp] cx=148.0 cy=227.0 r=6 total=113 skipped_zero=113 erased=0
[GradualEraser::verify] center(148,227) rgba=(0,0,0,0)
[BrushEngine::stampEraser] cx=148.0 cy=229.0 m_eraser=0x5f7a1ec70c58
[GradualEraser::stamp] cx=148.0 cy=229.0 r=6 total=113 skipped_zero=111 erased=2
[GradualEraser::verify] center(148,229) rgba=(0,0,0,0)
[BrushEngine::stampEraser] cx=148.0 cy=229.0 m_eraser=0x5f7a1ec70c58
[GradualEraser::stamp] cx=148.0 cy=229.0 r=6 total=113 skipped_zero=113 erased=0
[GradualEraser::verify] center(148,229) rgba=(0,0,0,0)
[MOUSE_MOVE] drawing=true tool=1 drawing at (492.0,312.0)
[handleDrawing] tool=1 brushType=4 eraserSize=12.0 eraserOp=1.00 layer=0x5f7a2b51bd30
[BrushEngine::stampEraser] cx=148.0 cy=229.0 m_eraser=0x5f7a1ec70c58
[GradualEraser::stamp] cx=148.0 cy=229.0 r=6 total=113 skipped_zero=113 erased=0
[GradualEraser::verify] center(148,229) rgba=(0,0,0,0)
[BrushEngine::stampEraser] cx=148.0 cy=230.0 m_eraser=0x5f7a1ec70c58
[GradualEraser::stamp] cx=148.0 cy=230.0 r=6 total=113 skipped_zero=112 erased=1
[GradualEraser::verify] center(148,230) rgba=(0,0,0,0)
[BrushEngine::stampEraser] cx=148.0 cy=230.0 m_eraser=0x5f7a1ec70c58
[GradualEraser::stamp] cx=148.0 cy=230.0 r=6 total=113 skipped_zero=113 erased=0
[GradualEraser::verify] center(148,230) rgba=(0,0,0,0)
[MOUSE_MOVE] drawing=true tool=1 drawing at (492.0,314.0)
[handleDrawing] tool=1 brushType=4 eraserSize=12.0 eraserOp=1.00 layer=0x5f7a2b51bd30
[BrushEngine::stampEraser] cx=148.0 cy=230.0 m_eraser=0x5f7a1ec70c58
[GradualEraser::stamp] cx=148.0 cy=230.0 r=6 total=113 skipped_zero=113 erased=0
[GradualEraser::verify] center(148,230) rgba=(0,0,0,0)
[BrushEngine::stampEraser] cx=148.0 cy=232.0 m_eraser=0x5f7a1ec70c58
[GradualEraser::stamp] cx=148.0 cy=232.0 r=6 total=113 skipped_zero=112 erased=1
[GradualEraser::verify] center(148,232) rgba=(0,0,0,0)
[BrushEngine::stampEraser] cx=148.0 cy=232.0 m_eraser=0x5f7a1ec70c58
[GradualEraser::stamp] cx=148.0 cy=232.0 r=6 total=113 skipped_zero=113 erased=0
[GradualEraser::verify] center(148,232) rgba=(0,0,0,0)
[MOUSE_MOVE] drawing=true tool=1 drawing at (492.0,315.0)
[handleDrawing] tool=1 brushType=4 eraserSize=12.0 eraserOp=1.00 layer=0x5f7a2b51bd30
[BrushEngine::stampEraser] cx=148.0 cy=232.0 m_eraser=0x5f7a1ec70c58
[GradualEraser::stamp] cx=148.0 cy=232.0 r=6 total=113 skipped_zero=113 erased=0
[GradualEraser::verify] center(148,232) rgba=(0,0,0,0)
[BrushEngine::stampEraser] cx=148.0 cy=233.0 m_eraser=0x5f7a1ec70c58
[GradualEraser::stamp] cx=148.0 cy=233.0 r=6 total=113 skipped_zero=112 erased=1
[GradualEraser::verify] center(148,233) rgba=(0,0,0,0)
[BrushEngine::stampEraser] cx=148.0 cy=233.0 m_eraser=0x5f7a1ec70c58
[GradualEraser::stamp] cx=148.0 cy=233.0 r=6 total=113 skipped_zero=113 erased=0
[GradualEraser::verify] center(148,233) rgba=(0,0,0,0)
[MOUSE_MOVE] drawing=true tool=1 drawing at (492.0,316.0)
[handleDrawing] tool=1 brushType=4 eraserSize=12.0 eraserOp=1.00 layer=0x5f7a2b51bd30
[BrushEngine::stampEraser] cx=148.0 cy=233.0 m_eraser=0x5f7a1ec70c58
[GradualEraser::stamp] cx=148.0 cy=233.0 r=6 total=113 skipped_zero=113 erased=0
[GradualEraser::verify] center(148,233) rgba=(0,0,0,0)
[BrushEngine::stampEraser] cx=148.0 cy=234.0 m_eraser=0x5f7a1ec70c58
[GradualEraser::stamp] cx=148.0 cy=234.0 r=6 total=113 skipped_zero=112 erased=1
[GradualEraser::verify] center(148,234) rgba=(0,0,0,0)
[BrushEngine::stampEraser] cx=148.0 cy=234.0 m_eraser=0x5f7a1ec70c58
[GradualEraser::stamp] cx=148.0 cy=234.0 r=6 total=113 skipped_zero=113 erased=0
[GradualEraser::verify] center(148,234) rgba=(0,0,0,0)
[MOUSE_MOVE] drawing=true tool=1 drawing at (492.0,317.0)
[handleDrawing] tool=1 brushType=4 eraserSize=12.0 eraserOp=1.00 layer=0x5f7a2b51bd30
[BrushEngine::stampEraser] cx=148.0 cy=234.0 m_eraser=0x5f7a1ec70c58
[GradualEraser::stamp] cx=148.0 cy=234.0 r=6 total=113 skipped_zero=113 erased=0
[GradualEraser::verify] center(148,234) rgba=(0,0,0,0)
[BrushEngine::stampEraser] cx=148.0 cy=235.0 m_eraser=0x5f7a1ec70c58
[GradualEraser::stamp] cx=148.0 cy=235.0 r=6 total=113 skipped_zero=112 erased=1
[GradualEraser::verify] center(148,235) rgba=(0,0,0,0)
[BrushEngine::stampEraser] cx=148.0 cy=235.0 m_eraser=0x5f7a1ec70c58
[GradualEraser::stamp] cx=148.0 cy=235.0 r=6 total=113 skipped_zero=113 erased=0
[GradualEraser::verify] center(148,235) rgba=(0,0,0,0)
[CANVAS_UPDATE] recompositing (frameDirty=1 canvasDirty=0)
[CANVAS_UPDATE] sample pixel (148,235): rgba=(0,0,0,0)
[MOUSE_MOVE] drawing=true tool=1 drawing at (492.0,318.0)
[handleDrawing] tool=1 brushType=4 eraserSize=12.0 eraserOp=1.00 layer=0x5f7a2b51bd30
[BrushEngine::stampEraser] cx=148.0 cy=235.0 m_eraser=0x5f7a1ec70c58
[GradualEraser::stamp] cx=148.0 cy=235.0 r=6 total=113 skipped_zero=113 erased=0
[GradualEraser::verify] center(148,235) rgba=(0,0,0,0)
[BrushEngine::stampEraser] cx=148.0 cy=236.0 m_eraser=0x5f7a1ec70c58
[GradualEraser::stamp] cx=148.0 cy=236.0 r=6 total=113 skipped_zero=111 erased=2
[GradualEraser::verify] center(148,236) rgba=(0,0,0,0)
[BrushEngine::stampEraser] cx=148.0 cy=236.0 m_eraser=0x5f7a1ec70c58
[GradualEraser::stamp] cx=148.0 cy=236.0 r=6 total=113 skipped_zero=113 erased=0
[GradualEraser::verify] center(148,236) rgba=(0,0,0,0)
[MOUSE_MOVE] drawing=true tool=1 drawing at (492.0,319.0)
[handleDrawing] tool=1 brushType=4 eraserSize=12.0 eraserOp=1.00 layer=0x5f7a2b51bd30
[BrushEngine::stampEraser] cx=148.0 cy=236.0 m_eraser=0x5f7a1ec70c58
[GradualEraser::stamp] cx=148.0 cy=236.0 r=6 total=113 skipped_zero=113 erased=0
[GradualEraser::verify] center(148,236) rgba=(0,0,0,0)
[BrushEngine::stampEraser] cx=148.0 cy=237.0 m_eraser=0x5f7a1ec70c58
[GradualEraser::stamp] cx=148.0 cy=237.0 r=6 total=113 skipped_zero=112 erased=1
[GradualEraser::verify] center(148,237) rgba=(0,0,0,0)
[BrushEngine::stampEraser] cx=148.0 cy=237.0 m_eraser=0x5f7a1ec70c58
[GradualEraser::stamp] cx=148.0 cy=237.0 r=6 total=113 skipped_zero=113 erased=0
[GradualEraser::verify] center(148,237) rgba=(0,0,0,0)
[MOUSE_MOVE] drawing=true tool=1 drawing at (492.0,320.0)
[handleDrawing] tool=1 brushType=4 eraserSize=12.0 eraserOp=1.00 layer=0x5f7a2b51bd30
[BrushEngine::stampEraser] cx=148.0 cy=237.0 m_eraser=0x5f7a1ec70c58
[GradualEraser::stamp] cx=148.0 cy=237.0 r=6 total=113 skipped_zero=113 erased=0
[GradualEraser::verify] center(148,237) rgba=(0,0,0,0)
[BrushEngine::stampEraser] cx=148.0 cy=238.0 m_eraser=0x5f7a1ec70c58
[GradualEraser::stamp] cx=148.0 cy=238.0 r=6 total=113 skipped_zero=112 erased=1
[GradualEraser::verify] center(148,238) rgba=(0,0,0,0)
[BrushEngine::stampEraser] cx=148.0 cy=238.0 m_eraser=0x5f7a1ec70c58
[GradualEraser::stamp] cx=148.0 cy=238.0 r=6 total=113 skipped_zero=113 erased=0
[GradualEraser::verify] center(148,238) rgba=(0,0,0,0)
[MOUSE_MOVE] drawing=true tool=1 drawing at (492.0,321.0)
[handleDrawing] tool=1 brushType=4 eraserSize=12.0 eraserOp=1.00 layer=0x5f7a2b51bd30
[BrushEngine::stampEraser] cx=148.0 cy=238.0 m_eraser=0x5f7a1ec70c58
[GradualEraser::stamp] cx=148.0 cy=238.0 r=6 total=113 skipped_zero=113 erased=0
[GradualEraser::verify] center(148,238) rgba=(0,0,0,0)
[BrushEngine::stampEraser] cx=148.0 cy=239.0 m_eraser=0x5f7a1ec70c58
[GradualEraser::stamp] cx=148.0 cy=239.0 r=6 total=113 skipped_zero=112 erased=1
[GradualEraser::verify] center(148,239) rgba=(0,0,0,0)
[BrushEngine::stampEraser] cx=148.0 cy=239.0 m_eraser=0x5f7a1ec70c58
[GradualEraser::stamp] cx=148.0 cy=239.0 r=6 total=113 skipped_zero=113 erased=0
[GradualEraser::verify] center(148,239) rgba=(0,0,0,0)
[CANVAS_UPDATE] recompositing (frameDirty=1 canvasDirty=0)
[CANVAS_UPDATE] sample pixel (148,239): rgba=(255,101,50,255)
[MOUSE_MOVE] drawing=true tool=1 drawing at (492.0,322.0)
[handleDrawing] tool=1 brushType=4 eraserSize=12.0 eraserOp=1.00 layer=0x5f7a2b51bd30
[BrushEngine::stampEraser] cx=148.0 cy=239.0 m_eraser=0x5f7a1ec70c58
[GradualEraser::stamp] cx=148.0 cy=239.0 r=6 total=113 skipped_zero=113 erased=0
[GradualEraser::verify] center(148,239) rgba=(0,0,0,0)
[BrushEngine::stampEraser] cx=148.0 cy=240.0 m_eraser=0x5f7a1ec70c58
[GradualEraser::stamp] cx=148.0 cy=240.0 r=6 total=113 skipped_zero=112 erased=1
[GradualEraser::verify] center(148,240) rgba=(0,0,0,0)
[BrushEngine::stampEraser] cx=148.0 cy=240.0 m_eraser=0x5f7a1ec70c58
[GradualEraser::stamp] cx=148.0 cy=240.0 r=6 total=113 skipped_zero=113 erased=0
[GradualEraser::verify] center(148,240) rgba=(0,0,0,0)
[MOUSE_MOVE] drawing=true tool=1 drawing at (492.0,323.0)
[handleDrawing] tool=1 brushType=4 eraserSize=12.0 eraserOp=1.00 layer=0x5f7a2b51bd30
[BrushEngine::stampEraser] cx=148.0 cy=240.0 m_eraser=0x5f7a1ec70c58
[GradualEraser::stamp] cx=148.0 cy=240.0 r=6 total=113 skipped_zero=113 erased=0
[GradualEraser::verify] center(148,240) rgba=(0,0,0,0)
[BrushEngine::stampEraser] cx=148.0 cy=241.0 m_eraser=0x5f7a1ec70c58
[GradualEraser::stamp] cx=148.0 cy=241.0 r=6 total=113 skipped_zero=112 erased=1
[GradualEraser::verify] center(148,241) rgba=(0,0,0,0)
[BrushEngine::stampEraser] cx=148.0 cy=241.0 m_eraser=0x5f7a1ec70c58
[GradualEraser::stamp] cx=148.0 cy=241.0 r=6 total=113 skipped_zero=113 erased=0
[GradualEraser::verify] center(148,241) rgba=(0,0,0,0)
[MOUSE_MOVE] drawing=true tool=1 drawing at (492.0,324.0)
[handleDrawing] tool=1 brushType=4 eraserSize=12.0 eraserOp=1.00 layer=0x5f7a2b51bd30
[BrushEngine::stampEraser] cx=148.0 cy=241.0 m_eraser=0x5f7a1ec70c58
[GradualEraser::stamp] cx=148.0 cy=241.0 r=6 total=113 skipped_zero=113 erased=0
[GradualEraser::verify] center(148,241) rgba=(0,0,0,0)
[BrushEngine::stampEraser] cx=148.0 cy=242.0 m_eraser=0x5f7a1ec70c58
[GradualEraser::stamp] cx=148.0 cy=242.0 r=6 total=113 skipped_zero=112 erased=1
[GradualEraser::verify] center(148,242) rgba=(0,0,0,0)
[BrushEngine::stampEraser] cx=148.0 cy=242.0 m_eraser=0x5f7a1ec70c58
[GradualEraser::stamp] cx=148.0 cy=242.0 r=6 total=113 skipped_zero=113 erased=0
[GradualEraser::verify] center(148,242) rgba=(0,0,0,0)
[MOUSE_MOVE] drawing=true tool=1 drawing at (492.0,325.0)
[handleDrawing] tool=1 brushType=4 eraserSize=12.0 eraserOp=1.00 layer=0x5f7a2b51bd30
[BrushEngine::stampEraser] cx=148.0 cy=242.0 m_eraser=0x5f7a1ec70c58
[GradualEraser::stamp] cx=148.0 cy=242.0 r=6 total=113 skipped_zero=113 erased=0
[GradualEraser::verify] center(148,242) rgba=(0,0,0,0)
[BrushEngine::stampEraser] cx=148.0 cy=243.0 m_eraser=0x5f7a1ec70c58
[GradualEraser::stamp] cx=148.0 cy=243.0 r=6 total=113 skipped_zero=113 erased=0
[GradualEraser::verify] center(148,243) rgba=(0,0,0,0)
[BrushEngine::stampEraser] cx=148.0 cy=243.0 m_eraser=0x5f7a1ec70c58
[GradualEraser::stamp] cx=148.0 cy=243.0 r=6 total=113 skipped_zero=113 erased=0
[GradualEraser::verify] center(148,243) rgba=(0,0,0,0)
[CANVAS_UPDATE] recompositing (frameDirty=1 canvasDirty=0)
[CANVAS_UPDATE] sample pixel (148,243): rgba=(0,0,0,0)
[MOUSE_MOVE] drawing=true tool=1 drawing at (492.0,326.0)
[handleDrawing] tool=1 brushType=4 eraserSize=12.0 eraserOp=1.00 layer=0x5f7a2b51bd30
[BrushEngine::stampEraser] cx=148.0 cy=243.0 m_eraser=0x5f7a1ec70c58
[GradualEraser::stamp] cx=148.0 cy=243.0 r=6 total=113 skipped_zero=113 erased=0
[GradualEraser::verify] center(148,243) rgba=(0,0,0,0)
[BrushEngine::stampEraser] cx=148.0 cy=244.0 m_eraser=0x5f7a1ec70c58
[GradualEraser::stamp] cx=148.0 cy=244.0 r=6 total=113 skipped_zero=113 erased=0
[GradualEraser::verify] center(148,244) rgba=(0,0,0,0)
[BrushEngine::stampEraser] cx=148.0 cy=244.0 m_eraser=0x5f7a1ec70c58
[GradualEraser::stamp] cx=148.0 cy=244.0 r=6 total=113 skipped_zero=113 erased=0
[GradualEraser::verify] center(148,244) rgba=(0,0,0,0)
[CANVAS_UPDATE] recompositing (frameDirty=1 canvasDirty=0)
[CANVAS_UPDATE] sample pixel (148,244): rgba=(0,0,0,0)
[MOUSE_MOVE] drawing=true tool=1 drawing at (492.0,325.0)
[handleDrawing] tool=1 brushType=4 eraserSize=12.0 eraserOp=1.00 layer=0x5f7a2b51bd30
[BrushEngine::stampEraser] cx=148.0 cy=244.0 m_eraser=0x5f7a1ec70c58
[GradualEraser::stamp] cx=148.0 cy=244.0 r=6 total=113 skipped_zero=113 erased=0
[GradualEraser::verify] center(148,244) rgba=(0,0,0,0)
[BrushEngine::stampEraser] cx=148.0 cy=243.0 m_eraser=0x5f7a1ec70c58
[GradualEraser::stamp] cx=148.0 cy=243.0 r=6 total=113 skipped_zero=113 erased=0
[GradualEraser::verify] center(148,243) rgba=(0,0,0,0)
[BrushEngine::stampEraser] cx=148.0 cy=243.0 m_eraser=0x5f7a1ec70c58
[GradualEraser::stamp] cx=148.0 cy=243.0 r=6 total=113 skipped_zero=113 erased=0
[GradualEraser::verify] center(148,243) rgba=(0,0,0,0)
[CANVAS_UPDATE] recompositing (frameDirty=1 canvasDirty=0)
[CANVAS_UPDATE] sample pixel (148,243): rgba=(0,0,0,0)
[MOUSE_MOVE] drawing=true tool=1 drawing at (492.0,324.0)
[handleDrawing] tool=1 brushType=4 eraserSize=12.0 eraserOp=1.00 layer=0x5f7a2b51bd30
[BrushEngine::stampEraser] cx=148.0 cy=243.0 m_eraser=0x5f7a1ec70c58
[GradualEraser::stamp] cx=148.0 cy=243.0 r=6 total=113 skipped_zero=113 erased=0
[GradualEraser::verify] center(148,243) rgba=(0,0,0,0)
[BrushEngine::stampEraser] cx=148.0 cy=242.0 m_eraser=0x5f7a1ec70c58
[GradualEraser::stamp] cx=148.0 cy=242.0 r=6 total=113 skipped_zero=113 erased=0
[GradualEraser::verify] center(148,242) rgba=(0,0,0,0)
[BrushEngine::stampEraser] cx=148.0 cy=242.0 m_eraser=0x5f7a1ec70c58
[GradualEraser::stamp] cx=148.0 cy=242.0 r=6 total=113 skipped_zero=113 erased=0
[GradualEraser::verify] center(148,242) rgba=(0,0,0,0)
[MOUSE_MOVE] drawing=true tool=1 drawing at (492.0,323.0)
[handleDrawing] tool=1 brushType=4 eraserSize=12.0 eraserOp=1.00 layer=0x5f7a2b51bd30
[BrushEngine::stampEraser] cx=148.0 cy=242.0 m_eraser=0x5f7a1ec70c58
[GradualEraser::stamp] cx=148.0 cy=242.0 r=6 total=113 skipped_zero=113 erased=0
[GradualEraser::verify] center(148,242) rgba=(0,0,0,0)
[BrushEngine::stampEraser] cx=148.0 cy=241.0 m_eraser=0x5f7a1ec70c58
[GradualEraser::stamp] cx=148.0 cy=241.0 r=6 total=113 skipped_zero=113 erased=0
[GradualEraser::verify] center(148,241) rgba=(0,0,0,0)
[BrushEngine::stampEraser] cx=148.0 cy=241.0 m_eraser=0x5f7a1ec70c58
[GradualEraser::stamp] cx=148.0 cy=241.0 r=6 total=113 skipped_zero=113 erased=0
[GradualEraser::verify] center(148,241) rgba=(0,0,0,0)
[MOUSE_MOVE] drawing=true tool=1 drawing at (492.0,322.0)
[handleDrawing] tool=1 brushType=4 eraserSize=12.0 eraserOp=1.00 layer=0x5f7a2b51bd30
[BrushEngine::stampEraser] cx=148.0 cy=241.0 m_eraser=0x5f7a1ec70c58
[GradualEraser::stamp] cx=148.0 cy=241.0 r=6 total=113 skipped_zero=113 erased=0
[GradualEraser::verify] center(148,241) rgba=(0,0,0,0)
[BrushEngine::stampEraser] cx=148.0 cy=240.0 m_eraser=0x5f7a1ec70c58
[GradualEraser::stamp] cx=148.0 cy=240.0 r=6 total=113 skipped_zero=113 erased=0
[GradualEraser::verify] center(148,240) rgba=(0,0,0,0)
[BrushEngine::stampEraser] cx=148.0 cy=240.0 m_eraser=0x5f7a1ec70c58
[GradualEraser::stamp] cx=148.0 cy=240.0 r=6 total=113 skipped_zero=113 erased=0
[GradualEraser::verify] center(148,240) rgba=(0,0,0,0)
[MOUSE_MOVE] drawing=true tool=1 drawing at (492.0,321.0)
[handleDrawing] tool=1 brushType=4 eraserSize=12.0 eraserOp=1.00 layer=0x5f7a2b51bd30
[BrushEngine::stampEraser] cx=148.0 cy=240.0 m_eraser=0x5f7a1ec70c58
[GradualEraser::stamp] cx=148.0 cy=240.0 r=6 total=113 skipped_zero=113 erased=0
[GradualEraser::verify] center(148,240) rgba=(0,0,0,0)
[BrushEngine::stampEraser] cx=148.0 cy=239.0 m_eraser=0x5f7a1ec70c58
[GradualEraser::stamp] cx=148.0 cy=239.0 r=6 total=113 skipped_zero=113 erased=0
[GradualEraser::verify] center(148,239) rgba=(0,0,0,0)
[BrushEngine::stampEraser] cx=148.0 cy=239.0 m_eraser=0x5f7a1ec70c58
[GradualEraser::stamp] cx=148.0 cy=239.0 r=6 total=113 skipped_zero=113 erased=0
[GradualEraser::verify] center(148,239) rgba=(0,0,0,0)
[MOUSE_MOVE] drawing=true tool=1 drawing at (492.0,320.0)
[handleDrawing] tool=1 brushType=4 eraserSize=12.0 eraserOp=1.00 layer=0x5f7a2b51bd30
[BrushEngine::stampEraser] cx=148.0 cy=239.0 m_eraser=0x5f7a1ec70c58
[GradualEraser::stamp] cx=148.0 cy=239.0 r=6 total=113 skipped_zero=113 erased=0
[GradualEraser::verify] center(148,239) rgba=(0,0,0,0)
[BrushEngine::stampEraser] cx=148.0 cy=238.0 m_eraser=0x5f7a1ec70c58
[GradualEraser::stamp] cx=148.0 cy=238.0 r=6 total=113 skipped_zero=113 erased=0
[GradualEraser::verify] center(148,238) rgba=(0,0,0,0)
[BrushEngine::stampEraser] cx=148.0 cy=238.0 m_eraser=0x5f7a1ec70c58
[GradualEraser::stamp] cx=148.0 cy=238.0 r=6 total=113 skipped_zero=113 erased=0
[GradualEraser::verify] center(148,238) rgba=(0,0,0,0)
[MOUSE_MOVE] drawing=true tool=1 drawing at (492.0,319.0)
[handleDrawing] tool=1 brushType=4 eraserSize=12.0 eraserOp=1.00 layer=0x5f7a2b51bd30
[BrushEngine::stampEraser] cx=148.0 cy=238.0 m_eraser=0x5f7a1ec70c58
[GradualEraser::stamp] cx=148.0 cy=238.0 r=6 total=113 skipped_zero=113 erased=0
[GradualEraser::verify] center(148,238) rgba=(0,0,0,0)
[BrushEngine::stampEraser] cx=148.0 cy=237.0 m_eraser=0x5f7a1ec70c58
[GradualEraser::stamp] cx=148.0 cy=237.0 r=6 total=113 skipped_zero=113 erased=0
[GradualEraser::verify] center(148,237) rgba=(0,0,0,0)
[BrushEngine::stampEraser] cx=148.0 cy=237.0 m_eraser=0x5f7a1ec70c58
[GradualEraser::stamp] cx=148.0 cy=237.0 r=6 total=113 skipped_zero=113 erased=0
[GradualEraser::verify] center(148,237) rgba=(0,0,0,0)
[CANVAS_UPDATE] recompositing (frameDirty=1 canvasDirty=0)
[CANVAS_UPDATE] sample pixel (148,237): rgba=(0,0,0,0)
[MOUSE_MOVE] drawing=true tool=1 drawing at (492.0,318.0)
[handleDrawing] tool=1 brushType=4 eraserSize=12.0 eraserOp=1.00 layer=0x5f7a2b51bd30
[BrushEngine::stampEraser] cx=148.0 cy=237.0 m_eraser=0x5f7a1ec70c58
[GradualEraser::stamp] cx=148.0 cy=237.0 r=6 total=113 skipped_zero=113 erased=0
[GradualEraser::verify] center(148,237) rgba=(0,0,0,0)
[BrushEngine::stampEraser] cx=148.0 cy=236.0 m_eraser=0x5f7a1ec70c58
[GradualEraser::stamp] cx=148.0 cy=236.0 r=6 total=113 skipped_zero=113 erased=0
[GradualEraser::verify] center(148,236) rgba=(0,0,0,0)
[BrushEngine::stampEraser] cx=148.0 cy=236.0 m_eraser=0x5f7a1ec70c58
[GradualEraser::stamp] cx=148.0 cy=236.0 r=6 total=113 skipped_zero=113 erased=0
[GradualEraser::verify] center(148,236) rgba=(0,0,0,0)
[MOUSE_MOVE] drawing=true tool=1 drawing at (492.0,317.0)
[handleDrawing] tool=1 brushType=4 eraserSize=12.0 eraserOp=1.00 layer=0x5f7a2b51bd30
[BrushEngine::stampEraser] cx=148.0 cy=236.0 m_eraser=0x5f7a1ec70c58
[GradualEraser::stamp] cx=148.0 cy=236.0 r=6 total=113 skipped_zero=113 erased=0
[GradualEraser::verify] center(148,236) rgba=(0,0,0,0)
[BrushEngine::stampEraser] cx=148.0 cy=235.0 m_eraser=0x5f7a1ec70c58
[GradualEraser::stamp] cx=148.0 cy=235.0 r=6 total=113 skipped_zero=113 erased=0
[GradualEraser::verify] center(148,235) rgba=(0,0,0,0)
[BrushEngine::stampEraser] cx=148.0 cy=235.0 m_eraser=0x5f7a1ec70c58
[GradualEraser::stamp] cx=148.0 cy=235.0 r=6 total=113 skipped_zero=113 erased=0
[GradualEraser::verify] center(148,235) rgba=(0,0,0,0)
[MOUSE_MOVE] drawing=true tool=1 drawing at (492.0,316.0)
[handleDrawing] tool=1 brushType=4 eraserSize=12.0 eraserOp=1.00 layer=0x5f7a2b51bd30
[BrushEngine::stampEraser] cx=148.0 cy=235.0 m_eraser=0x5f7a1ec70c58
[GradualEraser::stamp] cx=148.0 cy=235.0 r=6 total=113 skipped_zero=113 erased=0
[GradualEraser::verify] center(148,235) rgba=(0,0,0,0)
[BrushEngine::stampEraser] cx=148.0 cy=234.0 m_eraser=0x5f7a1ec70c58
[GradualEraser::stamp] cx=148.0 cy=234.0 r=6 total=113 skipped_zero=113 erased=0
[GradualEraser::verify] center(148,234) rgba=(0,0,0,0)
[BrushEngine::stampEraser] cx=148.0 cy=234.0 m_eraser=0x5f7a1ec70c58
[GradualEraser::stamp] cx=148.0 cy=234.0 r=6 total=113 skipped_zero=113 erased=0
[GradualEraser::verify] center(148,234) rgba=(0,0,0,0)
[MOUSE_MOVE] drawing=true tool=1 drawing at (492.0,315.0)
[handleDrawing] tool=1 brushType=4 eraserSize=12.0 eraserOp=1.00 layer=0x5f7a2b51bd30
[BrushEngine::stampEraser] cx=148.0 cy=234.0 m_eraser=0x5f7a1ec70c58
[GradualEraser::stamp] cx=148.0 cy=234.0 r=6 total=113 skipped_zero=113 erased=0
[GradualEraser::verify] center(148,234) rgba=(0,0,0,0)
[BrushEngine::stampEraser] cx=148.0 cy=233.0 m_eraser=0x5f7a1ec70c58
[GradualEraser::stamp] cx=148.0 cy=233.0 r=6 total=113 skipped_zero=113 erased=0
[GradualEraser::verify] center(148,233) rgba=(0,0,0,0)
[BrushEngine::stampEraser] cx=148.0 cy=233.0 m_eraser=0x5f7a1ec70c58
[GradualEraser::stamp] cx=148.0 cy=233.0 r=6 total=113 skipped_zero=113 erased=0
[GradualEraser::verify] center(148,233) rgba=(0,0,0,0)
[MOUSE_MOVE] drawing=true tool=1 drawing at (492.0,314.0)
[handleDrawing] tool=1 brushType=4 eraserSize=12.0 eraserOp=1.00 layer=0x5f7a2b51bd30
[BrushEngine::stampEraser] cx=148.0 cy=233.0 m_eraser=0x5f7a1ec70c58
[GradualEraser::stamp] cx=148.0 cy=233.0 r=6 total=113 skipped_zero=113 erased=0
[GradualEraser::verify] center(148,233) rgba=(0,0,0,0)
[BrushEngine::stampEraser] cx=148.0 cy=232.0 m_eraser=0x5f7a1ec70c58
[GradualEraser::stamp] cx=148.0 cy=232.0 r=6 total=113 skipped_zero=113 erased=0
[GradualEraser::verify] center(148,232) rgba=(0,0,0,0)
[BrushEngine::stampEraser] cx=148.0 cy=232.0 m_eraser=0x5f7a1ec70c58
[GradualEraser::stamp] cx=148.0 cy=232.0 r=6 total=113 skipped_zero=113 erased=0
[GradualEraser::verify] center(148,232) rgba=(0,0,0,0)
[MOUSE_MOVE] drawing=true tool=1 drawing at (492.0,313.0)
[handleDrawing] tool=1 brushType=4 eraserSize=12.0 eraserOp=1.00 layer=0x5f7a2b51bd30
[BrushEngine::stampEraser] cx=148.0 cy=232.0 m_eraser=0x5f7a1ec70c58
[GradualEraser::stamp] cx=148.0 cy=232.0 r=6 total=113 skipped_zero=113 erased=0
[GradualEraser::verify] center(148,232) rgba=(0,0,0,0)
[BrushEngine::stampEraser] cx=148.0 cy=231.0 m_eraser=0x5f7a1ec70c58
[GradualEraser::stamp] cx=148.0 cy=231.0 r=6 total=113 skipped_zero=112 erased=1
[GradualEraser::verify] center(148,231) rgba=(0,0,0,0)
[BrushEngine::stampEraser] cx=148.0 cy=231.0 m_eraser=0x5f7a1ec70c58
[GradualEraser::stamp] cx=148.0 cy=231.0 r=6 total=113 skipped_zero=113 erased=0
[GradualEraser::verify] center(148,231) rgba=(0,0,0,0)
[CANVAS_UPDATE] recompositing (frameDirty=1 canvasDirty=0)
[CANVAS_UPDATE] sample pixel (148,231): rgba=(0,0,0,0)
[MOUSE_MOVE] drawing=true tool=1 drawing at (492.0,312.0)
[handleDrawing] tool=1 brushType=4 eraserSize=12.0 eraserOp=1.00 layer=0x5f7a2b51bd30
[BrushEngine::stampEraser] cx=148.0 cy=231.0 m_eraser=0x5f7a1ec70c58
[GradualEraser::stamp] cx=148.0 cy=231.0 r=6 total=113 skipped_zero=113 erased=0
[GradualEraser::verify] center(148,231) rgba=(0,0,0,0)
[BrushEngine::stampEraser] cx=148.0 cy=230.0 m_eraser=0x5f7a1ec70c58
[GradualEraser::stamp] cx=148.0 cy=230.0 r=6 total=113 skipped_zero=113 erased=0
[GradualEraser::verify] center(148,230) rgba=(0,0,0,0)
[BrushEngine::stampEraser] cx=148.0 cy=230.0 m_eraser=0x5f7a1ec70c58
[GradualEraser::stamp] cx=148.0 cy=230.0 r=6 total=113 skipped_zero=113 erased=0
[GradualEraser::verify] center(148,230) rgba=(0,0,0,0)
[MOUSE_MOVE] drawing=true tool=1 drawing at (492.0,309.0)
[handleDrawing] tool=1 brushType=4 eraserSize=12.0 eraserOp=1.00 layer=0x5f7a2b51bd30
[BrushEngine::stampEraser] cx=148.0 cy=230.0 m_eraser=0x5f7a1ec70c58
[GradualEraser::stamp] cx=148.0 cy=230.0 r=6 total=113 skipped_zero=113 erased=0
[GradualEraser::verify] center(148,230) rgba=(0,0,0,0)
[BrushEngine::stampEraser] cx=148.0 cy=227.0 m_eraser=0x5f7a1ec70c58
[GradualEraser::stamp] cx=148.0 cy=227.0 r=6 total=113 skipped_zero=113 erased=0
[GradualEraser::verify] center(148,227) rgba=(0,0,0,0)
[BrushEngine::stampEraser] cx=148.0 cy=227.0 m_eraser=0x5f7a1ec70c58
[GradualEraser::stamp] cx=148.0 cy=227.0 r=6 total=113 skipped_zero=113 erased=0
[GradualEraser::verify] center(148,227) rgba=(0,0,0,0)
[MOUSE_MOVE] drawing=true tool=1 drawing at (492.0,308.0)
[handleDrawing] tool=1 brushType=4 eraserSize=12.0 eraserOp=1.00 layer=0x5f7a2b51bd30
[BrushEngine::stampEraser] cx=148.0 cy=227.0 m_eraser=0x5f7a1ec70c58
[GradualEraser::stamp] cx=148.0 cy=227.0 r=6 total=113 skipped_zero=113 erased=0
[GradualEraser::verify] center(148,227) rgba=(0,0,0,0)
[BrushEngine::stampEraser] cx=148.0 cy=226.0 m_eraser=0x5f7a1ec70c58
[GradualEraser::stamp] cx=148.0 cy=226.0 r=6 total=113 skipped_zero=113 erased=0
[GradualEraser::verify] center(148,226) rgba=(0,0,0,0)
[BrushEngine::stampEraser] cx=148.0 cy=226.0 m_eraser=0x5f7a1ec70c58
[GradualEraser::stamp] cx=148.0 cy=226.0 r=6 total=113 skipped_zero=113 erased=0
[GradualEraser::verify] center(148,226) rgba=(0,0,0,0)
[MOUSE_MOVE] drawing=true tool=1 drawing at (492.0,307.0)
[handleDrawing] tool=1 brushType=4 eraserSize=12.0 eraserOp=1.00 layer=0x5f7a2b51bd30
[BrushEngine::stampEraser] cx=148.0 cy=226.0 m_eraser=0x5f7a1ec70c58
[GradualEraser::stamp] cx=148.0 cy=226.0 r=6 total=113 skipped_zero=113 erased=0
[GradualEraser::verify] center(148,226) rgba=(0,0,0,0)
[BrushEngine::stampEraser] cx=148.0 cy=225.0 m_eraser=0x5f7a1ec70c58
[GradualEraser::stamp] cx=148.0 cy=225.0 r=6 total=113 skipped_zero=113 erased=0
[GradualEraser::verify] center(148,225) rgba=(0,0,0,0)
[BrushEngine::stampEraser] cx=148.0 cy=225.0 m_eraser=0x5f7a1ec70c58
[GradualEraser::stamp] cx=148.0 cy=225.0 r=6 total=113 skipped_zero=113 erased=0
[GradualEraser::verify] center(148,225) rgba=(0,0,0,0)
[MOUSE_MOVE] drawing=true tool=1 drawing at (492.0,306.0)
[handleDrawing] tool=1 brushType=4 eraserSize=12.0 eraserOp=1.00 layer=0x5f7a2b51bd30
[BrushEngine::stampEraser] cx=148.0 cy=225.0 m_eraser=0x5f7a1ec70c58
[GradualEraser::stamp] cx=148.0 cy=225.0 r=6 total=113 skipped_zero=113 erased=0
[GradualEraser::verify] center(148,225) rgba=(0,0,0,0)
[BrushEngine::stampEraser] cx=148.0 cy=224.0 m_eraser=0x5f7a1ec70c58
[GradualEraser::stamp] cx=148.0 cy=224.0 r=6 total=113 skipped_zero=113 erased=0
[GradualEraser::verify] center(148,224) rgba=(0,0,0,0)
[BrushEngine::stampEraser] cx=148.0 cy=224.0 m_eraser=0x5f7a1ec70c58
[GradualEraser::stamp] cx=148.0 cy=224.0 r=6 total=113 skipped_zero=113 erased=0
[GradualEraser::verify] center(148,224) rgba=(0,0,0,0)
[MOUSE_MOVE] drawing=true tool=1 drawing at (492.0,305.0)
[handleDrawing] tool=1 brushType=4 eraserSize=12.0 eraserOp=1.00 layer=0x5f7a2b51bd30
[BrushEngine::stampEraser] cx=148.0 cy=224.0 m_eraser=0x5f7a1ec70c58
[GradualEraser::stamp] cx=148.0 cy=224.0 r=6 total=113 skipped_zero=113 erased=0
[GradualEraser::verify] center(148,224) rgba=(0,0,0,0)
[BrushEngine::stampEraser] cx=148.0 cy=223.0 m_eraser=0x5f7a1ec70c58
[GradualEraser::stamp] cx=148.0 cy=223.0 r=6 total=113 skipped_zero=113 erased=0
[GradualEraser::verify] center(148,223) rgba=(0,0,0,0)
[BrushEngine::stampEraser] cx=148.0 cy=223.0 m_eraser=0x5f7a1ec70c58
[GradualEraser::stamp] cx=148.0 cy=223.0 r=6 total=113 skipped_zero=113 erased=0
[GradualEraser::verify] center(148,223) rgba=(0,0,0,0)
[MOUSE_MOVE] drawing=true tool=1 drawing at (492.0,304.0)
[handleDrawing] tool=1 brushType=4 eraserSize=12.0 eraserOp=1.00 layer=0x5f7a2b51bd30
[BrushEngine::stampEraser] cx=148.0 cy=223.0 m_eraser=0x5f7a1ec70c58
[GradualEraser::stamp] cx=148.0 cy=223.0 r=6 total=113 skipped_zero=113 erased=0
[GradualEraser::verify] center(148,223) rgba=(0,0,0,0)
[BrushEngine::stampEraser] cx=148.0 cy=222.0 m_eraser=0x5f7a1ec70c58
[GradualEraser::stamp] cx=148.0 cy=222.0 r=6 total=113 skipped_zero=113 erased=0
[GradualEraser::verify] center(148,222) rgba=(0,0,0,0)
[BrushEngine::stampEraser] cx=148.0 cy=222.0 m_eraser=0x5f7a1ec70c58
[GradualEraser::stamp] cx=148.0 cy=222.0 r=6 total=113 skipped_zero=113 erased=0
[GradualEraser::verify] center(148,222) rgba=(0,0,0,0)
[CANVAS_UPDATE] recompositing (frameDirty=1 canvasDirty=0)
[CANVAS_UPDATE] sample pixel (148,222): rgba=(0,0,0,0)
[MOUSE_MOVE] drawing=true tool=1 drawing at (492.0,302.0)
[handleDrawing] tool=1 brushType=4 eraserSize=12.0 eraserOp=1.00 layer=0x5f7a2b51bd30
[BrushEngine::stampEraser] cx=148.0 cy=222.0 m_eraser=0x5f7a1ec70c58
[GradualEraser::stamp] cx=148.0 cy=222.0 r=6 total=113 skipped_zero=113 erased=0
[GradualEraser::verify] center(148,222) rgba=(0,0,0,0)
[BrushEngine::stampEraser] cx=148.0 cy=220.0 m_eraser=0x5f7a1ec70c58
[GradualEraser::stamp] cx=148.0 cy=220.0 r=6 total=113 skipped_zero=112 erased=1
[GradualEraser::verify] center(148,220) rgba=(0,0,0,0)
[BrushEngine::stampEraser] cx=148.0 cy=220.0 m_eraser=0x5f7a1ec70c58
[GradualEraser::stamp] cx=148.0 cy=220.0 r=6 total=113 skipped_zero=113 erased=0
[GradualEraser::verify] center(148,220) rgba=(0,0,0,0)
[MOUSE_MOVE] drawing=true tool=1 drawing at (492.0,301.0)
[handleDrawing] tool=1 brushType=4 eraserSize=12.0 eraserOp=1.00 layer=0x5f7a2b51bd30
[BrushEngine::stampEraser] cx=148.0 cy=220.0 m_eraser=0x5f7a1ec70c58
[GradualEraser::stamp] cx=148.0 cy=220.0 r=6 total=113 skipped_zero=113 erased=0
[GradualEraser::verify] center(148,220) rgba=(0,0,0,0)
[BrushEngine::stampEraser] cx=148.0 cy=219.0 m_eraser=0x5f7a1ec70c58
[GradualEraser::stamp] cx=148.0 cy=219.0 r=6 total=113 skipped_zero=112 erased=1
[GradualEraser::verify] center(148,219) rgba=(0,0,0,0)
[BrushEngine::stampEraser] cx=148.0 cy=219.0 m_eraser=0x5f7a1ec70c58
[GradualEraser::stamp] cx=148.0 cy=219.0 r=6 total=113 skipped_zero=113 erased=0
[GradualEraser::verify] center(148,219) rgba=(0,0,0,0)
[MOUSE_MOVE] drawing=true tool=1 drawing at (492.0,299.0)
[handleDrawing] tool=1 brushType=4 eraserSize=12.0 eraserOp=1.00 layer=0x5f7a2b51bd30
[BrushEngine::stampEraser] cx=148.0 cy=219.0 m_eraser=0x5f7a1ec70c58
[GradualEraser::stamp] cx=148.0 cy=219.0 r=6 total=113 skipped_zero=113 erased=0
[GradualEraser::verify] center(148,219) rgba=(0,0,0,0)
[BrushEngine::stampEraser] cx=148.0 cy=217.0 m_eraser=0x5f7a1ec70c58
[GradualEraser::stamp] cx=148.0 cy=217.0 r=6 total=113 skipped_zero=112 erased=1
[GradualEraser::verify] center(148,217) rgba=(0,0,0,0)
[BrushEngine::stampEraser] cx=148.0 cy=217.0 m_eraser=0x5f7a1ec70c58
[GradualEraser::stamp] cx=148.0 cy=217.0 r=6 total=113 skipped_zero=113 erased=0
[GradualEraser::verify] center(148,217) rgba=(0,0,0,0)
[MOUSE_MOVE] drawing=true tool=1 drawing at (492.0,298.0)
[handleDrawing] tool=1 brushType=4 eraserSize=12.0 eraserOp=1.00 layer=0x5f7a2b51bd30
[BrushEngine::stampEraser] cx=148.0 cy=217.0 m_eraser=0x5f7a1ec70c58
[GradualEraser::stamp] cx=148.0 cy=217.0 r=6 total=113 skipped_zero=113 erased=0
[GradualEraser::verify] center(148,217) rgba=(0,0,0,0)
[BrushEngine::stampEraser] cx=148.0 cy=216.0 m_eraser=0x5f7a1ec70c58
[GradualEraser::stamp] cx=148.0 cy=216.0 r=6 total=113 skipped_zero=112 erased=1
[GradualEraser::verify] center(148,216) rgba=(0,0,0,0)
[BrushEngine::stampEraser] cx=148.0 cy=216.0 m_eraser=0x5f7a1ec70c58
[GradualEraser::stamp] cx=148.0 cy=216.0 r=6 total=113 skipped_zero=113 erased=0
[GradualEraser::verify] center(148,216) rgba=(0,0,0,0)
[MOUSE_MOVE] drawing=true tool=1 drawing at (492.0,297.0)
[handleDrawing] tool=1 brushType=4 eraserSize=12.0 eraserOp=1.00 layer=0x5f7a2b51bd30
[BrushEngine::stampEraser] cx=148.0 cy=216.0 m_eraser=0x5f7a1ec70c58
[GradualEraser::stamp] cx=148.0 cy=216.0 r=6 total=113 skipped_zero=113 erased=0
[GradualEraser::verify] center(148,216) rgba=(0,0,0,0)
[BrushEngine::stampEraser] cx=148.0 cy=215.0 m_eraser=0x5f7a1ec70c58
[GradualEraser::stamp] cx=148.0 cy=215.0 r=6 total=113 skipped_zero=111 erased=2
[GradualEraser::verify] center(148,215) rgba=(0,0,0,0)
[BrushEngine::stampEraser] cx=148.0 cy=215.0 m_eraser=0x5f7a1ec70c58
[GradualEraser::stamp] cx=148.0 cy=215.0 r=6 total=113 skipped_zero=113 erased=0
[GradualEraser::verify] center(148,215) rgba=(0,0,0,0)
[MOUSE_MOVE] drawing=true tool=1 drawing at (492.0,296.0)
[handleDrawing] tool=1 brushType=4 eraserSize=12.0 eraserOp=1.00 layer=0x5f7a2b51bd30
[BrushEngine::stampEraser] cx=148.0 cy=215.0 m_eraser=0x5f7a1ec70c58
[GradualEraser::stamp] cx=148.0 cy=215.0 r=6 total=113 skipped_zero=113 erased=0
[GradualEraser::verify] center(148,215) rgba=(0,0,0,0)
[BrushEngine::stampEraser] cx=148.0 cy=214.0 m_eraser=0x5f7a1ec70c58
[GradualEraser::stamp] cx=148.0 cy=214.0 r=6 total=113 skipped_zero=112 erased=1
[GradualEraser::verify] center(148,214) rgba=(0,0,0,0)
[BrushEngine::stampEraser] cx=148.0 cy=214.0 m_eraser=0x5f7a1ec70c58
[GradualEraser::stamp] cx=148.0 cy=214.0 r=6 total=113 skipped_zero=113 erased=0
[GradualEraser::verify] center(148,214) rgba=(0,0,0,0)
[CANVAS_UPDATE] recompositing (frameDirty=1 canvasDirty=0)
[CANVAS_UPDATE] sample pixel (148,214): rgba=(255,101,50,255)
[MOUSE_MOVE] drawing=true tool=1 drawing at (492.0,295.0)
[handleDrawing] tool=1 brushType=4 eraserSize=12.0 eraserOp=1.00 layer=0x5f7a2b51bd30
[BrushEngine::stampEraser] cx=148.0 cy=214.0 m_eraser=0x5f7a1ec70c58
[GradualEraser::stamp] cx=148.0 cy=214.0 r=6 total=113 skipped_zero=113 erased=0
[GradualEraser::verify] center(148,214) rgba=(0,0,0,0)
[BrushEngine::stampEraser] cx=148.0 cy=213.0 m_eraser=0x5f7a1ec70c58
[GradualEraser::stamp] cx=148.0 cy=213.0 r=6 total=113 skipped_zero=112 erased=1
[GradualEraser::verify] center(148,213) rgba=(0,0,0,0)
[BrushEngine::stampEraser] cx=148.0 cy=213.0 m_eraser=0x5f7a1ec70c58
[GradualEraser::stamp] cx=148.0 cy=213.0 r=6 total=113 skipped_zero=113 erased=0
[GradualEraser::verify] center(148,213) rgba=(0,0,0,0)
[MOUSE_MOVE] drawing=true tool=1 drawing at (492.0,294.0)
[handleDrawing] tool=1 brushType=4 eraserSize=12.0 eraserOp=1.00 layer=0x5f7a2b51bd30
[BrushEngine::stampEraser] cx=148.0 cy=213.0 m_eraser=0x5f7a1ec70c58
[GradualEraser::stamp] cx=148.0 cy=213.0 r=6 total=113 skipped_zero=113 erased=0
[GradualEraser::verify] center(148,213) rgba=(0,0,0,0)
[BrushEngine::stampEraser] cx=148.0 cy=212.0 m_eraser=0x5f7a1ec70c58
[GradualEraser::stamp] cx=148.0 cy=212.0 r=6 total=113 skipped_zero=111 erased=2
[GradualEraser::verify] center(148,212) rgba=(0,0,0,0)
[BrushEngine::stampEraser] cx=148.0 cy=212.0 m_eraser=0x5f7a1ec70c58
[GradualEraser::stamp] cx=148.0 cy=212.0 r=6 total=113 skipped_zero=113 erased=0
[GradualEraser::verify] center(148,212) rgba=(0,0,0,0)
[MOUSE_MOVE] drawing=true tool=1 drawing at (492.0,293.0)
[handleDrawing] tool=1 brushType=4 eraserSize=12.0 eraserOp=1.00 layer=0x5f7a2b51bd30
[BrushEngine::stampEraser] cx=148.0 cy=212.0 m_eraser=0x5f7a1ec70c58
[GradualEraser::stamp] cx=148.0 cy=212.0 r=6 total=113 skipped_zero=113 erased=0
[GradualEraser::verify] center(148,212) rgba=(0,0,0,0)
[BrushEngine::stampEraser] cx=148.0 cy=211.0 m_eraser=0x5f7a1ec70c58
[GradualEraser::stamp] cx=148.0 cy=211.0 r=6 total=113 skipped_zero=111 erased=2
[GradualEraser::verify] center(148,211) rgba=(0,0,0,0)
[BrushEngine::stampEraser] cx=148.0 cy=211.0 m_eraser=0x5f7a1ec70c58
[GradualEraser::stamp] cx=148.0 cy=211.0 r=6 total=113 skipped_zero=113 erased=0
[GradualEraser::verify] center(148,211) rgba=(0,0,0,0)
[MOUSE_MOVE] drawing=true tool=1 drawing at (493.0,292.0)
[handleDrawing] tool=1 brushType=4 eraserSize=12.0 eraserOp=1.00 layer=0x5f7a2b51bd30
[BrushEngine::stampEraser] cx=148.0 cy=211.0 m_eraser=0x5f7a1ec70c58
[GradualEraser::stamp] cx=148.0 cy=211.0 r=6 total=113 skipped_zero=113 erased=0
[GradualEraser::verify] center(148,211) rgba=(0,0,0,0)
[BrushEngine::stampEraser] cx=149.0 cy=210.0 m_eraser=0x5f7a1ec70c58
[GradualEraser::stamp] cx=149.0 cy=210.0 r=6 total=113 skipped_zero=108 erased=5
[GradualEraser::verify] center(149,210) rgba=(0,0,0,0)
[BrushEngine::stampEraser] cx=149.0 cy=210.0 m_eraser=0x5f7a1ec70c58
[GradualEraser::stamp] cx=149.0 cy=210.0 r=6 total=113 skipped_zero=113 erased=0
[GradualEraser::verify] center(149,210) rgba=(0,0,0,0)
[MOUSE_MOVE] drawing=true tool=1 drawing at (493.0,289.0)
[handleDrawing] tool=1 brushType=4 eraserSize=12.0 eraserOp=1.00 layer=0x5f7a2b51bd30
[BrushEngine::stampEraser] cx=149.0 cy=210.0 m_eraser=0x5f7a1ec70c58
[GradualEraser::stamp] cx=149.0 cy=210.0 r=6 total=113 skipped_zero=113 erased=0
[GradualEraser::verify] center(149,210) rgba=(0,0,0,0)
[BrushEngine::stampEraser] cx=149.0 cy=207.0 m_eraser=0x5f7a1ec70c58
[GradualEraser::stamp] cx=149.0 cy=207.0 r=6 total=113 skipped_zero=106 erased=7
[GradualEraser::verify] center(149,207) rgba=(0,0,0,0)
[BrushEngine::stampEraser] cx=149.0 cy=207.0 m_eraser=0x5f7a1ec70c58
[GradualEraser::stamp] cx=149.0 cy=207.0 r=6 total=113 skipped_zero=113 erased=0
[GradualEraser::verify] center(149,207) rgba=(0,0,0,0)
[MOUSE_MOVE] drawing=true tool=1 drawing at (493.0,288.0)
[handleDrawing] tool=1 brushType=4 eraserSize=12.0 eraserOp=1.00 layer=0x5f7a2b51bd30
[BrushEngine::stampEraser] cx=149.0 cy=207.0 m_eraser=0x5f7a1ec70c58
[GradualEraser::stamp] cx=149.0 cy=207.0 r=6 total=113 skipped_zero=113 erased=0
[GradualEraser::verify] center(149,207) rgba=(0,0,0,0)
[BrushEngine::stampEraser] cx=149.0 cy=206.0 m_eraser=0x5f7a1ec70c58
[GradualEraser::stamp] cx=149.0 cy=206.0 r=6 total=113 skipped_zero=110 erased=3
[GradualEraser::verify] center(149,206) rgba=(0,0,0,0)
[BrushEngine::stampEraser] cx=149.0 cy=206.0 m_eraser=0x5f7a1ec70c58
[GradualEraser::stamp] cx=149.0 cy=206.0 r=6 total=113 skipped_zero=113 erased=0
[GradualEraser::verify] center(149,206) rgba=(0,0,0,0)
[CANVAS_UPDATE] recompositing (frameDirty=1 canvasDirty=0)
[CANVAS_UPDATE] sample pixel (149,206): rgba=(255,101,50,255)
[MOUSE_MOVE] drawing=true tool=1 drawing at (493.0,287.0)
[handleDrawing] tool=1 brushType=4 eraserSize=12.0 eraserOp=1.00 layer=0x5f7a2b51bd30
[BrushEngine::stampEraser] cx=149.0 cy=206.0 m_eraser=0x5f7a1ec70c58
[GradualEraser::stamp] cx=149.0 cy=206.0 r=6 total=113 skipped_zero=113 erased=0
[GradualEraser::verify] center(149,206) rgba=(0,0,0,0)
[BrushEngine::stampEraser] cx=149.0 cy=205.0 m_eraser=0x5f7a1ec70c58
[GradualEraser::stamp] cx=149.0 cy=205.0 r=6 total=113 skipped_zero=110 erased=3
[GradualEraser::verify] center(149,205) rgba=(0,0,0,0)
[BrushEngine::stampEraser] cx=149.0 cy=205.0 m_eraser=0x5f7a1ec70c58
[GradualEraser::stamp] cx=149.0 cy=205.0 r=6 total=113 skipped_zero=113 erased=0
[GradualEraser::verify] center(149,205) rgba=(0,0,0,0)
[MOUSE_MOVE] drawing=true tool=1 drawing at (494.0,286.0)
[handleDrawing] tool=1 brushType=4 eraserSize=12.0 eraserOp=1.00 layer=0x5f7a2b51bd30
[BrushEngine::stampEraser] cx=149.0 cy=205.0 m_eraser=0x5f7a1ec70c58
[GradualEraser::stamp] cx=149.0 cy=205.0 r=6 total=113 skipped_zero=113 erased=0
[GradualEraser::verify] center(149,205) rgba=(0,0,0,0)
[BrushEngine::stampEraser] cx=150.0 cy=204.0 m_eraser=0x5f7a1ec70c58
[GradualEraser::stamp] cx=150.0 cy=204.0 r=6 total=113 skipped_zero=104 erased=9
[GradualEraser::verify] center(150,204) rgba=(0,0,0,0)
[BrushEngine::stampEraser] cx=150.0 cy=204.0 m_eraser=0x5f7a1ec70c58
[GradualEraser::stamp] cx=150.0 cy=204.0 r=6 total=113 skipped_zero=113 erased=0
[GradualEraser::verify] center(150,204) rgba=(0,0,0,0)
[MOUSE_MOVE] drawing=true tool=1 drawing at (494.0,285.0)
[handleDrawing] tool=1 brushType=4 eraserSize=12.0 eraserOp=1.00 layer=0x5f7a2b51bd30
[BrushEngine::stampEraser] cx=150.0 cy=204.0 m_eraser=0x5f7a1ec70c58
[GradualEraser::stamp] cx=150.0 cy=204.0 r=6 total=113 skipped_zero=113 erased=0
[GradualEraser::verify] center(150,204) rgba=(0,0,0,0)
[BrushEngine::stampEraser] cx=150.0 cy=203.0 m_eraser=0x5f7a1ec70c58
[GradualEraser::stamp] cx=150.0 cy=203.0 r=6 total=113 skipped_zero=109 erased=4
[GradualEraser::verify] center(150,203) rgba=(0,0,0,0)
[BrushEngine::stampEraser] cx=150.0 cy=203.0 m_eraser=0x5f7a1ec70c58
[GradualEraser::stamp] cx=150.0 cy=203.0 r=6 total=113 skipped_zero=113 erased=0
[GradualEraser::verify] center(150,203) rgba=(0,0,0,0)
[MOUSE_MOVE] drawing=true tool=1 drawing at (494.0,283.0)
[handleDrawing] tool=1 brushType=4 eraserSize=12.0 eraserOp=1.00 layer=0x5f7a2b51bd30
[BrushEngine::stampEraser] cx=150.0 cy=203.0 m_eraser=0x5f7a1ec70c58
[GradualEraser::stamp] cx=150.0 cy=203.0 r=6 total=113 skipped_zero=113 erased=0
[GradualEraser::verify] center(150,203) rgba=(0,0,0,0)
[BrushEngine::stampEraser] cx=150.0 cy=201.0 m_eraser=0x5f7a1ec70c58
[GradualEraser::stamp] cx=150.0 cy=201.0 r=6 total=113 skipped_zero=106 erased=7
[GradualEraser::verify] center(150,201) rgba=(0,0,0,0)
[BrushEngine::stampEraser] cx=150.0 cy=201.0 m_eraser=0x5f7a1ec70c58
[GradualEraser::stamp] cx=150.0 cy=201.0 r=6 total=113 skipped_zero=113 erased=0
[GradualEraser::verify] center(150,201) rgba=(0,0,0,0)
[MOUSE_MOVE] drawing=true tool=1 drawing at (494.0,282.0)
[handleDrawing] tool=1 brushType=4 eraserSize=12.0 eraserOp=1.00 layer=0x5f7a2b51bd30
[BrushEngine::stampEraser] cx=150.0 cy=201.0 m_eraser=0x5f7a1ec70c58
[GradualEraser::stamp] cx=150.0 cy=201.0 r=6 total=113 skipped_zero=113 erased=0
[GradualEraser::verify] center(150,201) rgba=(0,0,0,0)
[BrushEngine::stampEraser] cx=150.0 cy=200.0 m_eraser=0x5f7a1ec70c58
[GradualEraser::stamp] cx=150.0 cy=200.0 r=6 total=113 skipped_zero=109 erased=4
[GradualEraser::verify] center(150,200) rgba=(0,0,0,0)
[BrushEngine::stampEraser] cx=150.0 cy=200.0 m_eraser=0x5f7a1ec70c58
[GradualEraser::stamp] cx=150.0 cy=200.0 r=6 total=113 skipped_zero=113 erased=0
[GradualEraser::verify] center(150,200) rgba=(0,0,0,0)
[MOUSE_MOVE] drawing=true tool=1 drawing at (494.0,281.0)
[handleDrawing] tool=1 brushType=4 eraserSize=12.0 eraserOp=1.00 layer=0x5f7a2b51bd30
[BrushEngine::stampEraser] cx=150.0 cy=200.0 m_eraser=0x5f7a1ec70c58
[GradualEraser::stamp] cx=150.0 cy=200.0 r=6 total=113 skipped_zero=113 erased=0
[GradualEraser::verify] center(150,200) rgba=(0,0,0,0)
[BrushEngine::stampEraser] cx=150.0 cy=199.0 m_eraser=0x5f7a1ec70c58
[GradualEraser::stamp] cx=150.0 cy=199.0 r=6 total=113 skipped_zero=108 erased=5
[GradualEraser::verify] center(150,199) rgba=(0,0,0,0)
[BrushEngine::stampEraser] cx=150.0 cy=199.0 m_eraser=0x5f7a1ec70c58
[GradualEraser::stamp] cx=150.0 cy=199.0 r=6 total=113 skipped_zero=113 erased=0
[GradualEraser::verify] center(150,199) rgba=(0,0,0,0)
[MOUSE_MOVE] drawing=true tool=1 drawing at (495.0,280.0)
[handleDrawing] tool=1 brushType=4 eraserSize=12.0 eraserOp=1.00 layer=0x5f7a2b51bd30
[BrushEngine::stampEraser] cx=150.0 cy=199.0 m_eraser=0x5f7a1ec70c58
[GradualEraser::stamp] cx=150.0 cy=199.0 r=6 total=113 skipped_zero=113 erased=0
[GradualEraser::verify] center(150,199) rgba=(0,0,0,0)
[BrushEngine::stampEraser] cx=151.0 cy=198.0 m_eraser=0x5f7a1ec70c58
[GradualEraser::stamp] cx=151.0 cy=198.0 r=6 total=113 skipped_zero=102 erased=11
[GradualEraser::verify] center(151,198) rgba=(0,0,0,0)
[BrushEngine::stampEraser] cx=151.0 cy=198.0 m_eraser=0x5f7a1ec70c58
[GradualEraser::stamp] cx=151.0 cy=198.0 r=6 total=113 skipped_zero=113 erased=0
[GradualEraser::verify] center(151,198) rgba=(0,0,0,0)
[CANVAS_UPDATE] recompositing (frameDirty=1 canvasDirty=0)
[CANVAS_UPDATE] sample pixel (151,198): rgba=(255,101,50,255)
[MOUSE_MOVE] drawing=true tool=1 drawing at (495.0,279.0)
[handleDrawing] tool=1 brushType=4 eraserSize=12.0 eraserOp=1.00 layer=0x5f7a2b51bd30
[BrushEngine::stampEraser] cx=151.0 cy=198.0 m_eraser=0x5f7a1ec70c58
[GradualEraser::stamp] cx=151.0 cy=198.0 r=6 total=113 skipped_zero=113 erased=0
[GradualEraser::verify] center(151,198) rgba=(0,0,0,0)
[BrushEngine::stampEraser] cx=151.0 cy=197.0 m_eraser=0x5f7a1ec70c58
[GradualEraser::stamp] cx=151.0 cy=197.0 r=6 total=113 skipped_zero=106 erased=7
[GradualEraser::verify] center(151,197) rgba=(0,0,0,0)
[BrushEngine::stampEraser] cx=151.0 cy=197.0 m_eraser=0x5f7a1ec70c58
[GradualEraser::stamp] cx=151.0 cy=197.0 r=6 total=113 skipped_zero=113 erased=0
[GradualEraser::verify] center(151,197) rgba=(0,0,0,0)
[MOUSE_MOVE] drawing=true tool=1 drawing at (495.0,278.0)
[handleDrawing] tool=1 brushType=4 eraserSize=12.0 eraserOp=1.00 layer=0x5f7a2b51bd30
[BrushEngine::stampEraser] cx=151.0 cy=197.0 m_eraser=0x5f7a1ec70c58
[GradualEraser::stamp] cx=151.0 cy=197.0 r=6 total=113 skipped_zero=113 erased=0
[GradualEraser::verify] center(151,197) rgba=(0,0,0,0)
[BrushEngine::stampEraser] cx=151.0 cy=196.0 m_eraser=0x5f7a1ec70c58
[GradualEraser::stamp] cx=151.0 cy=196.0 r=6 total=113 skipped_zero=106 erased=7
[GradualEraser::verify] center(151,196) rgba=(0,0,0,0)
[BrushEngine::stampEraser] cx=151.0 cy=196.0 m_eraser=0x5f7a1ec70c58
[GradualEraser::stamp] cx=151.0 cy=196.0 r=6 total=113 skipped_zero=113 erased=0
[GradualEraser::verify] center(151,196) rgba=(0,0,0,0)
[MOUSE_MOVE] drawing=true tool=1 drawing at (496.0,277.0)
[handleDrawing] tool=1 brushType=4 eraserSize=12.0 eraserOp=1.00 layer=0x5f7a2b51bd30
[BrushEngine::stampEraser] cx=151.0 cy=196.0 m_eraser=0x5f7a1ec70c58
[GradualEraser::stamp] cx=151.0 cy=196.0 r=6 total=113 skipped_zero=113 erased=0
[GradualEraser::verify] center(151,196) rgba=(0,0,0,0)
[BrushEngine::stampEraser] cx=152.0 cy=195.0 m_eraser=0x5f7a1ec70c58
[GradualEraser::stamp] cx=152.0 cy=195.0 r=6 total=113 skipped_zero=99 erased=14
[GradualEraser::verify] center(152,195) rgba=(0,0,0,0)
[BrushEngine::stampEraser] cx=152.0 cy=195.0 m_eraser=0x5f7a1ec70c58
[GradualEraser::stamp] cx=152.0 cy=195.0 r=6 total=113 skipped_zero=113 erased=0
[GradualEraser::verify] center(152,195) rgba=(0,0,0,0)
[MOUSE_MOVE] drawing=true tool=1 drawing at (496.0,276.0)
[handleDrawing] tool=1 brushType=4 eraserSize=12.0 eraserOp=1.00 layer=0x5f7a2b51bd30
[BrushEngine::stampEraser] cx=152.0 cy=195.0 m_eraser=0x5f7a1ec70c58
[GradualEraser::stamp] cx=152.0 cy=195.0 r=6 total=113 skipped_zero=113 erased=0
[GradualEraser::verify] center(152,195) rgba=(0,0,0,0)
[BrushEngine::stampEraser] cx=152.0 cy=194.0 m_eraser=0x5f7a1ec70c58
[GradualEraser::stamp] cx=152.0 cy=194.0 r=6 total=113 skipped_zero=103 erased=10
[GradualEraser::verify] center(152,194) rgba=(0,0,0,0)
[BrushEngine::stampEraser] cx=152.0 cy=194.0 m_eraser=0x5f7a1ec70c58
[GradualEraser::stamp] cx=152.0 cy=194.0 r=6 total=113 skipped_zero=113 erased=0
[GradualEraser::verify] center(152,194) rgba=(0,0,0,0)
[MOUSE_MOVE] drawing=true tool=1 drawing at (496.0,275.0)
[handleDrawing] tool=1 brushType=4 eraserSize=12.0 eraserOp=1.00 layer=0x5f7a2b51bd30
[BrushEngine::stampEraser] cx=152.0 cy=194.0 m_eraser=0x5f7a1ec70c58
[GradualEraser::stamp] cx=152.0 cy=194.0 r=6 total=113 skipped_zero=113 erased=0
[GradualEraser::verify] center(152,194) rgba=(0,0,0,0)
[BrushEngine::stampEraser] cx=152.0 cy=193.0 m_eraser=0x5f7a1ec70c58
[GradualEraser::stamp] cx=152.0 cy=193.0 r=6 total=113 skipped_zero=102 erased=11
[GradualEraser::verify] center(152,193) rgba=(0,0,0,0)
[BrushEngine::stampEraser] cx=152.0 cy=193.0 m_eraser=0x5f7a1ec70c58
[GradualEraser::stamp] cx=152.0 cy=193.0 r=6 total=113 skipped_zero=113 erased=0
[GradualEraser::verify] center(152,193) rgba=(0,0,0,0)
[CANVAS_UPDATE] recompositing (frameDirty=1 canvasDirty=0)
[CANVAS_UPDATE] sample pixel (152,193): rgba=(255,101,50,255)
[MOUSE_MOVE] drawing=true tool=1 drawing at (497.0,274.0)
[handleDrawing] tool=1 brushType=4 eraserSize=12.0 eraserOp=1.00 layer=0x5f7a2b51bd30
[BrushEngine::stampEraser] cx=152.0 cy=193.0 m_eraser=0x5f7a1ec70c58
[GradualEraser::stamp] cx=152.0 cy=193.0 r=6 total=113 skipped_zero=113 erased=0
[GradualEraser::verify] center(152,193) rgba=(0,0,0,0)
[BrushEngine::stampEraser] cx=153.0 cy=192.0 m_eraser=0x5f7a1ec70c58
[GradualEraser::stamp] cx=153.0 cy=192.0 r=6 total=113 skipped_zero=98 erased=15
[GradualEraser::verify] center(153,192) rgba=(0,0,0,0)
[BrushEngine::stampEraser] cx=153.0 cy=192.0 m_eraser=0x5f7a1ec70c58
[GradualEraser::stamp] cx=153.0 cy=192.0 r=6 total=113 skipped_zero=113 erased=0
[GradualEraser::verify] center(153,192) rgba=(0,0,0,0)
[MOUSE_MOVE] drawing=true tool=1 drawing at (497.0,273.0)
[handleDrawing] tool=1 brushType=4 eraserSize=12.0 eraserOp=1.00 layer=0x5f7a2b51bd30
[BrushEngine::stampEraser] cx=153.0 cy=192.0 m_eraser=0x5f7a1ec70c58
[GradualEraser::stamp] cx=153.0 cy=192.0 r=6 total=113 skipped_zero=113 erased=0
[GradualEraser::verify] center(153,192) rgba=(0,0,0,0)
[BrushEngine::stampEraser] cx=153.0 cy=191.0 m_eraser=0x5f7a1ec70c58
[GradualEraser::stamp] cx=153.0 cy=191.0 r=6 total=113 skipped_zero=102 erased=11
[GradualEraser::verify] center(153,191) rgba=(0,0,0,0)
[BrushEngine::stampEraser] cx=153.0 cy=191.0 m_eraser=0x5f7a1ec70c58
[GradualEraser::stamp] cx=153.0 cy=191.0 r=6 total=113 skipped_zero=113 erased=0
[GradualEraser::verify] center(153,191) rgba=(0,0,0,0)
[MOUSE_MOVE] drawing=true tool=1 drawing at (497.0,272.0)
[handleDrawing] tool=1 brushType=4 eraserSize=12.0 eraserOp=1.00 layer=0x5f7a2b51bd30
[BrushEngine::stampEraser] cx=153.0 cy=191.0 m_eraser=0x5f7a1ec70c58
[GradualEraser::stamp] cx=153.0 cy=191.0 r=6 total=113 skipped_zero=113 erased=0
[GradualEraser::verify] center(153,191) rgba=(0,0,0,0)
[BrushEngine::stampEraser] cx=153.0 cy=190.0 m_eraser=0x5f7a1ec70c58
[GradualEraser::stamp] cx=153.0 cy=190.0 r=6 total=113 skipped_zero=101 erased=12
[GradualEraser::verify] center(153,190) rgba=(0,0,0,0)
[BrushEngine::stampEraser] cx=153.0 cy=190.0 m_eraser=0x5f7a1ec70c58
[GradualEraser::stamp] cx=153.0 cy=190.0 r=6 total=113 skipped_zero=113 erased=0
[GradualEraser::verify] center(153,190) rgba=(0,0,0,0)
[MOUSE_MOVE] drawing=true tool=1 drawing at (499.0,271.0)
[handleDrawing] tool=1 brushType=4 eraserSize=12.0 eraserOp=1.00 layer=0x5f7a2b51bd30
[BrushEngine::stampEraser] cx=153.0 cy=190.0 m_eraser=0x5f7a1ec70c58
[GradualEraser::stamp] cx=153.0 cy=190.0 r=6 total=113 skipped_zero=113 erased=0
[GradualEraser::verify] center(153,190) rgba=(0,0,0,0)
[BrushEngine::stampEraser] cx=155.0 cy=189.0 m_eraser=0x5f7a1ec70c58
[GradualEraser::stamp] cx=155.0 cy=189.0 r=6 total=113 skipped_zero=92 erased=21
[GradualEraser::verify] center(155,189) rgba=(0,0,0,0)
[BrushEngine::stampEraser] cx=155.0 cy=189.0 m_eraser=0x5f7a1ec70c58
[GradualEraser::stamp] cx=155.0 cy=189.0 r=6 total=113 skipped_zero=113 erased=0
[GradualEraser::verify] center(155,189) rgba=(0,0,0,0)
[CANVAS_UPDATE] recompositing (frameDirty=1 canvasDirty=0)
[CANVAS_UPDATE] sample pixel (155,189): rgba=(255,101,50,255)
[MOUSE_MOVE] drawing=true tool=1 drawing at (499.0,270.0)
[handleDrawing] tool=1 brushType=4 eraserSize=12.0 eraserOp=1.00 layer=0x5f7a2b51bd30
[BrushEngine::stampEraser] cx=155.0 cy=189.0 m_eraser=0x5f7a1ec70c58
[GradualEraser::stamp] cx=155.0 cy=189.0 r=6 total=113 skipped_zero=113 erased=0
[GradualEraser::verify] center(155,189) rgba=(0,0,0,0)
[BrushEngine::stampEraser] cx=155.0 cy=188.0 m_eraser=0x5f7a1ec70c58
[GradualEraser::stamp] cx=155.0 cy=188.0 r=6 total=113 skipped_zero=103 erased=10
[GradualEraser::verify] center(155,188) rgba=(0,0,0,0)
[BrushEngine::stampEraser] cx=155.0 cy=188.0 m_eraser=0x5f7a1ec70c58
[GradualEraser::stamp] cx=155.0 cy=188.0 r=6 total=113 skipped_zero=113 erased=0
[GradualEraser::verify] center(155,188) rgba=(0,0,0,0)
[MOUSE_MOVE] drawing=true tool=1 drawing at (500.0,269.0)
[handleDrawing] tool=1 brushType=4 eraserSize=12.0 eraserOp=1.00 layer=0x5f7a2b51bd30
[BrushEngine::stampEraser] cx=155.0 cy=188.0 m_eraser=0x5f7a1ec70c58
[GradualEraser::stamp] cx=155.0 cy=188.0 r=6 total=113 skipped_zero=113 erased=0
[GradualEraser::verify] center(155,188) rgba=(0,0,0,0)
[BrushEngine::stampEraser] cx=156.0 cy=187.0 m_eraser=0x5f7a1ec70c58
[GradualEraser::stamp] cx=156.0 cy=187.0 r=6 total=113 skipped_zero=103 erased=10
[GradualEraser::verify] center(156,187) rgba=(0,0,0,0)
[BrushEngine::stampEraser] cx=156.0 cy=187.0 m_eraser=0x5f7a1ec70c58
[GradualEraser::stamp] cx=156.0 cy=187.0 r=6 total=113 skipped_zero=113 erased=0
[GradualEraser::verify] center(156,187) rgba=(0,0,0,0)
[CANVAS_UPDATE] recompositing (frameDirty=1 canvasDirty=0)
[CANVAS_UPDATE] sample pixel (156,187): rgba=(255,101,50,255)
[MOUSE_MOVE] drawing=true tool=1 drawing at (501.0,268.0)
[handleDrawing] tool=1 brushType=4 eraserSize=12.0 eraserOp=1.00 layer=0x5f7a2b51bd30
[BrushEngine::stampEraser] cx=156.0 cy=187.0 m_eraser=0x5f7a1ec70c58
[GradualEraser::stamp] cx=156.0 cy=187.0 r=6 total=113 skipped_zero=113 erased=0
[GradualEraser::verify] center(156,187) rgba=(0,0,0,0)
[BrushEngine::stampEraser] cx=157.0 cy=186.0 m_eraser=0x5f7a1ec70c58
[GradualEraser::stamp] cx=157.0 cy=186.0 r=6 total=113 skipped_zero=103 erased=10
[GradualEraser::verify] center(157,186) rgba=(0,0,0,0)
[BrushEngine::stampEraser] cx=157.0 cy=186.0 m_eraser=0x5f7a1ec70c58
[GradualEraser::stamp] cx=157.0 cy=186.0 r=6 total=113 skipped_zero=113 erased=0
[GradualEraser::verify] center(157,186) rgba=(0,0,0,0)
[MOUSE_MOVE] drawing=true tool=1 drawing at (501.0,267.0)
[handleDrawing] tool=1 brushType=4 eraserSize=12.0 eraserOp=1.00 layer=0x5f7a2b51bd30
[BrushEngine::stampEraser] cx=157.0 cy=186.0 m_eraser=0x5f7a1ec70c58
[GradualEraser::stamp] cx=157.0 cy=186.0 r=6 total=113 skipped_zero=113 erased=0
[GradualEraser::verify] center(157,186) rgba=(0,0,0,0)
[BrushEngine::stampEraser] cx=157.0 cy=185.0 m_eraser=0x5f7a1ec70c58
[GradualEraser::stamp] cx=157.0 cy=185.0 r=6 total=113 skipped_zero=102 erased=11
[GradualEraser::verify] center(157,185) rgba=(0,0,0,0)
[BrushEngine::stampEraser] cx=157.0 cy=185.0 m_eraser=0x5f7a1ec70c58
[GradualEraser::stamp] cx=157.0 cy=185.0 r=6 total=113 skipped_zero=113 erased=0
[GradualEraser::verify] center(157,185) rgba=(0,0,0,0)
[CANVAS_UPDATE] recompositing (frameDirty=1 canvasDirty=0)
[CANVAS_UPDATE] sample pixel (157,185): rgba=(255,101,50,255)
[MOUSE_MOVE] drawing=true tool=1 drawing at (501.0,266.0)
[handleDrawing] tool=1 brushType=4 eraserSize=12.0 eraserOp=1.00 layer=0x5f7a2b51bd30
[BrushEngine::stampEraser] cx=157.0 cy=185.0 m_eraser=0x5f7a1ec70c58
[GradualEraser::stamp] cx=157.0 cy=185.0 r=6 total=113 skipped_zero=113 erased=0
[GradualEraser::verify] center(157,185) rgba=(0,0,0,0)
[BrushEngine::stampEraser] cx=157.0 cy=184.0 m_eraser=0x5f7a1ec70c58
[GradualEraser::stamp] cx=157.0 cy=184.0 r=6 total=113 skipped_zero=102 erased=11
[GradualEraser::verify] center(157,184) rgba=(0,0,0,0)
[BrushEngine::stampEraser] cx=157.0 cy=184.0 m_eraser=0x5f7a1ec70c58
[GradualEraser::stamp] cx=157.0 cy=184.0 r=6 total=113 skipped_zero=113 erased=0
[GradualEraser::verify] center(157,184) rgba=(0,0,0,0)
[MOUSE_MOVE] drawing=true tool=1 drawing at (502.0,266.0)
[handleDrawing] tool=1 brushType=4 eraserSize=12.0 eraserOp=1.00 layer=0x5f7a2b51bd30
[BrushEngine::stampEraser] cx=157.0 cy=184.0 m_eraser=0x5f7a1ec70c58
[GradualEraser::stamp] cx=157.0 cy=184.0 r=6 total=113 skipped_zero=113 erased=0
[GradualEraser::verify] center(157,184) rgba=(0,0,0,0)
[BrushEngine::stampEraser] cx=158.0 cy=184.0 m_eraser=0x5f7a1ec70c58
[GradualEraser::stamp] cx=158.0 cy=184.0 r=6 total=113 skipped_zero=108 erased=5
[GradualEraser::verify] center(158,184) rgba=(0,0,0,0)
[BrushEngine::stampEraser] cx=158.0 cy=184.0 m_eraser=0x5f7a1ec70c58
[GradualEraser::stamp] cx=158.0 cy=184.0 r=6 total=113 skipped_zero=113 erased=0
[GradualEraser::verify] center(158,184) rgba=(0,0,0,0)
[CANVAS_UPDATE] recompositing (frameDirty=1 canvasDirty=0)
[CANVAS_UPDATE] sample pixel (158,184): rgba=(255,101,50,255)
[MOUSE_MOVE] drawing=true tool=1 drawing at (503.0,266.0)
[handleDrawing] tool=1 brushType=4 eraserSize=12.0 eraserOp=1.00 layer=0x5f7a2b51bd30
[BrushEngine::stampEraser] cx=158.0 cy=184.0 m_eraser=0x5f7a1ec70c58
[GradualEraser::stamp] cx=158.0 cy=184.0 r=6 total=113 skipped_zero=113 erased=0
[GradualEraser::verify] center(158,184) rgba=(0,0,0,0)
[BrushEngine::stampEraser] cx=159.0 cy=184.0 m_eraser=0x5f7a1ec70c58
[GradualEraser::stamp] cx=159.0 cy=184.0 r=6 total=113 skipped_zero=109 erased=4
[GradualEraser::verify] center(159,184) rgba=(0,0,0,0)
[BrushEngine::stampEraser] cx=159.0 cy=184.0 m_eraser=0x5f7a1ec70c58
[GradualEraser::stamp] cx=159.0 cy=184.0 r=6 total=113 skipped_zero=113 erased=0
[GradualEraser::verify] center(159,184) rgba=(0,0,0,0)
[MOUSE_MOVE] drawing=true tool=1 drawing at (503.0,265.0)
[handleDrawing] tool=1 brushType=4 eraserSize=12.0 eraserOp=1.00 layer=0x5f7a2b51bd30
[BrushEngine::stampEraser] cx=159.0 cy=184.0 m_eraser=0x5f7a1ec70c58
[GradualEraser::stamp] cx=159.0 cy=184.0 r=6 total=113 skipped_zero=113 erased=0
[GradualEraser::verify] center(159,184) rgba=(0,0,0,0)
[BrushEngine::stampEraser] cx=159.0 cy=183.0 m_eraser=0x5f7a1ec70c58
[GradualEraser::stamp] cx=159.0 cy=183.0 r=6 total=113 skipped_zero=106 erased=7
[GradualEraser::verify] center(159,183) rgba=(0,0,0,0)
[BrushEngine::stampEraser] cx=159.0 cy=183.0 m_eraser=0x5f7a1ec70c58
[GradualEraser::stamp] cx=159.0 cy=183.0 r=6 total=113 skipped_zero=113 erased=0
[GradualEraser::verify] center(159,183) rgba=(0,0,0,0)
[CANVAS_UPDATE] recompositing (frameDirty=1 canvasDirty=0)
[CANVAS_UPDATE] sample pixel (159,183): rgba=(255,101,50,255)
[MOUSE_MOVE] drawing=true tool=1 drawing at (503.0,266.0)
[handleDrawing] tool=1 brushType=4 eraserSize=12.0 eraserOp=1.00 layer=0x5f7a2b51bd30
[BrushEngine::stampEraser] cx=159.0 cy=183.0 m_eraser=0x5f7a1ec70c58
[GradualEraser::stamp] cx=159.0 cy=183.0 r=6 total=113 skipped_zero=113 erased=0
[GradualEraser::verify] center(159,183) rgba=(0,0,0,0)
[BrushEngine::stampEraser] cx=159.0 cy=184.0 m_eraser=0x5f7a1ec70c58
[GradualEraser::stamp] cx=159.0 cy=184.0 r=6 total=113 skipped_zero=113 erased=0
[GradualEraser::verify] center(159,184) rgba=(0,0,0,0)
[BrushEngine::stampEraser] cx=159.0 cy=184.0 m_eraser=0x5f7a1ec70c58
[GradualEraser::stamp] cx=159.0 cy=184.0 r=6 total=113 skipped_zero=113 erased=0
[GradualEraser::verify] center(159,184) rgba=(0,0,0,0)
[CANVAS_UPDATE] recompositing (frameDirty=1 canvasDirty=0)
[CANVAS_UPDATE] sample pixel (159,184): rgba=(255,101,50,255)
[MOUSE_MOVE] drawing=true tool=1 drawing at (503.0,266.0)
[handleDrawing] tool=1 brushType=4 eraserSize=12.0 eraserOp=1.00 layer=0x5f7a2b51bd30
[BrushEngine::stampEraser] cx=159.0 cy=184.0 m_eraser=0x5f7a1ec70c58
[GradualEraser::stamp] cx=159.0 cy=184.0 r=6 total=113 skipped_zero=113 erased=0
[GradualEraser::verify] center(159,184) rgba=(0,0,0,0)
[BrushEngine::stampEraser] cx=159.0 cy=184.0 m_eraser=0x5f7a1ec70c58
[GradualEraser::stamp] cx=159.0 cy=184.0 r=6 total=113 skipped_zero=113 erased=0
[GradualEraser::verify] center(159,184) rgba=(0,0,0,0)
[BrushEngine::stampEraser] cx=159.0 cy=184.0 m_eraser=0x5f7a1ec70c58
[GradualEraser::stamp] cx=159.0 cy=184.0 r=6 total=113 skipped_zero=113 erased=0
[GradualEraser::verify] center(159,184) rgba=(0,0,0,0)
[MOUSE_MOVE] drawing=true tool=1 drawing at (503.0,267.0)
[handleDrawing] tool=1 brushType=4 eraserSize=12.0 eraserOp=1.00 layer=0x5f7a2b51bd30
[BrushEngine::stampEraser] cx=159.0 cy=184.0 m_eraser=0x5f7a1ec70c58
[GradualEraser::stamp] cx=159.0 cy=184.0 r=6 total=113 skipped_zero=113 erased=0
[GradualEraser::verify] center(159,184) rgba=(0,0,0,0)
[BrushEngine::stampEraser] cx=159.0 cy=185.0 m_eraser=0x5f7a1ec70c58
[GradualEraser::stamp] cx=159.0 cy=185.0 r=6 total=113 skipped_zero=113 erased=0
[GradualEraser::verify] center(159,185) rgba=(0,0,0,0)
[BrushEngine::stampEraser] cx=159.0 cy=185.0 m_eraser=0x5f7a1ec70c58
[GradualEraser::stamp] cx=159.0 cy=185.0 r=6 total=113 skipped_zero=113 erased=0
[GradualEraser::verify] center(159,185) rgba=(0,0,0,0)
[CANVAS_UPDATE] recompositing (frameDirty=1 canvasDirty=0)
[CANVAS_UPDATE] sample pixel (159,185): rgba=(255,101,50,255)
[MOUSE_MOVE] drawing=true tool=1 drawing at (503.0,268.0)
[handleDrawing] tool=1 brushType=4 eraserSize=12.0 eraserOp=1.00 layer=0x5f7a2b51bd30
[BrushEngine::stampEraser] cx=159.0 cy=185.0 m_eraser=0x5f7a1ec70c58
[GradualEraser::stamp] cx=159.0 cy=185.0 r=6 total=113 skipped_zero=113 erased=0
[GradualEraser::verify] center(159,185) rgba=(0,0,0,0)
[BrushEngine::stampEraser] cx=159.0 cy=186.0 m_eraser=0x5f7a1ec70c58
[GradualEraser::stamp] cx=159.0 cy=186.0 r=6 total=113 skipped_zero=113 erased=0
[GradualEraser::verify] center(159,186) rgba=(0,0,0,0)
[BrushEngine::stampEraser] cx=159.0 cy=186.0 m_eraser=0x5f7a1ec70c58
[GradualEraser::stamp] cx=159.0 cy=186.0 r=6 total=113 skipped_zero=113 erased=0
[GradualEraser::verify] center(159,186) rgba=(0,0,0,0)
[MOUSE_MOVE] drawing=true tool=1 drawing at (503.0,269.0)
[handleDrawing] tool=1 brushType=4 eraserSize=12.0 eraserOp=1.00 layer=0x5f7a2b51bd30
[BrushEngine::stampEraser] cx=159.0 cy=186.0 m_eraser=0x5f7a1ec70c58
[GradualEraser::stamp] cx=159.0 cy=186.0 r=6 total=113 skipped_zero=113 erased=0
[GradualEraser::verify] center(159,186) rgba=(0,0,0,0)
[BrushEngine::stampEraser] cx=159.0 cy=187.0 m_eraser=0x5f7a1ec70c58
[GradualEraser::stamp] cx=159.0 cy=187.0 r=6 total=113 skipped_zero=113 erased=0
[GradualEraser::verify] center(159,187) rgba=(0,0,0,0)
[BrushEngine::stampEraser] cx=159.0 cy=187.0 m_eraser=0x5f7a1ec70c58
[GradualEraser::stamp] cx=159.0 cy=187.0 r=6 total=113 skipped_zero=113 erased=0
[GradualEraser::verify] center(159,187) rgba=(0,0,0,0)
[CANVAS_UPDATE] recompositing (frameDirty=1 canvasDirty=0)
[CANVAS_UPDATE] sample pixel (159,187): rgba=(255,101,50,255)
[MOUSE_MOVE] drawing=true tool=1 drawing at (503.0,268.0)
[handleDrawing] tool=1 brushType=4 eraserSize=12.0 eraserOp=1.00 layer=0x5f7a2b51bd30
[BrushEngine::stampEraser] cx=159.0 cy=187.0 m_eraser=0x5f7a1ec70c58
[GradualEraser::stamp] cx=159.0 cy=187.0 r=6 total=113 skipped_zero=113 erased=0
[GradualEraser::verify] center(159,187) rgba=(0,0,0,0)
[BrushEngine::stampEraser] cx=159.0 cy=186.0 m_eraser=0x5f7a1ec70c58
[GradualEraser::stamp] cx=159.0 cy=186.0 r=6 total=113 skipped_zero=113 erased=0
[GradualEraser::verify] center(159,186) rgba=(0,0,0,0)
[BrushEngine::stampEraser] cx=159.0 cy=186.0 m_eraser=0x5f7a1ec70c58
[GradualEraser::stamp] cx=159.0 cy=186.0 r=6 total=113 skipped_zero=113 erased=0
[GradualEraser::verify] center(159,186) rgba=(0,0,0,0)
[CANVAS_UPDATE] recompositing (frameDirty=1 canvasDirty=0)
[CANVAS_UPDATE] sample pixel (159,186): rgba=(255,101,50,255)
[MOUSE_MOVE] drawing=true tool=1 drawing at (503.0,268.0)
[handleDrawing] tool=1 brushType=4 eraserSize=12.0 eraserOp=1.00 layer=0x5f7a2b51bd30
[BrushEngine::stampEraser] cx=159.0 cy=186.0 m_eraser=0x5f7a1ec70c58
[GradualEraser::stamp] cx=159.0 cy=186.0 r=6 total=113 skipped_zero=113 erased=0
[GradualEraser::verify] center(159,186) rgba=(0,0,0,0)
[BrushEngine::stampEraser] cx=159.0 cy=186.0 m_eraser=0x5f7a1ec70c58
[GradualEraser::stamp] cx=159.0 cy=186.0 r=6 total=113 skipped_zero=113 erased=0
[GradualEraser::verify] center(159,186) rgba=(0,0,0,0)
[BrushEngine::stampEraser] cx=159.0 cy=186.0 m_eraser=0x5f7a1ec70c58
[GradualEraser::stamp] cx=159.0 cy=186.0 r=6 total=113 skipped_zero=113 erased=0
[GradualEraser::verify] center(159,186) rgba=(0,0,0,0)
[MOUSE_MOVE] drawing=true tool=1 drawing at (503.0,267.0)
[handleDrawing] tool=1 brushType=4 eraserSize=12.0 eraserOp=1.00 layer=0x5f7a2b51bd30
[BrushEngine::stampEraser] cx=159.0 cy=186.0 m_eraser=0x5f7a1ec70c58
[GradualEraser::stamp] cx=159.0 cy=186.0 r=6 total=113 skipped_zero=113 erased=0
[GradualEraser::verify] center(159,186) rgba=(0,0,0,0)
[BrushEngine::stampEraser] cx=159.0 cy=185.0 m_eraser=0x5f7a1ec70c58
[GradualEraser::stamp] cx=159.0 cy=185.0 r=6 total=113 skipped_zero=113 erased=0
[GradualEraser::verify] center(159,185) rgba=(0,0,0,0)
[BrushEngine::stampEraser] cx=159.0 cy=185.0 m_eraser=0x5f7a1ec70c58
[GradualEraser::stamp] cx=159.0 cy=185.0 r=6 total=113 skipped_zero=113 erased=0
[GradualEraser::verify] center(159,185) rgba=(0,0,0,0)
[CANVAS_UPDATE] recompositing (frameDirty=1 canvasDirty=0)
[CANVAS_UPDATE] sample pixel (159,185): rgba=(255,101,50,255)
[MOUSE_MOVE] drawing=true tool=1 drawing at (503.0,266.0)
[handleDrawing] tool=1 brushType=4 eraserSize=12.0 eraserOp=1.00 layer=0x5f7a2b51bd30
[BrushEngine::stampEraser] cx=159.0 cy=185.0 m_eraser=0x5f7a1ec70c58
[GradualEraser::stamp] cx=159.0 cy=185.0 r=6 total=113 skipped_zero=113 erased=0
[GradualEraser::verify] center(159,185) rgba=(0,0,0,0)
[BrushEngine::stampEraser] cx=159.0 cy=184.0 m_eraser=0x5f7a1ec70c58
[GradualEraser::stamp] cx=159.0 cy=184.0 r=6 total=113 skipped_zero=113 erased=0
[GradualEraser::verify] center(159,184) rgba=(0,0,0,0)
[BrushEngine::stampEraser] cx=159.0 cy=184.0 m_eraser=0x5f7a1ec70c58
[GradualEraser::stamp] cx=159.0 cy=184.0 r=6 total=113 skipped_zero=113 erased=0
[GradualEraser::verify] center(159,184) rgba=(0,0,0,0)
[MOUSE_MOVE] drawing=true tool=1 drawing at (503.0,265.0)
[handleDrawing] tool=1 brushType=4 eraserSize=12.0 eraserOp=1.00 layer=0x5f7a2b51bd30
[BrushEngine::stampEraser] cx=159.0 cy=184.0 m_eraser=0x5f7a1ec70c58
[GradualEraser::stamp] cx=159.0 cy=184.0 r=6 total=113 skipped_zero=113 erased=0
[GradualEraser::verify] center(159,184) rgba=(0,0,0,0)
[BrushEngine::stampEraser] cx=159.0 cy=183.0 m_eraser=0x5f7a1ec70c58
[GradualEraser::stamp] cx=159.0 cy=183.0 r=6 total=113 skipped_zero=113 erased=0
[GradualEraser::verify] center(159,183) rgba=(0,0,0,0)
[BrushEngine::stampEraser] cx=159.0 cy=183.0 m_eraser=0x5f7a1ec70c58
[GradualEraser::stamp] cx=159.0 cy=183.0 r=6 total=113 skipped_zero=113 erased=0
[GradualEraser::verify] center(159,183) rgba=(0,0,0,0)
[MOUSE_MOVE] drawing=true tool=1 drawing at (503.0,264.0)
[handleDrawing] tool=1 brushType=4 eraserSize=12.0 eraserOp=1.00 layer=0x5f7a2b51bd30
[BrushEngine::stampEraser] cx=159.0 cy=183.0 m_eraser=0x5f7a1ec70c58
[GradualEraser::stamp] cx=159.0 cy=183.0 r=6 total=113 skipped_zero=113 erased=0
[GradualEraser::verify] center(159,183) rgba=(0,0,0,0)
[BrushEngine::stampEraser] cx=159.0 cy=182.0 m_eraser=0x5f7a1ec70c58
[GradualEraser::stamp] cx=159.0 cy=182.0 r=6 total=113 skipped_zero=103 erased=10
[GradualEraser::verify] center(159,182) rgba=(0,0,0,0)
[BrushEngine::stampEraser] cx=159.0 cy=182.0 m_eraser=0x5f7a1ec70c58
[GradualEraser::stamp] cx=159.0 cy=182.0 r=6 total=113 skipped_zero=113 erased=0
[GradualEraser::verify] center(159,182) rgba=(0,0,0,0)
[MOUSE_MOVE] drawing=true tool=1 drawing at (504.0,263.0)
[handleDrawing] tool=1 brushType=4 eraserSize=12.0 eraserOp=1.00 layer=0x5f7a2b51bd30
[BrushEngine::stampEraser] cx=159.0 cy=182.0 m_eraser=0x5f7a1ec70c58
[GradualEraser::stamp] cx=159.0 cy=182.0 r=6 total=113 skipped_zero=113 erased=0
[GradualEraser::verify] center(159,182) rgba=(0,0,0,0)
[BrushEngine::stampEraser] cx=160.0 cy=181.0 m_eraser=0x5f7a1ec70c58
[GradualEraser::stamp] cx=160.0 cy=181.0 r=6 total=113 skipped_zero=99 erased=14
[GradualEraser::verify] center(160,181) rgba=(0,0,0,0)
[BrushEngine::stampEraser] cx=160.0 cy=181.0 m_eraser=0x5f7a1ec70c58
[GradualEraser::stamp] cx=160.0 cy=181.0 r=6 total=113 skipped_zero=113 erased=0
[GradualEraser::verify] center(160,181) rgba=(0,0,0,0)
[CANVAS_UPDATE] recompositing (frameDirty=1 canvasDirty=0)
[CANVAS_UPDATE] sample pixel (160,181): rgba=(255,101,50,255)
[MOUSE_MOVE] drawing=true tool=1 drawing at (504.0,262.0)
[handleDrawing] tool=1 brushType=4 eraserSize=12.0 eraserOp=1.00 layer=0x5f7a2b51bd30
[BrushEngine::stampEraser] cx=160.0 cy=181.0 m_eraser=0x5f7a1ec70c58
[GradualEraser::stamp] cx=160.0 cy=181.0 r=6 total=113 skipped_zero=113 erased=0
[GradualEraser::verify] center(160,181) rgba=(0,0,0,0)
[BrushEngine::stampEraser] cx=160.0 cy=180.0 m_eraser=0x5f7a1ec70c58
[GradualEraser::stamp] cx=160.0 cy=180.0 r=6 total=113 skipped_zero=101 erased=12
[GradualEraser::verify] center(160,180) rgba=(0,0,0,0)
[BrushEngine::stampEraser] cx=160.0 cy=180.0 m_eraser=0x5f7a1ec70c58
[GradualEraser::stamp] cx=160.0 cy=180.0 r=6 total=113 skipped_zero=113 erased=0
[GradualEraser::verify] center(160,180) rgba=(0,0,0,0)
[MOUSE_MOVE] drawing=true tool=1 drawing at (504.0,261.0)
[handleDrawing] tool=1 brushType=4 eraserSize=12.0 eraserOp=1.00 layer=0x5f7a2b51bd30
[BrushEngine::stampEraser] cx=160.0 cy=180.0 m_eraser=0x5f7a1ec70c58
[GradualEraser::stamp] cx=160.0 cy=180.0 r=6 total=113 skipped_zero=113 erased=0
[GradualEraser::verify] center(160,180) rgba=(0,0,0,0)
[BrushEngine::stampEraser] cx=160.0 cy=179.0 m_eraser=0x5f7a1ec70c58
[GradualEraser::stamp] cx=160.0 cy=179.0 r=6 total=113 skipped_zero=101 erased=12
[GradualEraser::verify] center(160,179) rgba=(0,0,0,0)
[BrushEngine::stampEraser] cx=160.0 cy=179.0 m_eraser=0x5f7a1ec70c58
[GradualEraser::stamp] cx=160.0 cy=179.0 r=6 total=113 skipped_zero=113 erased=0
[GradualEraser::verify] center(160,179) rgba=(0,0,0,0)
[MOUSE_MOVE] drawing=true tool=1 drawing at (505.0,260.0)
[handleDrawing] tool=1 brushType=4 eraserSize=12.0 eraserOp=1.00 layer=0x5f7a2b51bd30
[BrushEngine::stampEraser] cx=160.0 cy=179.0 m_eraser=0x5f7a1ec70c58
[GradualEraser::stamp] cx=160.0 cy=179.0 r=6 total=113 skipped_zero=113 erased=0
[GradualEraser::verify] center(160,179) rgba=(0,0,0,0)
[BrushEngine::stampEraser] cx=161.0 cy=178.0 m_eraser=0x5f7a1ec70c58
[GradualEraser::stamp] cx=161.0 cy=178.0 r=6 total=113 skipped_zero=98 erased=15
[GradualEraser::verify] center(161,178) rgba=(0,0,0,0)
[BrushEngine::stampEraser] cx=161.0 cy=178.0 m_eraser=0x5f7a1ec70c58
[GradualEraser::stamp] cx=161.0 cy=178.0 r=6 total=113 skipped_zero=113 erased=0
[GradualEraser::verify] center(161,178) rgba=(0,0,0,0)
[MOUSE_MOVE] drawing=true tool=1 drawing at (505.0,259.0)
[handleDrawing] tool=1 brushType=4 eraserSize=12.0 eraserOp=1.00 layer=0x5f7a2b51bd30
[BrushEngine::stampEraser] cx=161.0 cy=178.0 m_eraser=0x5f7a1ec70c58
[GradualEraser::stamp] cx=161.0 cy=178.0 r=6 total=113 skipped_zero=113 erased=0
[GradualEraser::verify] center(161,178) rgba=(0,0,0,0)
[BrushEngine::stampEraser] cx=161.0 cy=177.0 m_eraser=0x5f7a1ec70c58
[GradualEraser::stamp] cx=161.0 cy=177.0 r=6 total=113 skipped_zero=101 erased=12
[GradualEraser::verify] center(161,177) rgba=(0,0,0,0)
[BrushEngine::stampEraser] cx=161.0 cy=177.0 m_eraser=0x5f7a1ec70c58
[GradualEraser::stamp] cx=161.0 cy=177.0 r=6 total=113 skipped_zero=113 erased=0
[GradualEraser::verify] center(161,177) rgba=(0,0,0,0)
[CANVAS_UPDATE] recompositing (frameDirty=1 canvasDirty=0)
[CANVAS_UPDATE] sample pixel (161,177): rgba=(255,101,50,255)
[MOUSE_MOVE] drawing=true tool=1 drawing at (505.0,258.0)
[handleDrawing] tool=1 brushType=4 eraserSize=12.0 eraserOp=1.00 layer=0x5f7a2b51bd30
[BrushEngine::stampEraser] cx=161.0 cy=177.0 m_eraser=0x5f7a1ec70c58
[GradualEraser::stamp] cx=161.0 cy=177.0 r=6 total=113 skipped_zero=113 erased=0
[GradualEraser::verify] center(161,177) rgba=(0,0,0,0)
[BrushEngine::stampEraser] cx=161.0 cy=176.0 m_eraser=0x5f7a1ec70c58
[GradualEraser::stamp] cx=161.0 cy=176.0 r=6 total=113 skipped_zero=101 erased=12
[GradualEraser::verify] center(161,176) rgba=(0,0,0,0)
[BrushEngine::stampEraser] cx=161.0 cy=176.0 m_eraser=0x5f7a1ec70c58
[GradualEraser::stamp] cx=161.0 cy=176.0 r=6 total=113 skipped_zero=113 erased=0
[GradualEraser::verify] center(161,176) rgba=(0,0,0,0)
[MOUSE_MOVE] drawing=true tool=1 drawing at (505.0,256.0)
[handleDrawing] tool=1 brushType=4 eraserSize=12.0 eraserOp=1.00 layer=0x5f7a2b51bd30
[BrushEngine::stampEraser] cx=161.0 cy=176.0 m_eraser=0x5f7a1ec70c58
[GradualEraser::stamp] cx=161.0 cy=176.0 r=6 total=113 skipped_zero=113 erased=0
[GradualEraser::verify] center(161,176) rgba=(0,0,0,0)
[BrushEngine::stampEraser] cx=161.0 cy=174.0 m_eraser=0x5f7a1ec70c58
[GradualEraser::stamp] cx=161.0 cy=174.0 r=6 total=113 skipped_zero=98 erased=15
[GradualEraser::verify] center(161,174) rgba=(0,0,0,0)
[BrushEngine::stampEraser] cx=161.0 cy=174.0 m_eraser=0x5f7a1ec70c58
[GradualEraser::stamp] cx=161.0 cy=174.0 r=6 total=113 skipped_zero=113 erased=0
[GradualEraser::verify] center(161,174) rgba=(0,0,0,0)
[MOUSE_MOVE] drawing=true tool=1 drawing at (506.0,255.0)
[handleDrawing] tool=1 brushType=4 eraserSize=12.0 eraserOp=1.00 layer=0x5f7a2b51bd30
[BrushEngine::stampEraser] cx=161.0 cy=174.0 m_eraser=0x5f7a1ec70c58
[GradualEraser::stamp] cx=161.0 cy=174.0 r=6 total=113 skipped_zero=113 erased=0
[GradualEraser::verify] center(161,174) rgba=(0,0,0,0)
[BrushEngine::stampEraser] cx=162.0 cy=173.0 m_eraser=0x5f7a1ec70c58
[GradualEraser::stamp] cx=162.0 cy=173.0 r=6 total=113 skipped_zero=103 erased=10
[GradualEraser::verify] center(162,173) rgba=(0,0,0,0)
[BrushEngine::stampEraser] cx=162.0 cy=173.0 m_eraser=0x5f7a1ec70c58
[GradualEraser::stamp] cx=162.0 cy=173.0 r=6 total=113 skipped_zero=113 erased=0
[GradualEraser::verify] center(162,173) rgba=(0,0,0,0)
[MOUSE_MOVE] drawing=true tool=1 drawing at (506.0,254.0)
[handleDrawing] tool=1 brushType=4 eraserSize=12.0 eraserOp=1.00 layer=0x5f7a2b51bd30
[BrushEngine::stampEraser] cx=162.0 cy=173.0 m_eraser=0x5f7a1ec70c58
[GradualEraser::stamp] cx=162.0 cy=173.0 r=6 total=113 skipped_zero=113 erased=0
[GradualEraser::verify] center(162,173) rgba=(0,0,0,0)
[BrushEngine::stampEraser] cx=162.0 cy=172.0 m_eraser=0x5f7a1ec70c58
[GradualEraser::stamp] cx=162.0 cy=172.0 r=6 total=113 skipped_zero=110 erased=3
[GradualEraser::verify] center(162,172) rgba=(0,0,0,0)
[BrushEngine::stampEraser] cx=162.0 cy=172.0 m_eraser=0x5f7a1ec70c58
[GradualEraser::stamp] cx=162.0 cy=172.0 r=6 total=113 skipped_zero=113 erased=0
[GradualEraser::verify] center(162,172) rgba=(0,0,0,0)
[MOUSE_MOVE] drawing=true tool=1 drawing at (507.0,253.0)
[handleDrawing] tool=1 brushType=4 eraserSize=12.0 eraserOp=1.00 layer=0x5f7a2b51bd30
[BrushEngine::stampEraser] cx=162.0 cy=172.0 m_eraser=0x5f7a1ec70c58
[GradualEraser::stamp] cx=162.0 cy=172.0 r=6 total=113 skipped_zero=113 erased=0
[GradualEraser::verify] center(162,172) rgba=(0,0,0,0)
[BrushEngine::stampEraser] cx=163.0 cy=171.0 m_eraser=0x5f7a1ec70c58
[GradualEraser::stamp] cx=163.0 cy=171.0 r=6 total=113 skipped_zero=106 erased=7
[GradualEraser::verify] center(163,171) rgba=(0,0,0,0)
[BrushEngine::stampEraser] cx=163.0 cy=171.0 m_eraser=0x5f7a1ec70c58
[GradualEraser::stamp] cx=163.0 cy=171.0 r=6 total=113 skipped_zero=113 erased=0
[GradualEraser::verify] center(163,171) rgba=(0,0,0,0)
[CANVAS_UPDATE] recompositing (frameDirty=1 canvasDirty=0)
[CANVAS_UPDATE] sample pixel (163,171): rgba=(255,101,50,255)
[MOUSE_MOVE] drawing=true tool=1 drawing at (507.0,252.0)
[handleDrawing] tool=1 brushType=4 eraserSize=12.0 eraserOp=1.00 layer=0x5f7a2b51bd30
[BrushEngine::stampEraser] cx=163.0 cy=171.0 m_eraser=0x5f7a1ec70c58
[GradualEraser::stamp] cx=163.0 cy=171.0 r=6 total=113 skipped_zero=113 erased=0
[GradualEraser::verify] center(163,171) rgba=(0,0,0,0)
[BrushEngine::stampEraser] cx=163.0 cy=170.0 m_eraser=0x5f7a1ec70c58
[GradualEraser::stamp] cx=163.0 cy=170.0 r=6 total=113 skipped_zero=112 erased=1
[GradualEraser::verify] center(163,170) rgba=(0,0,0,0)
[BrushEngine::stampEraser] cx=163.0 cy=170.0 m_eraser=0x5f7a1ec70c58
[GradualEraser::stamp] cx=163.0 cy=170.0 r=6 total=113 skipped_zero=113 erased=0
[GradualEraser::verify] center(163,170) rgba=(0,0,0,0)
[MOUSE_MOVE] drawing=true tool=1 drawing at (508.0,251.0)
[handleDrawing] tool=1 brushType=4 eraserSize=12.0 eraserOp=1.00 layer=0x5f7a2b51bd30
[BrushEngine::stampEraser] cx=163.0 cy=170.0 m_eraser=0x5f7a1ec70c58
[GradualEraser::stamp] cx=163.0 cy=170.0 r=6 total=113 skipped_zero=113 erased=0
[GradualEraser::verify] center(163,170) rgba=(0,0,0,0)
[BrushEngine::stampEraser] cx=164.0 cy=169.0 m_eraser=0x5f7a1ec70c58
[GradualEraser::stamp] cx=164.0 cy=169.0 r=6 total=113 skipped_zero=108 erased=5
[GradualEraser::verify] center(164,169) rgba=(0,0,0,0)
[BrushEngine::stampEraser] cx=164.0 cy=169.0 m_eraser=0x5f7a1ec70c58
[GradualEraser::stamp] cx=164.0 cy=169.0 r=6 total=113 skipped_zero=113 erased=0
[GradualEraser::verify] center(164,169) rgba=(0,0,0,0)
[MOUSE_MOVE] drawing=true tool=1 drawing at (509.0,250.0)
[handleDrawing] tool=1 brushType=4 eraserSize=12.0 eraserOp=1.00 layer=0x5f7a2b51bd30
[BrushEngine::stampEraser] cx=164.0 cy=169.0 m_eraser=0x5f7a1ec70c58
[GradualEraser::stamp] cx=164.0 cy=169.0 r=6 total=113 skipped_zero=113 erased=0
[GradualEraser::verify] center(164,169) rgba=(0,0,0,0)
[BrushEngine::stampEraser] cx=165.0 cy=168.0 m_eraser=0x5f7a1ec70c58
[GradualEraser::stamp] cx=165.0 cy=168.0 r=6 total=113 skipped_zero=109 erased=4
[GradualEraser::verify] center(165,168) rgba=(0,0,0,0)
[BrushEngine::stampEraser] cx=165.0 cy=168.0 m_eraser=0x5f7a1ec70c58
[GradualEraser::stamp] cx=165.0 cy=168.0 r=6 total=113 skipped_zero=113 erased=0
[GradualEraser::verify] center(165,168) rgba=(0,0,0,0)
[MOUSE_MOVE] drawing=true tool=1 drawing at (509.0,249.0)
[handleDrawing] tool=1 brushType=4 eraserSize=12.0 eraserOp=1.00 layer=0x5f7a2b51bd30
[BrushEngine::stampEraser] cx=165.0 cy=168.0 m_eraser=0x5f7a1ec70c58
[GradualEraser::stamp] cx=165.0 cy=168.0 r=6 total=113 skipped_zero=113 erased=0
[GradualEraser::verify] center(165,168) rgba=(0,0,0,0)
[BrushEngine::stampEraser] cx=165.0 cy=167.0 m_eraser=0x5f7a1ec70c58
[GradualEraser::stamp] cx=165.0 cy=167.0 r=6 total=113 skipped_zero=112 erased=1
[GradualEraser::verify] center(165,167) rgba=(0,0,0,0)
[BrushEngine::stampEraser] cx=165.0 cy=167.0 m_eraser=0x5f7a1ec70c58
[GradualEraser::stamp] cx=165.0 cy=167.0 r=6 total=113 skipped_zero=113 erased=0
[GradualEraser::verify] center(165,167) rgba=(0,0,0,0)
[CANVAS_UPDATE] recompositing (frameDirty=1 canvasDirty=0)
[CANVAS_UPDATE] sample pixel (165,167): rgba=(0,0,0,0)
[MOUSE_MOVE] drawing=true tool=1 drawing at (510.0,248.0)
[handleDrawing] tool=1 brushType=4 eraserSize=12.0 eraserOp=1.00 layer=0x5f7a2b51bd30
[BrushEngine::stampEraser] cx=165.0 cy=167.0 m_eraser=0x5f7a1ec70c58
[GradualEraser::stamp] cx=165.0 cy=167.0 r=6 total=113 skipped_zero=113 erased=0
[GradualEraser::verify] center(165,167) rgba=(0,0,0,0)
[BrushEngine::stampEraser] cx=166.0 cy=166.0 m_eraser=0x5f7a1ec70c58
[GradualEraser::stamp] cx=166.0 cy=166.0 r=6 total=113 skipped_zero=111 erased=2
[GradualEraser::verify] center(166,166) rgba=(0,0,0,0)
[BrushEngine::stampEraser] cx=166.0 cy=166.0 m_eraser=0x5f7a1ec70c58
[GradualEraser::stamp] cx=166.0 cy=166.0 r=6 total=113 skipped_zero=113 erased=0
[GradualEraser::verify] center(166,166) rgba=(0,0,0,0)
[MOUSE_MOVE] drawing=true tool=1 drawing at (510.0,247.0)
[handleDrawing] tool=1 brushType=4 eraserSize=12.0 eraserOp=1.00 layer=0x5f7a2b51bd30
[BrushEngine::stampEraser] cx=166.0 cy=166.0 m_eraser=0x5f7a1ec70c58
[GradualEraser::stamp] cx=166.0 cy=166.0 r=6 total=113 skipped_zero=113 erased=0
[GradualEraser::verify] center(166,166) rgba=(0,0,0,0)
[BrushEngine::stampEraser] cx=166.0 cy=165.0 m_eraser=0x5f7a1ec70c58
[GradualEraser::stamp] cx=166.0 cy=165.0 r=6 total=113 skipped_zero=113 erased=0
[GradualEraser::verify] center(166,165) rgba=(0,0,0,0)
[BrushEngine::stampEraser] cx=166.0 cy=165.0 m_eraser=0x5f7a1ec70c58
[GradualEraser::stamp] cx=166.0 cy=165.0 r=6 total=113 skipped_zero=113 erased=0
[GradualEraser::verify] center(166,165) rgba=(0,0,0,0)
[MOUSE_MOVE] drawing=true tool=1 drawing at (511.0,247.0)
[handleDrawing] tool=1 brushType=4 eraserSize=12.0 eraserOp=1.00 layer=0x5f7a2b51bd30
[BrushEngine::stampEraser] cx=166.0 cy=165.0 m_eraser=0x5f7a1ec70c58
[GradualEraser::stamp] cx=166.0 cy=165.0 r=6 total=113 skipped_zero=113 erased=0
[GradualEraser::verify] center(166,165) rgba=(0,0,0,0)
[BrushEngine::stampEraser] cx=167.0 cy=165.0 m_eraser=0x5f7a1ec70c58
[GradualEraser::stamp] cx=167.0 cy=165.0 r=6 total=113 skipped_zero=111 erased=2
[GradualEraser::verify] center(167,165) rgba=(0,0,0,0)
[BrushEngine::stampEraser] cx=167.0 cy=165.0 m_eraser=0x5f7a1ec70c58
[GradualEraser::stamp] cx=167.0 cy=165.0 r=6 total=113 skipped_zero=113 erased=0
[GradualEraser::verify] center(167,165) rgba=(0,0,0,0)
[CANVAS_UPDATE] recompositing (frameDirty=1 canvasDirty=0)
[CANVAS_UPDATE] sample pixel (167,165): rgba=(0,0,0,0)
[MOUSE_MOVE] drawing=true tool=1 drawing at (512.0,246.0)
[handleDrawing] tool=1 brushType=4 eraserSize=12.0 eraserOp=1.00 layer=0x5f7a2b51bd30
[BrushEngine::stampEraser] cx=167.0 cy=165.0 m_eraser=0x5f7a1ec70c58
[GradualEraser::stamp] cx=167.0 cy=165.0 r=6 total=113 skipped_zero=113 erased=0
[GradualEraser::verify] center(167,165) rgba=(0,0,0,0)
[BrushEngine::stampEraser] cx=168.0 cy=164.0 m_eraser=0x5f7a1ec70c58
[GradualEraser::stamp] cx=168.0 cy=164.0 r=6 total=113 skipped_zero=111 erased=2
[GradualEraser::verify] center(168,164) rgba=(0,0,0,0)
[BrushEngine::stampEraser] cx=168.0 cy=164.0 m_eraser=0x5f7a1ec70c58
[GradualEraser::stamp] cx=168.0 cy=164.0 r=6 total=113 skipped_zero=113 erased=0
[GradualEraser::verify] center(168,164) rgba=(0,0,0,0)
[MOUSE_MOVE] drawing=true tool=1 drawing at (512.0,245.0)
[handleDrawing] tool=1 brushType=4 eraserSize=12.0 eraserOp=1.00 layer=0x5f7a2b51bd30
[BrushEngine::stampEraser] cx=168.0 cy=164.0 m_eraser=0x5f7a1ec70c58
[GradualEraser::stamp] cx=168.0 cy=164.0 r=6 total=113 skipped_zero=113 erased=0
[GradualEraser::verify] center(168,164) rgba=(0,0,0,0)
[BrushEngine::stampEraser] cx=168.0 cy=163.0 m_eraser=0x5f7a1ec70c58
[GradualEraser::stamp] cx=168.0 cy=163.0 r=6 total=113 skipped_zero=113 erased=0
[GradualEraser::verify] center(168,163) rgba=(0,0,0,0)
[BrushEngine::stampEraser] cx=168.0 cy=163.0 m_eraser=0x5f7a1ec70c58
[GradualEraser::stamp] cx=168.0 cy=163.0 r=6 total=113 skipped_zero=113 erased=0
[GradualEraser::verify] center(168,163) rgba=(0,0,0,0)
[CANVAS_UPDATE] recompositing (frameDirty=1 canvasDirty=0)
[CANVAS_UPDATE] sample pixel (168,163): rgba=(0,0,0,0)
[MOUSE_MOVE] drawing=true tool=1 drawing at (513.0,245.0)
[handleDrawing] tool=1 brushType=4 eraserSize=12.0 eraserOp=1.00 layer=0x5f7a2b51bd30
[BrushEngine::stampEraser] cx=168.0 cy=163.0 m_eraser=0x5f7a1ec70c58
[GradualEraser::stamp] cx=168.0 cy=163.0 r=6 total=113 skipped_zero=113 erased=0
[GradualEraser::verify] center(168,163) rgba=(0,0,0,0)
[BrushEngine::stampEraser] cx=169.0 cy=163.0 m_eraser=0x5f7a1ec70c58
[GradualEraser::stamp] cx=169.0 cy=163.0 r=6 total=113 skipped_zero=112 erased=1
[GradualEraser::verify] center(169,163) rgba=(0,0,0,0)
[BrushEngine::stampEraser] cx=169.0 cy=163.0 m_eraser=0x5f7a1ec70c58
[GradualEraser::stamp] cx=169.0 cy=163.0 r=6 total=113 skipped_zero=113 erased=0
[GradualEraser::verify] center(169,163) rgba=(0,0,0,0)
[CANVAS_UPDATE] recompositing (frameDirty=1 canvasDirty=0)
[CANVAS_UPDATE] sample pixel (169,163): rgba=(0,0,0,0)
[MOUSE_MOVE] drawing=true tool=1 drawing at (514.0,245.0)
[handleDrawing] tool=1 brushType=4 eraserSize=12.0 eraserOp=1.00 layer=0x5f7a2b51bd30
[BrushEngine::stampEraser] cx=169.0 cy=163.0 m_eraser=0x5f7a1ec70c58
[GradualEraser::stamp] cx=169.0 cy=163.0 r=6 total=113 skipped_zero=113 erased=0
[GradualEraser::verify] center(169,163) rgba=(0,0,0,0)
[BrushEngine::stampEraser] cx=170.0 cy=163.0 m_eraser=0x5f7a1ec70c58
[GradualEraser::stamp] cx=170.0 cy=163.0 r=6 total=113 skipped_zero=109 erased=4
[GradualEraser::verify] center(170,163) rgba=(0,0,0,0)
[BrushEngine::stampEraser] cx=170.0 cy=163.0 m_eraser=0x5f7a1ec70c58
[GradualEraser::stamp] cx=170.0 cy=163.0 r=6 total=113 skipped_zero=113 erased=0
[GradualEraser::verify] center(170,163) rgba=(0,0,0,0)
[CANVAS_UPDATE] recompositing (frameDirty=1 canvasDirty=0)
[CANVAS_UPDATE] sample pixel (170,163): rgba=(0,0,0,0)
[MOUSE_MOVE] drawing=true tool=1 drawing at (515.0,245.0)
[handleDrawing] tool=1 brushType=4 eraserSize=12.0 eraserOp=1.00 layer=0x5f7a2b51bd30
[BrushEngine::stampEraser] cx=170.0 cy=163.0 m_eraser=0x5f7a1ec70c58
[GradualEraser::stamp] cx=170.0 cy=163.0 r=6 total=113 skipped_zero=113 erased=0
[GradualEraser::verify] center(170,163) rgba=(0,0,0,0)
[BrushEngine::stampEraser] cx=171.0 cy=163.0 m_eraser=0x5f7a1ec70c58
[GradualEraser::stamp] cx=171.0 cy=163.0 r=6 total=113 skipped_zero=110 erased=3
[GradualEraser::verify] center(171,163) rgba=(0,0,0,0)
[BrushEngine::stampEraser] cx=171.0 cy=163.0 m_eraser=0x5f7a1ec70c58
[GradualEraser::stamp] cx=171.0 cy=163.0 r=6 total=113 skipped_zero=113 erased=0
[GradualEraser::verify] center(171,163) rgba=(0,0,0,0)
[CANVAS_UPDATE] recompositing (frameDirty=1 canvasDirty=0)
[CANVAS_UPDATE] sample pixel (171,163): rgba=(0,0,0,0)
[MOUSE_MOVE] drawing=true tool=1 drawing at (516.0,245.0)
[handleDrawing] tool=1 brushType=4 eraserSize=12.0 eraserOp=1.00 layer=0x5f7a2b51bd30
[BrushEngine::stampEraser] cx=171.0 cy=163.0 m_eraser=0x5f7a1ec70c58
[GradualEraser::stamp] cx=171.0 cy=163.0 r=6 total=113 skipped_zero=113 erased=0
[GradualEraser::verify] center(171,163) rgba=(0,0,0,0)
[BrushEngine::stampEraser] cx=172.0 cy=163.0 m_eraser=0x5f7a1ec70c58
[GradualEraser::stamp] cx=172.0 cy=163.0 r=6 total=113 skipped_zero=109 erased=4
[GradualEraser::verify] center(172,163) rgba=(0,0,0,0)
[BrushEngine::stampEraser] cx=172.0 cy=163.0 m_eraser=0x5f7a1ec70c58
[GradualEraser::stamp] cx=172.0 cy=163.0 r=6 total=113 skipped_zero=113 erased=0
[GradualEraser::verify] center(172,163) rgba=(0,0,0,0)
[MOUSE_MOVE] drawing=true tool=1 drawing at (517.0,245.0)
[handleDrawing] tool=1 brushType=4 eraserSize=12.0 eraserOp=1.00 layer=0x5f7a2b51bd30
[BrushEngine::stampEraser] cx=172.0 cy=163.0 m_eraser=0x5f7a1ec70c58
[GradualEraser::stamp] cx=172.0 cy=163.0 r=6 total=113 skipped_zero=113 erased=0
[GradualEraser::verify] center(172,163) rgba=(0,0,0,0)
[BrushEngine::stampEraser] cx=173.0 cy=163.0 m_eraser=0x5f7a1ec70c58
[GradualEraser::stamp] cx=173.0 cy=163.0 r=6 total=113 skipped_zero=108 erased=5
[GradualEraser::verify] center(173,163) rgba=(0,0,0,0)
[BrushEngine::stampEraser] cx=173.0 cy=163.0 m_eraser=0x5f7a1ec70c58
[GradualEraser::stamp] cx=173.0 cy=163.0 r=6 total=113 skipped_zero=113 erased=0
[GradualEraser::verify] center(173,163) rgba=(0,0,0,0)
[MOUSE_MOVE] drawing=true tool=1 drawing at (518.0,245.0)
[handleDrawing] tool=1 brushType=4 eraserSize=12.0 eraserOp=1.00 layer=0x5f7a2b51bd30
[BrushEngine::stampEraser] cx=173.0 cy=163.0 m_eraser=0x5f7a1ec70c58
[GradualEraser::stamp] cx=173.0 cy=163.0 r=6 total=113 skipped_zero=113 erased=0
[GradualEraser::verify] center(173,163) rgba=(0,0,0,0)
[BrushEngine::stampEraser] cx=174.0 cy=163.0 m_eraser=0x5f7a1ec70c58
[GradualEraser::stamp] cx=174.0 cy=163.0 r=6 total=113 skipped_zero=109 erased=4
[GradualEraser::verify] center(174,163) rgba=(0,0,0,0)
[BrushEngine::stampEraser] cx=174.0 cy=163.0 m_eraser=0x5f7a1ec70c58
[GradualEraser::stamp] cx=174.0 cy=163.0 r=6 total=113 skipped_zero=113 erased=0
[GradualEraser::verify] center(174,163) rgba=(0,0,0,0)
[CANVAS_UPDATE] recompositing (frameDirty=1 canvasDirty=0)
[CANVAS_UPDATE] sample pixel (174,163): rgba=(0,0,0,0)
[MOUSE_MOVE] drawing=true tool=1 drawing at (519.0,245.0)
[handleDrawing] tool=1 brushType=4 eraserSize=12.0 eraserOp=1.00 layer=0x5f7a2b51bd30
[BrushEngine::stampEraser] cx=174.0 cy=163.0 m_eraser=0x5f7a1ec70c58
[GradualEraser::stamp] cx=174.0 cy=163.0 r=6 total=113 skipped_zero=113 erased=0
[GradualEraser::verify] center(174,163) rgba=(0,0,0,0)
[BrushEngine::stampEraser] cx=175.0 cy=163.0 m_eraser=0x5f7a1ec70c58
[GradualEraser::stamp] cx=175.0 cy=163.0 r=6 total=113 skipped_zero=108 erased=5
[GradualEraser::verify] center(175,163) rgba=(0,0,0,0)
[BrushEngine::stampEraser] cx=175.0 cy=163.0 m_eraser=0x5f7a1ec70c58
[GradualEraser::stamp] cx=175.0 cy=163.0 r=6 total=113 skipped_zero=113 erased=0
[GradualEraser::verify] center(175,163) rgba=(0,0,0,0)
[MOUSE_MOVE] drawing=true tool=1 drawing at (520.0,245.0)
[handleDrawing] tool=1 brushType=4 eraserSize=12.0 eraserOp=1.00 layer=0x5f7a2b51bd30
[BrushEngine::stampEraser] cx=175.0 cy=163.0 m_eraser=0x5f7a1ec70c58
[GradualEraser::stamp] cx=175.0 cy=163.0 r=6 total=113 skipped_zero=113 erased=0
[GradualEraser::verify] center(175,163) rgba=(0,0,0,0)
[BrushEngine::stampEraser] cx=176.0 cy=163.0 m_eraser=0x5f7a1ec70c58
[GradualEraser::stamp] cx=176.0 cy=163.0 r=6 total=113 skipped_zero=108 erased=5
[GradualEraser::verify] center(176,163) rgba=(0,0,0,0)
[BrushEngine::stampEraser] cx=176.0 cy=163.0 m_eraser=0x5f7a1ec70c58
[GradualEraser::stamp] cx=176.0 cy=163.0 r=6 total=113 skipped_zero=113 erased=0
[GradualEraser::verify] center(176,163) rgba=(0,0,0,0)
[MOUSE_MOVE] drawing=true tool=1 drawing at (521.0,245.0)
[handleDrawing] tool=1 brushType=4 eraserSize=12.0 eraserOp=1.00 layer=0x5f7a2b51bd30
[BrushEngine::stampEraser] cx=176.0 cy=163.0 m_eraser=0x5f7a1ec70c58
[GradualEraser::stamp] cx=176.0 cy=163.0 r=6 total=113 skipped_zero=113 erased=0
[GradualEraser::verify] center(176,163) rgba=(0,0,0,0)
[BrushEngine::stampEraser] cx=177.0 cy=163.0 m_eraser=0x5f7a1ec70c58
[GradualEraser::stamp] cx=177.0 cy=163.0 r=6 total=113 skipped_zero=109 erased=4
[GradualEraser::verify] center(177,163) rgba=(0,0,0,0)
[BrushEngine::stampEraser] cx=177.0 cy=163.0 m_eraser=0x5f7a1ec70c58
[GradualEraser::stamp] cx=177.0 cy=163.0 r=6 total=113 skipped_zero=113 erased=0
[GradualEraser::verify] center(177,163) rgba=(0,0,0,0)
[CANVAS_UPDATE] recompositing (frameDirty=1 canvasDirty=0)
[CANVAS_UPDATE] sample pixel (177,163): rgba=(0,0,0,0)
[MOUSE_MOVE] drawing=true tool=1 drawing at (522.0,245.0)
[handleDrawing] tool=1 brushType=4 eraserSize=12.0 eraserOp=1.00 layer=0x5f7a2b51bd30
[BrushEngine::stampEraser] cx=177.0 cy=163.0 m_eraser=0x5f7a1ec70c58
[GradualEraser::stamp] cx=177.0 cy=163.0 r=6 total=113 skipped_zero=113 erased=0
[GradualEraser::verify] center(177,163) rgba=(0,0,0,0)
[BrushEngine::stampEraser] cx=178.0 cy=163.0 m_eraser=0x5f7a1ec70c58
[GradualEraser::stamp] cx=178.0 cy=163.0 r=6 total=113 skipped_zero=109 erased=4
[GradualEraser::verify] center(178,163) rgba=(0,0,0,0)
[BrushEngine::stampEraser] cx=178.0 cy=163.0 m_eraser=0x5f7a1ec70c58
[GradualEraser::stamp] cx=178.0 cy=163.0 r=6 total=113 skipped_zero=113 erased=0
[GradualEraser::verify] center(178,163) rgba=(0,0,0,0)
[MOUSE_MOVE] drawing=true tool=1 drawing at (523.0,245.0)
[handleDrawing] tool=1 brushType=4 eraserSize=12.0 eraserOp=1.00 layer=0x5f7a2b51bd30
[BrushEngine::stampEraser] cx=178.0 cy=163.0 m_eraser=0x5f7a1ec70c58
[GradualEraser::stamp] cx=178.0 cy=163.0 r=6 total=113 skipped_zero=113 erased=0
[GradualEraser::verify] center(178,163) rgba=(0,0,0,0)
[BrushEngine::stampEraser] cx=179.0 cy=163.0 m_eraser=0x5f7a1ec70c58
[GradualEraser::stamp] cx=179.0 cy=163.0 r=6 total=113 skipped_zero=108 erased=5
[GradualEraser::verify] center(179,163) rgba=(0,0,0,0)
[BrushEngine::stampEraser] cx=179.0 cy=163.0 m_eraser=0x5f7a1ec70c58
[GradualEraser::stamp] cx=179.0 cy=163.0 r=6 total=113 skipped_zero=113 erased=0
[GradualEraser::verify] center(179,163) rgba=(0,0,0,0)
[CANVAS_UPDATE] recompositing (frameDirty=1 canvasDirty=0)
[CANVAS_UPDATE] sample pixel (179,163): rgba=(0,0,0,0)
[MOUSE_MOVE] drawing=true tool=1 drawing at (524.0,245.0)
[handleDrawing] tool=1 brushType=4 eraserSize=12.0 eraserOp=1.00 layer=0x5f7a2b51bd30
[BrushEngine::stampEraser] cx=179.0 cy=163.0 m_eraser=0x5f7a1ec70c58
[GradualEraser::stamp] cx=179.0 cy=163.0 r=6 total=113 skipped_zero=113 erased=0
[GradualEraser::verify] center(179,163) rgba=(0,0,0,0)
[BrushEngine::stampEraser] cx=180.0 cy=163.0 m_eraser=0x5f7a1ec70c58
[GradualEraser::stamp] cx=180.0 cy=163.0 r=6 total=113 skipped_zero=109 erased=4
[GradualEraser::verify] center(180,163) rgba=(0,0,0,0)
[BrushEngine::stampEraser] cx=180.0 cy=163.0 m_eraser=0x5f7a1ec70c58
[GradualEraser::stamp] cx=180.0 cy=163.0 r=6 total=113 skipped_zero=113 erased=0
[GradualEraser::verify] center(180,163) rgba=(0,0,0,0)
[MOUSE_MOVE] drawing=true tool=1 drawing at (525.0,245.0)
[handleDrawing] tool=1 brushType=4 eraserSize=12.0 eraserOp=1.00 layer=0x5f7a2b51bd30
[BrushEngine::stampEraser] cx=180.0 cy=163.0 m_eraser=0x5f7a1ec70c58
[GradualEraser::stamp] cx=180.0 cy=163.0 r=6 total=113 skipped_zero=113 erased=0
[GradualEraser::verify] center(180,163) rgba=(0,0,0,0)
[BrushEngine::stampEraser] cx=181.0 cy=163.0 m_eraser=0x5f7a1ec70c58
[GradualEraser::stamp] cx=181.0 cy=163.0 r=6 total=113 skipped_zero=108 erased=5
[GradualEraser::verify] center(181,163) rgba=(0,0,0,0)
[BrushEngine::stampEraser] cx=181.0 cy=163.0 m_eraser=0x5f7a1ec70c58
[GradualEraser::stamp] cx=181.0 cy=163.0 r=6 total=113 skipped_zero=113 erased=0
[GradualEraser::verify] center(181,163) rgba=(0,0,0,0)
[CANVAS_UPDATE] recompositing (frameDirty=1 canvasDirty=0)
[CANVAS_UPDATE] sample pixel (181,163): rgba=(0,0,0,0)
[MOUSE_MOVE] drawing=true tool=1 drawing at (526.0,245.0)
[handleDrawing] tool=1 brushType=4 eraserSize=12.0 eraserOp=1.00 layer=0x5f7a2b51bd30
[BrushEngine::stampEraser] cx=181.0 cy=163.0 m_eraser=0x5f7a1ec70c58
[GradualEraser::stamp] cx=181.0 cy=163.0 r=6 total=113 skipped_zero=113 erased=0
[GradualEraser::verify] center(181,163) rgba=(0,0,0,0)
[BrushEngine::stampEraser] cx=182.0 cy=163.0 m_eraser=0x5f7a1ec70c58
[GradualEraser::stamp] cx=182.0 cy=163.0 r=6 total=113 skipped_zero=109 erased=4
[GradualEraser::verify] center(182,163) rgba=(0,0,0,0)
[BrushEngine::stampEraser] cx=182.0 cy=163.0 m_eraser=0x5f7a1ec70c58
[GradualEraser::stamp] cx=182.0 cy=163.0 r=6 total=113 skipped_zero=113 erased=0
[GradualEraser::verify] center(182,163) rgba=(0,0,0,0)
[MOUSE_MOVE] drawing=true tool=1 drawing at (527.0,245.0)
[handleDrawing] tool=1 brushType=4 eraserSize=12.0 eraserOp=1.00 layer=0x5f7a2b51bd30
[BrushEngine::stampEraser] cx=182.0 cy=163.0 m_eraser=0x5f7a1ec70c58
[GradualEraser::stamp] cx=182.0 cy=163.0 r=6 total=113 skipped_zero=113 erased=0
[GradualEraser::verify] center(182,163) rgba=(0,0,0,0)
[BrushEngine::stampEraser] cx=183.0 cy=163.0 m_eraser=0x5f7a1ec70c58
[GradualEraser::stamp] cx=183.0 cy=163.0 r=6 total=113 skipped_zero=109 erased=4
[GradualEraser::verify] center(183,163) rgba=(0,0,0,0)
[BrushEngine::stampEraser] cx=183.0 cy=163.0 m_eraser=0x5f7a1ec70c58
[GradualEraser::stamp] cx=183.0 cy=163.0 r=6 total=113 skipped_zero=113 erased=0
[GradualEraser::verify] center(183,163) rgba=(0,0,0,0)
[CANVAS_UPDATE] recompositing (frameDirty=1 canvasDirty=0)
[CANVAS_UPDATE] sample pixel (183,163): rgba=(0,0,0,0)
[MOUSE_MOVE] drawing=true tool=1 drawing at (528.0,245.0)
[handleDrawing] tool=1 brushType=4 eraserSize=12.0 eraserOp=1.00 layer=0x5f7a2b51bd30
[BrushEngine::stampEraser] cx=183.0 cy=163.0 m_eraser=0x5f7a1ec70c58
[GradualEraser::stamp] cx=183.0 cy=163.0 r=6 total=113 skipped_zero=113 erased=0
[GradualEraser::verify] center(183,163) rgba=(0,0,0,0)
[BrushEngine::stampEraser] cx=184.0 cy=163.0 m_eraser=0x5f7a1ec70c58
[GradualEraser::stamp] cx=184.0 cy=163.0 r=6 total=113 skipped_zero=108 erased=5
[GradualEraser::verify] center(184,163) rgba=(0,0,0,0)
[BrushEngine::stampEraser] cx=184.0 cy=163.0 m_eraser=0x5f7a1ec70c58
[GradualEraser::stamp] cx=184.0 cy=163.0 r=6 total=113 skipped_zero=113 erased=0
[GradualEraser::verify] center(184,163) rgba=(0,0,0,0)
[MOUSE_MOVE] drawing=true tool=1 drawing at (529.0,245.0)
[handleDrawing] tool=1 brushType=4 eraserSize=12.0 eraserOp=1.00 layer=0x5f7a2b51bd30
[BrushEngine::stampEraser] cx=184.0 cy=163.0 m_eraser=0x5f7a1ec70c58
[GradualEraser::stamp] cx=184.0 cy=163.0 r=6 total=113 skipped_zero=113 erased=0
[GradualEraser::verify] center(184,163) rgba=(0,0,0,0)
[BrushEngine::stampEraser] cx=185.0 cy=163.0 m_eraser=0x5f7a1ec70c58
[GradualEraser::stamp] cx=185.0 cy=163.0 r=6 total=113 skipped_zero=109 erased=4
[GradualEraser::verify] center(185,163) rgba=(0,0,0,0)
[BrushEngine::stampEraser] cx=185.0 cy=163.0 m_eraser=0x5f7a1ec70c58
[GradualEraser::stamp] cx=185.0 cy=163.0 r=6 total=113 skipped_zero=113 erased=0
[GradualEraser::verify] center(185,163) rgba=(0,0,0,0)
[CANVAS_UPDATE] recompositing (frameDirty=1 canvasDirty=0)
[CANVAS_UPDATE] sample pixel (185,163): rgba=(0,0,0,0)
[MOUSE_MOVE] drawing=true tool=1 drawing at (530.0,245.0)
[handleDrawing] tool=1 brushType=4 eraserSize=12.0 eraserOp=1.00 layer=0x5f7a2b51bd30
[BrushEngine::stampEraser] cx=185.0 cy=163.0 m_eraser=0x5f7a1ec70c58
[GradualEraser::stamp] cx=185.0 cy=163.0 r=6 total=113 skipped_zero=113 erased=0
[GradualEraser::verify] center(185,163) rgba=(0,0,0,0)
[BrushEngine::stampEraser] cx=186.0 cy=163.0 m_eraser=0x5f7a1ec70c58
[GradualEraser::stamp] cx=186.0 cy=163.0 r=6 total=113 skipped_zero=108 erased=5
[GradualEraser::verify] center(186,163) rgba=(0,0,0,0)
[BrushEngine::stampEraser] cx=186.0 cy=163.0 m_eraser=0x5f7a1ec70c58
[GradualEraser::stamp] cx=186.0 cy=163.0 r=6 total=113 skipped_zero=113 erased=0
[GradualEraser::verify] center(186,163) rgba=(0,0,0,0)
[MOUSE_MOVE] drawing=true tool=1 drawing at (533.0,245.0)
[handleDrawing] tool=1 brushType=4 eraserSize=12.0 eraserOp=1.00 layer=0x5f7a2b51bd30
[BrushEngine::stampEraser] cx=186.0 cy=163.0 m_eraser=0x5f7a1ec70c58
[GradualEraser::stamp] cx=186.0 cy=163.0 r=6 total=113 skipped_zero=113 erased=0
[GradualEraser::verify] center(186,163) rgba=(0,0,0,0)
[BrushEngine::stampEraser] cx=189.0 cy=163.0 m_eraser=0x5f7a1ec70c58
[GradualEraser::stamp] cx=189.0 cy=163.0 r=6 total=113 skipped_zero=102 erased=11
[GradualEraser::verify] center(189,163) rgba=(0,0,0,0)
[BrushEngine::stampEraser] cx=189.0 cy=163.0 m_eraser=0x5f7a1ec70c58
[GradualEraser::stamp] cx=189.0 cy=163.0 r=6 total=113 skipped_zero=113 erased=0
[GradualEraser::verify] center(189,163) rgba=(0,0,0,0)
[MOUSE_MOVE] drawing=true tool=1 drawing at (534.0,245.0)
[handleDrawing] tool=1 brushType=4 eraserSize=12.0 eraserOp=1.00 layer=0x5f7a2b51bd30
[BrushEngine::stampEraser] cx=189.0 cy=163.0 m_eraser=0x5f7a1ec70c58
[GradualEraser::stamp] cx=189.0 cy=163.0 r=6 total=113 skipped_zero=113 erased=0
[GradualEraser::verify] center(189,163) rgba=(0,0,0,0)
[BrushEngine::stampEraser] cx=190.0 cy=163.0 m_eraser=0x5f7a1ec70c58
[GradualEraser::stamp] cx=190.0 cy=163.0 r=6 total=113 skipped_zero=108 erased=5
[GradualEraser::verify] center(190,163) rgba=(0,0,0,0)
[BrushEngine::stampEraser] cx=190.0 cy=163.0 m_eraser=0x5f7a1ec70c58
[GradualEraser::stamp] cx=190.0 cy=163.0 r=6 total=113 skipped_zero=113 erased=0
[GradualEraser::verify] center(190,163) rgba=(0,0,0,0)
[MOUSE_MOVE] drawing=true tool=1 drawing at (535.0,245.0)
[handleDrawing] tool=1 brushType=4 eraserSize=12.0 eraserOp=1.00 layer=0x5f7a2b51bd30
[BrushEngine::stampEraser] cx=190.0 cy=163.0 m_eraser=0x5f7a1ec70c58
[GradualEraser::stamp] cx=190.0 cy=163.0 r=6 total=113 skipped_zero=113 erased=0
[GradualEraser::verify] center(190,163) rgba=(0,0,0,0)
[BrushEngine::stampEraser] cx=191.0 cy=163.0 m_eraser=0x5f7a1ec70c58
[GradualEraser::stamp] cx=191.0 cy=163.0 r=6 total=113 skipped_zero=109 erased=4
[GradualEraser::verify] center(191,163) rgba=(0,0,0,0)
[BrushEngine::stampEraser] cx=191.0 cy=163.0 m_eraser=0x5f7a1ec70c58
[GradualEraser::stamp] cx=191.0 cy=163.0 r=6 total=113 skipped_zero=113 erased=0
[GradualEraser::verify] center(191,163) rgba=(0,0,0,0)
[CANVAS_UPDATE] recompositing (frameDirty=1 canvasDirty=0)
[CANVAS_UPDATE] sample pixel (191,163): rgba=(0,0,0,0)
[MOUSE_MOVE] drawing=true tool=1 drawing at (536.0,245.0)
[handleDrawing] tool=1 brushType=4 eraserSize=12.0 eraserOp=1.00 layer=0x5f7a2b51bd30
[BrushEngine::stampEraser] cx=191.0 cy=163.0 m_eraser=0x5f7a1ec70c58
[GradualEraser::stamp] cx=191.0 cy=163.0 r=6 total=113 skipped_zero=113 erased=0
[GradualEraser::verify] center(191,163) rgba=(0,0,0,0)
[BrushEngine::stampEraser] cx=192.0 cy=163.0 m_eraser=0x5f7a1ec70c58
[GradualEraser::stamp] cx=192.0 cy=163.0 r=6 total=113 skipped_zero=109 erased=4
[GradualEraser::verify] center(192,163) rgba=(0,0,0,0)
[BrushEngine::stampEraser] cx=192.0 cy=163.0 m_eraser=0x5f7a1ec70c58
[GradualEraser::stamp] cx=192.0 cy=163.0 r=6 total=113 skipped_zero=113 erased=0
[GradualEraser::verify] center(192,163) rgba=(0,0,0,0)
[MOUSE_MOVE] drawing=true tool=1 drawing at (537.0,245.0)
[handleDrawing] tool=1 brushType=4 eraserSize=12.0 eraserOp=1.00 layer=0x5f7a2b51bd30
[BrushEngine::stampEraser] cx=192.0 cy=163.0 m_eraser=0x5f7a1ec70c58
[GradualEraser::stamp] cx=192.0 cy=163.0 r=6 total=113 skipped_zero=113 erased=0
[GradualEraser::verify] center(192,163) rgba=(0,0,0,0)
[BrushEngine::stampEraser] cx=193.0 cy=163.0 m_eraser=0x5f7a1ec70c58
[GradualEraser::stamp] cx=193.0 cy=163.0 r=6 total=113 skipped_zero=108 erased=5
[GradualEraser::verify] center(193,163) rgba=(0,0,0,0)
[BrushEngine::stampEraser] cx=193.0 cy=163.0 m_eraser=0x5f7a1ec70c58
[GradualEraser::stamp] cx=193.0 cy=163.0 r=6 total=113 skipped_zero=113 erased=0
[GradualEraser::verify] center(193,163) rgba=(0,0,0,0)
[MOUSE_MOVE] drawing=true tool=1 drawing at (538.0,245.0)
[handleDrawing] tool=1 brushType=4 eraserSize=12.0 eraserOp=1.00 layer=0x5f7a2b51bd30
[BrushEngine::stampEraser] cx=193.0 cy=163.0 m_eraser=0x5f7a1ec70c58
[GradualEraser::stamp] cx=193.0 cy=163.0 r=6 total=113 skipped_zero=113 erased=0
[GradualEraser::verify] center(193,163) rgba=(0,0,0,0)
[BrushEngine::stampEraser] cx=194.0 cy=163.0 m_eraser=0x5f7a1ec70c58
[GradualEraser::stamp] cx=194.0 cy=163.0 r=6 total=113 skipped_zero=109 erased=4
[GradualEraser::verify] center(194,163) rgba=(0,0,0,0)
[BrushEngine::stampEraser] cx=194.0 cy=163.0 m_eraser=0x5f7a1ec70c58
[GradualEraser::stamp] cx=194.0 cy=163.0 r=6 total=113 skipped_zero=113 erased=0
[GradualEraser::verify] center(194,163) rgba=(0,0,0,0)
[MOUSE_MOVE] drawing=true tool=1 drawing at (539.0,245.0)
[handleDrawing] tool=1 brushType=4 eraserSize=12.0 eraserOp=1.00 layer=0x5f7a2b51bd30
[BrushEngine::stampEraser] cx=194.0 cy=163.0 m_eraser=0x5f7a1ec70c58
[GradualEraser::stamp] cx=194.0 cy=163.0 r=6 total=113 skipped_zero=113 erased=0
[GradualEraser::verify] center(194,163) rgba=(0,0,0,0)
[BrushEngine::stampEraser] cx=195.0 cy=163.0 m_eraser=0x5f7a1ec70c58
[GradualEraser::stamp] cx=195.0 cy=163.0 r=6 total=113 skipped_zero=109 erased=4
[GradualEraser::verify] center(195,163) rgba=(0,0,0,0)
[BrushEngine::stampEraser] cx=195.0 cy=163.0 m_eraser=0x5f7a1ec70c58
[GradualEraser::stamp] cx=195.0 cy=163.0 r=6 total=113 skipped_zero=113 erased=0
[GradualEraser::verify] center(195,163) rgba=(0,0,0,0)
[MOUSE_MOVE] drawing=true tool=1 drawing at (540.0,245.0)
[handleDrawing] tool=1 brushType=4 eraserSize=12.0 eraserOp=1.00 layer=0x5f7a2b51bd30
[BrushEngine::stampEraser] cx=195.0 cy=163.0 m_eraser=0x5f7a1ec70c58
[GradualEraser::stamp] cx=195.0 cy=163.0 r=6 total=113 skipped_zero=113 erased=0
[GradualEraser::verify] center(195,163) rgba=(0,0,0,0)
[BrushEngine::stampEraser] cx=196.0 cy=163.0 m_eraser=0x5f7a1ec70c58
[GradualEraser::stamp] cx=196.0 cy=163.0 r=6 total=113 skipped_zero=108 erased=5
[GradualEraser::verify] center(196,163) rgba=(0,0,0,0)
[BrushEngine::stampEraser] cx=196.0 cy=163.0 m_eraser=0x5f7a1ec70c58
[GradualEraser::stamp] cx=196.0 cy=163.0 r=6 total=113 skipped_zero=113 erased=0
[GradualEraser::verify] center(196,163) rgba=(0,0,0,0)
[CANVAS_UPDATE] recompositing (frameDirty=1 canvasDirty=0)
[CANVAS_UPDATE] sample pixel (196,163): rgba=(0,0,0,0)
[MOUSE_MOVE] drawing=true tool=1 drawing at (541.0,245.0)
[handleDrawing] tool=1 brushType=4 eraserSize=12.0 eraserOp=1.00 layer=0x5f7a2b51bd30
[BrushEngine::stampEraser] cx=196.0 cy=163.0 m_eraser=0x5f7a1ec70c58
[GradualEraser::stamp] cx=196.0 cy=163.0 r=6 total=113 skipped_zero=113 erased=0
[GradualEraser::verify] center(196,163) rgba=(0,0,0,0)
[BrushEngine::stampEraser] cx=197.0 cy=163.0 m_eraser=0x5f7a1ec70c58
[GradualEraser::stamp] cx=197.0 cy=163.0 r=6 total=113 skipped_zero=109 erased=4
[GradualEraser::verify] center(197,163) rgba=(0,0,0,0)
[BrushEngine::stampEraser] cx=197.0 cy=163.0 m_eraser=0x5f7a1ec70c58
[GradualEraser::stamp] cx=197.0 cy=163.0 r=6 total=113 skipped_zero=113 erased=0
[GradualEraser::verify] center(197,163) rgba=(0,0,0,0)
[MOUSE_MOVE] drawing=true tool=1 drawing at (542.0,245.0)
[handleDrawing] tool=1 brushType=4 eraserSize=12.0 eraserOp=1.00 layer=0x5f7a2b51bd30
[BrushEngine::stampEraser] cx=197.0 cy=163.0 m_eraser=0x5f7a1ec70c58
[GradualEraser::stamp] cx=197.0 cy=163.0 r=6 total=113 skipped_zero=113 erased=0
[GradualEraser::verify] center(197,163) rgba=(0,0,0,0)
[BrushEngine::stampEraser] cx=198.0 cy=163.0 m_eraser=0x5f7a1ec70c58
[GradualEraser::stamp] cx=198.0 cy=163.0 r=6 total=113 skipped_zero=109 erased=4
[GradualEraser::verify] center(198,163) rgba=(0,0,0,0)
[BrushEngine::stampEraser] cx=198.0 cy=163.0 m_eraser=0x5f7a1ec70c58
[GradualEraser::stamp] cx=198.0 cy=163.0 r=6 total=113 skipped_zero=113 erased=0
[GradualEraser::verify] center(198,163) rgba=(0,0,0,0)
[MOUSE_MOVE] drawing=true tool=1 drawing at (543.0,245.0)
[handleDrawing] tool=1 brushType=4 eraserSize=12.0 eraserOp=1.00 layer=0x5f7a2b51bd30
[BrushEngine::stampEraser] cx=198.0 cy=163.0 m_eraser=0x5f7a1ec70c58
[GradualEraser::stamp] cx=198.0 cy=163.0 r=6 total=113 skipped_zero=113 erased=0
[GradualEraser::verify] center(198,163) rgba=(0,0,0,0)
[BrushEngine::stampEraser] cx=199.0 cy=163.0 m_eraser=0x5f7a1ec70c58
[GradualEraser::stamp] cx=199.0 cy=163.0 r=6 total=113 skipped_zero=108 erased=5
[GradualEraser::verify] center(199,163) rgba=(0,0,0,0)
[BrushEngine::stampEraser] cx=199.0 cy=163.0 m_eraser=0x5f7a1ec70c58
[GradualEraser::stamp] cx=199.0 cy=163.0 r=6 total=113 skipped_zero=113 erased=0
[GradualEraser::verify] center(199,163) rgba=(0,0,0,0)
[MOUSE_MOVE] drawing=true tool=1 drawing at (544.0,245.0)
[handleDrawing] tool=1 brushType=4 eraserSize=12.0 eraserOp=1.00 layer=0x5f7a2b51bd30
[BrushEngine::stampEraser] cx=199.0 cy=163.0 m_eraser=0x5f7a1ec70c58
[GradualEraser::stamp] cx=199.0 cy=163.0 r=6 total=113 skipped_zero=113 erased=0
[GradualEraser::verify] center(199,163) rgba=(0,0,0,0)
[BrushEngine::stampEraser] cx=200.0 cy=163.0 m_eraser=0x5f7a1ec70c58
[GradualEraser::stamp] cx=200.0 cy=163.0 r=6 total=113 skipped_zero=109 erased=4
[GradualEraser::verify] center(200,163) rgba=(0,0,0,0)
[BrushEngine::stampEraser] cx=200.0 cy=163.0 m_eraser=0x5f7a1ec70c58
[GradualEraser::stamp] cx=200.0 cy=163.0 r=6 total=113 skipped_zero=113 erased=0
[GradualEraser::verify] center(200,163) rgba=(0,0,0,0)
[CANVAS_UPDATE] recompositing (frameDirty=1 canvasDirty=0)
[CANVAS_UPDATE] sample pixel (200,163): rgba=(0,0,0,0)
[MOUSE_MOVE] drawing=true tool=1 drawing at (545.0,245.0)
[handleDrawing] tool=1 brushType=4 eraserSize=12.0 eraserOp=1.00 layer=0x5f7a2b51bd30
[BrushEngine::stampEraser] cx=200.0 cy=163.0 m_eraser=0x5f7a1ec70c58
[GradualEraser::stamp] cx=200.0 cy=163.0 r=6 total=113 skipped_zero=113 erased=0
[GradualEraser::verify] center(200,163) rgba=(0,0,0,0)
[BrushEngine::stampEraser] cx=201.0 cy=163.0 m_eraser=0x5f7a1ec70c58
[GradualEraser::stamp] cx=201.0 cy=163.0 r=6 total=113 skipped_zero=109 erased=4
[GradualEraser::verify] center(201,163) rgba=(0,0,0,0)
[BrushEngine::stampEraser] cx=201.0 cy=163.0 m_eraser=0x5f7a1ec70c58
[GradualEraser::stamp] cx=201.0 cy=163.0 r=6 total=113 skipped_zero=113 erased=0
[GradualEraser::verify] center(201,163) rgba=(0,0,0,0)
[MOUSE_MOVE] drawing=true tool=1 drawing at (546.0,245.0)
[handleDrawing] tool=1 brushType=4 eraserSize=12.0 eraserOp=1.00 layer=0x5f7a2b51bd30
[BrushEngine::stampEraser] cx=201.0 cy=163.0 m_eraser=0x5f7a1ec70c58
[GradualEraser::stamp] cx=201.0 cy=163.0 r=6 total=113 skipped_zero=113 erased=0
[GradualEraser::verify] center(201,163) rgba=(0,0,0,0)
[BrushEngine::stampEraser] cx=202.0 cy=163.0 m_eraser=0x5f7a1ec70c58
[GradualEraser::stamp] cx=202.0 cy=163.0 r=6 total=113 skipped_zero=108 erased=5
[GradualEraser::verify] center(202,163) rgba=(0,0,0,0)
[BrushEngine::stampEraser] cx=202.0 cy=163.0 m_eraser=0x5f7a1ec70c58
[GradualEraser::stamp] cx=202.0 cy=163.0 r=6 total=113 skipped_zero=113 erased=0
[GradualEraser::verify] center(202,163) rgba=(0,0,0,0)
[CANVAS_UPDATE] recompositing (frameDirty=1 canvasDirty=0)
[CANVAS_UPDATE] sample pixel (202,163): rgba=(0,0,0,0)
[MOUSE_MOVE] drawing=true tool=1 drawing at (547.0,245.0)
[handleDrawing] tool=1 brushType=4 eraserSize=12.0 eraserOp=1.00 layer=0x5f7a2b51bd30
[BrushEngine::stampEraser] cx=202.0 cy=163.0 m_eraser=0x5f7a1ec70c58
[GradualEraser::stamp] cx=202.0 cy=163.0 r=6 total=113 skipped_zero=113 erased=0
[GradualEraser::verify] center(202,163) rgba=(0,0,0,0)
[BrushEngine::stampEraser] cx=203.0 cy=163.0 m_eraser=0x5f7a1ec70c58
[GradualEraser::stamp] cx=203.0 cy=163.0 r=6 total=113 skipped_zero=109 erased=4
[GradualEraser::verify] center(203,163) rgba=(0,0,0,0)
[BrushEngine::stampEraser] cx=203.0 cy=163.0 m_eraser=0x5f7a1ec70c58
[GradualEraser::stamp] cx=203.0 cy=163.0 r=6 total=113 skipped_zero=113 erased=0
[GradualEraser::verify] center(203,163) rgba=(0,0,0,0)
[MOUSE_MOVE] drawing=true tool=1 drawing at (548.0,245.0)
[handleDrawing] tool=1 brushType=4 eraserSize=12.0 eraserOp=1.00 layer=0x5f7a2b51bd30
[BrushEngine::stampEraser] cx=203.0 cy=163.0 m_eraser=0x5f7a1ec70c58
[GradualEraser::stamp] cx=203.0 cy=163.0 r=6 total=113 skipped_zero=113 erased=0
[GradualEraser::verify] center(203,163) rgba=(0,0,0,0)
[BrushEngine::stampEraser] cx=204.0 cy=163.0 m_eraser=0x5f7a1ec70c58
[GradualEraser::stamp] cx=204.0 cy=163.0 r=6 total=113 skipped_zero=108 erased=5
[GradualEraser::verify] center(204,163) rgba=(0,0,0,0)
[BrushEngine::stampEraser] cx=204.0 cy=163.0 m_eraser=0x5f7a1ec70c58
[GradualEraser::stamp] cx=204.0 cy=163.0 r=6 total=113 skipped_zero=113 erased=0
[GradualEraser::verify] center(204,163) rgba=(0,0,0,0)
[CANVAS_UPDATE] recompositing (frameDirty=1 canvasDirty=0)
[CANVAS_UPDATE] sample pixel (204,163): rgba=(0,0,0,0)
[MOUSE_MOVE] drawing=true tool=1 drawing at (549.0,245.0)
[handleDrawing] tool=1 brushType=4 eraserSize=12.0 eraserOp=1.00 layer=0x5f7a2b51bd30
[BrushEngine::stampEraser] cx=204.0 cy=163.0 m_eraser=0x5f7a1ec70c58
[GradualEraser::stamp] cx=204.0 cy=163.0 r=6 total=113 skipped_zero=113 erased=0
[GradualEraser::verify] center(204,163) rgba=(0,0,0,0)
[BrushEngine::stampEraser] cx=205.0 cy=163.0 m_eraser=0x5f7a1ec70c58
[GradualEraser::stamp] cx=205.0 cy=163.0 r=6 total=113 skipped_zero=109 erased=4
[GradualEraser::verify] center(205,163) rgba=(0,0,0,0)
[BrushEngine::stampEraser] cx=205.0 cy=163.0 m_eraser=0x5f7a1ec70c58
[GradualEraser::stamp] cx=205.0 cy=163.0 r=6 total=113 skipped_zero=113 erased=0
[GradualEraser::verify] center(205,163) rgba=(0,0,0,0)
[CANVAS_UPDATE] recompositing (frameDirty=1 canvasDirty=0)
[CANVAS_UPDATE] sample pixel (205,163): rgba=(0,0,0,0)
[MOUSE_MOVE] drawing=true tool=1 drawing at (550.0,245.0)
[handleDrawing] tool=1 brushType=4 eraserSize=12.0 eraserOp=1.00 layer=0x5f7a2b51bd30
[BrushEngine::stampEraser] cx=205.0 cy=163.0 m_eraser=0x5f7a1ec70c58
[GradualEraser::stamp] cx=205.0 cy=163.0 r=6 total=113 skipped_zero=113 erased=0
[GradualEraser::verify] center(205,163) rgba=(0,0,0,0)
[BrushEngine::stampEraser] cx=206.0 cy=163.0 m_eraser=0x5f7a1ec70c58
[GradualEraser::stamp] cx=206.0 cy=163.0 r=6 total=113 skipped_zero=108 erased=5
[GradualEraser::verify] center(206,163) rgba=(0,0,0,0)
[BrushEngine::stampEraser] cx=206.0 cy=163.0 m_eraser=0x5f7a1ec70c58
[GradualEraser::stamp] cx=206.0 cy=163.0 r=6 total=113 skipped_zero=113 erased=0
[GradualEraser::verify] center(206,163) rgba=(0,0,0,0)
[MOUSE_MOVE] drawing=true tool=1 drawing at (551.0,245.0)
[handleDrawing] tool=1 brushType=4 eraserSize=12.0 eraserOp=1.00 layer=0x5f7a2b51bd30
[BrushEngine::stampEraser] cx=206.0 cy=163.0 m_eraser=0x5f7a1ec70c58
[GradualEraser::stamp] cx=206.0 cy=163.0 r=6 total=113 skipped_zero=113 erased=0
[GradualEraser::verify] center(206,163) rgba=(0,0,0,0)
[BrushEngine::stampEraser] cx=207.0 cy=163.0 m_eraser=0x5f7a1ec70c58
[GradualEraser::stamp] cx=207.0 cy=163.0 r=6 total=113 skipped_zero=109 erased=4
[GradualEraser::verify] center(207,163) rgba=(0,0,0,0)
[BrushEngine::stampEraser] cx=207.0 cy=163.0 m_eraser=0x5f7a1ec70c58
[GradualEraser::stamp] cx=207.0 cy=163.0 r=6 total=113 skipped_zero=113 erased=0
[GradualEraser::verify] center(207,163) rgba=(0,0,0,0)
[CANVAS_UPDATE] recompositing (frameDirty=1 canvasDirty=0)
[CANVAS_UPDATE] sample pixel (207,163): rgba=(0,0,0,0)
[MOUSE_MOVE] drawing=true tool=1 drawing at (552.0,245.0)
[handleDrawing] tool=1 brushType=4 eraserSize=12.0 eraserOp=1.00 layer=0x5f7a2b51bd30
[BrushEngine::stampEraser] cx=207.0 cy=163.0 m_eraser=0x5f7a1ec70c58
[GradualEraser::stamp] cx=207.0 cy=163.0 r=6 total=113 skipped_zero=113 erased=0
[GradualEraser::verify] center(207,163) rgba=(0,0,0,0)
[BrushEngine::stampEraser] cx=208.0 cy=163.0 m_eraser=0x5f7a1ec70c58
[GradualEraser::stamp] cx=208.0 cy=163.0 r=6 total=113 skipped_zero=109 erased=4
[GradualEraser::verify] center(208,163) rgba=(0,0,0,0)
[BrushEngine::stampEraser] cx=208.0 cy=163.0 m_eraser=0x5f7a1ec70c58
[GradualEraser::stamp] cx=208.0 cy=163.0 r=6 total=113 skipped_zero=113 erased=0
[GradualEraser::verify] center(208,163) rgba=(0,0,0,0)
[MOUSE_MOVE] drawing=true tool=1 drawing at (553.0,245.0)
[handleDrawing] tool=1 brushType=4 eraserSize=12.0 eraserOp=1.00 layer=0x5f7a2b51bd30
[BrushEngine::stampEraser] cx=208.0 cy=163.0 m_eraser=0x5f7a1ec70c58
[GradualEraser::stamp] cx=208.0 cy=163.0 r=6 total=113 skipped_zero=113 erased=0
[GradualEraser::verify] center(208,163) rgba=(0,0,0,0)
[BrushEngine::stampEraser] cx=209.0 cy=163.0 m_eraser=0x5f7a1ec70c58
[GradualEraser::stamp] cx=209.0 cy=163.0 r=6 total=113 skipped_zero=108 erased=5
[GradualEraser::verify] center(209,163) rgba=(0,0,0,0)
[BrushEngine::stampEraser] cx=209.0 cy=163.0 m_eraser=0x5f7a1ec70c58
[GradualEraser::stamp] cx=209.0 cy=163.0 r=6 total=113 skipped_zero=113 erased=0
[GradualEraser::verify] center(209,163) rgba=(0,0,0,0)
[MOUSE_MOVE] drawing=true tool=1 drawing at (554.0,245.0)
[handleDrawing] tool=1 brushType=4 eraserSize=12.0 eraserOp=1.00 layer=0x5f7a2b51bd30
[BrushEngine::stampEraser] cx=209.0 cy=163.0 m_eraser=0x5f7a1ec70c58
[GradualEraser::stamp] cx=209.0 cy=163.0 r=6 total=113 skipped_zero=113 erased=0
[GradualEraser::verify] center(209,163) rgba=(0,0,0,0)
[BrushEngine::stampEraser] cx=210.0 cy=163.0 m_eraser=0x5f7a1ec70c58
[GradualEraser::stamp] cx=210.0 cy=163.0 r=6 total=113 skipped_zero=109 erased=4
[GradualEraser::verify] center(210,163) rgba=(0,0,0,0)
[BrushEngine::stampEraser] cx=210.0 cy=163.0 m_eraser=0x5f7a1ec70c58
[GradualEraser::stamp] cx=210.0 cy=163.0 r=6 total=113 skipped_zero=113 erased=0
[GradualEraser::verify] center(210,163) rgba=(0,0,0,0)
[CANVAS_UPDATE] recompositing (frameDirty=1 canvasDirty=0)
[CANVAS_UPDATE] sample pixel (210,163): rgba=(0,0,0,0)
[MOUSE_MOVE] drawing=true tool=1 drawing at (555.0,245.0)
[handleDrawing] tool=1 brushType=4 eraserSize=12.0 eraserOp=1.00 layer=0x5f7a2b51bd30
[BrushEngine::stampEraser] cx=210.0 cy=163.0 m_eraser=0x5f7a1ec70c58
[GradualEraser::stamp] cx=210.0 cy=163.0 r=6 total=113 skipped_zero=113 erased=0
[GradualEraser::verify] center(210,163) rgba=(0,0,0,0)
[BrushEngine::stampEraser] cx=211.0 cy=163.0 m_eraser=0x5f7a1ec70c58
[GradualEraser::stamp] cx=211.0 cy=163.0 r=6 total=113 skipped_zero=109 erased=4
[GradualEraser::verify] center(211,163) rgba=(0,0,0,0)
[BrushEngine::stampEraser] cx=211.0 cy=163.0 m_eraser=0x5f7a1ec70c58
[GradualEraser::stamp] cx=211.0 cy=163.0 r=6 total=113 skipped_zero=113 erased=0
[GradualEraser::verify] center(211,163) rgba=(0,0,0,0)
[MOUSE_MOVE] drawing=true tool=1 drawing at (556.0,245.0)
[handleDrawing] tool=1 brushType=4 eraserSize=12.0 eraserOp=1.00 layer=0x5f7a2b51bd30
[BrushEngine::stampEraser] cx=211.0 cy=163.0 m_eraser=0x5f7a1ec70c58
[GradualEraser::stamp] cx=211.0 cy=163.0 r=6 total=113 skipped_zero=113 erased=0
[GradualEraser::verify] center(211,163) rgba=(0,0,0,0)
[BrushEngine::stampEraser] cx=212.0 cy=163.0 m_eraser=0x5f7a1ec70c58
[GradualEraser::stamp] cx=212.0 cy=163.0 r=6 total=113 skipped_zero=108 erased=5
[GradualEraser::verify] center(212,163) rgba=(0,0,0,0)
[BrushEngine::stampEraser] cx=212.0 cy=163.0 m_eraser=0x5f7a1ec70c58
[GradualEraser::stamp] cx=212.0 cy=163.0 r=6 total=113 skipped_zero=113 erased=0
[GradualEraser::verify] center(212,163) rgba=(0,0,0,0)
[MOUSE_MOVE] drawing=true tool=1 drawing at (557.0,246.0)
[handleDrawing] tool=1 brushType=4 eraserSize=12.0 eraserOp=1.00 layer=0x5f7a2b51bd30
[BrushEngine::stampEraser] cx=212.0 cy=163.0 m_eraser=0x5f7a1ec70c58
[GradualEraser::stamp] cx=212.0 cy=163.0 r=6 total=113 skipped_zero=113 erased=0
[GradualEraser::verify] center(212,163) rgba=(0,0,0,0)
[BrushEngine::stampEraser] cx=213.0 cy=164.0 m_eraser=0x5f7a1ec70c58
[GradualEraser::stamp] cx=213.0 cy=164.0 r=6 total=113 skipped_zero=103 erased=10
[GradualEraser::verify] center(213,164) rgba=(0,0,0,0)
[BrushEngine::stampEraser] cx=213.0 cy=164.0 m_eraser=0x5f7a1ec70c58
[GradualEraser::stamp] cx=213.0 cy=164.0 r=6 total=113 skipped_zero=113 erased=0
[GradualEraser::verify] center(213,164) rgba=(0,0,0,0)
[MOUSE_MOVE] drawing=true tool=1 drawing at (558.0,246.0)
[handleDrawing] tool=1 brushType=4 eraserSize=12.0 eraserOp=1.00 layer=0x5f7a2b51bd30
[BrushEngine::stampEraser] cx=213.0 cy=164.0 m_eraser=0x5f7a1ec70c58
[GradualEraser::stamp] cx=213.0 cy=164.0 r=6 total=113 skipped_zero=113 erased=0
[GradualEraser::verify] center(213,164) rgba=(0,0,0,0)
[BrushEngine::stampEraser] cx=214.0 cy=164.0 m_eraser=0x5f7a1ec70c58
[GradualEraser::stamp] cx=214.0 cy=164.0 r=6 total=113 skipped_zero=108 erased=5
[GradualEraser::verify] center(214,164) rgba=(0,0,0,0)
[BrushEngine::stampEraser] cx=214.0 cy=164.0 m_eraser=0x5f7a1ec70c58
[GradualEraser::stamp] cx=214.0 cy=164.0 r=6 total=113 skipped_zero=113 erased=0
[GradualEraser::verify] center(214,164) rgba=(0,0,0,0)
[MOUSE_MOVE] drawing=true tool=1 drawing at (562.0,246.0)
[handleDrawing] tool=1 brushType=4 eraserSize=12.0 eraserOp=1.00 layer=0x5f7a2b51bd30
[BrushEngine::stampEraser] cx=214.0 cy=164.0 m_eraser=0x5f7a1ec70c58
[GradualEraser::stamp] cx=214.0 cy=164.0 r=6 total=113 skipped_zero=113 erased=0
[GradualEraser::verify] center(214,164) rgba=(0,0,0,0)
[BrushEngine::stampEraser] cx=216.0 cy=164.0 m_eraser=0x5f7a1ec70c58
[GradualEraser::stamp] cx=216.0 cy=164.0 r=6 total=113 skipped_zero=103 erased=10
[GradualEraser::verify] center(216,164) rgba=(0,0,0,0)
[BrushEngine::stampEraser] cx=218.0 cy=164.0 m_eraser=0x5f7a1ec70c58
[GradualEraser::stamp] cx=218.0 cy=164.0 r=6 total=113 skipped_zero=103 erased=10
[GradualEraser::verify] center(218,164) rgba=(0,0,0,0)
[BrushEngine::stampEraser] cx=218.0 cy=164.0 m_eraser=0x5f7a1ec70c58
[GradualEraser::stamp] cx=218.0 cy=164.0 r=6 total=113 skipped_zero=113 erased=0
[GradualEraser::verify] center(218,164) rgba=(0,0,0,0)
[MOUSE_MOVE] drawing=true tool=1 drawing at (565.0,246.0)
[handleDrawing] tool=1 brushType=4 eraserSize=12.0 eraserOp=1.00 layer=0x5f7a2b51bd30
[BrushEngine::stampEraser] cx=218.0 cy=164.0 m_eraser=0x5f7a1ec70c58
[GradualEraser::stamp] cx=218.0 cy=164.0 r=6 total=113 skipped_zero=113 erased=0
[GradualEraser::verify] center(218,164) rgba=(0,0,0,0)
[BrushEngine::stampEraser] cx=221.0 cy=164.0 m_eraser=0x5f7a1ec70c58
[GradualEraser::stamp] cx=221.0 cy=164.0 r=6 total=113 skipped_zero=98 erased=15
[GradualEraser::verify] center(221,164) rgba=(0,0,0,0)
[BrushEngine::stampEraser] cx=221.0 cy=164.0 m_eraser=0x5f7a1ec70c58
[GradualEraser::stamp] cx=221.0 cy=164.0 r=6 total=113 skipped_zero=113 erased=0
[GradualEraser::verify] center(221,164) rgba=(0,0,0,0)
[CANVAS_UPDATE] recompositing (frameDirty=1 canvasDirty=0)
[CANVAS_UPDATE] sample pixel (221,164): rgba=(0,0,0,0)
[MOUSE_MOVE] drawing=true tool=1 drawing at (566.0,246.0)
[handleDrawing] tool=1 brushType=4 eraserSize=12.0 eraserOp=1.00 layer=0x5f7a2b51bd30
[BrushEngine::stampEraser] cx=221.0 cy=164.0 m_eraser=0x5f7a1ec70c58
[GradualEraser::stamp] cx=221.0 cy=164.0 r=6 total=113 skipped_zero=113 erased=0
[GradualEraser::verify] center(221,164) rgba=(0,0,0,0)
[BrushEngine::stampEraser] cx=222.0 cy=164.0 m_eraser=0x5f7a1ec70c58
[GradualEraser::stamp] cx=222.0 cy=164.0 r=6 total=113 skipped_zero=108 erased=5
[GradualEraser::verify] center(222,164) rgba=(0,0,0,0)
[BrushEngine::stampEraser] cx=222.0 cy=164.0 m_eraser=0x5f7a1ec70c58
[GradualEraser::stamp] cx=222.0 cy=164.0 r=6 total=113 skipped_zero=113 erased=0
[GradualEraser::verify] center(222,164) rgba=(0,0,0,0)
[MOUSE_MOVE] drawing=true tool=1 drawing at (566.0,247.0)
[handleDrawing] tool=1 brushType=4 eraserSize=12.0 eraserOp=1.00 layer=0x5f7a2b51bd30
[BrushEngine::stampEraser] cx=222.0 cy=164.0 m_eraser=0x5f7a1ec70c58
[GradualEraser::stamp] cx=222.0 cy=164.0 r=6 total=113 skipped_zero=113 erased=0
[GradualEraser::verify] center(222,164) rgba=(0,0,0,0)
[BrushEngine::stampEraser] cx=222.0 cy=165.0 m_eraser=0x5f7a1ec70c58
[GradualEraser::stamp] cx=222.0 cy=165.0 r=6 total=113 skipped_zero=104 erased=9
[GradualEraser::verify] center(222,165) rgba=(0,0,0,0)
[BrushEngine::stampEraser] cx=222.0 cy=165.0 m_eraser=0x5f7a1ec70c58
[GradualEraser::stamp] cx=222.0 cy=165.0 r=6 total=113 skipped_zero=113 erased=0
[GradualEraser::verify] center(222,165) rgba=(0,0,0,0)
[MOUSE_MOVE] drawing=true tool=1 drawing at (569.0,247.0)
[handleDrawing] tool=1 brushType=4 eraserSize=12.0 eraserOp=1.00 layer=0x5f7a2b51bd30
[BrushEngine::stampEraser] cx=222.0 cy=165.0 m_eraser=0x5f7a1ec70c58
[GradualEraser::stamp] cx=222.0 cy=165.0 r=6 total=113 skipped_zero=113 erased=0
[GradualEraser::verify] center(222,165) rgba=(0,0,0,0)
[BrushEngine::stampEraser] cx=225.0 cy=165.0 m_eraser=0x5f7a1ec70c58
[GradualEraser::stamp] cx=225.0 cy=165.0 r=6 total=113 skipped_zero=96 erased=17
[GradualEraser::verify] center(225,165) rgba=(0,0,0,0)
[BrushEngine::stampEraser] cx=225.0 cy=165.0 m_eraser=0x5f7a1ec70c58
[GradualEraser::stamp] cx=225.0 cy=165.0 r=6 total=113 skipped_zero=113 erased=0
[GradualEraser::verify] center(225,165) rgba=(0,0,0,0)
[MOUSE_MOVE] drawing=true tool=1 drawing at (570.0,247.0)
[handleDrawing] tool=1 brushType=4 eraserSize=12.0 eraserOp=1.00 layer=0x5f7a2b51bd30
[BrushEngine::stampEraser] cx=225.0 cy=165.0 m_eraser=0x5f7a1ec70c58
[GradualEraser::stamp] cx=225.0 cy=165.0 r=6 total=113 skipped_zero=113 erased=0
[GradualEraser::verify] center(225,165) rgba=(0,0,0,0)
[BrushEngine::stampEraser] cx=226.0 cy=165.0 m_eraser=0x5f7a1ec70c58
[GradualEraser::stamp] cx=226.0 cy=165.0 r=6 total=113 skipped_zero=107 erased=6
[GradualEraser::verify] center(226,165) rgba=(0,0,0,0)
[BrushEngine::stampEraser] cx=226.0 cy=165.0 m_eraser=0x5f7a1ec70c58
[GradualEraser::stamp] cx=226.0 cy=165.0 r=6 total=113 skipped_zero=113 erased=0
[GradualEraser::verify] center(226,165) rgba=(0,0,0,0)
[MOUSE_MOVE] drawing=true tool=1 drawing at (571.0,247.0)
[handleDrawing] tool=1 brushType=4 eraserSize=12.0 eraserOp=1.00 layer=0x5f7a2b51bd30
[BrushEngine::stampEraser] cx=226.0 cy=165.0 m_eraser=0x5f7a1ec70c58
[GradualEraser::stamp] cx=226.0 cy=165.0 r=6 total=113 skipped_zero=113 erased=0
[GradualEraser::verify] center(226,165) rgba=(0,0,0,0)
[BrushEngine::stampEraser] cx=227.0 cy=165.0 m_eraser=0x5f7a1ec70c58
[GradualEraser::stamp] cx=227.0 cy=165.0 r=6 total=113 skipped_zero=106 erased=7
[GradualEraser::verify] center(227,165) rgba=(0,0,0,0)
[BrushEngine::stampEraser] cx=227.0 cy=165.0 m_eraser=0x5f7a1ec70c58
[GradualEraser::stamp] cx=227.0 cy=165.0 r=6 total=113 skipped_zero=113 erased=0
[GradualEraser::verify] center(227,165) rgba=(0,0,0,0)
[MOUSE_MOVE] drawing=true tool=1 drawing at (574.0,247.0)
[handleDrawing] tool=1 brushType=4 eraserSize=12.0 eraserOp=1.00 layer=0x5f7a2b51bd30
[BrushEngine::stampEraser] cx=227.0 cy=165.0 m_eraser=0x5f7a1ec70c58
[GradualEraser::stamp] cx=227.0 cy=165.0 r=6 total=113 skipped_zero=113 erased=0
[GradualEraser::verify] center(227,165) rgba=(0,0,0,0)
[BrushEngine::stampEraser] cx=230.0 cy=165.0 m_eraser=0x5f7a1ec70c58
[GradualEraser::stamp] cx=230.0 cy=165.0 r=6 total=113 skipped_zero=96 erased=17
[GradualEraser::verify] center(230,165) rgba=(0,0,0,0)
[BrushEngine::stampEraser] cx=230.0 cy=165.0 m_eraser=0x5f7a1ec70c58
[GradualEraser::stamp] cx=230.0 cy=165.0 r=6 total=113 skipped_zero=113 erased=0
[GradualEraser::verify] center(230,165) rgba=(0,0,0,0)
[MOUSE_MOVE] drawing=true tool=1 drawing at (576.0,247.0)
[handleDrawing] tool=1 brushType=4 eraserSize=12.0 eraserOp=1.00 layer=0x5f7a2b51bd30
[BrushEngine::stampEraser] cx=230.0 cy=165.0 m_eraser=0x5f7a1ec70c58
[GradualEraser::stamp] cx=230.0 cy=165.0 r=6 total=113 skipped_zero=113 erased=0
[GradualEraser::verify] center(230,165) rgba=(0,0,0,0)
[BrushEngine::stampEraser] cx=232.0 cy=165.0 m_eraser=0x5f7a1ec70c58
[GradualEraser::stamp] cx=232.0 cy=165.0 r=6 total=113 skipped_zero=100 erased=13
[GradualEraser::verify] center(232,165) rgba=(0,0,0,0)
[BrushEngine::stampEraser] cx=232.0 cy=165.0 m_eraser=0x5f7a1ec70c58
[GradualEraser::stamp] cx=232.0 cy=165.0 r=6 total=113 skipped_zero=113 erased=0
[GradualEraser::verify] center(232,165) rgba=(0,0,0,0)
[MOUSE_MOVE] drawing=true tool=1 drawing at (578.0,247.0)
[handleDrawing] tool=1 brushType=4 eraserSize=12.0 eraserOp=1.00 layer=0x5f7a2b51bd30
[BrushEngine::stampEraser] cx=232.0 cy=165.0 m_eraser=0x5f7a1ec70c58
[GradualEraser::stamp] cx=232.0 cy=165.0 r=6 total=113 skipped_zero=113 erased=0
[GradualEraser::verify] center(232,165) rgba=(0,0,0,0)
[BrushEngine::stampEraser] cx=234.0 cy=165.0 m_eraser=0x5f7a1ec70c58
[GradualEraser::stamp] cx=234.0 cy=165.0 r=6 total=113 skipped_zero=98 erased=15
[GradualEraser::verify] center(234,165) rgba=(0,0,0,0)
[BrushEngine::stampEraser] cx=234.0 cy=165.0 m_eraser=0x5f7a1ec70c58
[GradualEraser::stamp] cx=234.0 cy=165.0 r=6 total=113 skipped_zero=113 erased=0
[GradualEraser::verify] center(234,165) rgba=(0,0,0,0)
[CANVAS_UPDATE] recompositing (frameDirty=1 canvasDirty=0)
[CANVAS_UPDATE] sample pixel (234,165): rgba=(0,0,0,0)
[MOUSE_MOVE] drawing=true tool=1 drawing at (579.0,247.0)
[handleDrawing] tool=1 brushType=4 eraserSize=12.0 eraserOp=1.00 layer=0x5f7a2b51bd30
[BrushEngine::stampEraser] cx=234.0 cy=165.0 m_eraser=0x5f7a1ec70c58
[GradualEraser::stamp] cx=234.0 cy=165.0 r=6 total=113 skipped_zero=113 erased=0
[GradualEraser::verify] center(234,165) rgba=(0,0,0,0)
[BrushEngine::stampEraser] cx=235.0 cy=165.0 m_eraser=0x5f7a1ec70c58
[GradualEraser::stamp] cx=235.0 cy=165.0 r=6 total=113 skipped_zero=105 erased=8
[GradualEraser::verify] center(235,165) rgba=(0,0,0,0)
[BrushEngine::stampEraser] cx=235.0 cy=165.0 m_eraser=0x5f7a1ec70c58
[GradualEraser::stamp] cx=235.0 cy=165.0 r=6 total=113 skipped_zero=113 erased=0
[GradualEraser::verify] center(235,165) rgba=(0,0,0,0)
[MOUSE_MOVE] drawing=true tool=1 drawing at (581.0,247.0)
[handleDrawing] tool=1 brushType=4 eraserSize=12.0 eraserOp=1.00 layer=0x5f7a2b51bd30
[BrushEngine::stampEraser] cx=235.0 cy=165.0 m_eraser=0x5f7a1ec70c58
[GradualEraser::stamp] cx=235.0 cy=165.0 r=6 total=113 skipped_zero=113 erased=0
[GradualEraser::verify] center(235,165) rgba=(0,0,0,0)
[BrushEngine::stampEraser] cx=237.0 cy=165.0 m_eraser=0x5f7a1ec70c58
[GradualEraser::stamp] cx=237.0 cy=165.0 r=6 total=113 skipped_zero=97 erased=16
[GradualEraser::verify] center(237,165) rgba=(0,0,0,0)
[BrushEngine::stampEraser] cx=237.0 cy=165.0 m_eraser=0x5f7a1ec70c58
[GradualEraser::stamp] cx=237.0 cy=165.0 r=6 total=113 skipped_zero=113 erased=0
[GradualEraser::verify] center(237,165) rgba=(0,0,0,0)
[MOUSE_MOVE] drawing=true tool=1 drawing at (582.0,247.0)
[handleDrawing] tool=1 brushType=4 eraserSize=12.0 eraserOp=1.00 layer=0x5f7a2b51bd30
[BrushEngine::stampEraser] cx=237.0 cy=165.0 m_eraser=0x5f7a1ec70c58
[GradualEraser::stamp] cx=237.0 cy=165.0 r=6 total=113 skipped_zero=113 erased=0
[GradualEraser::verify] center(237,165) rgba=(0,0,0,0)
[BrushEngine::stampEraser] cx=238.0 cy=165.0 m_eraser=0x5f7a1ec70c58
[GradualEraser::stamp] cx=238.0 cy=165.0 r=6 total=113 skipped_zero=104 erased=9
[GradualEraser::verify] center(238,165) rgba=(0,0,0,0)
[BrushEngine::stampEraser] cx=238.0 cy=165.0 m_eraser=0x5f7a1ec70c58
[GradualEraser::stamp] cx=238.0 cy=165.0 r=6 total=113 skipped_zero=113 erased=0
[GradualEraser::verify] center(238,165) rgba=(0,0,0,0)
[MOUSE_MOVE] drawing=true tool=1 drawing at (583.0,247.0)
[handleDrawing] tool=1 brushType=4 eraserSize=12.0 eraserOp=1.00 layer=0x5f7a2b51bd30
[BrushEngine::stampEraser] cx=238.0 cy=165.0 m_eraser=0x5f7a1ec70c58
[GradualEraser::stamp] cx=238.0 cy=165.0 r=6 total=113 skipped_zero=113 erased=0
[GradualEraser::verify] center(238,165) rgba=(0,0,0,0)
[BrushEngine::stampEraser] cx=239.0 cy=165.0 m_eraser=0x5f7a1ec70c58
[GradualEraser::stamp] cx=239.0 cy=165.0 r=6 total=113 skipped_zero=105 erased=8
[GradualEraser::verify] center(239,165) rgba=(0,0,0,0)
[BrushEngine::stampEraser] cx=239.0 cy=165.0 m_eraser=0x5f7a1ec70c58
[GradualEraser::stamp] cx=239.0 cy=165.0 r=6 total=113 skipped_zero=113 erased=0
[GradualEraser::verify] center(239,165) rgba=(0,0,0,0)
[MOUSE_MOVE] drawing=true tool=1 drawing at (585.0,247.0)
[handleDrawing] tool=1 brushType=4 eraserSize=12.0 eraserOp=1.00 layer=0x5f7a2b51bd30
[BrushEngine::stampEraser] cx=239.0 cy=165.0 m_eraser=0x5f7a1ec70c58
[GradualEraser::stamp] cx=239.0 cy=165.0 r=6 total=113 skipped_zero=113 erased=0
[GradualEraser::verify] center(239,165) rgba=(0,0,0,0)
[BrushEngine::stampEraser] cx=241.0 cy=165.0 m_eraser=0x5f7a1ec70c58
[GradualEraser::stamp] cx=241.0 cy=165.0 r=6 total=113 skipped_zero=97 erased=16
[GradualEraser::verify] center(241,165) rgba=(0,0,0,0)
[BrushEngine::stampEraser] cx=241.0 cy=165.0 m_eraser=0x5f7a1ec70c58
[GradualEraser::stamp] cx=241.0 cy=165.0 r=6 total=113 skipped_zero=113 erased=0
[GradualEraser::verify] center(241,165) rgba=(0,0,0,0)
[MOUSE_MOVE] drawing=true tool=1 drawing at (587.0,247.0)
[handleDrawing] tool=1 brushType=4 eraserSize=12.0 eraserOp=1.00 layer=0x5f7a2b51bd30
[BrushEngine::stampEraser] cx=241.0 cy=165.0 m_eraser=0x5f7a1ec70c58
[GradualEraser::stamp] cx=241.0 cy=165.0 r=6 total=113 skipped_zero=113 erased=0
[GradualEraser::verify] center(241,165) rgba=(0,0,0,0)
[BrushEngine::stampEraser] cx=243.0 cy=165.0 m_eraser=0x5f7a1ec70c58
[GradualEraser::stamp] cx=243.0 cy=165.0 r=6 total=113 skipped_zero=97 erased=16
[GradualEraser::verify] center(243,165) rgba=(0,0,0,0)
[BrushEngine::stampEraser] cx=243.0 cy=165.0 m_eraser=0x5f7a1ec70c58
[GradualEraser::stamp] cx=243.0 cy=165.0 r=6 total=113 skipped_zero=113 erased=0
[GradualEraser::verify] center(243,165) rgba=(0,0,0,0)
[MOUSE_MOVE] drawing=true tool=1 drawing at (588.0,247.0)
[handleDrawing] tool=1 brushType=4 eraserSize=12.0 eraserOp=1.00 layer=0x5f7a2b51bd30
[BrushEngine::stampEraser] cx=243.0 cy=165.0 m_eraser=0x5f7a1ec70c58
[GradualEraser::stamp] cx=243.0 cy=165.0 r=6 total=113 skipped_zero=113 erased=0
[GradualEraser::verify] center(243,165) rgba=(0,0,0,0)
[BrushEngine::stampEraser] cx=244.0 cy=165.0 m_eraser=0x5f7a1ec70c58
[GradualEraser::stamp] cx=244.0 cy=165.0 r=6 total=113 skipped_zero=105 erased=8
[GradualEraser::verify] center(244,165) rgba=(0,0,0,0)
[BrushEngine::stampEraser] cx=244.0 cy=165.0 m_eraser=0x5f7a1ec70c58
[GradualEraser::stamp] cx=244.0 cy=165.0 r=6 total=113 skipped_zero=113 erased=0
[GradualEraser::verify] center(244,165) rgba=(0,0,0,0)
[CANVAS_UPDATE] recompositing (frameDirty=1 canvasDirty=0)
[CANVAS_UPDATE] sample pixel (244,165): rgba=(255,101,50,255)
[MOUSE_MOVE] drawing=true tool=1 drawing at (589.0,247.0)
[handleDrawing] tool=1 brushType=4 eraserSize=12.0 eraserOp=1.00 layer=0x5f7a2b51bd30
[BrushEngine::stampEraser] cx=244.0 cy=165.0 m_eraser=0x5f7a1ec70c58
[GradualEraser::stamp] cx=244.0 cy=165.0 r=6 total=113 skipped_zero=113 erased=0
[GradualEraser::verify] center(244,165) rgba=(0,0,0,0)
[BrushEngine::stampEraser] cx=245.0 cy=165.0 m_eraser=0x5f7a1ec70c58
[GradualEraser::stamp] cx=245.0 cy=165.0 r=6 total=113 skipped_zero=105 erased=8
[GradualEraser::verify] center(245,165) rgba=(0,0,0,0)
[BrushEngine::stampEraser] cx=245.0 cy=165.0 m_eraser=0x5f7a1ec70c58
[GradualEraser::stamp] cx=245.0 cy=165.0 r=6 total=113 skipped_zero=113 erased=0
[GradualEraser::verify] center(245,165) rgba=(0,0,0,0)
[MOUSE_MOVE] drawing=true tool=1 drawing at (590.0,247.0)
[handleDrawing] tool=1 brushType=4 eraserSize=12.0 eraserOp=1.00 layer=0x5f7a2b51bd30
[BrushEngine::stampEraser] cx=245.0 cy=165.0 m_eraser=0x5f7a1ec70c58
[GradualEraser::stamp] cx=245.0 cy=165.0 r=6 total=113 skipped_zero=113 erased=0
[GradualEraser::verify] center(245,165) rgba=(0,0,0,0)
[BrushEngine::stampEraser] cx=246.0 cy=165.0 m_eraser=0x5f7a1ec70c58
[GradualEraser::stamp] cx=246.0 cy=165.0 r=6 total=113 skipped_zero=104 erased=9
[GradualEraser::verify] center(246,165) rgba=(0,0,0,0)
[BrushEngine::stampEraser] cx=246.0 cy=165.0 m_eraser=0x5f7a1ec70c58
[GradualEraser::stamp] cx=246.0 cy=165.0 r=6 total=113 skipped_zero=113 erased=0
[GradualEraser::verify] center(246,165) rgba=(0,0,0,0)
[MOUSE_MOVE] drawing=true tool=1 drawing at (591.0,247.0)
[handleDrawing] tool=1 brushType=4 eraserSize=12.0 eraserOp=1.00 layer=0x5f7a2b51bd30
[BrushEngine::stampEraser] cx=246.0 cy=165.0 m_eraser=0x5f7a1ec70c58
[GradualEraser::stamp] cx=246.0 cy=165.0 r=6 total=113 skipped_zero=113 erased=0
[GradualEraser::verify] center(246,165) rgba=(0,0,0,0)
[BrushEngine::stampEraser] cx=247.0 cy=165.0 m_eraser=0x5f7a1ec70c58
[GradualEraser::stamp] cx=247.0 cy=165.0 r=6 total=113 skipped_zero=105 erased=8
[GradualEraser::verify] center(247,165) rgba=(0,0,0,0)
[BrushEngine::stampEraser] cx=247.0 cy=165.0 m_eraser=0x5f7a1ec70c58
[GradualEraser::stamp] cx=247.0 cy=165.0 r=6 total=113 skipped_zero=113 erased=0
[GradualEraser::verify] center(247,165) rgba=(0,0,0,0)
[MOUSE_MOVE] drawing=true tool=1 drawing at (592.0,247.0)
[handleDrawing] tool=1 brushType=4 eraserSize=12.0 eraserOp=1.00 layer=0x5f7a2b51bd30
[BrushEngine::stampEraser] cx=247.0 cy=165.0 m_eraser=0x5f7a1ec70c58
[GradualEraser::stamp] cx=247.0 cy=165.0 r=6 total=113 skipped_zero=113 erased=0
[GradualEraser::verify] center(247,165) rgba=(0,0,0,0)
[BrushEngine::stampEraser] cx=248.0 cy=165.0 m_eraser=0x5f7a1ec70c58
[GradualEraser::stamp] cx=248.0 cy=165.0 r=6 total=113 skipped_zero=105 erased=8
[GradualEraser::verify] center(248,165) rgba=(0,0,0,0)
[BrushEngine::stampEraser] cx=248.0 cy=165.0 m_eraser=0x5f7a1ec70c58
[GradualEraser::stamp] cx=248.0 cy=165.0 r=6 total=113 skipped_zero=113 erased=0
[GradualEraser::verify] center(248,165) rgba=(0,0,0,0)
[MOUSE_MOVE] drawing=true tool=1 drawing at (595.0,247.0)
[handleDrawing] tool=1 brushType=4 eraserSize=12.0 eraserOp=1.00 layer=0x5f7a2b51bd30
[BrushEngine::stampEraser] cx=248.0 cy=165.0 m_eraser=0x5f7a1ec70c58
[GradualEraser::stamp] cx=248.0 cy=165.0 r=6 total=113 skipped_zero=113 erased=0
[GradualEraser::verify] center(248,165) rgba=(0,0,0,0)
[BrushEngine::stampEraser] cx=251.0 cy=165.0 m_eraser=0x5f7a1ec70c58
[GradualEraser::stamp] cx=251.0 cy=165.0 r=6 total=113 skipped_zero=90 erased=23
[GradualEraser::verify] center(251,165) rgba=(0,0,0,0)
[BrushEngine::stampEraser] cx=251.0 cy=165.0 m_eraser=0x5f7a1ec70c58
[GradualEraser::stamp] cx=251.0 cy=165.0 r=6 total=113 skipped_zero=113 erased=0
[GradualEraser::verify] center(251,165) rgba=(0,0,0,0)
[MOUSE_MOVE] drawing=true tool=1 drawing at (596.0,247.0)
[handleDrawing] tool=1 brushType=4 eraserSize=12.0 eraserOp=1.00 layer=0x5f7a2b51bd30
[BrushEngine::stampEraser] cx=251.0 cy=165.0 m_eraser=0x5f7a1ec70c58
[GradualEraser::stamp] cx=251.0 cy=165.0 r=6 total=113 skipped_zero=113 erased=0
[GradualEraser::verify] center(251,165) rgba=(0,0,0,0)
[BrushEngine::stampEraser] cx=252.0 cy=165.0 m_eraser=0x5f7a1ec70c58
[GradualEraser::stamp] cx=252.0 cy=165.0 r=6 total=113 skipped_zero=104 erased=9
[GradualEraser::verify] center(252,165) rgba=(0,0,0,0)
[BrushEngine::stampEraser] cx=252.0 cy=165.0 m_eraser=0x5f7a1ec70c58
[GradualEraser::stamp] cx=252.0 cy=165.0 r=6 total=113 skipped_zero=113 erased=0
[GradualEraser::verify] center(252,165) rgba=(0,0,0,0)
[MOUSE_MOVE] drawing=true tool=1 drawing at (599.0,247.0)
[handleDrawing] tool=1 brushType=4 eraserSize=12.0 eraserOp=1.00 layer=0x5f7a2b51bd30
[BrushEngine::stampEraser] cx=252.0 cy=165.0 m_eraser=0x5f7a1ec70c58
[GradualEraser::stamp] cx=252.0 cy=165.0 r=6 total=113 skipped_zero=113 erased=0
[GradualEraser::verify] center(252,165) rgba=(0,0,0,0)
[BrushEngine::stampEraser] cx=255.0 cy=165.0 m_eraser=0x5f7a1ec70c58
[GradualEraser::stamp] cx=255.0 cy=165.0 r=6 total=113 skipped_zero=90 erased=23
[GradualEraser::verify] center(255,165) rgba=(0,0,0,0)
[BrushEngine::stampEraser] cx=255.0 cy=165.0 m_eraser=0x5f7a1ec70c58
[GradualEraser::stamp] cx=255.0 cy=165.0 r=6 total=113 skipped_zero=113 erased=0
[GradualEraser::verify] center(255,165) rgba=(0,0,0,0)
[CANVAS_UPDATE] recompositing (frameDirty=1 canvasDirty=0)
[CANVAS_UPDATE] sample pixel (255,165): rgba=(255,101,50,255)
[MOUSE_MOVE] drawing=true tool=1 drawing at (600.0,247.0)
[handleDrawing] tool=1 brushType=4 eraserSize=12.0 eraserOp=1.00 layer=0x5f7a2b51bd30
[BrushEngine::stampEraser] cx=255.0 cy=165.0 m_eraser=0x5f7a1ec70c58
[GradualEraser::stamp] cx=255.0 cy=165.0 r=6 total=113 skipped_zero=113 erased=0
[GradualEraser::verify] center(255,165) rgba=(0,0,0,0)
[BrushEngine::stampEraser] cx=256.0 cy=165.0 m_eraser=0x5f7a1ec70c58
[GradualEraser::stamp] cx=256.0 cy=165.0 r=6 total=113 skipped_zero=104 erased=9
[GradualEraser::verify] center(256,165) rgba=(0,0,0,0)
[BrushEngine::stampEraser] cx=256.0 cy=165.0 m_eraser=0x5f7a1ec70c58
[GradualEraser::stamp] cx=256.0 cy=165.0 r=6 total=113 skipped_zero=113 erased=0
[GradualEraser::verify] center(256,165) rgba=(0,0,0,0)
[MOUSE_MOVE] drawing=true tool=1 drawing at (601.0,247.0)
[handleDrawing] tool=1 brushType=4 eraserSize=12.0 eraserOp=1.00 layer=0x5f7a2b51bd30
[BrushEngine::stampEraser] cx=256.0 cy=165.0 m_eraser=0x5f7a1ec70c58
[GradualEraser::stamp] cx=256.0 cy=165.0 r=6 total=113 skipped_zero=113 erased=0
[GradualEraser::verify] center(256,165) rgba=(0,0,0,0)
[BrushEngine::stampEraser] cx=257.0 cy=165.0 m_eraser=0x5f7a1ec70c58
[GradualEraser::stamp] cx=257.0 cy=165.0 r=6 total=113 skipped_zero=105 erased=8
[GradualEraser::verify] center(257,165) rgba=(0,0,0,0)
[BrushEngine::stampEraser] cx=257.0 cy=165.0 m_eraser=0x5f7a1ec70c58
[GradualEraser::stamp] cx=257.0 cy=165.0 r=6 total=113 skipped_zero=113 erased=0
[GradualEraser::verify] center(257,165) rgba=(0,0,0,0)
[MOUSE_MOVE] drawing=true tool=1 drawing at (602.0,247.0)
[handleDrawing] tool=1 brushType=4 eraserSize=12.0 eraserOp=1.00 layer=0x5f7a2b51bd30
[BrushEngine::stampEraser] cx=257.0 cy=165.0 m_eraser=0x5f7a1ec70c58
[GradualEraser::stamp] cx=257.0 cy=165.0 r=6 total=113 skipped_zero=113 erased=0
[GradualEraser::verify] center(257,165) rgba=(0,0,0,0)
[BrushEngine::stampEraser] cx=258.0 cy=165.0 m_eraser=0x5f7a1ec70c58
[GradualEraser::stamp] cx=258.0 cy=165.0 r=6 total=113 skipped_zero=105 erased=8
[GradualEraser::verify] center(258,165) rgba=(0,0,0,0)
[BrushEngine::stampEraser] cx=258.0 cy=165.0 m_eraser=0x5f7a1ec70c58
[GradualEraser::stamp] cx=258.0 cy=165.0 r=6 total=113 skipped_zero=113 erased=0
[GradualEraser::verify] center(258,165) rgba=(0,0,0,0)
[MOUSE_MOVE] drawing=true tool=1 drawing at (603.0,247.0)
[handleDrawing] tool=1 brushType=4 eraserSize=12.0 eraserOp=1.00 layer=0x5f7a2b51bd30
[BrushEngine::stampEraser] cx=258.0 cy=165.0 m_eraser=0x5f7a1ec70c58
[GradualEraser::stamp] cx=258.0 cy=165.0 r=6 total=113 skipped_zero=113 erased=0
[GradualEraser::verify] center(258,165) rgba=(0,0,0,0)
[BrushEngine::stampEraser] cx=259.0 cy=165.0 m_eraser=0x5f7a1ec70c58
[GradualEraser::stamp] cx=259.0 cy=165.0 r=6 total=113 skipped_zero=104 erased=9
[GradualEraser::verify] center(259,165) rgba=(0,0,0,0)
[BrushEngine::stampEraser] cx=259.0 cy=165.0 m_eraser=0x5f7a1ec70c58
[GradualEraser::stamp] cx=259.0 cy=165.0 r=6 total=113 skipped_zero=113 erased=0
[GradualEraser::verify] center(259,165) rgba=(0,0,0,0)
[MOUSE_MOVE] drawing=true tool=1 drawing at (604.0,247.0)
[handleDrawing] tool=1 brushType=4 eraserSize=12.0 eraserOp=1.00 layer=0x5f7a2b51bd30
[BrushEngine::stampEraser] cx=259.0 cy=165.0 m_eraser=0x5f7a1ec70c58
[GradualEraser::stamp] cx=259.0 cy=165.0 r=6 total=113 skipped_zero=113 erased=0
[GradualEraser::verify] center(259,165) rgba=(0,0,0,0)
[BrushEngine::stampEraser] cx=260.0 cy=165.0 m_eraser=0x5f7a1ec70c58
[GradualEraser::stamp] cx=260.0 cy=165.0 r=6 total=113 skipped_zero=104 erased=9
[GradualEraser::verify] center(260,165) rgba=(0,0,0,0)
[BrushEngine::stampEraser] cx=260.0 cy=165.0 m_eraser=0x5f7a1ec70c58
[GradualEraser::stamp] cx=260.0 cy=165.0 r=6 total=113 skipped_zero=113 erased=0
[GradualEraser::verify] center(260,165) rgba=(0,0,0,0)
[MOUSE_MOVE] drawing=true tool=1 drawing at (605.0,247.0)
[handleDrawing] tool=1 brushType=4 eraserSize=12.0 eraserOp=1.00 layer=0x5f7a2b51bd30
[BrushEngine::stampEraser] cx=260.0 cy=165.0 m_eraser=0x5f7a1ec70c58
[GradualEraser::stamp] cx=260.0 cy=165.0 r=6 total=113 skipped_zero=113 erased=0
[GradualEraser::verify] center(260,165) rgba=(0,0,0,0)
[BrushEngine::stampEraser] cx=261.0 cy=165.0 m_eraser=0x5f7a1ec70c58
[GradualEraser::stamp] cx=261.0 cy=165.0 r=6 total=113 skipped_zero=105 erased=8
[GradualEraser::verify] center(261,165) rgba=(0,0,0,0)
[BrushEngine::stampEraser] cx=261.0 cy=165.0 m_eraser=0x5f7a1ec70c58
[GradualEraser::stamp] cx=261.0 cy=165.0 r=6 total=113 skipped_zero=113 erased=0
[GradualEraser::verify] center(261,165) rgba=(0,0,0,0)
[CANVAS_UPDATE] recompositing (frameDirty=1 canvasDirty=0)
[CANVAS_UPDATE] sample pixel (261,165): rgba=(255,101,50,255)
[MOUSE_MOVE] drawing=true tool=1 drawing at (606.0,247.0)
[handleDrawing] tool=1 brushType=4 eraserSize=12.0 eraserOp=1.00 layer=0x5f7a2b51bd30
[BrushEngine::stampEraser] cx=261.0 cy=165.0 m_eraser=0x5f7a1ec70c58
[GradualEraser::stamp] cx=261.0 cy=165.0 r=6 total=113 skipped_zero=113 erased=0
[GradualEraser::verify] center(261,165) rgba=(0,0,0,0)
[BrushEngine::stampEraser] cx=262.0 cy=165.0 m_eraser=0x5f7a1ec70c58
[GradualEraser::stamp] cx=262.0 cy=165.0 r=6 total=113 skipped_zero=105 erased=8
[GradualEraser::verify] center(262,165) rgba=(0,0,0,0)
[BrushEngine::stampEraser] cx=262.0 cy=165.0 m_eraser=0x5f7a1ec70c58
[GradualEraser::stamp] cx=262.0 cy=165.0 r=6 total=113 skipped_zero=113 erased=0
[GradualEraser::verify] center(262,165) rgba=(0,0,0,0)
[MOUSE_MOVE] drawing=true tool=1 drawing at (607.0,247.0)
[handleDrawing] tool=1 brushType=4 eraserSize=12.0 eraserOp=1.00 layer=0x5f7a2b51bd30
[BrushEngine::stampEraser] cx=262.0 cy=165.0 m_eraser=0x5f7a1ec70c58
[GradualEraser::stamp] cx=262.0 cy=165.0 r=6 total=113 skipped_zero=113 erased=0
[GradualEraser::verify] center(262,165) rgba=(0,0,0,0)
[BrushEngine::stampEraser] cx=263.0 cy=165.0 m_eraser=0x5f7a1ec70c58
[GradualEraser::stamp] cx=263.0 cy=165.0 r=6 total=113 skipped_zero=104 erased=9
[GradualEraser::verify] center(263,165) rgba=(0,0,0,0)
[BrushEngine::stampEraser] cx=263.0 cy=165.0 m_eraser=0x5f7a1ec70c58
[GradualEraser::stamp] cx=263.0 cy=165.0 r=6 total=113 skipped_zero=113 erased=0
[GradualEraser::verify] center(263,165) rgba=(0,0,0,0)
[CANVAS_UPDATE] recompositing (frameDirty=1 canvasDirty=0)
[CANVAS_UPDATE] sample pixel (263,165): rgba=(255,101,50,255)
[MOUSE_MOVE] drawing=true tool=1 drawing at (608.0,247.0)
[handleDrawing] tool=1 brushType=4 eraserSize=12.0 eraserOp=1.00 layer=0x5f7a2b51bd30
[BrushEngine::stampEraser] cx=263.0 cy=165.0 m_eraser=0x5f7a1ec70c58
[GradualEraser::stamp] cx=263.0 cy=165.0 r=6 total=113 skipped_zero=113 erased=0
[GradualEraser::verify] center(263,165) rgba=(0,0,0,0)
[BrushEngine::stampEraser] cx=264.0 cy=165.0 m_eraser=0x5f7a1ec70c58
[GradualEraser::stamp] cx=264.0 cy=165.0 r=6 total=113 skipped_zero=105 erased=8
[GradualEraser::verify] center(264,165) rgba=(0,0,0,0)
[BrushEngine::stampEraser] cx=264.0 cy=165.0 m_eraser=0x5f7a1ec70c58
[GradualEraser::stamp] cx=264.0 cy=165.0 r=6 total=113 skipped_zero=113 erased=0
[GradualEraser::verify] center(264,165) rgba=(0,0,0,0)
[MOUSE_MOVE] drawing=true tool=1 drawing at (609.0,247.0)
[handleDrawing] tool=1 brushType=4 eraserSize=12.0 eraserOp=1.00 layer=0x5f7a2b51bd30
[BrushEngine::stampEraser] cx=264.0 cy=165.0 m_eraser=0x5f7a1ec70c58
[GradualEraser::stamp] cx=264.0 cy=165.0 r=6 total=113 skipped_zero=113 erased=0
[GradualEraser::verify] center(264,165) rgba=(0,0,0,0)
[BrushEngine::stampEraser] cx=265.0 cy=165.0 m_eraser=0x5f7a1ec70c58
[GradualEraser::stamp] cx=265.0 cy=165.0 r=6 total=113 skipped_zero=105 erased=8
[GradualEraser::verify] center(265,165) rgba=(0,0,0,0)
[BrushEngine::stampEraser] cx=265.0 cy=165.0 m_eraser=0x5f7a1ec70c58
[GradualEraser::stamp] cx=265.0 cy=165.0 r=6 total=113 skipped_zero=113 erased=0
[GradualEraser::verify] center(265,165) rgba=(0,0,0,0)
[MOUSE_MOVE] drawing=true tool=1 drawing at (610.0,247.0)
[handleDrawing] tool=1 brushType=4 eraserSize=12.0 eraserOp=1.00 layer=0x5f7a2b51bd30
[BrushEngine::stampEraser] cx=265.0 cy=165.0 m_eraser=0x5f7a1ec70c58
[GradualEraser::stamp] cx=265.0 cy=165.0 r=6 total=113 skipped_zero=113 erased=0
[GradualEraser::verify] center(265,165) rgba=(0,0,0,0)
[BrushEngine::stampEraser] cx=266.0 cy=165.0 m_eraser=0x5f7a1ec70c58
[GradualEraser::stamp] cx=266.0 cy=165.0 r=6 total=113 skipped_zero=104 erased=9
[GradualEraser::verify] center(266,165) rgba=(0,0,0,0)
[BrushEngine::stampEraser] cx=266.0 cy=165.0 m_eraser=0x5f7a1ec70c58
[GradualEraser::stamp] cx=266.0 cy=165.0 r=6 total=113 skipped_zero=113 erased=0
[GradualEraser::verify] center(266,165) rgba=(0,0,0,0)
[CANVAS_UPDATE] recompositing (frameDirty=1 canvasDirty=0)
[CANVAS_UPDATE] sample pixel (266,165): rgba=(255,101,50,255)
[MOUSE_MOVE] drawing=true tool=1 drawing at (611.0,247.0)
[handleDrawing] tool=1 brushType=4 eraserSize=12.0 eraserOp=1.00 layer=0x5f7a2b51bd30
[BrushEngine::stampEraser] cx=266.0 cy=165.0 m_eraser=0x5f7a1ec70c58
[GradualEraser::stamp] cx=266.0 cy=165.0 r=6 total=113 skipped_zero=113 erased=0
[GradualEraser::verify] center(266,165) rgba=(0,0,0,0)
[BrushEngine::stampEraser] cx=267.0 cy=165.0 m_eraser=0x5f7a1ec70c58
[GradualEraser::stamp] cx=267.0 cy=165.0 r=6 total=113 skipped_zero=104 erased=9
[GradualEraser::verify] center(267,165) rgba=(0,0,0,0)
[BrushEngine::stampEraser] cx=267.0 cy=165.0 m_eraser=0x5f7a1ec70c58
[GradualEraser::stamp] cx=267.0 cy=165.0 r=6 total=113 skipped_zero=113 erased=0
[GradualEraser::verify] center(267,165) rgba=(0,0,0,0)
[MOUSE_MOVE] drawing=true tool=1 drawing at (612.0,247.0)
[handleDrawing] tool=1 brushType=4 eraserSize=12.0 eraserOp=1.00 layer=0x5f7a2b51bd30
[BrushEngine::stampEraser] cx=267.0 cy=165.0 m_eraser=0x5f7a1ec70c58
[GradualEraser::stamp] cx=267.0 cy=165.0 r=6 total=113 skipped_zero=113 erased=0
[GradualEraser::verify] center(267,165) rgba=(0,0,0,0)
[BrushEngine::stampEraser] cx=268.0 cy=165.0 m_eraser=0x5f7a1ec70c58
[GradualEraser::stamp] cx=268.0 cy=165.0 r=6 total=113 skipped_zero=103 erased=10
[GradualEraser::verify] center(268,165) rgba=(0,0,0,0)
[BrushEngine::stampEraser] cx=268.0 cy=165.0 m_eraser=0x5f7a1ec70c58
[GradualEraser::stamp] cx=268.0 cy=165.0 r=6 total=113 skipped_zero=113 erased=0
[GradualEraser::verify] center(268,165) rgba=(0,0,0,0)
[MOUSE_MOVE] drawing=true tool=1 drawing at (613.0,247.0)
[handleDrawing] tool=1 brushType=4 eraserSize=12.0 eraserOp=1.00 layer=0x5f7a2b51bd30
[BrushEngine::stampEraser] cx=268.0 cy=165.0 m_eraser=0x5f7a1ec70c58
[GradualEraser::stamp] cx=268.0 cy=165.0 r=6 total=113 skipped_zero=113 erased=0
[GradualEraser::verify] center(268,165) rgba=(0,0,0,0)
[BrushEngine::stampEraser] cx=269.0 cy=165.0 m_eraser=0x5f7a1ec70c58
[GradualEraser::stamp] cx=269.0 cy=165.0 r=6 total=113 skipped_zero=103 erased=10
[GradualEraser::verify] center(269,165) rgba=(0,0,0,0)
[BrushEngine::stampEraser] cx=269.0 cy=165.0 m_eraser=0x5f7a1ec70c58
[GradualEraser::stamp] cx=269.0 cy=165.0 r=6 total=113 skipped_zero=113 erased=0
[GradualEraser::verify] center(269,165) rgba=(0,0,0,0)
[MOUSE_MOVE] drawing=true tool=1 drawing at (614.0,247.0)
[handleDrawing] tool=1 brushType=4 eraserSize=12.0 eraserOp=1.00 layer=0x5f7a2b51bd30
[BrushEngine::stampEraser] cx=269.0 cy=165.0 m_eraser=0x5f7a1ec70c58
[GradualEraser::stamp] cx=269.0 cy=165.0 r=6 total=113 skipped_zero=113 erased=0
[GradualEraser::verify] center(269,165) rgba=(0,0,0,0)
[BrushEngine::stampEraser] cx=270.0 cy=165.0 m_eraser=0x5f7a1ec70c58
[GradualEraser::stamp] cx=270.0 cy=165.0 r=6 total=113 skipped_zero=103 erased=10
[GradualEraser::verify] center(270,165) rgba=(0,0,0,0)
[BrushEngine::stampEraser] cx=270.0 cy=165.0 m_eraser=0x5f7a1ec70c58
[GradualEraser::stamp] cx=270.0 cy=165.0 r=6 total=113 skipped_zero=113 erased=0
[GradualEraser::verify] center(270,165) rgba=(0,0,0,0)
[MOUSE_MOVE] drawing=true tool=1 drawing at (615.0,247.0)
[handleDrawing] tool=1 brushType=4 eraserSize=12.0 eraserOp=1.00 layer=0x5f7a2b51bd30
[BrushEngine::stampEraser] cx=270.0 cy=165.0 m_eraser=0x5f7a1ec70c58
[GradualEraser::stamp] cx=270.0 cy=165.0 r=6 total=113 skipped_zero=113 erased=0
[GradualEraser::verify] center(270,165) rgba=(0,0,0,0)
[BrushEngine::stampEraser] cx=271.0 cy=165.0 m_eraser=0x5f7a1ec70c58
[GradualEraser::stamp] cx=271.0 cy=165.0 r=6 total=113 skipped_zero=103 erased=10
[GradualEraser::verify] center(271,165) rgba=(0,0,0,0)
[BrushEngine::stampEraser] cx=271.0 cy=165.0 m_eraser=0x5f7a1ec70c58
[GradualEraser::stamp] cx=271.0 cy=165.0 r=6 total=113 skipped_zero=113 erased=0
[GradualEraser::verify] center(271,165) rgba=(0,0,0,0)
[MOUSE_MOVE] drawing=true tool=1 drawing at (616.0,247.0)
[handleDrawing] tool=1 brushType=4 eraserSize=12.0 eraserOp=1.00 layer=0x5f7a2b51bd30
[BrushEngine::stampEraser] cx=271.0 cy=165.0 m_eraser=0x5f7a1ec70c58
[GradualEraser::stamp] cx=271.0 cy=165.0 r=6 total=113 skipped_zero=113 erased=0
[GradualEraser::verify] center(271,165) rgba=(0,0,0,0)
[BrushEngine::stampEraser] cx=272.0 cy=165.0 m_eraser=0x5f7a1ec70c58
[GradualEraser::stamp] cx=272.0 cy=165.0 r=6 total=113 skipped_zero=102 erased=11
[GradualEraser::verify] center(272,165) rgba=(0,0,0,0)
[BrushEngine::stampEraser] cx=272.0 cy=165.0 m_eraser=0x5f7a1ec70c58
[GradualEraser::stamp] cx=272.0 cy=165.0 r=6 total=113 skipped_zero=113 erased=0
[GradualEraser::verify] center(272,165) rgba=(0,0,0,0)
[MOUSE_MOVE] drawing=true tool=1 drawing at (617.0,248.0)
[handleDrawing] tool=1 brushType=4 eraserSize=12.0 eraserOp=1.00 layer=0x5f7a2b51bd30
[BrushEngine::stampEraser] cx=272.0 cy=165.0 m_eraser=0x5f7a1ec70c58
[GradualEraser::stamp] cx=272.0 cy=165.0 r=6 total=113 skipped_zero=113 erased=0
[GradualEraser::verify] center(272,165) rgba=(0,0,0,0)
[BrushEngine::stampEraser] cx=273.0 cy=166.0 m_eraser=0x5f7a1ec70c58
[GradualEraser::stamp] cx=273.0 cy=166.0 r=6 total=113 skipped_zero=98 erased=15
[GradualEraser::verify] center(273,166) rgba=(0,0,0,0)
[BrushEngine::stampEraser] cx=273.0 cy=166.0 m_eraser=0x5f7a1ec70c58
[GradualEraser::stamp] cx=273.0 cy=166.0 r=6 total=113 skipped_zero=113 erased=0
[GradualEraser::verify] center(273,166) rgba=(0,0,0,0)
[CANVAS_UPDATE] recompositing (frameDirty=1 canvasDirty=0)
[CANVAS_UPDATE] sample pixel (273,166): rgba=(255,101,50,255)
[MOUSE_MOVE] drawing=true tool=1 drawing at (619.0,248.0)
[handleDrawing] tool=1 brushType=4 eraserSize=12.0 eraserOp=1.00 layer=0x5f7a2b51bd30
[BrushEngine::stampEraser] cx=273.0 cy=166.0 m_eraser=0x5f7a1ec70c58
[GradualEraser::stamp] cx=273.0 cy=166.0 r=6 total=113 skipped_zero=113 erased=0
[GradualEraser::verify] center(273,166) rgba=(0,0,0,0)
[BrushEngine::stampEraser] cx=275.0 cy=166.0 m_eraser=0x5f7a1ec70c58
[GradualEraser::stamp] cx=275.0 cy=166.0 r=6 total=113 skipped_zero=92 erased=21
[GradualEraser::verify] center(275,166) rgba=(0,0,0,0)
[BrushEngine::stampEraser] cx=275.0 cy=166.0 m_eraser=0x5f7a1ec70c58
[GradualEraser::stamp] cx=275.0 cy=166.0 r=6 total=113 skipped_zero=113 erased=0
[GradualEraser::verify] center(275,166) rgba=(0,0,0,0)
[MOUSE_MOVE] drawing=true tool=1 drawing at (620.0,248.0)
[handleDrawing] tool=1 brushType=4 eraserSize=12.0 eraserOp=1.00 layer=0x5f7a2b51bd30
[BrushEngine::stampEraser] cx=275.0 cy=166.0 m_eraser=0x5f7a1ec70c58
[GradualEraser::stamp] cx=275.0 cy=166.0 r=6 total=113 skipped_zero=113 erased=0
[GradualEraser::verify] center(275,166) rgba=(0,0,0,0)
[BrushEngine::stampEraser] cx=276.0 cy=166.0 m_eraser=0x5f7a1ec70c58
[GradualEraser::stamp] cx=276.0 cy=166.0 r=6 total=113 skipped_zero=101 erased=12
[GradualEraser::verify] center(276,166) rgba=(0,0,0,0)
[BrushEngine::stampEraser] cx=276.0 cy=166.0 m_eraser=0x5f7a1ec70c58
[GradualEraser::stamp] cx=276.0 cy=166.0 r=6 total=113 skipped_zero=113 erased=0
[GradualEraser::verify] center(276,166) rgba=(0,0,0,0)
[MOUSE_MOVE] drawing=true tool=1 drawing at (621.0,248.0)
[handleDrawing] tool=1 brushType=4 eraserSize=12.0 eraserOp=1.00 layer=0x5f7a2b51bd30
[BrushEngine::stampEraser] cx=276.0 cy=166.0 m_eraser=0x5f7a1ec70c58
[GradualEraser::stamp] cx=276.0 cy=166.0 r=6 total=113 skipped_zero=113 erased=0
[GradualEraser::verify] center(276,166) rgba=(0,0,0,0)
[BrushEngine::stampEraser] cx=277.0 cy=166.0 m_eraser=0x5f7a1ec70c58
[GradualEraser::stamp] cx=277.0 cy=166.0 r=6 total=113 skipped_zero=101 erased=12
[GradualEraser::verify] center(277,166) rgba=(0,0,0,0)
[BrushEngine::stampEraser] cx=277.0 cy=166.0 m_eraser=0x5f7a1ec70c58
[GradualEraser::stamp] cx=277.0 cy=166.0 r=6 total=113 skipped_zero=113 erased=0
[GradualEraser::verify] center(277,166) rgba=(0,0,0,0)
[MOUSE_MOVE] drawing=true tool=1 drawing at (622.0,248.0)
[handleDrawing] tool=1 brushType=4 eraserSize=12.0 eraserOp=1.00 layer=0x5f7a2b51bd30
[BrushEngine::stampEraser] cx=277.0 cy=166.0 m_eraser=0x5f7a1ec70c58
[GradualEraser::stamp] cx=277.0 cy=166.0 r=6 total=113 skipped_zero=113 erased=0
[GradualEraser::verify] center(277,166) rgba=(0,0,0,0)
[BrushEngine::stampEraser] cx=278.0 cy=166.0 m_eraser=0x5f7a1ec70c58
[GradualEraser::stamp] cx=278.0 cy=166.0 r=6 total=113 skipped_zero=102 erased=11
[GradualEraser::verify] center(278,166) rgba=(0,0,0,0)
[BrushEngine::stampEraser] cx=278.0 cy=166.0 m_eraser=0x5f7a1ec70c58
[GradualEraser::stamp] cx=278.0 cy=166.0 r=6 total=113 skipped_zero=113 erased=0
[GradualEraser::verify] center(278,166) rgba=(0,0,0,0)
[MOUSE_MOVE] drawing=true tool=1 drawing at (623.0,248.0)
[handleDrawing] tool=1 brushType=4 eraserSize=12.0 eraserOp=1.00 layer=0x5f7a2b51bd30
[BrushEngine::stampEraser] cx=278.0 cy=166.0 m_eraser=0x5f7a1ec70c58
[GradualEraser::stamp] cx=278.0 cy=166.0 r=6 total=113 skipped_zero=113 erased=0
[GradualEraser::verify] center(278,166) rgba=(0,0,0,0)
[BrushEngine::stampEraser] cx=279.0 cy=166.0 m_eraser=0x5f7a1ec70c58
[GradualEraser::stamp] cx=279.0 cy=166.0 r=6 total=113 skipped_zero=102 erased=11
[GradualEraser::verify] center(279,166) rgba=(0,0,0,0)
[BrushEngine::stampEraser] cx=279.0 cy=166.0 m_eraser=0x5f7a1ec70c58
[GradualEraser::stamp] cx=279.0 cy=166.0 r=6 total=113 skipped_zero=113 erased=0
[GradualEraser::verify] center(279,166) rgba=(0,0,0,0)
[MOUSE_MOVE] drawing=true tool=1 drawing at (625.0,248.0)
[handleDrawing] tool=1 brushType=4 eraserSize=12.0 eraserOp=1.00 layer=0x5f7a2b51bd30
[BrushEngine::stampEraser] cx=279.0 cy=166.0 m_eraser=0x5f7a1ec70c58
[GradualEraser::stamp] cx=279.0 cy=166.0 r=6 total=113 skipped_zero=113 erased=0
[GradualEraser::verify] center(279,166) rgba=(0,0,0,0)
[BrushEngine::stampEraser] cx=281.0 cy=166.0 m_eraser=0x5f7a1ec70c58
[GradualEraser::stamp] cx=281.0 cy=166.0 r=6 total=113 skipped_zero=90 erased=23
[GradualEraser::verify] center(281,166) rgba=(0,0,0,0)
[BrushEngine::stampEraser] cx=281.0 cy=166.0 m_eraser=0x5f7a1ec70c58
[GradualEraser::stamp] cx=281.0 cy=166.0 r=6 total=113 skipped_zero=113 erased=0
[GradualEraser::verify] center(281,166) rgba=(0,0,0,0)
[MOUSE_MOVE] drawing=true tool=1 drawing at (626.0,248.0)
[handleDrawing] tool=1 brushType=4 eraserSize=12.0 eraserOp=1.00 layer=0x5f7a2b51bd30
[BrushEngine::stampEraser] cx=281.0 cy=166.0 m_eraser=0x5f7a1ec70c58
[GradualEraser::stamp] cx=281.0 cy=166.0 r=6 total=113 skipped_zero=113 erased=0
[GradualEraser::verify] center(281,166) rgba=(0,0,0,0)
[BrushEngine::stampEraser] cx=282.0 cy=166.0 m_eraser=0x5f7a1ec70c58
[GradualEraser::stamp] cx=282.0 cy=166.0 r=6 total=113 skipped_zero=102 erased=11
[GradualEraser::verify] center(282,166) rgba=(0,0,0,0)
[BrushEngine::stampEraser] cx=282.0 cy=166.0 m_eraser=0x5f7a1ec70c58
[GradualEraser::stamp] cx=282.0 cy=166.0 r=6 total=113 skipped_zero=113 erased=0
[GradualEraser::verify] center(282,166) rgba=(0,0,0,0)
[CANVAS_UPDATE] recompositing (frameDirty=1 canvasDirty=0)
[CANVAS_UPDATE] sample pixel (282,166): rgba=(255,101,50,255)
[MOUSE_MOVE] drawing=true tool=1 drawing at (627.0,248.0)
[handleDrawing] tool=1 brushType=4 eraserSize=12.0 eraserOp=1.00 layer=0x5f7a2b51bd30
[BrushEngine::stampEraser] cx=282.0 cy=166.0 m_eraser=0x5f7a1ec70c58
[GradualEraser::stamp] cx=282.0 cy=166.0 r=6 total=113 skipped_zero=113 erased=0
[GradualEraser::verify] center(282,166) rgba=(0,0,0,0)
[BrushEngine::stampEraser] cx=283.0 cy=166.0 m_eraser=0x5f7a1ec70c58
[GradualEraser::stamp] cx=283.0 cy=166.0 r=6 total=113 skipped_zero=101 erased=12
[GradualEraser::verify] center(283,166) rgba=(0,0,0,0)
[BrushEngine::stampEraser] cx=283.0 cy=166.0 m_eraser=0x5f7a1ec70c58
[GradualEraser::stamp] cx=283.0 cy=166.0 r=6 total=113 skipped_zero=113 erased=0
[GradualEraser::verify] center(283,166) rgba=(0,0,0,0)
[MOUSE_MOVE] drawing=true tool=1 drawing at (629.0,250.0)
[handleDrawing] tool=1 brushType=4 eraserSize=12.0 eraserOp=1.00 layer=0x5f7a2b51bd30
[BrushEngine::stampEraser] cx=283.0 cy=166.0 m_eraser=0x5f7a1ec70c58
[GradualEraser::stamp] cx=283.0 cy=166.0 r=6 total=113 skipped_zero=113 erased=0
[GradualEraser::verify] center(283,166) rgba=(0,0,0,0)
[BrushEngine::stampEraser] cx=285.0 cy=168.0 m_eraser=0x5f7a1ec70c58
[GradualEraser::stamp] cx=285.0 cy=168.0 r=6 total=113 skipped_zero=86 erased=27
[GradualEraser::verify] center(285,168) rgba=(0,0,0,0)
[BrushEngine::stampEraser] cx=285.0 cy=168.0 m_eraser=0x5f7a1ec70c58
[GradualEraser::stamp] cx=285.0 cy=168.0 r=6 total=113 skipped_zero=113 erased=0
[GradualEraser::verify] center(285,168) rgba=(0,0,0,0)
[MOUSE_MOVE] drawing=true tool=1 drawing at (632.0,250.0)
[handleDrawing] tool=1 brushType=4 eraserSize=12.0 eraserOp=1.00 layer=0x5f7a2b51bd30
[BrushEngine::stampEraser] cx=285.0 cy=168.0 m_eraser=0x5f7a1ec70c58
[GradualEraser::stamp] cx=285.0 cy=168.0 r=6 total=113 skipped_zero=113 erased=0
[GradualEraser::verify] center(285,168) rgba=(0,0,0,0)
[BrushEngine::stampEraser] cx=288.0 cy=168.0 m_eraser=0x5f7a1ec70c58
[GradualEraser::stamp] cx=288.0 cy=168.0 r=6 total=113 skipped_zero=83 erased=30
[GradualEraser::verify] center(288,168) rgba=(0,0,0,0)
[BrushEngine::stampEraser] cx=288.0 cy=168.0 m_eraser=0x5f7a1ec70c58
[GradualEraser::stamp] cx=288.0 cy=168.0 r=6 total=113 skipped_zero=113 erased=0
[GradualEraser::verify] center(288,168) rgba=(0,0,0,0)
[MOUSE_MOVE] drawing=true tool=1 drawing at (633.0,250.0)
[handleDrawing] tool=1 brushType=4 eraserSize=12.0 eraserOp=1.00 layer=0x5f7a2b51bd30
[BrushEngine::stampEraser] cx=288.0 cy=168.0 m_eraser=0x5f7a1ec70c58
[GradualEraser::stamp] cx=288.0 cy=168.0 r=6 total=113 skipped_zero=113 erased=0
[GradualEraser::verify] center(288,168) rgba=(0,0,0,0)
[BrushEngine::stampEraser] cx=289.0 cy=168.0 m_eraser=0x5f7a1ec70c58
[GradualEraser::stamp] cx=289.0 cy=168.0 r=6 total=113 skipped_zero=103 erased=10
[GradualEraser::verify] center(289,168) rgba=(0,0,0,0)
[BrushEngine::stampEraser] cx=289.0 cy=168.0 m_eraser=0x5f7a1ec70c58
[GradualEraser::stamp] cx=289.0 cy=168.0 r=6 total=113 skipped_zero=113 erased=0
[GradualEraser::verify] center(289,168) rgba=(0,0,0,0)
[MOUSE_MOVE] drawing=true tool=1 drawing at (634.0,250.0)
[handleDrawing] tool=1 brushType=4 eraserSize=12.0 eraserOp=1.00 layer=0x5f7a2b51bd30
[BrushEngine::stampEraser] cx=289.0 cy=168.0 m_eraser=0x5f7a1ec70c58
[GradualEraser::stamp] cx=289.0 cy=168.0 r=6 total=113 skipped_zero=113 erased=0
[GradualEraser::verify] center(289,168) rgba=(0,0,0,0)
[BrushEngine::stampEraser] cx=290.0 cy=168.0 m_eraser=0x5f7a1ec70c58
[GradualEraser::stamp] cx=290.0 cy=168.0 r=6 total=113 skipped_zero=103 erased=10
[GradualEraser::verify] center(290,168) rgba=(0,0,0,0)
[BrushEngine::stampEraser] cx=290.0 cy=168.0 m_eraser=0x5f7a1ec70c58
[GradualEraser::stamp] cx=290.0 cy=168.0 r=6 total=113 skipped_zero=113 erased=0
[GradualEraser::verify] center(290,168) rgba=(0,0,0,0)
[MOUSE_MOVE] drawing=true tool=1 drawing at (635.0,250.0)
[handleDrawing] tool=1 brushType=4 eraserSize=12.0 eraserOp=1.00 layer=0x5f7a2b51bd30
[BrushEngine::stampEraser] cx=290.0 cy=168.0 m_eraser=0x5f7a1ec70c58
[GradualEraser::stamp] cx=290.0 cy=168.0 r=6 total=113 skipped_zero=113 erased=0
[GradualEraser::verify] center(290,168) rgba=(0,0,0,0)
[BrushEngine::stampEraser] cx=291.0 cy=168.0 m_eraser=0x5f7a1ec70c58
[GradualEraser::stamp] cx=291.0 cy=168.0 r=6 total=113 skipped_zero=104 erased=9
[GradualEraser::verify] center(291,168) rgba=(0,0,0,0)
[BrushEngine::stampEraser] cx=291.0 cy=168.0 m_eraser=0x5f7a1ec70c58
[GradualEraser::stamp] cx=291.0 cy=168.0 r=6 total=113 skipped_zero=113 erased=0
[GradualEraser::verify] center(291,168) rgba=(0,0,0,0)
[MOUSE_MOVE] drawing=true tool=1 drawing at (636.0,250.0)
[handleDrawing] tool=1 brushType=4 eraserSize=12.0 eraserOp=1.00 layer=0x5f7a2b51bd30
[BrushEngine::stampEraser] cx=291.0 cy=168.0 m_eraser=0x5f7a1ec70c58
[GradualEraser::stamp] cx=291.0 cy=168.0 r=6 total=113 skipped_zero=113 erased=0
[GradualEraser::verify] center(291,168) rgba=(0,0,0,0)
[BrushEngine::stampEraser] cx=292.0 cy=168.0 m_eraser=0x5f7a1ec70c58
[GradualEraser::stamp] cx=292.0 cy=168.0 r=6 total=113 skipped_zero=104 erased=9
[GradualEraser::verify] center(292,168) rgba=(0,0,0,0)
[BrushEngine::stampEraser] cx=292.0 cy=168.0 m_eraser=0x5f7a1ec70c58
[GradualEraser::stamp] cx=292.0 cy=168.0 r=6 total=113 skipped_zero=113 erased=0
[GradualEraser::verify] center(292,168) rgba=(0,0,0,0)
[MOUSE_MOVE] drawing=true tool=1 drawing at (637.0,250.0)
[handleDrawing] tool=1 brushType=4 eraserSize=12.0 eraserOp=1.00 layer=0x5f7a2b51bd30
[BrushEngine::stampEraser] cx=292.0 cy=168.0 m_eraser=0x5f7a1ec70c58
[GradualEraser::stamp] cx=292.0 cy=168.0 r=6 total=113 skipped_zero=113 erased=0
[GradualEraser::verify] center(292,168) rgba=(0,0,0,0)
[BrushEngine::stampEraser] cx=293.0 cy=168.0 m_eraser=0x5f7a1ec70c58
[GradualEraser::stamp] cx=293.0 cy=168.0 r=6 total=113 skipped_zero=105 erased=8
[GradualEraser::verify] center(293,168) rgba=(0,0,0,0)
[BrushEngine::stampEraser] cx=293.0 cy=168.0 m_eraser=0x5f7a1ec70c58
[GradualEraser::stamp] cx=293.0 cy=168.0 r=6 total=113 skipped_zero=113 erased=0
[GradualEraser::verify] center(293,168) rgba=(0,0,0,0)
[CANVAS_UPDATE] recompositing (frameDirty=1 canvasDirty=0)
[CANVAS_UPDATE] sample pixel (293,168): rgba=(255,101,50,255)
[MOUSE_MOVE] drawing=true tool=1 drawing at (638.0,250.0)
[handleDrawing] tool=1 brushType=4 eraserSize=12.0 eraserOp=1.00 layer=0x5f7a2b51bd30
[BrushEngine::stampEraser] cx=293.0 cy=168.0 m_eraser=0x5f7a1ec70c58
[GradualEraser::stamp] cx=293.0 cy=168.0 r=6 total=113 skipped_zero=113 erased=0
[GradualEraser::verify] center(293,168) rgba=(0,0,0,0)
[BrushEngine::stampEraser] cx=294.0 cy=168.0 m_eraser=0x5f7a1ec70c58
[GradualEraser::stamp] cx=294.0 cy=168.0 r=6 total=113 skipped_zero=105 erased=8
[GradualEraser::verify] center(294,168) rgba=(0,0,0,0)
[BrushEngine::stampEraser] cx=294.0 cy=168.0 m_eraser=0x5f7a1ec70c58
[GradualEraser::stamp] cx=294.0 cy=168.0 r=6 total=113 skipped_zero=113 erased=0
[GradualEraser::verify] center(294,168) rgba=(0,0,0,0)
[MOUSE_MOVE] drawing=true tool=1 drawing at (639.0,250.0)
[handleDrawing] tool=1 brushType=4 eraserSize=12.0 eraserOp=1.00 layer=0x5f7a2b51bd30
[BrushEngine::stampEraser] cx=294.0 cy=168.0 m_eraser=0x5f7a1ec70c58
[GradualEraser::stamp] cx=294.0 cy=168.0 r=6 total=113 skipped_zero=113 erased=0
[GradualEraser::verify] center(294,168) rgba=(0,0,0,0)
[BrushEngine::stampEraser] cx=295.0 cy=168.0 m_eraser=0x5f7a1ec70c58
[GradualEraser::stamp] cx=295.0 cy=168.0 r=6 total=113 skipped_zero=104 erased=9
[GradualEraser::verify] center(295,168) rgba=(0,0,0,0)
[BrushEngine::stampEraser] cx=295.0 cy=168.0 m_eraser=0x5f7a1ec70c58
[GradualEraser::stamp] cx=295.0 cy=168.0 r=6 total=113 skipped_zero=113 erased=0
[GradualEraser::verify] center(295,168) rgba=(0,0,0,0)
[MOUSE_MOVE] drawing=true tool=1 drawing at (640.0,250.0)
[handleDrawing] tool=1 brushType=4 eraserSize=12.0 eraserOp=1.00 layer=0x5f7a2b51bd30
[BrushEngine::stampEraser] cx=295.0 cy=168.0 m_eraser=0x5f7a1ec70c58
[GradualEraser::stamp] cx=295.0 cy=168.0 r=6 total=113 skipped_zero=113 erased=0
[GradualEraser::verify] center(295,168) rgba=(0,0,0,0)
[BrushEngine::stampEraser] cx=296.0 cy=168.0 m_eraser=0x5f7a1ec70c58
[GradualEraser::stamp] cx=296.0 cy=168.0 r=6 total=113 skipped_zero=105 erased=8
[GradualEraser::verify] center(296,168) rgba=(0,0,0,0)
[BrushEngine::stampEraser] cx=296.0 cy=168.0 m_eraser=0x5f7a1ec70c58
[GradualEraser::stamp] cx=296.0 cy=168.0 r=6 total=113 skipped_zero=113 erased=0
[GradualEraser::verify] center(296,168) rgba=(0,0,0,0)
[MOUSE_MOVE] drawing=true tool=1 drawing at (641.0,250.0)
[handleDrawing] tool=1 brushType=4 eraserSize=12.0 eraserOp=1.00 layer=0x5f7a2b51bd30
[BrushEngine::stampEraser] cx=296.0 cy=168.0 m_eraser=0x5f7a1ec70c58
[GradualEraser::stamp] cx=296.0 cy=168.0 r=6 total=113 skipped_zero=113 erased=0
[GradualEraser::verify] center(296,168) rgba=(0,0,0,0)
[BrushEngine::stampEraser] cx=297.0 cy=168.0 m_eraser=0x5f7a1ec70c58
[GradualEraser::stamp] cx=297.0 cy=168.0 r=6 total=113 skipped_zero=105 erased=8
[GradualEraser::verify] center(297,168) rgba=(0,0,0,0)
[BrushEngine::stampEraser] cx=297.0 cy=168.0 m_eraser=0x5f7a1ec70c58
[GradualEraser::stamp] cx=297.0 cy=168.0 r=6 total=113 skipped_zero=113 erased=0
[GradualEraser::verify] center(297,168) rgba=(0,0,0,0)
[MOUSE_MOVE] drawing=true tool=1 drawing at (643.0,250.0)
[handleDrawing] tool=1 brushType=4 eraserSize=12.0 eraserOp=1.00 layer=0x5f7a2b51bd30
[BrushEngine::stampEraser] cx=297.0 cy=168.0 m_eraser=0x5f7a1ec70c58
[GradualEraser::stamp] cx=297.0 cy=168.0 r=6 total=113 skipped_zero=113 erased=0
[GradualEraser::verify] center(297,168) rgba=(0,0,0,0)
[BrushEngine::stampEraser] cx=299.0 cy=168.0 m_eraser=0x5f7a1ec70c58
[GradualEraser::stamp] cx=299.0 cy=168.0 r=6 total=113 skipped_zero=97 erased=16
[GradualEraser::verify] center(299,168) rgba=(0,0,0,0)
[BrushEngine::stampEraser] cx=299.0 cy=168.0 m_eraser=0x5f7a1ec70c58
[GradualEraser::stamp] cx=299.0 cy=168.0 r=6 total=113 skipped_zero=113 erased=0
[GradualEraser::verify] center(299,168) rgba=(0,0,0,0)
[CANVAS_UPDATE] recompositing (frameDirty=1 canvasDirty=0)
[CANVAS_UPDATE] sample pixel (299,168): rgba=(255,101,50,255)
[MOUSE_MOVE] drawing=true tool=1 drawing at (644.0,250.0)
[handleDrawing] tool=1 brushType=4 eraserSize=12.0 eraserOp=1.00 layer=0x5f7a2b51bd30
[BrushEngine::stampEraser] cx=299.0 cy=168.0 m_eraser=0x5f7a1ec70c58
[GradualEraser::stamp] cx=299.0 cy=168.0 r=6 total=113 skipped_zero=113 erased=0
[GradualEraser::verify] center(299,168) rgba=(0,0,0,0)
[BrushEngine::stampEraser] cx=300.0 cy=168.0 m_eraser=0x5f7a1ec70c58
[GradualEraser::stamp] cx=300.0 cy=168.0 r=6 total=113 skipped_zero=105 erased=8
[GradualEraser::verify] center(300,168) rgba=(0,0,0,0)
[BrushEngine::stampEraser] cx=300.0 cy=168.0 m_eraser=0x5f7a1ec70c58
[GradualEraser::stamp] cx=300.0 cy=168.0 r=6 total=113 skipped_zero=113 erased=0
[GradualEraser::verify] center(300,168) rgba=(0,0,0,0)
[CANVAS_UPDATE] recompositing (frameDirty=1 canvasDirty=0)
[CANVAS_UPDATE] sample pixel (300,168): rgba=(255,101,50,255)
[MOUSE_MOVE] drawing=true tool=1 drawing at (644.0,249.0)
[handleDrawing] tool=1 brushType=4 eraserSize=12.0 eraserOp=1.00 layer=0x5f7a2b51bd30
[BrushEngine::stampEraser] cx=300.0 cy=168.0 m_eraser=0x5f7a1ec70c58
[GradualEraser::stamp] cx=300.0 cy=168.0 r=6 total=113 skipped_zero=113 erased=0
[GradualEraser::verify] center(300,168) rgba=(0,0,0,0)
[BrushEngine::stampEraser] cx=300.0 cy=167.0 m_eraser=0x5f7a1ec70c58
[GradualEraser::stamp] cx=300.0 cy=167.0 r=6 total=113 skipped_zero=105 erased=8
[GradualEraser::verify] center(300,167) rgba=(0,0,0,0)
[BrushEngine::stampEraser] cx=300.0 cy=167.0 m_eraser=0x5f7a1ec70c58
[GradualEraser::stamp] cx=300.0 cy=167.0 r=6 total=113 skipped_zero=113 erased=0
[GradualEraser::verify] center(300,167) rgba=(0,0,0,0)
[CANVAS_UPDATE] recompositing (frameDirty=1 canvasDirty=0)
[CANVAS_UPDATE] sample pixel (300,167): rgba=(255,101,50,255)
[MOUSE_MOVE] drawing=true tool=1 drawing at (644.0,248.0)
[handleDrawing] tool=1 brushType=4 eraserSize=12.0 eraserOp=1.00 layer=0x5f7a2b51bd30
[BrushEngine::stampEraser] cx=300.0 cy=167.0 m_eraser=0x5f7a1ec70c58
[GradualEraser::stamp] cx=300.0 cy=167.0 r=6 total=113 skipped_zero=113 erased=0
[GradualEraser::verify] center(300,167) rgba=(0,0,0,0)
[BrushEngine::stampEraser] cx=300.0 cy=166.0 m_eraser=0x5f7a1ec70c58
[GradualEraser::stamp] cx=300.0 cy=166.0 r=6 total=113 skipped_zero=103 erased=10
[GradualEraser::verify] center(300,166) rgba=(0,0,0,0)
[BrushEngine::stampEraser] cx=300.0 cy=166.0 m_eraser=0x5f7a1ec70c58
[GradualEraser::stamp] cx=300.0 cy=166.0 r=6 total=113 skipped_zero=113 erased=0
[GradualEraser::verify] center(300,166) rgba=(0,0,0,0)
[MOUSE_MOVE] drawing=true tool=1 drawing at (643.0,248.0)
[handleDrawing] tool=1 brushType=4 eraserSize=12.0 eraserOp=1.00 layer=0x5f7a2b51bd30
[BrushEngine::stampEraser] cx=300.0 cy=166.0 m_eraser=0x5f7a1ec70c58
[GradualEraser::stamp] cx=300.0 cy=166.0 r=6 total=113 skipped_zero=113 erased=0
[GradualEraser::verify] center(300,166) rgba=(0,0,0,0)
[BrushEngine::stampEraser] cx=299.0 cy=166.0 m_eraser=0x5f7a1ec70c58
[GradualEraser::stamp] cx=299.0 cy=166.0 r=6 total=113 skipped_zero=111 erased=2
[GradualEraser::verify] center(299,166) rgba=(0,0,0,0)
[BrushEngine::stampEraser] cx=299.0 cy=166.0 m_eraser=0x5f7a1ec70c58
[GradualEraser::stamp] cx=299.0 cy=166.0 r=6 total=113 skipped_zero=113 erased=0
[GradualEraser::verify] center(299,166) rgba=(0,0,0,0)
[MOUSE_MOVE] drawing=true tool=1 drawing at (643.0,247.0)
[handleDrawing] tool=1 brushType=4 eraserSize=12.0 eraserOp=1.00 layer=0x5f7a2b51bd30
[BrushEngine::stampEraser] cx=299.0 cy=166.0 m_eraser=0x5f7a1ec70c58
[GradualEraser::stamp] cx=299.0 cy=166.0 r=6 total=113 skipped_zero=113 erased=0
[GradualEraser::verify] center(299,166) rgba=(0,0,0,0)
[BrushEngine::stampEraser] cx=299.0 cy=165.0 m_eraser=0x5f7a1ec70c58
[GradualEraser::stamp] cx=299.0 cy=165.0 r=6 total=113 skipped_zero=106 erased=7
[GradualEraser::verify] center(299,165) rgba=(0,0,0,0)
[BrushEngine::stampEraser] cx=299.0 cy=165.0 m_eraser=0x5f7a1ec70c58
[GradualEraser::stamp] cx=299.0 cy=165.0 r=6 total=113 skipped_zero=113 erased=0
[GradualEraser::verify] center(299,165) rgba=(0,0,0,0)
[CANVAS_UPDATE] recompositing (frameDirty=1 canvasDirty=0)
[CANVAS_UPDATE] sample pixel (299,165): rgba=(255,101,50,255)
[MOUSE_MOVE] drawing=true tool=1 drawing at (643.0,246.0)
[handleDrawing] tool=1 brushType=4 eraserSize=12.0 eraserOp=1.00 layer=0x5f7a2b51bd30
[BrushEngine::stampEraser] cx=299.0 cy=165.0 m_eraser=0x5f7a1ec70c58
[GradualEraser::stamp] cx=299.0 cy=165.0 r=6 total=113 skipped_zero=113 erased=0
[GradualEraser::verify] center(299,165) rgba=(0,0,0,0)
[BrushEngine::stampEraser] cx=299.0 cy=164.0 m_eraser=0x5f7a1ec70c58
[GradualEraser::stamp] cx=299.0 cy=164.0 r=6 total=113 skipped_zero=103 erased=10
[GradualEraser::verify] center(299,164) rgba=(0,0,0,0)
[BrushEngine::stampEraser] cx=299.0 cy=164.0 m_eraser=0x5f7a1ec70c58
[GradualEraser::stamp] cx=299.0 cy=164.0 r=6 total=113 skipped_zero=113 erased=0
[GradualEraser::verify] center(299,164) rgba=(0,0,0,0)
[CANVAS_UPDATE] recompositing (frameDirty=1 canvasDirty=0)
[CANVAS_UPDATE] sample pixel (299,164): rgba=(255,101,50,255)
[MOUSE_MOVE] drawing=true tool=1 drawing at (643.0,245.0)
[handleDrawing] tool=1 brushType=4 eraserSize=12.0 eraserOp=1.00 layer=0x5f7a2b51bd30
[BrushEngine::stampEraser] cx=299.0 cy=164.0 m_eraser=0x5f7a1ec70c58
[GradualEraser::stamp] cx=299.0 cy=164.0 r=6 total=113 skipped_zero=113 erased=0
[GradualEraser::verify] center(299,164) rgba=(0,0,0,0)
[BrushEngine::stampEraser] cx=299.0 cy=163.0 m_eraser=0x5f7a1ec70c58
[GradualEraser::stamp] cx=299.0 cy=163.0 r=6 total=113 skipped_zero=105 erased=8
[GradualEraser::verify] center(299,163) rgba=(0,0,0,0)
[BrushEngine::stampEraser] cx=299.0 cy=163.0 m_eraser=0x5f7a1ec70c58
[GradualEraser::stamp] cx=299.0 cy=163.0 r=6 total=113 skipped_zero=113 erased=0
[GradualEraser::verify] center(299,163) rgba=(0,0,0,0)
[CANVAS_UPDATE] recompositing (frameDirty=1 canvasDirty=0)
[CANVAS_UPDATE] sample pixel (299,163): rgba=(255,101,50,255)
[MOUSE_MOVE] drawing=true tool=1 drawing at (642.0,245.0)
[handleDrawing] tool=1 brushType=4 eraserSize=12.0 eraserOp=1.00 layer=0x5f7a2b51bd30
[BrushEngine::stampEraser] cx=299.0 cy=163.0 m_eraser=0x5f7a1ec70c58
[GradualEraser::stamp] cx=299.0 cy=163.0 r=6 total=113 skipped_zero=113 erased=0
[GradualEraser::verify] center(299,163) rgba=(0,0,0,0)
[BrushEngine::stampEraser] cx=298.0 cy=163.0 m_eraser=0x5f7a1ec70c58
[GradualEraser::stamp] cx=298.0 cy=163.0 r=6 total=113 skipped_zero=109 erased=4
[GradualEraser::verify] center(298,163) rgba=(0,0,0,0)
[BrushEngine::stampEraser] cx=298.0 cy=163.0 m_eraser=0x5f7a1ec70c58
[GradualEraser::stamp] cx=298.0 cy=163.0 r=6 total=113 skipped_zero=113 erased=0
[GradualEraser::verify] center(298,163) rgba=(0,0,0,0)
[MOUSE_MOVE] drawing=true tool=1 drawing at (642.0,244.0)
[handleDrawing] tool=1 brushType=4 eraserSize=12.0 eraserOp=1.00 layer=0x5f7a2b51bd30
[BrushEngine::stampEraser] cx=298.0 cy=163.0 m_eraser=0x5f7a1ec70c58
[GradualEraser::stamp] cx=298.0 cy=163.0 r=6 total=113 skipped_zero=113 erased=0
[GradualEraser::verify] center(298,163) rgba=(0,0,0,0)
[BrushEngine::stampEraser] cx=298.0 cy=162.0 m_eraser=0x5f7a1ec70c58
[GradualEraser::stamp] cx=298.0 cy=162.0 r=6 total=113 skipped_zero=112 erased=1
[GradualEraser::verify] center(298,162) rgba=(0,0,0,0)
[BrushEngine::stampEraser] cx=298.0 cy=162.0 m_eraser=0x5f7a1ec70c58
[GradualEraser::stamp] cx=298.0 cy=162.0 r=6 total=113 skipped_zero=113 erased=0
[GradualEraser::verify] center(298,162) rgba=(0,0,0,0)
[CANVAS_UPDATE] recompositing (frameDirty=1 canvasDirty=0)
[CANVAS_UPDATE] sample pixel (298,162): rgba=(255,101,50,255)
[MOUSE_MOVE] drawing=true tool=1 drawing at (641.0,243.0)
[handleDrawing] tool=1 brushType=4 eraserSize=12.0 eraserOp=1.00 layer=0x5f7a2b51bd30
[BrushEngine::stampEraser] cx=298.0 cy=162.0 m_eraser=0x5f7a1ec70c58
[GradualEraser::stamp] cx=298.0 cy=162.0 r=6 total=113 skipped_zero=113 erased=0
[GradualEraser::verify] center(298,162) rgba=(0,0,0,0)
[BrushEngine::stampEraser] cx=297.0 cy=161.0 m_eraser=0x5f7a1ec70c58
[GradualEraser::stamp] cx=297.0 cy=161.0 r=6 total=113 skipped_zero=109 erased=4
[GradualEraser::verify] center(297,161) rgba=(0,0,0,0)
[BrushEngine::stampEraser] cx=297.0 cy=161.0 m_eraser=0x5f7a1ec70c58
[GradualEraser::stamp] cx=297.0 cy=161.0 r=6 total=113 skipped_zero=113 erased=0
[GradualEraser::verify] center(297,161) rgba=(0,0,0,0)
[MOUSE_MOVE] drawing=true tool=1 drawing at (640.0,242.0)
[handleDrawing] tool=1 brushType=4 eraserSize=12.0 eraserOp=1.00 layer=0x5f7a2b51bd30
[BrushEngine::stampEraser] cx=297.0 cy=161.0 m_eraser=0x5f7a1ec70c58
[GradualEraser::stamp] cx=297.0 cy=161.0 r=6 total=113 skipped_zero=113 erased=0
[GradualEraser::verify] center(297,161) rgba=(0,0,0,0)
[BrushEngine::stampEraser] cx=296.0 cy=160.0 m_eraser=0x5f7a1ec70c58
[GradualEraser::stamp] cx=296.0 cy=160.0 r=6 total=113 skipped_zero=112 erased=1
[GradualEraser::verify] center(296,160) rgba=(0,0,0,0)
[BrushEngine::stampEraser] cx=296.0 cy=160.0 m_eraser=0x5f7a1ec70c58
[GradualEraser::stamp] cx=296.0 cy=160.0 r=6 total=113 skipped_zero=113 erased=0
[GradualEraser::verify] center(296,160) rgba=(0,0,0,0)
[CANVAS_UPDATE] recompositing (frameDirty=1 canvasDirty=0)
[CANVAS_UPDATE] sample pixel (296,160): rgba=(255,101,50,255)
[MOUSE_MOVE] drawing=true tool=1 drawing at (639.0,241.0)
[handleDrawing] tool=1 brushType=4 eraserSize=12.0 eraserOp=1.00 layer=0x5f7a2b51bd30
[BrushEngine::stampEraser] cx=296.0 cy=160.0 m_eraser=0x5f7a1ec70c58
[GradualEraser::stamp] cx=296.0 cy=160.0 r=6 total=113 skipped_zero=113 erased=0
[GradualEraser::verify] center(296,160) rgba=(0,0,0,0)
[BrushEngine::stampEraser] cx=295.0 cy=159.0 m_eraser=0x5f7a1ec70c58
[GradualEraser::stamp] cx=295.0 cy=159.0 r=6 total=113 skipped_zero=112 erased=1
[GradualEraser::verify] center(295,159) rgba=(0,0,0,0)
[BrushEngine::stampEraser] cx=295.0 cy=159.0 m_eraser=0x5f7a1ec70c58
[GradualEraser::stamp] cx=295.0 cy=159.0 r=6 total=113 skipped_zero=113 erased=0
[GradualEraser::verify] center(295,159) rgba=(0,0,0,0)
[MOUSE_MOVE] drawing=true tool=1 drawing at (638.0,240.0)
[handleDrawing] tool=1 brushType=4 eraserSize=12.0 eraserOp=1.00 layer=0x5f7a2b51bd30
[BrushEngine::stampEraser] cx=295.0 cy=159.0 m_eraser=0x5f7a1ec70c58
[GradualEraser::stamp] cx=295.0 cy=159.0 r=6 total=113 skipped_zero=113 erased=0
[GradualEraser::verify] center(295,159) rgba=(0,0,0,0)
[BrushEngine::stampEraser] cx=294.0 cy=158.0 m_eraser=0x5f7a1ec70c58
[GradualEraser::stamp] cx=294.0 cy=158.0 r=6 total=113 skipped_zero=111 erased=2
[GradualEraser::verify] center(294,158) rgba=(0,0,0,0)
[BrushEngine::stampEraser] cx=294.0 cy=158.0 m_eraser=0x5f7a1ec70c58
[GradualEraser::stamp] cx=294.0 cy=158.0 r=6 total=113 skipped_zero=113 erased=0
[GradualEraser::verify] center(294,158) rgba=(0,0,0,0)
[MOUSE_MOVE] drawing=true tool=1 drawing at (637.0,239.0)
[handleDrawing] tool=1 brushType=4 eraserSize=12.0 eraserOp=1.00 layer=0x5f7a2b51bd30
[BrushEngine::stampEraser] cx=294.0 cy=158.0 m_eraser=0x5f7a1ec70c58
[GradualEraser::stamp] cx=294.0 cy=158.0 r=6 total=113 skipped_zero=113 erased=0
[GradualEraser::verify] center(294,158) rgba=(0,0,0,0)
[BrushEngine::stampEraser] cx=293.0 cy=157.0 m_eraser=0x5f7a1ec70c58
[GradualEraser::stamp] cx=293.0 cy=157.0 r=6 total=113 skipped_zero=113 erased=0
[GradualEraser::verify] center(293,157) rgba=(0,0,0,0)
[BrushEngine::stampEraser] cx=293.0 cy=157.0 m_eraser=0x5f7a1ec70c58
[GradualEraser::stamp] cx=293.0 cy=157.0 r=6 total=113 skipped_zero=113 erased=0
[GradualEraser::verify] center(293,157) rgba=(0,0,0,0)
[CANVAS_UPDATE] recompositing (frameDirty=1 canvasDirty=0)
[CANVAS_UPDATE] sample pixel (293,157): rgba=(0,0,0,0)
[MOUSE_MOVE] drawing=true tool=1 drawing at (636.0,238.0)
[handleDrawing] tool=1 brushType=4 eraserSize=12.0 eraserOp=1.00 layer=0x5f7a2b51bd30
[BrushEngine::stampEraser] cx=293.0 cy=157.0 m_eraser=0x5f7a1ec70c58
[GradualEraser::stamp] cx=293.0 cy=157.0 r=6 total=113 skipped_zero=113 erased=0
[GradualEraser::verify] center(293,157) rgba=(0,0,0,0)
[BrushEngine::stampEraser] cx=292.0 cy=156.0 m_eraser=0x5f7a1ec70c58
[GradualEraser::stamp] cx=292.0 cy=156.0 r=6 total=113 skipped_zero=113 erased=0
[GradualEraser::verify] center(292,156) rgba=(0,0,0,0)
[BrushEngine::stampEraser] cx=292.0 cy=156.0 m_eraser=0x5f7a1ec70c58
[GradualEraser::stamp] cx=292.0 cy=156.0 r=6 total=113 skipped_zero=113 erased=0
[GradualEraser::verify] center(292,156) rgba=(0,0,0,0)
[CANVAS_UPDATE] recompositing (frameDirty=1 canvasDirty=0)
[CANVAS_UPDATE] sample pixel (292,156): rgba=(0,0,0,0)
[MOUSE_MOVE] drawing=true tool=1 drawing at (635.0,237.0)
[handleDrawing] tool=1 brushType=4 eraserSize=12.0 eraserOp=1.00 layer=0x5f7a2b51bd30
[BrushEngine::stampEraser] cx=292.0 cy=156.0 m_eraser=0x5f7a1ec70c58
[GradualEraser::stamp] cx=292.0 cy=156.0 r=6 total=113 skipped_zero=113 erased=0
[GradualEraser::verify] center(292,156) rgba=(0,0,0,0)
[BrushEngine::stampEraser] cx=291.0 cy=155.0 m_eraser=0x5f7a1ec70c58
[GradualEraser::stamp] cx=291.0 cy=155.0 r=6 total=113 skipped_zero=113 erased=0
[GradualEraser::verify] center(291,155) rgba=(0,0,0,0)
[BrushEngine::stampEraser] cx=291.0 cy=155.0 m_eraser=0x5f7a1ec70c58
[GradualEraser::stamp] cx=291.0 cy=155.0 r=6 total=113 skipped_zero=113 erased=0
[GradualEraser::verify] center(291,155) rgba=(0,0,0,0)
[MOUSE_MOVE] drawing=true tool=1 drawing at (634.0,237.0)
[handleDrawing] tool=1 brushType=4 eraserSize=12.0 eraserOp=1.00 layer=0x5f7a2b51bd30
[BrushEngine::stampEraser] cx=291.0 cy=155.0 m_eraser=0x5f7a1ec70c58
[GradualEraser::stamp] cx=291.0 cy=155.0 r=6 total=113 skipped_zero=113 erased=0
[GradualEraser::verify] center(291,155) rgba=(0,0,0,0)
[BrushEngine::stampEraser] cx=290.0 cy=155.0 m_eraser=0x5f7a1ec70c58
[GradualEraser::stamp] cx=290.0 cy=155.0 r=6 total=113 skipped_zero=113 erased=0
[GradualEraser::verify] center(290,155) rgba=(0,0,0,0)
[BrushEngine::stampEraser] cx=290.0 cy=155.0 m_eraser=0x5f7a1ec70c58
[GradualEraser::stamp] cx=290.0 cy=155.0 r=6 total=113 skipped_zero=113 erased=0
[GradualEraser::verify] center(290,155) rgba=(0,0,0,0)
[CANVAS_UPDATE] recompositing (frameDirty=1 canvasDirty=0)
[CANVAS_UPDATE] sample pixel (290,155): rgba=(0,0,0,0)
[MOUSE_MOVE] drawing=true tool=1 drawing at (634.0,237.0)
[handleDrawing] tool=1 brushType=4 eraserSize=12.0 eraserOp=1.00 layer=0x5f7a2b51bd30
[BrushEngine::stampEraser] cx=290.0 cy=155.0 m_eraser=0x5f7a1ec70c58
[GradualEraser::stamp] cx=290.0 cy=155.0 r=6 total=113 skipped_zero=113 erased=0
[GradualEraser::verify] center(290,155) rgba=(0,0,0,0)
[BrushEngine::stampEraser] cx=290.0 cy=155.0 m_eraser=0x5f7a1ec70c58
[GradualEraser::stamp] cx=290.0 cy=155.0 r=6 total=113 skipped_zero=113 erased=0
[GradualEraser::verify] center(290,155) rgba=(0,0,0,0)
[BrushEngine::stampEraser] cx=290.0 cy=155.0 m_eraser=0x5f7a1ec70c58
[GradualEraser::stamp] cx=290.0 cy=155.0 r=6 total=113 skipped_zero=113 erased=0
[GradualEraser::verify] center(290,155) rgba=(0,0,0,0)
[MOUSE_MOVE] drawing=true tool=1 drawing at (635.0,237.0)
[handleDrawing] tool=1 brushType=4 eraserSize=12.0 eraserOp=1.00 layer=0x5f7a2b51bd30
[BrushEngine::stampEraser] cx=290.0 cy=155.0 m_eraser=0x5f7a1ec70c58
[GradualEraser::stamp] cx=290.0 cy=155.0 r=6 total=113 skipped_zero=113 erased=0
[GradualEraser::verify] center(290,155) rgba=(0,0,0,0)
[BrushEngine::stampEraser] cx=291.0 cy=155.0 m_eraser=0x5f7a1ec70c58
[GradualEraser::stamp] cx=291.0 cy=155.0 r=6 total=113 skipped_zero=113 erased=0
[GradualEraser::verify] center(291,155) rgba=(0,0,0,0)
[BrushEngine::stampEraser] cx=291.0 cy=155.0 m_eraser=0x5f7a1ec70c58
[GradualEraser::stamp] cx=291.0 cy=155.0 r=6 total=113 skipped_zero=113 erased=0
[GradualEraser::verify] center(291,155) rgba=(0,0,0,0)
[MOUSE_MOVE] drawing=true tool=1 drawing at (636.0,237.0)
[handleDrawing] tool=1 brushType=4 eraserSize=12.0 eraserOp=1.00 layer=0x5f7a2b51bd30
[BrushEngine::stampEraser] cx=291.0 cy=155.0 m_eraser=0x5f7a1ec70c58
[GradualEraser::stamp] cx=291.0 cy=155.0 r=6 total=113 skipped_zero=113 erased=0
[GradualEraser::verify] center(291,155) rgba=(0,0,0,0)
[BrushEngine::stampEraser] cx=292.0 cy=155.0 m_eraser=0x5f7a1ec70c58
[GradualEraser::stamp] cx=292.0 cy=155.0 r=6 total=113 skipped_zero=113 erased=0
[GradualEraser::verify] center(292,155) rgba=(0,0,0,0)
[BrushEngine::stampEraser] cx=292.0 cy=155.0 m_eraser=0x5f7a1ec70c58
[GradualEraser::stamp] cx=292.0 cy=155.0 r=6 total=113 skipped_zero=113 erased=0
[GradualEraser::verify] center(292,155) rgba=(0,0,0,0)
[MOUSE_MOVE] drawing=true tool=1 drawing at (638.0,237.0)
[handleDrawing] tool=1 brushType=4 eraserSize=12.0 eraserOp=1.00 layer=0x5f7a2b51bd30
[BrushEngine::stampEraser] cx=292.0 cy=155.0 m_eraser=0x5f7a1ec70c58
[GradualEraser::stamp] cx=292.0 cy=155.0 r=6 total=113 skipped_zero=113 erased=0
[GradualEraser::verify] center(292,155) rgba=(0,0,0,0)
[BrushEngine::stampEraser] cx=294.0 cy=155.0 m_eraser=0x5f7a1ec70c58
[GradualEraser::stamp] cx=294.0 cy=155.0 r=6 total=113 skipped_zero=113 erased=0
[GradualEraser::verify] center(294,155) rgba=(0,0,0,0)
[BrushEngine::stampEraser] cx=294.0 cy=155.0 m_eraser=0x5f7a1ec70c58
[GradualEraser::stamp] cx=294.0 cy=155.0 r=6 total=113 skipped_zero=113 erased=0
[GradualEraser::verify] center(294,155) rgba=(0,0,0,0)
[MOUSE_MOVE] drawing=true tool=1 drawing at (639.0,238.0)
[handleDrawing] tool=1 brushType=4 eraserSize=12.0 eraserOp=1.00 layer=0x5f7a2b51bd30
[BrushEngine::stampEraser] cx=294.0 cy=155.0 m_eraser=0x5f7a1ec70c58
[GradualEraser::stamp] cx=294.0 cy=155.0 r=6 total=113 skipped_zero=113 erased=0
[GradualEraser::verify] center(294,155) rgba=(0,0,0,0)
[BrushEngine::stampEraser] cx=295.0 cy=156.0 m_eraser=0x5f7a1ec70c58
[GradualEraser::stamp] cx=295.0 cy=156.0 r=6 total=113 skipped_zero=113 erased=0
[GradualEraser::verify] center(295,156) rgba=(0,0,0,0)
[BrushEngine::stampEraser] cx=295.0 cy=156.0 m_eraser=0x5f7a1ec70c58
[GradualEraser::stamp] cx=295.0 cy=156.0 r=6 total=113 skipped_zero=113 erased=0
[GradualEraser::verify] center(295,156) rgba=(0,0,0,0)
[MOUSE_MOVE] drawing=true tool=1 drawing at (640.0,238.0)
[handleDrawing] tool=1 brushType=4 eraserSize=12.0 eraserOp=1.00 layer=0x5f7a2b51bd30
[BrushEngine::stampEraser] cx=295.0 cy=156.0 m_eraser=0x5f7a1ec70c58
[GradualEraser::stamp] cx=295.0 cy=156.0 r=6 total=113 skipped_zero=113 erased=0
[GradualEraser::verify] center(295,156) rgba=(0,0,0,0)
[BrushEngine::stampEraser] cx=296.0 cy=156.0 m_eraser=0x5f7a1ec70c58
[GradualEraser::stamp] cx=296.0 cy=156.0 r=6 total=113 skipped_zero=113 erased=0
[GradualEraser::verify] center(296,156) rgba=(0,0,0,0)
[BrushEngine::stampEraser] cx=296.0 cy=156.0 m_eraser=0x5f7a1ec70c58
[GradualEraser::stamp] cx=296.0 cy=156.0 r=6 total=113 skipped_zero=113 erased=0
[GradualEraser::verify] center(296,156) rgba=(0,0,0,0)
[CANVAS_UPDATE] recompositing (frameDirty=1 canvasDirty=0)
[CANVAS_UPDATE] sample pixel (296,156): rgba=(0,0,0,0)
[MOUSE_MOVE] drawing=true tool=1 drawing at (641.0,238.0)
[handleDrawing] tool=1 brushType=4 eraserSize=12.0 eraserOp=1.00 layer=0x5f7a2b51bd30
[BrushEngine::stampEraser] cx=296.0 cy=156.0 m_eraser=0x5f7a1ec70c58
[GradualEraser::stamp] cx=296.0 cy=156.0 r=6 total=113 skipped_zero=113 erased=0
[GradualEraser::verify] center(296,156) rgba=(0,0,0,0)
[BrushEngine::stampEraser] cx=297.0 cy=156.0 m_eraser=0x5f7a1ec70c58
[GradualEraser::stamp] cx=297.0 cy=156.0 r=6 total=113 skipped_zero=113 erased=0
[GradualEraser::verify] center(297,156) rgba=(0,0,0,0)
[BrushEngine::stampEraser] cx=297.0 cy=156.0 m_eraser=0x5f7a1ec70c58
[GradualEraser::stamp] cx=297.0 cy=156.0 r=6 total=113 skipped_zero=113 erased=0
[GradualEraser::verify] center(297,156) rgba=(0,0,0,0)
[MOUSE_MOVE] drawing=true tool=1 drawing at (642.0,238.0)
[handleDrawing] tool=1 brushType=4 eraserSize=12.0 eraserOp=1.00 layer=0x5f7a2b51bd30
[BrushEngine::stampEraser] cx=297.0 cy=156.0 m_eraser=0x5f7a1ec70c58
[GradualEraser::stamp] cx=297.0 cy=156.0 r=6 total=113 skipped_zero=113 erased=0
[GradualEraser::verify] center(297,156) rgba=(0,0,0,0)
[BrushEngine::stampEraser] cx=298.0 cy=156.0 m_eraser=0x5f7a1ec70c58
[GradualEraser::stamp] cx=298.0 cy=156.0 r=6 total=113 skipped_zero=112 erased=1
[GradualEraser::verify] center(298,156) rgba=(0,0,0,0)
[BrushEngine::stampEraser] cx=298.0 cy=156.0 m_eraser=0x5f7a1ec70c58
[GradualEraser::stamp] cx=298.0 cy=156.0 r=6 total=113 skipped_zero=113 erased=0
[GradualEraser::verify] center(298,156) rgba=(0,0,0,0)
[MOUSE_MOVE] drawing=true tool=1 drawing at (643.0,238.0)
[handleDrawing] tool=1 brushType=4 eraserSize=12.0 eraserOp=1.00 layer=0x5f7a2b51bd30
[BrushEngine::stampEraser] cx=298.0 cy=156.0 m_eraser=0x5f7a1ec70c58
[GradualEraser::stamp] cx=298.0 cy=156.0 r=6 total=113 skipped_zero=113 erased=0
[GradualEraser::verify] center(298,156) rgba=(0,0,0,0)
[BrushEngine::stampEraser] cx=299.0 cy=156.0 m_eraser=0x5f7a1ec70c58
[GradualEraser::stamp] cx=299.0 cy=156.0 r=6 total=113 skipped_zero=110 erased=3
[GradualEraser::verify] center(299,156) rgba=(0,0,0,0)
[BrushEngine::stampEraser] cx=299.0 cy=156.0 m_eraser=0x5f7a1ec70c58
[GradualEraser::stamp] cx=299.0 cy=156.0 r=6 total=113 skipped_zero=113 erased=0
[GradualEraser::verify] center(299,156) rgba=(0,0,0,0)
[MOUSE_MOVE] drawing=true tool=1 drawing at (644.0,238.0)
[handleDrawing] tool=1 brushType=4 eraserSize=12.0 eraserOp=1.00 layer=0x5f7a2b51bd30
[BrushEngine::stampEraser] cx=299.0 cy=156.0 m_eraser=0x5f7a1ec70c58
[GradualEraser::stamp] cx=299.0 cy=156.0 r=6 total=113 skipped_zero=113 erased=0
[GradualEraser::verify] center(299,156) rgba=(0,0,0,0)
[BrushEngine::stampEraser] cx=300.0 cy=156.0 m_eraser=0x5f7a1ec70c58
[GradualEraser::stamp] cx=300.0 cy=156.0 r=6 total=113 skipped_zero=110 erased=3
[GradualEraser::verify] center(300,156) rgba=(0,0,0,0)
[BrushEngine::stampEraser] cx=300.0 cy=156.0 m_eraser=0x5f7a1ec70c58
[GradualEraser::stamp] cx=300.0 cy=156.0 r=6 total=113 skipped_zero=113 erased=0
[GradualEraser::verify] center(300,156) rgba=(0,0,0,0)
[MOUSE_MOVE] drawing=true tool=1 drawing at (645.0,238.0)
[handleDrawing] tool=1 brushType=4 eraserSize=12.0 eraserOp=1.00 layer=0x5f7a2b51bd30
[BrushEngine::stampEraser] cx=300.0 cy=156.0 m_eraser=0x5f7a1ec70c58
[GradualEraser::stamp] cx=300.0 cy=156.0 r=6 total=113 skipped_zero=113 erased=0
[GradualEraser::verify] center(300,156) rgba=(0,0,0,0)
[BrushEngine::stampEraser] cx=301.0 cy=156.0 m_eraser=0x5f7a1ec70c58
[GradualEraser::stamp] cx=301.0 cy=156.0 r=6 total=113 skipped_zero=108 erased=5
[GradualEraser::verify] center(301,156) rgba=(0,0,0,0)
[BrushEngine::stampEraser] cx=301.0 cy=156.0 m_eraser=0x5f7a1ec70c58
[GradualEraser::stamp] cx=301.0 cy=156.0 r=6 total=113 skipped_zero=113 erased=0
[GradualEraser::verify] center(301,156) rgba=(0,0,0,0)
[MOUSE_MOVE] drawing=true tool=1 drawing at (646.0,238.0)
[handleDrawing] tool=1 brushType=4 eraserSize=12.0 eraserOp=1.00 layer=0x5f7a2b51bd30
[BrushEngine::stampEraser] cx=301.0 cy=156.0 m_eraser=0x5f7a1ec70c58
[GradualEraser::stamp] cx=301.0 cy=156.0 r=6 total=113 skipped_zero=113 erased=0
[GradualEraser::verify] center(301,156) rgba=(0,0,0,0)
[BrushEngine::stampEraser] cx=302.0 cy=156.0 m_eraser=0x5f7a1ec70c58
[GradualEraser::stamp] cx=302.0 cy=156.0 r=6 total=113 skipped_zero=108 erased=5
[GradualEraser::verify] center(302,156) rgba=(0,0,0,0)
[BrushEngine::stampEraser] cx=302.0 cy=156.0 m_eraser=0x5f7a1ec70c58
[GradualEraser::stamp] cx=302.0 cy=156.0 r=6 total=113 skipped_zero=113 erased=0
[GradualEraser::verify] center(302,156) rgba=(0,0,0,0)
[MOUSE_MOVE] drawing=true tool=1 drawing at (647.0,238.0)
[handleDrawing] tool=1 brushType=4 eraserSize=12.0 eraserOp=1.00 layer=0x5f7a2b51bd30
[BrushEngine::stampEraser] cx=302.0 cy=156.0 m_eraser=0x5f7a1ec70c58
[GradualEraser::stamp] cx=302.0 cy=156.0 r=6 total=113 skipped_zero=113 erased=0
[GradualEraser::verify] center(302,156) rgba=(0,0,0,0)
[BrushEngine::stampEraser] cx=303.0 cy=156.0 m_eraser=0x5f7a1ec70c58
[GradualEraser::stamp] cx=303.0 cy=156.0 r=6 total=113 skipped_zero=108 erased=5
[GradualEraser::verify] center(303,156) rgba=(0,0,0,0)
[BrushEngine::stampEraser] cx=303.0 cy=156.0 m_eraser=0x5f7a1ec70c58
[GradualEraser::stamp] cx=303.0 cy=156.0 r=6 total=113 skipped_zero=113 erased=0
[GradualEraser::verify] center(303,156) rgba=(0,0,0,0)
[MOUSE_MOVE] drawing=true tool=1 drawing at (648.0,238.0)
[handleDrawing] tool=1 brushType=4 eraserSize=12.0 eraserOp=1.00 layer=0x5f7a2b51bd30
[BrushEngine::stampEraser] cx=303.0 cy=156.0 m_eraser=0x5f7a1ec70c58
[GradualEraser::stamp] cx=303.0 cy=156.0 r=6 total=113 skipped_zero=113 erased=0
[GradualEraser::verify] center(303,156) rgba=(0,0,0,0)
[BrushEngine::stampEraser] cx=304.0 cy=156.0 m_eraser=0x5f7a1ec70c58
[GradualEraser::stamp] cx=304.0 cy=156.0 r=6 total=113 skipped_zero=108 erased=5
[GradualEraser::verify] center(304,156) rgba=(0,0,0,0)
[BrushEngine::stampEraser] cx=304.0 cy=156.0 m_eraser=0x5f7a1ec70c58
[GradualEraser::stamp] cx=304.0 cy=156.0 r=6 total=113 skipped_zero=113 erased=0
[GradualEraser::verify] center(304,156) rgba=(0,0,0,0)
[CANVAS_UPDATE] recompositing (frameDirty=1 canvasDirty=0)
[CANVAS_UPDATE] sample pixel (304,156): rgba=(0,0,0,0)
[MOUSE_MOVE] drawing=true tool=1 drawing at (649.0,238.0)
[handleDrawing] tool=1 brushType=4 eraserSize=12.0 eraserOp=1.00 layer=0x5f7a2b51bd30
[BrushEngine::stampEraser] cx=304.0 cy=156.0 m_eraser=0x5f7a1ec70c58
[GradualEraser::stamp] cx=304.0 cy=156.0 r=6 total=113 skipped_zero=113 erased=0
[GradualEraser::verify] center(304,156) rgba=(0,0,0,0)
[BrushEngine::stampEraser] cx=305.0 cy=156.0 m_eraser=0x5f7a1ec70c58
[GradualEraser::stamp] cx=305.0 cy=156.0 r=6 total=113 skipped_zero=107 erased=6
[GradualEraser::verify] center(305,156) rgba=(0,0,0,0)
[BrushEngine::stampEraser] cx=305.0 cy=156.0 m_eraser=0x5f7a1ec70c58
[GradualEraser::stamp] cx=305.0 cy=156.0 r=6 total=113 skipped_zero=113 erased=0
[GradualEraser::verify] center(305,156) rgba=(0,0,0,0)
[MOUSE_MOVE] drawing=true tool=1 drawing at (650.0,238.0)
[handleDrawing] tool=1 brushType=4 eraserSize=12.0 eraserOp=1.00 layer=0x5f7a2b51bd30
[BrushEngine::stampEraser] cx=305.0 cy=156.0 m_eraser=0x5f7a1ec70c58
[GradualEraser::stamp] cx=305.0 cy=156.0 r=6 total=113 skipped_zero=113 erased=0
[GradualEraser::verify] center(305,156) rgba=(0,0,0,0)
[BrushEngine::stampEraser] cx=306.0 cy=156.0 m_eraser=0x5f7a1ec70c58
[GradualEraser::stamp] cx=306.0 cy=156.0 r=6 total=113 skipped_zero=108 erased=5
[GradualEraser::verify] center(306,156) rgba=(0,0,0,0)
[BrushEngine::stampEraser] cx=306.0 cy=156.0 m_eraser=0x5f7a1ec70c58
[GradualEraser::stamp] cx=306.0 cy=156.0 r=6 total=113 skipped_zero=113 erased=0
[GradualEraser::verify] center(306,156) rgba=(0,0,0,0)
[MOUSE_MOVE] drawing=true tool=1 drawing at (651.0,238.0)
[handleDrawing] tool=1 brushType=4 eraserSize=12.0 eraserOp=1.00 layer=0x5f7a2b51bd30
[BrushEngine::stampEraser] cx=306.0 cy=156.0 m_eraser=0x5f7a1ec70c58
[GradualEraser::stamp] cx=306.0 cy=156.0 r=6 total=113 skipped_zero=113 erased=0
[GradualEraser::verify] center(306,156) rgba=(0,0,0,0)
[BrushEngine::stampEraser] cx=307.0 cy=156.0 m_eraser=0x5f7a1ec70c58
[GradualEraser::stamp] cx=307.0 cy=156.0 r=6 total=113 skipped_zero=109 erased=4
[GradualEraser::verify] center(307,156) rgba=(0,0,0,0)
[BrushEngine::stampEraser] cx=307.0 cy=156.0 m_eraser=0x5f7a1ec70c58
[GradualEraser::stamp] cx=307.0 cy=156.0 r=6 total=113 skipped_zero=113 erased=0
[GradualEraser::verify] center(307,156) rgba=(0,0,0,0)
[MOUSE_MOVE] drawing=true tool=1 drawing at (653.0,238.0)
[handleDrawing] tool=1 brushType=4 eraserSize=12.0 eraserOp=1.00 layer=0x5f7a2b51bd30
[BrushEngine::stampEraser] cx=307.0 cy=156.0 m_eraser=0x5f7a1ec70c58
[GradualEraser::stamp] cx=307.0 cy=156.0 r=6 total=113 skipped_zero=113 erased=0
[GradualEraser::verify] center(307,156) rgba=(0,0,0,0)
[BrushEngine::stampEraser] cx=309.0 cy=156.0 m_eraser=0x5f7a1ec70c58
[GradualEraser::stamp] cx=309.0 cy=156.0 r=6 total=113 skipped_zero=109 erased=4
[GradualEraser::verify] center(309,156) rgba=(0,0,0,0)
[BrushEngine::stampEraser] cx=309.0 cy=156.0 m_eraser=0x5f7a1ec70c58
[GradualEraser::stamp] cx=309.0 cy=156.0 r=6 total=113 skipped_zero=113 erased=0
[GradualEraser::verify] center(309,156) rgba=(0,0,0,0)
[MOUSE_MOVE] drawing=true tool=1 drawing at (654.0,238.0)
[handleDrawing] tool=1 brushType=4 eraserSize=12.0 eraserOp=1.00 layer=0x5f7a2b51bd30
[BrushEngine::stampEraser] cx=309.0 cy=156.0 m_eraser=0x5f7a1ec70c58
[GradualEraser::stamp] cx=309.0 cy=156.0 r=6 total=113 skipped_zero=113 erased=0
[GradualEraser::verify] center(309,156) rgba=(0,0,0,0)
[BrushEngine::stampEraser] cx=310.0 cy=156.0 m_eraser=0x5f7a1ec70c58
[GradualEraser::stamp] cx=310.0 cy=156.0 r=6 total=113 skipped_zero=112 erased=1
[GradualEraser::verify] center(310,156) rgba=(0,0,0,0)
[BrushEngine::stampEraser] cx=310.0 cy=156.0 m_eraser=0x5f7a1ec70c58
[GradualEraser::stamp] cx=310.0 cy=156.0 r=6 total=113 skipped_zero=113 erased=0
[GradualEraser::verify] center(310,156) rgba=(0,0,0,0)
[MOUSE_MOVE] drawing=true tool=1 drawing at (655.0,238.0)
[handleDrawing] tool=1 brushType=4 eraserSize=12.0 eraserOp=1.00 layer=0x5f7a2b51bd30
[BrushEngine::stampEraser] cx=310.0 cy=156.0 m_eraser=0x5f7a1ec70c58
[GradualEraser::stamp] cx=310.0 cy=156.0 r=6 total=113 skipped_zero=113 erased=0
[GradualEraser::verify] center(310,156) rgba=(0,0,0,0)
[BrushEngine::stampEraser] cx=311.0 cy=156.0 m_eraser=0x5f7a1ec70c58
[GradualEraser::stamp] cx=311.0 cy=156.0 r=6 total=113 skipped_zero=112 erased=1
[GradualEraser::verify] center(311,156) rgba=(0,0,0,0)
[BrushEngine::stampEraser] cx=311.0 cy=156.0 m_eraser=0x5f7a1ec70c58
[GradualEraser::stamp] cx=311.0 cy=156.0 r=6 total=113 skipped_zero=113 erased=0
[GradualEraser::verify] center(311,156) rgba=(0,0,0,0)
[CANVAS_UPDATE] recompositing (frameDirty=1 canvasDirty=0)
[CANVAS_UPDATE] sample pixel (311,156): rgba=(0,0,0,0)
[MOUSE_MOVE] drawing=true tool=1 drawing at (656.0,238.0)
[handleDrawing] tool=1 brushType=4 eraserSize=12.0 eraserOp=1.00 layer=0x5f7a2b51bd30
[BrushEngine::stampEraser] cx=311.0 cy=156.0 m_eraser=0x5f7a1ec70c58
[GradualEraser::stamp] cx=311.0 cy=156.0 r=6 total=113 skipped_zero=113 erased=0
[GradualEraser::verify] center(311,156) rgba=(0,0,0,0)
[BrushEngine::stampEraser] cx=312.0 cy=156.0 m_eraser=0x5f7a1ec70c58
[GradualEraser::stamp] cx=312.0 cy=156.0 r=6 total=113 skipped_zero=112 erased=1
[GradualEraser::verify] center(312,156) rgba=(0,0,0,0)
[BrushEngine::stampEraser] cx=312.0 cy=156.0 m_eraser=0x5f7a1ec70c58
[GradualEraser::stamp] cx=312.0 cy=156.0 r=6 total=113 skipped_zero=113 erased=0
[GradualEraser::verify] center(312,156) rgba=(0,0,0,0)
[MOUSE_MOVE] drawing=true tool=1 drawing at (658.0,238.0)
[handleDrawing] tool=1 brushType=4 eraserSize=12.0 eraserOp=1.00 layer=0x5f7a2b51bd30
[BrushEngine::stampEraser] cx=312.0 cy=156.0 m_eraser=0x5f7a1ec70c58
[GradualEraser::stamp] cx=312.0 cy=156.0 r=6 total=113 skipped_zero=113 erased=0
[GradualEraser::verify] center(312,156) rgba=(0,0,0,0)
[BrushEngine::stampEraser] cx=314.0 cy=156.0 m_eraser=0x5f7a1ec70c58
[GradualEraser::stamp] cx=314.0 cy=156.0 r=6 total=113 skipped_zero=113 erased=0
[GradualEraser::verify] center(314,156) rgba=(0,0,0,0)
[BrushEngine::stampEraser] cx=314.0 cy=156.0 m_eraser=0x5f7a1ec70c58
[GradualEraser::stamp] cx=314.0 cy=156.0 r=6 total=113 skipped_zero=113 erased=0
[GradualEraser::verify] center(314,156) rgba=(0,0,0,0)
[MOUSE_MOVE] drawing=true tool=1 drawing at (660.0,237.0)
[handleDrawing] tool=1 brushType=4 eraserSize=12.0 eraserOp=1.00 layer=0x5f7a2b51bd30
[BrushEngine::stampEraser] cx=314.0 cy=156.0 m_eraser=0x5f7a1ec70c58
[GradualEraser::stamp] cx=314.0 cy=156.0 r=6 total=113 skipped_zero=113 erased=0
[GradualEraser::verify] center(314,156) rgba=(0,0,0,0)
[BrushEngine::stampEraser] cx=316.0 cy=155.0 m_eraser=0x5f7a1ec70c58
[GradualEraser::stamp] cx=316.0 cy=155.0 r=6 total=113 skipped_zero=113 erased=0
[GradualEraser::verify] center(316,155) rgba=(0,0,0,0)
[BrushEngine::stampEraser] cx=316.0 cy=155.0 m_eraser=0x5f7a1ec70c58
[GradualEraser::stamp] cx=316.0 cy=155.0 r=6 total=113 skipped_zero=113 erased=0
[GradualEraser::verify] center(316,155) rgba=(0,0,0,0)
[MOUSE_MOVE] drawing=true tool=1 drawing at (661.0,237.0)
[handleDrawing] tool=1 brushType=4 eraserSize=12.0 eraserOp=1.00 layer=0x5f7a2b51bd30
[BrushEngine::stampEraser] cx=316.0 cy=155.0 m_eraser=0x5f7a1ec70c58
[GradualEraser::stamp] cx=316.0 cy=155.0 r=6 total=113 skipped_zero=113 erased=0
[GradualEraser::verify] center(316,155) rgba=(0,0,0,0)
[BrushEngine::stampEraser] cx=317.0 cy=155.0 m_eraser=0x5f7a1ec70c58
[GradualEraser::stamp] cx=317.0 cy=155.0 r=6 total=113 skipped_zero=113 erased=0
[GradualEraser::verify] center(317,155) rgba=(0,0,0,0)
[BrushEngine::stampEraser] cx=317.0 cy=155.0 m_eraser=0x5f7a1ec70c58
[GradualEraser::stamp] cx=317.0 cy=155.0 r=6 total=113 skipped_zero=113 erased=0
[GradualEraser::verify] center(317,155) rgba=(0,0,0,0)
[MOUSE_MOVE] drawing=true tool=1 drawing at (662.0,237.0)
[handleDrawing] tool=1 brushType=4 eraserSize=12.0 eraserOp=1.00 layer=0x5f7a2b51bd30
[BrushEngine::stampEraser] cx=317.0 cy=155.0 m_eraser=0x5f7a1ec70c58
[GradualEraser::stamp] cx=317.0 cy=155.0 r=6 total=113 skipped_zero=113 erased=0
[GradualEraser::verify] center(317,155) rgba=(0,0,0,0)
[BrushEngine::stampEraser] cx=318.0 cy=155.0 m_eraser=0x5f7a1ec70c58
[GradualEraser::stamp] cx=318.0 cy=155.0 r=6 total=113 skipped_zero=113 erased=0
[GradualEraser::verify] center(318,155) rgba=(0,0,0,0)
[BrushEngine::stampEraser] cx=318.0 cy=155.0 m_eraser=0x5f7a1ec70c58
[GradualEraser::stamp] cx=318.0 cy=155.0 r=6 total=113 skipped_zero=113 erased=0
[GradualEraser::verify] center(318,155) rgba=(0,0,0,0)
[CANVAS_UPDATE] recompositing (frameDirty=1 canvasDirty=0)
[CANVAS_UPDATE] sample pixel (318,155): rgba=(0,0,0,0)
[MOUSE_MOVE] drawing=true tool=1 drawing at (662.0,236.0)
[handleDrawing] tool=1 brushType=4 eraserSize=12.0 eraserOp=1.00 layer=0x5f7a2b51bd30
[BrushEngine::stampEraser] cx=318.0 cy=155.0 m_eraser=0x5f7a1ec70c58
[GradualEraser::stamp] cx=318.0 cy=155.0 r=6 total=113 skipped_zero=113 erased=0
[GradualEraser::verify] center(318,155) rgba=(0,0,0,0)
[BrushEngine::stampEraser] cx=318.0 cy=154.0 m_eraser=0x5f7a1ec70c58
[GradualEraser::stamp] cx=318.0 cy=154.0 r=6 total=113 skipped_zero=113 erased=0
[GradualEraser::verify] center(318,154) rgba=(0,0,0,0)
[BrushEngine::stampEraser] cx=318.0 cy=154.0 m_eraser=0x5f7a1ec70c58
[GradualEraser::stamp] cx=318.0 cy=154.0 r=6 total=113 skipped_zero=113 erased=0
[GradualEraser::verify] center(318,154) rgba=(0,0,0,0)
[MOUSE_MOVE] drawing=true tool=1 drawing at (663.0,236.0)
[handleDrawing] tool=1 brushType=4 eraserSize=12.0 eraserOp=1.00 layer=0x5f7a2b51bd30
[BrushEngine::stampEraser] cx=318.0 cy=154.0 m_eraser=0x5f7a1ec70c58
[GradualEraser::stamp] cx=318.0 cy=154.0 r=6 total=113 skipped_zero=113 erased=0
[GradualEraser::verify] center(318,154) rgba=(0,0,0,0)
[BrushEngine::stampEraser] cx=319.0 cy=154.0 m_eraser=0x5f7a1ec70c58
[GradualEraser::stamp] cx=319.0 cy=154.0 r=6 total=113 skipped_zero=113 erased=0
[GradualEraser::verify] center(319,154) rgba=(0,0,0,0)
[BrushEngine::stampEraser] cx=319.0 cy=154.0 m_eraser=0x5f7a1ec70c58
[GradualEraser::stamp] cx=319.0 cy=154.0 r=6 total=113 skipped_zero=113 erased=0
[GradualEraser::verify] center(319,154) rgba=(0,0,0,0)
[CANVAS_UPDATE] recompositing (frameDirty=1 canvasDirty=0)
[CANVAS_UPDATE] sample pixel (319,154): rgba=(0,0,0,0)
[MOUSE_MOVE] drawing=true tool=1 drawing at (662.0,236.0)
[handleDrawing] tool=1 brushType=4 eraserSize=12.0 eraserOp=1.00 layer=0x5f7a2b51bd30
[BrushEngine::stampEraser] cx=319.0 cy=154.0 m_eraser=0x5f7a1ec70c58
[GradualEraser::stamp] cx=319.0 cy=154.0 r=6 total=113 skipped_zero=113 erased=0
[GradualEraser::verify] center(319,154) rgba=(0,0,0,0)
[BrushEngine::stampEraser] cx=318.0 cy=154.0 m_eraser=0x5f7a1ec70c58
[GradualEraser::stamp] cx=318.0 cy=154.0 r=6 total=113 skipped_zero=113 erased=0
[GradualEraser::verify] center(318,154) rgba=(0,0,0,0)
[BrushEngine::stampEraser] cx=318.0 cy=154.0 m_eraser=0x5f7a1ec70c58
[GradualEraser::stamp] cx=318.0 cy=154.0 r=6 total=113 skipped_zero=113 erased=0
[GradualEraser::verify] center(318,154) rgba=(0,0,0,0)
[MOUSE_MOVE] drawing=true tool=1 drawing at (661.0,236.0)
[handleDrawing] tool=1 brushType=4 eraserSize=12.0 eraserOp=1.00 layer=0x5f7a2b51bd30
[BrushEngine::stampEraser] cx=318.0 cy=154.0 m_eraser=0x5f7a1ec70c58
[GradualEraser::stamp] cx=318.0 cy=154.0 r=6 total=113 skipped_zero=113 erased=0
[GradualEraser::verify] center(318,154) rgba=(0,0,0,0)
[BrushEngine::stampEraser] cx=317.0 cy=154.0 m_eraser=0x5f7a1ec70c58
[GradualEraser::stamp] cx=317.0 cy=154.0 r=6 total=113 skipped_zero=113 erased=0
[GradualEraser::verify] center(317,154) rgba=(0,0,0,0)
[BrushEngine::stampEraser] cx=317.0 cy=154.0 m_eraser=0x5f7a1ec70c58
[GradualEraser::stamp] cx=317.0 cy=154.0 r=6 total=113 skipped_zero=113 erased=0
[GradualEraser::verify] center(317,154) rgba=(0,0,0,0)
[CANVAS_UPDATE] recompositing (frameDirty=1 canvasDirty=0)
[CANVAS_UPDATE] sample pixel (317,154): rgba=(0,0,0,0)
[MOUSE_MOVE] drawing=true tool=1 drawing at (660.0,236.0)
[handleDrawing] tool=1 brushType=4 eraserSize=12.0 eraserOp=1.00 layer=0x5f7a2b51bd30
[BrushEngine::stampEraser] cx=317.0 cy=154.0 m_eraser=0x5f7a1ec70c58
[GradualEraser::stamp] cx=317.0 cy=154.0 r=6 total=113 skipped_zero=113 erased=0
[GradualEraser::verify] center(317,154) rgba=(0,0,0,0)
[BrushEngine::stampEraser] cx=316.0 cy=154.0 m_eraser=0x5f7a1ec70c58
[GradualEraser::stamp] cx=316.0 cy=154.0 r=6 total=113 skipped_zero=113 erased=0
[GradualEraser::verify] center(316,154) rgba=(0,0,0,0)
[BrushEngine::stampEraser] cx=316.0 cy=154.0 m_eraser=0x5f7a1ec70c58
[GradualEraser::stamp] cx=316.0 cy=154.0 r=6 total=113 skipped_zero=113 erased=0
[GradualEraser::verify] center(316,154) rgba=(0,0,0,0)
[MOUSE_MOVE] drawing=true tool=1 drawing at (659.0,236.0)
[handleDrawing] tool=1 brushType=4 eraserSize=12.0 eraserOp=1.00 layer=0x5f7a2b51bd30
[BrushEngine::stampEraser] cx=316.0 cy=154.0 m_eraser=0x5f7a1ec70c58
[GradualEraser::stamp] cx=316.0 cy=154.0 r=6 total=113 skipped_zero=113 erased=0
[GradualEraser::verify] center(316,154) rgba=(0,0,0,0)
[BrushEngine::stampEraser] cx=315.0 cy=154.0 m_eraser=0x5f7a1ec70c58
[GradualEraser::stamp] cx=315.0 cy=154.0 r=6 total=113 skipped_zero=113 erased=0
[GradualEraser::verify] center(315,154) rgba=(0,0,0,0)
[BrushEngine::stampEraser] cx=315.0 cy=154.0 m_eraser=0x5f7a1ec70c58
[GradualEraser::stamp] cx=315.0 cy=154.0 r=6 total=113 skipped_zero=113 erased=0
[GradualEraser::verify] center(315,154) rgba=(0,0,0,0)
[MOUSE_MOVE] drawing=true tool=1 drawing at (658.0,236.0)
[handleDrawing] tool=1 brushType=4 eraserSize=12.0 eraserOp=1.00 layer=0x5f7a2b51bd30
[BrushEngine::stampEraser] cx=315.0 cy=154.0 m_eraser=0x5f7a1ec70c58
[GradualEraser::stamp] cx=315.0 cy=154.0 r=6 total=113 skipped_zero=113 erased=0
[GradualEraser::verify] center(315,154) rgba=(0,0,0,0)
[BrushEngine::stampEraser] cx=314.0 cy=154.0 m_eraser=0x5f7a1ec70c58
[GradualEraser::stamp] cx=314.0 cy=154.0 r=6 total=113 skipped_zero=113 erased=0
[GradualEraser::verify] center(314,154) rgba=(0,0,0,0)
[BrushEngine::stampEraser] cx=314.0 cy=154.0 m_eraser=0x5f7a1ec70c58
[GradualEraser::stamp] cx=314.0 cy=154.0 r=6 total=113 skipped_zero=113 erased=0
[GradualEraser::verify] center(314,154) rgba=(0,0,0,0)
[MOUSE_MOVE] drawing=true tool=1 drawing at (657.0,236.0)
[handleDrawing] tool=1 brushType=4 eraserSize=12.0 eraserOp=1.00 layer=0x5f7a2b51bd30
[BrushEngine::stampEraser] cx=314.0 cy=154.0 m_eraser=0x5f7a1ec70c58
[GradualEraser::stamp] cx=314.0 cy=154.0 r=6 total=113 skipped_zero=113 erased=0
[GradualEraser::verify] center(314,154) rgba=(0,0,0,0)
[BrushEngine::stampEraser] cx=313.0 cy=154.0 m_eraser=0x5f7a1ec70c58
[GradualEraser::stamp] cx=313.0 cy=154.0 r=6 total=113 skipped_zero=113 erased=0
[GradualEraser::verify] center(313,154) rgba=(0,0,0,0)
[BrushEngine::stampEraser] cx=313.0 cy=154.0 m_eraser=0x5f7a1ec70c58
[GradualEraser::stamp] cx=313.0 cy=154.0 r=6 total=113 skipped_zero=113 erased=0
[GradualEraser::verify] center(313,154) rgba=(0,0,0,0)
[MOUSE_MOVE] drawing=true tool=1 drawing at (656.0,236.0)
[handleDrawing] tool=1 brushType=4 eraserSize=12.0 eraserOp=1.00 layer=0x5f7a2b51bd30
[BrushEngine::stampEraser] cx=313.0 cy=154.0 m_eraser=0x5f7a1ec70c58
[GradualEraser::stamp] cx=313.0 cy=154.0 r=6 total=113 skipped_zero=113 erased=0
[GradualEraser::verify] center(313,154) rgba=(0,0,0,0)
[BrushEngine::stampEraser] cx=312.0 cy=154.0 m_eraser=0x5f7a1ec70c58
[GradualEraser::stamp] cx=312.0 cy=154.0 r=6 total=113 skipped_zero=113 erased=0
[GradualEraser::verify] center(312,154) rgba=(0,0,0,0)
[BrushEngine::stampEraser] cx=312.0 cy=154.0 m_eraser=0x5f7a1ec70c58
[GradualEraser::stamp] cx=312.0 cy=154.0 r=6 total=113 skipped_zero=113 erased=0
[GradualEraser::verify] center(312,154) rgba=(0,0,0,0)
[CANVAS_UPDATE] recompositing (frameDirty=1 canvasDirty=0)
[CANVAS_UPDATE] sample pixel (312,154): rgba=(0,0,0,0)
[MOUSE_MOVE] drawing=true tool=1 drawing at (655.0,236.0)
[handleDrawing] tool=1 brushType=4 eraserSize=12.0 eraserOp=1.00 layer=0x5f7a2b51bd30
[BrushEngine::stampEraser] cx=312.0 cy=154.0 m_eraser=0x5f7a1ec70c58
[GradualEraser::stamp] cx=312.0 cy=154.0 r=6 total=113 skipped_zero=113 erased=0
[GradualEraser::verify] center(312,154) rgba=(0,0,0,0)
[BrushEngine::stampEraser] cx=311.0 cy=154.0 m_eraser=0x5f7a1ec70c58
[GradualEraser::stamp] cx=311.0 cy=154.0 r=6 total=113 skipped_zero=113 erased=0
[GradualEraser::verify] center(311,154) rgba=(0,0,0,0)
[BrushEngine::stampEraser] cx=311.0 cy=154.0 m_eraser=0x5f7a1ec70c58
[GradualEraser::stamp] cx=311.0 cy=154.0 r=6 total=113 skipped_zero=113 erased=0
[GradualEraser::verify] center(311,154) rgba=(0,0,0,0)
[MOUSE_MOVE] drawing=true tool=1 drawing at (654.0,237.0)
[handleDrawing] tool=1 brushType=4 eraserSize=12.0 eraserOp=1.00 layer=0x5f7a2b51bd30
[BrushEngine::stampEraser] cx=311.0 cy=154.0 m_eraser=0x5f7a1ec70c58
[GradualEraser::stamp] cx=311.0 cy=154.0 r=6 total=113 skipped_zero=113 erased=0
[GradualEraser::verify] center(311,154) rgba=(0,0,0,0)
[BrushEngine::stampEraser] cx=310.0 cy=155.0 m_eraser=0x5f7a1ec70c58
[GradualEraser::stamp] cx=310.0 cy=155.0 r=6 total=113 skipped_zero=113 erased=0
[GradualEraser::verify] center(310,155) rgba=(0,0,0,0)
[BrushEngine::stampEraser] cx=310.0 cy=155.0 m_eraser=0x5f7a1ec70c58
[GradualEraser::stamp] cx=310.0 cy=155.0 r=6 total=113 skipped_zero=113 erased=0
[GradualEraser::verify] center(310,155) rgba=(0,0,0,0)
[MOUSE_MOVE] drawing=true tool=1 drawing at (652.0,237.0)
[handleDrawing] tool=1 brushType=4 eraserSize=12.0 eraserOp=1.00 layer=0x5f7a2b51bd30
[BrushEngine::stampEraser] cx=310.0 cy=155.0 m_eraser=0x5f7a1ec70c58
[GradualEraser::stamp] cx=310.0 cy=155.0 r=6 total=113 skipped_zero=113 erased=0
[GradualEraser::verify] center(310,155) rgba=(0,0,0,0)
[BrushEngine::stampEraser] cx=308.0 cy=155.0 m_eraser=0x5f7a1ec70c58
[GradualEraser::stamp] cx=308.0 cy=155.0 r=6 total=113 skipped_zero=113 erased=0
[GradualEraser::verify] center(308,155) rgba=(0,0,0,0)
[BrushEngine::stampEraser] cx=308.0 cy=155.0 m_eraser=0x5f7a1ec70c58
[GradualEraser::stamp] cx=308.0 cy=155.0 r=6 total=113 skipped_zero=113 erased=0
[GradualEraser::verify] center(308,155) rgba=(0,0,0,0)
[MOUSE_MOVE] drawing=true tool=1 drawing at (651.0,238.0)
[handleDrawing] tool=1 brushType=4 eraserSize=12.0 eraserOp=1.00 layer=0x5f7a2b51bd30
[BrushEngine::stampEraser] cx=308.0 cy=155.0 m_eraser=0x5f7a1ec70c58
[GradualEraser::stamp] cx=308.0 cy=155.0 r=6 total=113 skipped_zero=113 erased=0
[GradualEraser::verify] center(308,155) rgba=(0,0,0,0)
[BrushEngine::stampEraser] cx=307.0 cy=156.0 m_eraser=0x5f7a1ec70c58
[GradualEraser::stamp] cx=307.0 cy=156.0 r=6 total=113 skipped_zero=113 erased=0
[GradualEraser::verify] center(307,156) rgba=(0,0,0,0)
[BrushEngine::stampEraser] cx=307.0 cy=156.0 m_eraser=0x5f7a1ec70c58
[GradualEraser::stamp] cx=307.0 cy=156.0 r=6 total=113 skipped_zero=113 erased=0
[GradualEraser::verify] center(307,156) rgba=(0,0,0,0)
[MOUSE_MOVE] drawing=true tool=1 drawing at (650.0,238.0)
[handleDrawing] tool=1 brushType=4 eraserSize=12.0 eraserOp=1.00 layer=0x5f7a2b51bd30
[BrushEngine::stampEraser] cx=307.0 cy=156.0 m_eraser=0x5f7a1ec70c58
[GradualEraser::stamp] cx=307.0 cy=156.0 r=6 total=113 skipped_zero=113 erased=0
[GradualEraser::verify] center(307,156) rgba=(0,0,0,0)
[BrushEngine::stampEraser] cx=306.0 cy=156.0 m_eraser=0x5f7a1ec70c58
[GradualEraser::stamp] cx=306.0 cy=156.0 r=6 total=113 skipped_zero=113 erased=0
[GradualEraser::verify] center(306,156) rgba=(0,0,0,0)
[BrushEngine::stampEraser] cx=306.0 cy=156.0 m_eraser=0x5f7a1ec70c58
[GradualEraser::stamp] cx=306.0 cy=156.0 r=6 total=113 skipped_zero=113 erased=0
[GradualEraser::verify] center(306,156) rgba=(0,0,0,0)
[MOUSE_MOVE] drawing=true tool=1 drawing at (649.0,238.0)
[handleDrawing] tool=1 brushType=4 eraserSize=12.0 eraserOp=1.00 layer=0x5f7a2b51bd30
[BrushEngine::stampEraser] cx=306.0 cy=156.0 m_eraser=0x5f7a1ec70c58
[GradualEraser::stamp] cx=306.0 cy=156.0 r=6 total=113 skipped_zero=113 erased=0
[GradualEraser::verify] center(306,156) rgba=(0,0,0,0)
[BrushEngine::stampEraser] cx=305.0 cy=156.0 m_eraser=0x5f7a1ec70c58
[GradualEraser::stamp] cx=305.0 cy=156.0 r=6 total=113 skipped_zero=113 erased=0
[GradualEraser::verify] center(305,156) rgba=(0,0,0,0)
[BrushEngine::stampEraser] cx=305.0 cy=156.0 m_eraser=0x5f7a1ec70c58
[GradualEraser::stamp] cx=305.0 cy=156.0 r=6 total=113 skipped_zero=113 erased=0
[GradualEraser::verify] center(305,156) rgba=(0,0,0,0)
[CANVAS_UPDATE] recompositing (frameDirty=1 canvasDirty=0)
[CANVAS_UPDATE] sample pixel (305,156): rgba=(0,0,0,0)
[MOUSE_MOVE] drawing=true tool=1 drawing at (647.0,239.0)
[handleDrawing] tool=1 brushType=4 eraserSize=12.0 eraserOp=1.00 layer=0x5f7a2b51bd30
[BrushEngine::stampEraser] cx=305.0 cy=156.0 m_eraser=0x5f7a1ec70c58
[GradualEraser::stamp] cx=305.0 cy=156.0 r=6 total=113 skipped_zero=113 erased=0
[GradualEraser::verify] center(305,156) rgba=(0,0,0,0)
[BrushEngine::stampEraser] cx=303.0 cy=157.0 m_eraser=0x5f7a1ec70c58
[GradualEraser::stamp] cx=303.0 cy=157.0 r=6 total=113 skipped_zero=113 erased=0
[GradualEraser::verify] center(303,157) rgba=(0,0,0,0)
[BrushEngine::stampEraser] cx=303.0 cy=157.0 m_eraser=0x5f7a1ec70c58
[GradualEraser::stamp] cx=303.0 cy=157.0 r=6 total=113 skipped_zero=113 erased=0
[GradualEraser::verify] center(303,157) rgba=(0,0,0,0)
[MOUSE_MOVE] drawing=true tool=1 drawing at (646.0,239.0)
[handleDrawing] tool=1 brushType=4 eraserSize=12.0 eraserOp=1.00 layer=0x5f7a2b51bd30
[BrushEngine::stampEraser] cx=303.0 cy=157.0 m_eraser=0x5f7a1ec70c58
[GradualEraser::stamp] cx=303.0 cy=157.0 r=6 total=113 skipped_zero=113 erased=0
[GradualEraser::verify] center(303,157) rgba=(0,0,0,0)
[BrushEngine::stampEraser] cx=302.0 cy=157.0 m_eraser=0x5f7a1ec70c58
[GradualEraser::stamp] cx=302.0 cy=157.0 r=6 total=113 skipped_zero=113 erased=0
[GradualEraser::verify] center(302,157) rgba=(0,0,0,0)
[BrushEngine::stampEraser] cx=302.0 cy=157.0 m_eraser=0x5f7a1ec70c58
[GradualEraser::stamp] cx=302.0 cy=157.0 r=6 total=113 skipped_zero=113 erased=0
[GradualEraser::verify] center(302,157) rgba=(0,0,0,0)
[MOUSE_MOVE] drawing=true tool=1 drawing at (645.0,240.0)
[handleDrawing] tool=1 brushType=4 eraserSize=12.0 eraserOp=1.00 layer=0x5f7a2b51bd30
[BrushEngine::stampEraser] cx=302.0 cy=157.0 m_eraser=0x5f7a1ec70c58
[GradualEraser::stamp] cx=302.0 cy=157.0 r=6 total=113 skipped_zero=113 erased=0
[GradualEraser::verify] center(302,157) rgba=(0,0,0,0)
[BrushEngine::stampEraser] cx=301.0 cy=158.0 m_eraser=0x5f7a1ec70c58
[GradualEraser::stamp] cx=301.0 cy=158.0 r=6 total=113 skipped_zero=113 erased=0
[GradualEraser::verify] center(301,158) rgba=(0,0,0,0)
[BrushEngine::stampEraser] cx=301.0 cy=158.0 m_eraser=0x5f7a1ec70c58
[GradualEraser::stamp] cx=301.0 cy=158.0 r=6 total=113 skipped_zero=113 erased=0
[GradualEraser::verify] center(301,158) rgba=(0,0,0,0)
[MOUSE_MOVE] drawing=true tool=1 drawing at (644.0,240.0)
[handleDrawing] tool=1 brushType=4 eraserSize=12.0 eraserOp=1.00 layer=0x5f7a2b51bd30
[BrushEngine::stampEraser] cx=301.0 cy=158.0 m_eraser=0x5f7a1ec70c58
[GradualEraser::stamp] cx=301.0 cy=158.0 r=6 total=113 skipped_zero=113 erased=0
[GradualEraser::verify] center(301,158) rgba=(0,0,0,0)
[BrushEngine::stampEraser] cx=300.0 cy=158.0 m_eraser=0x5f7a1ec70c58
[GradualEraser::stamp] cx=300.0 cy=158.0 r=6 total=113 skipped_zero=113 erased=0
[GradualEraser::verify] center(300,158) rgba=(0,0,0,0)
[BrushEngine::stampEraser] cx=300.0 cy=158.0 m_eraser=0x5f7a1ec70c58
[GradualEraser::stamp] cx=300.0 cy=158.0 r=6 total=113 skipped_zero=113 erased=0
[GradualEraser::verify] center(300,158) rgba=(0,0,0,0)
[MOUSE_MOVE] drawing=true tool=1 drawing at (642.0,241.0)
[handleDrawing] tool=1 brushType=4 eraserSize=12.0 eraserOp=1.00 layer=0x5f7a2b51bd30
[BrushEngine::stampEraser] cx=300.0 cy=158.0 m_eraser=0x5f7a1ec70c58
[GradualEraser::stamp] cx=300.0 cy=158.0 r=6 total=113 skipped_zero=113 erased=0
[GradualEraser::verify] center(300,158) rgba=(0,0,0,0)
[BrushEngine::stampEraser] cx=298.0 cy=159.0 m_eraser=0x5f7a1ec70c58
[GradualEraser::stamp] cx=298.0 cy=159.0 r=6 total=113 skipped_zero=113 erased=0
[GradualEraser::verify] center(298,159) rgba=(0,0,0,0)
[BrushEngine::stampEraser] cx=298.0 cy=159.0 m_eraser=0x5f7a1ec70c58
[GradualEraser::stamp] cx=298.0 cy=159.0 r=6 total=113 skipped_zero=113 erased=0
[GradualEraser::verify] center(298,159) rgba=(0,0,0,0)
[CANVAS_UPDATE] recompositing (frameDirty=1 canvasDirty=0)
[CANVAS_UPDATE] sample pixel (298,159): rgba=(255,101,50,255)
[MOUSE_MOVE] drawing=true tool=1 drawing at (641.0,241.0)
[handleDrawing] tool=1 brushType=4 eraserSize=12.0 eraserOp=1.00 layer=0x5f7a2b51bd30
[BrushEngine::stampEraser] cx=298.0 cy=159.0 m_eraser=0x5f7a1ec70c58
[GradualEraser::stamp] cx=298.0 cy=159.0 r=6 total=113 skipped_zero=113 erased=0
[GradualEraser::verify] center(298,159) rgba=(0,0,0,0)
[BrushEngine::stampEraser] cx=297.0 cy=159.0 m_eraser=0x5f7a1ec70c58
[GradualEraser::stamp] cx=297.0 cy=159.0 r=6 total=113 skipped_zero=113 erased=0
[GradualEraser::verify] center(297,159) rgba=(0,0,0,0)
[BrushEngine::stampEraser] cx=297.0 cy=159.0 m_eraser=0x5f7a1ec70c58
[GradualEraser::stamp] cx=297.0 cy=159.0 r=6 total=113 skipped_zero=113 erased=0
[GradualEraser::verify] center(297,159) rgba=(0,0,0,0)
[MOUSE_MOVE] drawing=true tool=1 drawing at (640.0,242.0)
[handleDrawing] tool=1 brushType=4 eraserSize=12.0 eraserOp=1.00 layer=0x5f7a2b51bd30
[BrushEngine::stampEraser] cx=297.0 cy=159.0 m_eraser=0x5f7a1ec70c58
[GradualEraser::stamp] cx=297.0 cy=159.0 r=6 total=113 skipped_zero=113 erased=0
[GradualEraser::verify] center(297,159) rgba=(0,0,0,0)
[BrushEngine::stampEraser] cx=296.0 cy=160.0 m_eraser=0x5f7a1ec70c58
[GradualEraser::stamp] cx=296.0 cy=160.0 r=6 total=113 skipped_zero=113 erased=0
[GradualEraser::verify] center(296,160) rgba=(0,0,0,0)
[BrushEngine::stampEraser] cx=296.0 cy=160.0 m_eraser=0x5f7a1ec70c58
[GradualEraser::stamp] cx=296.0 cy=160.0 r=6 total=113 skipped_zero=113 erased=0
[GradualEraser::verify] center(296,160) rgba=(0,0,0,0)
[MOUSE_MOVE] drawing=true tool=1 drawing at (638.0,243.0)
[handleDrawing] tool=1 brushType=4 eraserSize=12.0 eraserOp=1.00 layer=0x5f7a2b51bd30
[BrushEngine::stampEraser] cx=296.0 cy=160.0 m_eraser=0x5f7a1ec70c58
[GradualEraser::stamp] cx=296.0 cy=160.0 r=6 total=113 skipped_zero=113 erased=0
[GradualEraser::verify] center(296,160) rgba=(0,0,0,0)
[BrushEngine::stampEraser] cx=294.0 cy=161.0 m_eraser=0x5f7a1ec70c58
[GradualEraser::stamp] cx=294.0 cy=161.0 r=6 total=113 skipped_zero=112 erased=1
[GradualEraser::verify] center(294,161) rgba=(0,0,0,0)
[BrushEngine::stampEraser] cx=294.0 cy=161.0 m_eraser=0x5f7a1ec70c58
[GradualEraser::stamp] cx=294.0 cy=161.0 r=6 total=113 skipped_zero=113 erased=0
[GradualEraser::verify] center(294,161) rgba=(0,0,0,0)
[MOUSE_MOVE] drawing=true tool=1 drawing at (636.0,243.0)
[handleDrawing] tool=1 brushType=4 eraserSize=12.0 eraserOp=1.00 layer=0x5f7a2b51bd30
[BrushEngine::stampEraser] cx=294.0 cy=161.0 m_eraser=0x5f7a1ec70c58
[GradualEraser::stamp] cx=294.0 cy=161.0 r=6 total=113 skipped_zero=113 erased=0
[GradualEraser::verify] center(294,161) rgba=(0,0,0,0)
[BrushEngine::stampEraser] cx=292.0 cy=161.0 m_eraser=0x5f7a1ec70c58
[GradualEraser::stamp] cx=292.0 cy=161.0 r=6 total=113 skipped_zero=112 erased=1
[GradualEraser::verify] center(292,161) rgba=(0,0,0,0)
[BrushEngine::stampEraser] cx=292.0 cy=161.0 m_eraser=0x5f7a1ec70c58
[GradualEraser::stamp] cx=292.0 cy=161.0 r=6 total=113 skipped_zero=113 erased=0
[GradualEraser::verify] center(292,161) rgba=(0,0,0,0)
[MOUSE_MOVE] drawing=true tool=1 drawing at (635.0,245.0)
[handleDrawing] tool=1 brushType=4 eraserSize=12.0 eraserOp=1.00 layer=0x5f7a2b51bd30
[BrushEngine::stampEraser] cx=292.0 cy=161.0 m_eraser=0x5f7a1ec70c58
[GradualEraser::stamp] cx=292.0 cy=161.0 r=6 total=113 skipped_zero=113 erased=0
[GradualEraser::verify] center(292,161) rgba=(0,0,0,0)
[BrushEngine::stampEraser] cx=291.0 cy=163.0 m_eraser=0x5f7a1ec70c58
[GradualEraser::stamp] cx=291.0 cy=163.0 r=6 total=113 skipped_zero=113 erased=0
[GradualEraser::verify] center(291,163) rgba=(0,0,0,0)
[BrushEngine::stampEraser] cx=291.0 cy=163.0 m_eraser=0x5f7a1ec70c58
[GradualEraser::stamp] cx=291.0 cy=163.0 r=6 total=113 skipped_zero=113 erased=0
[GradualEraser::verify] center(291,163) rgba=(0,0,0,0)
[CANVAS_UPDATE] recompositing (frameDirty=1 canvasDirty=0)
[CANVAS_UPDATE] sample pixel (291,163): rgba=(255,101,50,255)
[MOUSE_MOVE] drawing=true tool=1 drawing at (634.0,245.0)
[handleDrawing] tool=1 brushType=4 eraserSize=12.0 eraserOp=1.00 layer=0x5f7a2b51bd30
[BrushEngine::stampEraser] cx=291.0 cy=163.0 m_eraser=0x5f7a1ec70c58
[GradualEraser::stamp] cx=291.0 cy=163.0 r=6 total=113 skipped_zero=113 erased=0
[GradualEraser::verify] center(291,163) rgba=(0,0,0,0)
[BrushEngine::stampEraser] cx=290.0 cy=163.0 m_eraser=0x5f7a1ec70c58
[GradualEraser::stamp] cx=290.0 cy=163.0 r=6 total=113 skipped_zero=113 erased=0
[GradualEraser::verify] center(290,163) rgba=(0,0,0,0)
[BrushEngine::stampEraser] cx=290.0 cy=163.0 m_eraser=0x5f7a1ec70c58
[GradualEraser::stamp] cx=290.0 cy=163.0 r=6 total=113 skipped_zero=113 erased=0
[GradualEraser::verify] center(290,163) rgba=(0,0,0,0)
[MOUSE_MOVE] drawing=true tool=1 drawing at (633.0,246.0)
[handleDrawing] tool=1 brushType=4 eraserSize=12.0 eraserOp=1.00 layer=0x5f7a2b51bd30
[BrushEngine::stampEraser] cx=290.0 cy=163.0 m_eraser=0x5f7a1ec70c58
[GradualEraser::stamp] cx=290.0 cy=163.0 r=6 total=113 skipped_zero=113 erased=0
[GradualEraser::verify] center(290,163) rgba=(0,0,0,0)
[BrushEngine::stampEraser] cx=289.0 cy=164.0 m_eraser=0x5f7a1ec70c58
[GradualEraser::stamp] cx=289.0 cy=164.0 r=6 total=113 skipped_zero=113 erased=0
[GradualEraser::verify] center(289,164) rgba=(0,0,0,0)
[BrushEngine::stampEraser] cx=289.0 cy=164.0 m_eraser=0x5f7a1ec70c58
[GradualEraser::stamp] cx=289.0 cy=164.0 r=6 total=113 skipped_zero=113 erased=0
[GradualEraser::verify] center(289,164) rgba=(0,0,0,0)
[MOUSE_MOVE] drawing=true tool=1 drawing at (631.0,246.0)
[handleDrawing] tool=1 brushType=4 eraserSize=12.0 eraserOp=1.00 layer=0x5f7a2b51bd30
[BrushEngine::stampEraser] cx=289.0 cy=164.0 m_eraser=0x5f7a1ec70c58
[GradualEraser::stamp] cx=289.0 cy=164.0 r=6 total=113 skipped_zero=113 erased=0
[GradualEraser::verify] center(289,164) rgba=(0,0,0,0)
[BrushEngine::stampEraser] cx=287.0 cy=164.0 m_eraser=0x5f7a1ec70c58
[GradualEraser::stamp] cx=287.0 cy=164.0 r=6 total=113 skipped_zero=113 erased=0
[GradualEraser::verify] center(287,164) rgba=(0,0,0,0)
[BrushEngine::stampEraser] cx=287.0 cy=164.0 m_eraser=0x5f7a1ec70c58
[GradualEraser::stamp] cx=287.0 cy=164.0 r=6 total=113 skipped_zero=113 erased=0
[GradualEraser::verify] center(287,164) rgba=(0,0,0,0)
[MOUSE_MOVE] drawing=true tool=1 drawing at (630.0,246.0)
[handleDrawing] tool=1 brushType=4 eraserSize=12.0 eraserOp=1.00 layer=0x5f7a2b51bd30
[BrushEngine::stampEraser] cx=287.0 cy=164.0 m_eraser=0x5f7a1ec70c58
[GradualEraser::stamp] cx=287.0 cy=164.0 r=6 total=113 skipped_zero=113 erased=0
[GradualEraser::verify] center(287,164) rgba=(0,0,0,0)
[BrushEngine::stampEraser] cx=286.0 cy=164.0 m_eraser=0x5f7a1ec70c58
[GradualEraser::stamp] cx=286.0 cy=164.0 r=6 total=113 skipped_zero=113 erased=0
[GradualEraser::verify] center(286,164) rgba=(0,0,0,0)
[BrushEngine::stampEraser] cx=286.0 cy=164.0 m_eraser=0x5f7a1ec70c58
[GradualEraser::stamp] cx=286.0 cy=164.0 r=6 total=113 skipped_zero=113 erased=0
[GradualEraser::verify] center(286,164) rgba=(0,0,0,0)
[MOUSE_MOVE] drawing=true tool=1 drawing at (629.0,248.0)
[handleDrawing] tool=1 brushType=4 eraserSize=12.0 eraserOp=1.00 layer=0x5f7a2b51bd30
[BrushEngine::stampEraser] cx=286.0 cy=164.0 m_eraser=0x5f7a1ec70c58
[GradualEraser::stamp] cx=286.0 cy=164.0 r=6 total=113 skipped_zero=113 erased=0
[GradualEraser::verify] center(286,164) rgba=(0,0,0,0)
[BrushEngine::stampEraser] cx=285.0 cy=166.0 m_eraser=0x5f7a1ec70c58
[GradualEraser::stamp] cx=285.0 cy=166.0 r=6 total=113 skipped_zero=113 erased=0
[GradualEraser::verify] center(285,166) rgba=(0,0,0,0)
[BrushEngine::stampEraser] cx=285.0 cy=166.0 m_eraser=0x5f7a1ec70c58
[GradualEraser::stamp] cx=285.0 cy=166.0 r=6 total=113 skipped_zero=113 erased=0
[GradualEraser::verify] center(285,166) rgba=(0,0,0,0)
[CANVAS_UPDATE] recompositing (frameDirty=1 canvasDirty=0)
[CANVAS_UPDATE] sample pixel (285,166): rgba=(255,101,50,255)
[MOUSE_MOVE] drawing=true tool=1 drawing at (628.0,248.0)
[handleDrawing] tool=1 brushType=4 eraserSize=12.0 eraserOp=1.00 layer=0x5f7a2b51bd30
[BrushEngine::stampEraser] cx=285.0 cy=166.0 m_eraser=0x5f7a1ec70c58
[GradualEraser::stamp] cx=285.0 cy=166.0 r=6 total=113 skipped_zero=113 erased=0
[GradualEraser::verify] center(285,166) rgba=(0,0,0,0)
[BrushEngine::stampEraser] cx=284.0 cy=166.0 m_eraser=0x5f7a1ec70c58
[GradualEraser::stamp] cx=284.0 cy=166.0 r=6 total=113 skipped_zero=113 erased=0
[GradualEraser::verify] center(284,166) rgba=(0,0,0,0)
[BrushEngine::stampEraser] cx=284.0 cy=166.0 m_eraser=0x5f7a1ec70c58
[GradualEraser::stamp] cx=284.0 cy=166.0 r=6 total=113 skipped_zero=113 erased=0
[GradualEraser::verify] center(284,166) rgba=(0,0,0,0)
[CANVAS_UPDATE] recompositing (frameDirty=1 canvasDirty=0)
[CANVAS_UPDATE] sample pixel (284,166): rgba=(255,101,50,255)
[MOUSE_MOVE] drawing=true tool=1 drawing at (628.0,249.0)
[handleDrawing] tool=1 brushType=4 eraserSize=12.0 eraserOp=1.00 layer=0x5f7a2b51bd30
[BrushEngine::stampEraser] cx=284.0 cy=166.0 m_eraser=0x5f7a1ec70c58
[GradualEraser::stamp] cx=284.0 cy=166.0 r=6 total=113 skipped_zero=113 erased=0
[GradualEraser::verify] center(284,166) rgba=(0,0,0,0)
[BrushEngine::stampEraser] cx=284.0 cy=167.0 m_eraser=0x5f7a1ec70c58
[GradualEraser::stamp] cx=284.0 cy=167.0 r=6 total=113 skipped_zero=113 erased=0
[GradualEraser::verify] center(284,167) rgba=(0,0,0,0)
[BrushEngine::stampEraser] cx=284.0 cy=167.0 m_eraser=0x5f7a1ec70c58
[GradualEraser::stamp] cx=284.0 cy=167.0 r=6 total=113 skipped_zero=113 erased=0
[GradualEraser::verify] center(284,167) rgba=(0,0,0,0)
[CANVAS_UPDATE] recompositing (frameDirty=1 canvasDirty=0)
[CANVAS_UPDATE] sample pixel (284,167): rgba=(255,101,50,255)
[MOUSE_MOVE] drawing=true tool=1 drawing at (629.0,250.0)
[handleDrawing] tool=1 brushType=4 eraserSize=12.0 eraserOp=1.00 layer=0x5f7a2b51bd30
[BrushEngine::stampEraser] cx=284.0 cy=167.0 m_eraser=0x5f7a1ec70c58
[GradualEraser::stamp] cx=284.0 cy=167.0 r=6 total=113 skipped_zero=113 erased=0
[GradualEraser::verify] center(284,167) rgba=(0,0,0,0)
[BrushEngine::stampEraser] cx=285.0 cy=168.0 m_eraser=0x5f7a1ec70c58
[GradualEraser::stamp] cx=285.0 cy=168.0 r=6 total=113 skipped_zero=113 erased=0
[GradualEraser::verify] center(285,168) rgba=(0,0,0,0)
[BrushEngine::stampEraser] cx=285.0 cy=168.0 m_eraser=0x5f7a1ec70c58
[GradualEraser::stamp] cx=285.0 cy=168.0 r=6 total=113 skipped_zero=113 erased=0
[GradualEraser::verify] center(285,168) rgba=(0,0,0,0)
[MOUSE_MOVE] drawing=true tool=1 drawing at (630.0,250.0)
[handleDrawing] tool=1 brushType=4 eraserSize=12.0 eraserOp=1.00 layer=0x5f7a2b51bd30
[BrushEngine::stampEraser] cx=285.0 cy=168.0 m_eraser=0x5f7a1ec70c58
[GradualEraser::stamp] cx=285.0 cy=168.0 r=6 total=113 skipped_zero=113 erased=0
[GradualEraser::verify] center(285,168) rgba=(0,0,0,0)
[BrushEngine::stampEraser] cx=286.0 cy=168.0 m_eraser=0x5f7a1ec70c58
[GradualEraser::stamp] cx=286.0 cy=168.0 r=6 total=113 skipped_zero=113 erased=0
[GradualEraser::verify] center(286,168) rgba=(0,0,0,0)
[BrushEngine::stampEraser] cx=286.0 cy=168.0 m_eraser=0x5f7a1ec70c58
[GradualEraser::stamp] cx=286.0 cy=168.0 r=6 total=113 skipped_zero=113 erased=0
[GradualEraser::verify] center(286,168) rgba=(0,0,0,0)
[MOUSE_MOVE] drawing=true tool=1 drawing at (631.0,251.0)
[handleDrawing] tool=1 brushType=4 eraserSize=12.0 eraserOp=1.00 layer=0x5f7a2b51bd30
[BrushEngine::stampEraser] cx=286.0 cy=168.0 m_eraser=0x5f7a1ec70c58
[GradualEraser::stamp] cx=286.0 cy=168.0 r=6 total=113 skipped_zero=113 erased=0
[GradualEraser::verify] center(286,168) rgba=(0,0,0,0)
[BrushEngine::stampEraser] cx=287.0 cy=169.0 m_eraser=0x5f7a1ec70c58
[GradualEraser::stamp] cx=287.0 cy=169.0 r=6 total=113 skipped_zero=113 erased=0
[GradualEraser::verify] center(287,169) rgba=(0,0,0,0)
[BrushEngine::stampEraser] cx=287.0 cy=169.0 m_eraser=0x5f7a1ec70c58
[GradualEraser::stamp] cx=287.0 cy=169.0 r=6 total=113 skipped_zero=113 erased=0
[GradualEraser::verify] center(287,169) rgba=(0,0,0,0)
[CANVAS_UPDATE] recompositing (frameDirty=1 canvasDirty=0)
[CANVAS_UPDATE] sample pixel (287,169): rgba=(255,101,50,255)
[MOUSE_MOVE] drawing=true tool=1 drawing at (632.0,252.0)
[handleDrawing] tool=1 brushType=4 eraserSize=12.0 eraserOp=1.00 layer=0x5f7a2b51bd30
[BrushEngine::stampEraser] cx=287.0 cy=169.0 m_eraser=0x5f7a1ec70c58
[GradualEraser::stamp] cx=287.0 cy=169.0 r=6 total=113 skipped_zero=113 erased=0
[GradualEraser::verify] center(287,169) rgba=(0,0,0,0)
[BrushEngine::stampEraser] cx=288.0 cy=170.0 m_eraser=0x5f7a1ec70c58
[GradualEraser::stamp] cx=288.0 cy=170.0 r=6 total=113 skipped_zero=113 erased=0
[GradualEraser::verify] center(288,170) rgba=(0,0,0,0)
[BrushEngine::stampEraser] cx=288.0 cy=170.0 m_eraser=0x5f7a1ec70c58
[GradualEraser::stamp] cx=288.0 cy=170.0 r=6 total=113 skipped_zero=113 erased=0
[GradualEraser::verify] center(288,170) rgba=(0,0,0,0)
[MOUSE_MOVE] drawing=true tool=1 drawing at (633.0,252.0)
[handleDrawing] tool=1 brushType=4 eraserSize=12.0 eraserOp=1.00 layer=0x5f7a2b51bd30
[BrushEngine::stampEraser] cx=288.0 cy=170.0 m_eraser=0x5f7a1ec70c58
[GradualEraser::stamp] cx=288.0 cy=170.0 r=6 total=113 skipped_zero=113 erased=0
[GradualEraser::verify] center(288,170) rgba=(0,0,0,0)
[BrushEngine::stampEraser] cx=289.0 cy=170.0 m_eraser=0x5f7a1ec70c58
[GradualEraser::stamp] cx=289.0 cy=170.0 r=6 total=113 skipped_zero=113 erased=0
[GradualEraser::verify] center(289,170) rgba=(0,0,0,0)
[BrushEngine::stampEraser] cx=289.0 cy=170.0 m_eraser=0x5f7a1ec70c58
[GradualEraser::stamp] cx=289.0 cy=170.0 r=6 total=113 skipped_zero=113 erased=0
[GradualEraser::verify] center(289,170) rgba=(0,0,0,0)
[MOUSE_MOVE] drawing=true tool=1 drawing at (634.0,253.0)
[handleDrawing] tool=1 brushType=4 eraserSize=12.0 eraserOp=1.00 layer=0x5f7a2b51bd30
[BrushEngine::stampEraser] cx=289.0 cy=170.0 m_eraser=0x5f7a1ec70c58
[GradualEraser::stamp] cx=289.0 cy=170.0 r=6 total=113 skipped_zero=113 erased=0
[GradualEraser::verify] center(289,170) rgba=(0,0,0,0)
[BrushEngine::stampEraser] cx=290.0 cy=171.0 m_eraser=0x5f7a1ec70c58
[GradualEraser::stamp] cx=290.0 cy=171.0 r=6 total=113 skipped_zero=113 erased=0
[GradualEraser::verify] center(290,171) rgba=(0,0,0,0)
[BrushEngine::stampEraser] cx=290.0 cy=171.0 m_eraser=0x5f7a1ec70c58
[GradualEraser::stamp] cx=290.0 cy=171.0 r=6 total=113 skipped_zero=113 erased=0
[GradualEraser::verify] center(290,171) rgba=(0,0,0,0)
[MOUSE_MOVE] drawing=true tool=1 drawing at (635.0,253.0)
[handleDrawing] tool=1 brushType=4 eraserSize=12.0 eraserOp=1.00 layer=0x5f7a2b51bd30
[BrushEngine::stampEraser] cx=290.0 cy=171.0 m_eraser=0x5f7a1ec70c58
[GradualEraser::stamp] cx=290.0 cy=171.0 r=6 total=113 skipped_zero=113 erased=0
[GradualEraser::verify] center(290,171) rgba=(0,0,0,0)
[BrushEngine::stampEraser] cx=291.0 cy=171.0 m_eraser=0x5f7a1ec70c58
[GradualEraser::stamp] cx=291.0 cy=171.0 r=6 total=113 skipped_zero=113 erased=0
[GradualEraser::verify] center(291,171) rgba=(0,0,0,0)
[BrushEngine::stampEraser] cx=291.0 cy=171.0 m_eraser=0x5f7a1ec70c58
[GradualEraser::stamp] cx=291.0 cy=171.0 r=6 total=113 skipped_zero=113 erased=0
[GradualEraser::verify] center(291,171) rgba=(0,0,0,0)
[MOUSE_MOVE] drawing=true tool=1 drawing at (637.0,254.0)
[handleDrawing] tool=1 brushType=4 eraserSize=12.0 eraserOp=1.00 layer=0x5f7a2b51bd30
[BrushEngine::stampEraser] cx=291.0 cy=171.0 m_eraser=0x5f7a1ec70c58
[GradualEraser::stamp] cx=291.0 cy=171.0 r=6 total=113 skipped_zero=113 erased=0
[GradualEraser::verify] center(291,171) rgba=(0,0,0,0)
[BrushEngine::stampEraser] cx=293.0 cy=172.0 m_eraser=0x5f7a1ec70c58
[GradualEraser::stamp] cx=293.0 cy=172.0 r=6 total=113 skipped_zero=113 erased=0
[GradualEraser::verify] center(293,172) rgba=(0,0,0,0)
[BrushEngine::stampEraser] cx=293.0 cy=172.0 m_eraser=0x5f7a1ec70c58
[GradualEraser::stamp] cx=293.0 cy=172.0 r=6 total=113 skipped_zero=113 erased=0
[GradualEraser::verify] center(293,172) rgba=(0,0,0,0)
[CANVAS_UPDATE] recompositing (frameDirty=1 canvasDirty=0)
[CANVAS_UPDATE] sample pixel (293,172): rgba=(0,0,0,0)
[MOUSE_MOVE] drawing=true tool=1 drawing at (638.0,254.0)
[handleDrawing] tool=1 brushType=4 eraserSize=12.0 eraserOp=1.00 layer=0x5f7a2b51bd30
[BrushEngine::stampEraser] cx=293.0 cy=172.0 m_eraser=0x5f7a1ec70c58
[GradualEraser::stamp] cx=293.0 cy=172.0 r=6 total=113 skipped_zero=113 erased=0
[GradualEraser::verify] center(293,172) rgba=(0,0,0,0)
[BrushEngine::stampEraser] cx=294.0 cy=172.0 m_eraser=0x5f7a1ec70c58
[GradualEraser::stamp] cx=294.0 cy=172.0 r=6 total=113 skipped_zero=113 erased=0
[GradualEraser::verify] center(294,172) rgba=(0,0,0,0)
[BrushEngine::stampEraser] cx=294.0 cy=172.0 m_eraser=0x5f7a1ec70c58
[GradualEraser::stamp] cx=294.0 cy=172.0 r=6 total=113 skipped_zero=113 erased=0
[GradualEraser::verify] center(294,172) rgba=(0,0,0,0)
[MOUSE_MOVE] drawing=true tool=1 drawing at (639.0,254.0)
[handleDrawing] tool=1 brushType=4 eraserSize=12.0 eraserOp=1.00 layer=0x5f7a2b51bd30
[BrushEngine::stampEraser] cx=294.0 cy=172.0 m_eraser=0x5f7a1ec70c58
[GradualEraser::stamp] cx=294.0 cy=172.0 r=6 total=113 skipped_zero=113 erased=0
[GradualEraser::verify] center(294,172) rgba=(0,0,0,0)
[BrushEngine::stampEraser] cx=295.0 cy=172.0 m_eraser=0x5f7a1ec70c58
[GradualEraser::stamp] cx=295.0 cy=172.0 r=6 total=113 skipped_zero=113 erased=0
[GradualEraser::verify] center(295,172) rgba=(0,0,0,0)
[BrushEngine::stampEraser] cx=295.0 cy=172.0 m_eraser=0x5f7a1ec70c58
[GradualEraser::stamp] cx=295.0 cy=172.0 r=6 total=113 skipped_zero=113 erased=0
[GradualEraser::verify] center(295,172) rgba=(0,0,0,0)
[MOUSE_MOVE] drawing=true tool=1 drawing at (640.0,254.0)
[handleDrawing] tool=1 brushType=4 eraserSize=12.0 eraserOp=1.00 layer=0x5f7a2b51bd30
[BrushEngine::stampEraser] cx=295.0 cy=172.0 m_eraser=0x5f7a1ec70c58
[GradualEraser::stamp] cx=295.0 cy=172.0 r=6 total=113 skipped_zero=113 erased=0
[GradualEraser::verify] center(295,172) rgba=(0,0,0,0)
[BrushEngine::stampEraser] cx=296.0 cy=172.0 m_eraser=0x5f7a1ec70c58
[GradualEraser::stamp] cx=296.0 cy=172.0 r=6 total=113 skipped_zero=113 erased=0
[GradualEraser::verify] center(296,172) rgba=(0,0,0,0)
[BrushEngine::stampEraser] cx=296.0 cy=172.0 m_eraser=0x5f7a1ec70c58
[GradualEraser::stamp] cx=296.0 cy=172.0 r=6 total=113 skipped_zero=113 erased=0
[GradualEraser::verify] center(296,172) rgba=(0,0,0,0)
[MOUSE_MOVE] drawing=true tool=1 drawing at (642.0,255.0)
[handleDrawing] tool=1 brushType=4 eraserSize=12.0 eraserOp=1.00 layer=0x5f7a2b51bd30
[BrushEngine::stampEraser] cx=296.0 cy=172.0 m_eraser=0x5f7a1ec70c58
[GradualEraser::stamp] cx=296.0 cy=172.0 r=6 total=113 skipped_zero=113 erased=0
[GradualEraser::verify] center(296,172) rgba=(0,0,0,0)
[BrushEngine::stampEraser] cx=298.0 cy=173.0 m_eraser=0x5f7a1ec70c58
[GradualEraser::stamp] cx=298.0 cy=173.0 r=6 total=113 skipped_zero=113 erased=0
[GradualEraser::verify] center(298,173) rgba=(0,0,0,0)
[BrushEngine::stampEraser] cx=298.0 cy=173.0 m_eraser=0x5f7a1ec70c58
[GradualEraser::stamp] cx=298.0 cy=173.0 r=6 total=113 skipped_zero=113 erased=0
[GradualEraser::verify] center(298,173) rgba=(0,0,0,0)
[CANVAS_UPDATE] recompositing (frameDirty=1 canvasDirty=0)
[CANVAS_UPDATE] sample pixel (298,173): rgba=(0,0,0,0)
[MOUSE_MOVE] drawing=true tool=1 drawing at (643.0,255.0)
[handleDrawing] tool=1 brushType=4 eraserSize=12.0 eraserOp=1.00 layer=0x5f7a2b51bd30
[BrushEngine::stampEraser] cx=298.0 cy=173.0 m_eraser=0x5f7a1ec70c58
[GradualEraser::stamp] cx=298.0 cy=173.0 r=6 total=113 skipped_zero=113 erased=0
[GradualEraser::verify] center(298,173) rgba=(0,0,0,0)
[BrushEngine::stampEraser] cx=299.0 cy=173.0 m_eraser=0x5f7a1ec70c58
[GradualEraser::stamp] cx=299.0 cy=173.0 r=6 total=113 skipped_zero=113 erased=0
[GradualEraser::verify] center(299,173) rgba=(0,0,0,0)
[BrushEngine::stampEraser] cx=299.0 cy=173.0 m_eraser=0x5f7a1ec70c58
[GradualEraser::stamp] cx=299.0 cy=173.0 r=6 total=113 skipped_zero=113 erased=0
[GradualEraser::verify] center(299,173) rgba=(0,0,0,0)
[MOUSE_MOVE] drawing=true tool=1 drawing at (644.0,255.0)
[handleDrawing] tool=1 brushType=4 eraserSize=12.0 eraserOp=1.00 layer=0x5f7a2b51bd30
[BrushEngine::stampEraser] cx=299.0 cy=173.0 m_eraser=0x5f7a1ec70c58
[GradualEraser::stamp] cx=299.0 cy=173.0 r=6 total=113 skipped_zero=113 erased=0
[GradualEraser::verify] center(299,173) rgba=(0,0,0,0)
[BrushEngine::stampEraser] cx=300.0 cy=173.0 m_eraser=0x5f7a1ec70c58
[GradualEraser::stamp] cx=300.0 cy=173.0 r=6 total=113 skipped_zero=113 erased=0
[GradualEraser::verify] center(300,173) rgba=(0,0,0,0)
[BrushEngine::stampEraser] cx=300.0 cy=173.0 m_eraser=0x5f7a1ec70c58
[GradualEraser::stamp] cx=300.0 cy=173.0 r=6 total=113 skipped_zero=113 erased=0
[GradualEraser::verify] center(300,173) rgba=(0,0,0,0)
[MOUSE_MOVE] drawing=true tool=1 drawing at (645.0,255.0)
[handleDrawing] tool=1 brushType=4 eraserSize=12.0 eraserOp=1.00 layer=0x5f7a2b51bd30
[BrushEngine::stampEraser] cx=300.0 cy=173.0 m_eraser=0x5f7a1ec70c58
[GradualEraser::stamp] cx=300.0 cy=173.0 r=6 total=113 skipped_zero=113 erased=0
[GradualEraser::verify] center(300,173) rgba=(0,0,0,0)
[BrushEngine::stampEraser] cx=301.0 cy=173.0 m_eraser=0x5f7a1ec70c58
[GradualEraser::stamp] cx=301.0 cy=173.0 r=6 total=113 skipped_zero=113 erased=0
[GradualEraser::verify] center(301,173) rgba=(0,0,0,0)
[BrushEngine::stampEraser] cx=301.0 cy=173.0 m_eraser=0x5f7a1ec70c58
[GradualEraser::stamp] cx=301.0 cy=173.0 r=6 total=113 skipped_zero=113 erased=0
[GradualEraser::verify] center(301,173) rgba=(0,0,0,0)
[MOUSE_MOVE] drawing=true tool=1 drawing at (646.0,255.0)
[handleDrawing] tool=1 brushType=4 eraserSize=12.0 eraserOp=1.00 layer=0x5f7a2b51bd30
[BrushEngine::stampEraser] cx=301.0 cy=173.0 m_eraser=0x5f7a1ec70c58
[GradualEraser::stamp] cx=301.0 cy=173.0 r=6 total=113 skipped_zero=113 erased=0
[GradualEraser::verify] center(301,173) rgba=(0,0,0,0)
[BrushEngine::stampEraser] cx=302.0 cy=173.0 m_eraser=0x5f7a1ec70c58
[GradualEraser::stamp] cx=302.0 cy=173.0 r=6 total=113 skipped_zero=112 erased=1
[GradualEraser::verify] center(302,173) rgba=(0,0,0,0)
[BrushEngine::stampEraser] cx=302.0 cy=173.0 m_eraser=0x5f7a1ec70c58
[GradualEraser::stamp] cx=302.0 cy=173.0 r=6 total=113 skipped_zero=113 erased=0
[GradualEraser::verify] center(302,173) rgba=(0,0,0,0)
[MOUSE_MOVE] drawing=true tool=1 drawing at (647.0,255.0)
[handleDrawing] tool=1 brushType=4 eraserSize=12.0 eraserOp=1.00 layer=0x5f7a2b51bd30
[BrushEngine::stampEraser] cx=302.0 cy=173.0 m_eraser=0x5f7a1ec70c58
[GradualEraser::stamp] cx=302.0 cy=173.0 r=6 total=113 skipped_zero=113 erased=0
[GradualEraser::verify] center(302,173) rgba=(0,0,0,0)
[BrushEngine::stampEraser] cx=303.0 cy=173.0 m_eraser=0x5f7a1ec70c58
[GradualEraser::stamp] cx=303.0 cy=173.0 r=6 total=113 skipped_zero=113 erased=0
[GradualEraser::verify] center(303,173) rgba=(0,0,0,0)
[BrushEngine::stampEraser] cx=303.0 cy=173.0 m_eraser=0x5f7a1ec70c58
[GradualEraser::stamp] cx=303.0 cy=173.0 r=6 total=113 skipped_zero=113 erased=0
[GradualEraser::verify] center(303,173) rgba=(0,0,0,0)
[CANVAS_UPDATE] recompositing (frameDirty=1 canvasDirty=0)
[CANVAS_UPDATE] sample pixel (303,173): rgba=(0,0,0,0)
[MOUSE_MOVE] drawing=true tool=1 drawing at (648.0,255.0)
[handleDrawing] tool=1 brushType=4 eraserSize=12.0 eraserOp=1.00 layer=0x5f7a2b51bd30
[BrushEngine::stampEraser] cx=303.0 cy=173.0 m_eraser=0x5f7a1ec70c58
[GradualEraser::stamp] cx=303.0 cy=173.0 r=6 total=113 skipped_zero=113 erased=0
[GradualEraser::verify] center(303,173) rgba=(0,0,0,0)
[BrushEngine::stampEraser] cx=304.0 cy=173.0 m_eraser=0x5f7a1ec70c58
[GradualEraser::stamp] cx=304.0 cy=173.0 r=6 total=113 skipped_zero=112 erased=1
[GradualEraser::verify] center(304,173) rgba=(0,0,0,0)
[BrushEngine::stampEraser] cx=304.0 cy=173.0 m_eraser=0x5f7a1ec70c58
[GradualEraser::stamp] cx=304.0 cy=173.0 r=6 total=113 skipped_zero=113 erased=0
[GradualEraser::verify] center(304,173) rgba=(0,0,0,0)
[MOUSE_MOVE] drawing=true tool=1 drawing at (649.0,255.0)
[handleDrawing] tool=1 brushType=4 eraserSize=12.0 eraserOp=1.00 layer=0x5f7a2b51bd30
[BrushEngine::stampEraser] cx=304.0 cy=173.0 m_eraser=0x5f7a1ec70c58
[GradualEraser::stamp] cx=304.0 cy=173.0 r=6 total=113 skipped_zero=113 erased=0
[GradualEraser::verify] center(304,173) rgba=(0,0,0,0)
[BrushEngine::stampEraser] cx=305.0 cy=173.0 m_eraser=0x5f7a1ec70c58
[GradualEraser::stamp] cx=305.0 cy=173.0 r=6 total=113 skipped_zero=112 erased=1
[GradualEraser::verify] center(305,173) rgba=(0,0,0,0)
[BrushEngine::stampEraser] cx=305.0 cy=173.0 m_eraser=0x5f7a1ec70c58
[GradualEraser::stamp] cx=305.0 cy=173.0 r=6 total=113 skipped_zero=113 erased=0
[GradualEraser::verify] center(305,173) rgba=(0,0,0,0)
[MOUSE_MOVE] drawing=true tool=1 drawing at (650.0,255.0)
[handleDrawing] tool=1 brushType=4 eraserSize=12.0 eraserOp=1.00 layer=0x5f7a2b51bd30
[BrushEngine::stampEraser] cx=305.0 cy=173.0 m_eraser=0x5f7a1ec70c58
[GradualEraser::stamp] cx=305.0 cy=173.0 r=6 total=113 skipped_zero=113 erased=0
[GradualEraser::verify] center(305,173) rgba=(0,0,0,0)
[BrushEngine::stampEraser] cx=306.0 cy=173.0 m_eraser=0x5f7a1ec70c58
[GradualEraser::stamp] cx=306.0 cy=173.0 r=6 total=113 skipped_zero=113 erased=0
[GradualEraser::verify] center(306,173) rgba=(0,0,0,0)
[BrushEngine::stampEraser] cx=306.0 cy=173.0 m_eraser=0x5f7a1ec70c58
[GradualEraser::stamp] cx=306.0 cy=173.0 r=6 total=113 skipped_zero=113 erased=0
[GradualEraser::verify] center(306,173) rgba=(0,0,0,0)
[MOUSE_MOVE] drawing=true tool=1 drawing at (651.0,255.0)
[handleDrawing] tool=1 brushType=4 eraserSize=12.0 eraserOp=1.00 layer=0x5f7a2b51bd30
[BrushEngine::stampEraser] cx=306.0 cy=173.0 m_eraser=0x5f7a1ec70c58
[GradualEraser::stamp] cx=306.0 cy=173.0 r=6 total=113 skipped_zero=113 erased=0
[GradualEraser::verify] center(306,173) rgba=(0,0,0,0)
[BrushEngine::stampEraser] cx=307.0 cy=173.0 m_eraser=0x5f7a1ec70c58
[GradualEraser::stamp] cx=307.0 cy=173.0 r=6 total=113 skipped_zero=112 erased=1
[GradualEraser::verify] center(307,173) rgba=(0,0,0,0)
[BrushEngine::stampEraser] cx=307.0 cy=173.0 m_eraser=0x5f7a1ec70c58
[GradualEraser::stamp] cx=307.0 cy=173.0 r=6 total=113 skipped_zero=113 erased=0
[GradualEraser::verify] center(307,173) rgba=(0,0,0,0)
[MOUSE_MOVE] drawing=true tool=1 drawing at (652.0,255.0)
[handleDrawing] tool=1 brushType=4 eraserSize=12.0 eraserOp=1.00 layer=0x5f7a2b51bd30
[BrushEngine::stampEraser] cx=307.0 cy=173.0 m_eraser=0x5f7a1ec70c58
[GradualEraser::stamp] cx=307.0 cy=173.0 r=6 total=113 skipped_zero=113 erased=0
[GradualEraser::verify] center(307,173) rgba=(0,0,0,0)
[BrushEngine::stampEraser] cx=308.0 cy=173.0 m_eraser=0x5f7a1ec70c58
[GradualEraser::stamp] cx=308.0 cy=173.0 r=6 total=113 skipped_zero=112 erased=1
[GradualEraser::verify] center(308,173) rgba=(0,0,0,0)
[BrushEngine::stampEraser] cx=308.0 cy=173.0 m_eraser=0x5f7a1ec70c58
[GradualEraser::stamp] cx=308.0 cy=173.0 r=6 total=113 skipped_zero=113 erased=0
[GradualEraser::verify] center(308,173) rgba=(0,0,0,0)
[CANVAS_UPDATE] recompositing (frameDirty=1 canvasDirty=0)
[CANVAS_UPDATE] sample pixel (308,173): rgba=(0,0,0,0)
[MOUSE_MOVE] drawing=true tool=1 drawing at (653.0,255.0)
[handleDrawing] tool=1 brushType=4 eraserSize=12.0 eraserOp=1.00 layer=0x5f7a2b51bd30
[BrushEngine::stampEraser] cx=308.0 cy=173.0 m_eraser=0x5f7a1ec70c58
[GradualEraser::stamp] cx=308.0 cy=173.0 r=6 total=113 skipped_zero=113 erased=0
[GradualEraser::verify] center(308,173) rgba=(0,0,0,0)
[BrushEngine::stampEraser] cx=309.0 cy=173.0 m_eraser=0x5f7a1ec70c58
[GradualEraser::stamp] cx=309.0 cy=173.0 r=6 total=113 skipped_zero=112 erased=1
[GradualEraser::verify] center(309,173) rgba=(0,0,0,0)
[BrushEngine::stampEraser] cx=309.0 cy=173.0 m_eraser=0x5f7a1ec70c58
[GradualEraser::stamp] cx=309.0 cy=173.0 r=6 total=113 skipped_zero=113 erased=0
[GradualEraser::verify] center(309,173) rgba=(0,0,0,0)
[MOUSE_MOVE] drawing=true tool=1 drawing at (654.0,255.0)
[handleDrawing] tool=1 brushType=4 eraserSize=12.0 eraserOp=1.00 layer=0x5f7a2b51bd30
[BrushEngine::stampEraser] cx=309.0 cy=173.0 m_eraser=0x5f7a1ec70c58
[GradualEraser::stamp] cx=309.0 cy=173.0 r=6 total=113 skipped_zero=113 erased=0
[GradualEraser::verify] center(309,173) rgba=(0,0,0,0)
[BrushEngine::stampEraser] cx=310.0 cy=173.0 m_eraser=0x5f7a1ec70c58
[GradualEraser::stamp] cx=310.0 cy=173.0 r=6 total=113 skipped_zero=112 erased=1
[GradualEraser::verify] center(310,173) rgba=(0,0,0,0)
[BrushEngine::stampEraser] cx=310.0 cy=173.0 m_eraser=0x5f7a1ec70c58
[GradualEraser::stamp] cx=310.0 cy=173.0 r=6 total=113 skipped_zero=113 erased=0
[GradualEraser::verify] center(310,173) rgba=(0,0,0,0)
[CANVAS_UPDATE] recompositing (frameDirty=1 canvasDirty=0)
[CANVAS_UPDATE] sample pixel (310,173): rgba=(0,0,0,0)
[MOUSE_MOVE] drawing=true tool=1 drawing at (654.0,254.0)
[handleDrawing] tool=1 brushType=4 eraserSize=12.0 eraserOp=1.00 layer=0x5f7a2b51bd30
[BrushEngine::stampEraser] cx=310.0 cy=173.0 m_eraser=0x5f7a1ec70c58
[GradualEraser::stamp] cx=310.0 cy=173.0 r=6 total=113 skipped_zero=113 erased=0
[GradualEraser::verify] center(310,173) rgba=(0,0,0,0)
[BrushEngine::stampEraser] cx=310.0 cy=172.0 m_eraser=0x5f7a1ec70c58
[GradualEraser::stamp] cx=310.0 cy=172.0 r=6 total=113 skipped_zero=112 erased=1
[GradualEraser::verify] center(310,172) rgba=(0,0,0,0)
[BrushEngine::stampEraser] cx=310.0 cy=172.0 m_eraser=0x5f7a1ec70c58
[GradualEraser::stamp] cx=310.0 cy=172.0 r=6 total=113 skipped_zero=113 erased=0
[GradualEraser::verify] center(310,172) rgba=(0,0,0,0)
[CANVAS_UPDATE] recompositing (frameDirty=1 canvasDirty=0)
[CANVAS_UPDATE] sample pixel (310,172): rgba=(0,0,0,0)
[MOUSE_MOVE] drawing=true tool=1 drawing at (653.0,254.0)
[handleDrawing] tool=1 brushType=4 eraserSize=12.0 eraserOp=1.00 layer=0x5f7a2b51bd30
[BrushEngine::stampEraser] cx=310.0 cy=172.0 m_eraser=0x5f7a1ec70c58
[GradualEraser::stamp] cx=310.0 cy=172.0 r=6 total=113 skipped_zero=113 erased=0
[GradualEraser::verify] center(310,172) rgba=(0,0,0,0)
[BrushEngine::stampEraser] cx=309.0 cy=172.0 m_eraser=0x5f7a1ec70c58
[GradualEraser::stamp] cx=309.0 cy=172.0 r=6 total=113 skipped_zero=112 erased=1
[GradualEraser::verify] center(309,172) rgba=(0,0,0,0)
[BrushEngine::stampEraser] cx=309.0 cy=172.0 m_eraser=0x5f7a1ec70c58
[GradualEraser::stamp] cx=309.0 cy=172.0 r=6 total=113 skipped_zero=113 erased=0
[GradualEraser::verify] center(309,172) rgba=(0,0,0,0)
[CANVAS_UPDATE] recompositing (frameDirty=1 canvasDirty=0)
[CANVAS_UPDATE] sample pixel (309,172): rgba=(0,0,0,0)
[MOUSE_MOVE] drawing=true tool=1 drawing at (651.0,253.0)
[handleDrawing] tool=1 brushType=4 eraserSize=12.0 eraserOp=1.00 layer=0x5f7a2b51bd30
[BrushEngine::stampEraser] cx=309.0 cy=172.0 m_eraser=0x5f7a1ec70c58
[GradualEraser::stamp] cx=309.0 cy=172.0 r=6 total=113 skipped_zero=113 erased=0
[GradualEraser::verify] center(309,172) rgba=(0,0,0,0)
[BrushEngine::stampEraser] cx=307.0 cy=171.0 m_eraser=0x5f7a1ec70c58
[GradualEraser::stamp] cx=307.0 cy=171.0 r=6 total=113 skipped_zero=110 erased=3
[GradualEraser::verify] center(307,171) rgba=(0,0,0,0)
[BrushEngine::stampEraser] cx=307.0 cy=171.0 m_eraser=0x5f7a1ec70c58
[GradualEraser::stamp] cx=307.0 cy=171.0 r=6 total=113 skipped_zero=113 erased=0
[GradualEraser::verify] center(307,171) rgba=(0,0,0,0)
[MOUSE_MOVE] drawing=true tool=1 drawing at (650.0,253.0)
[handleDrawing] tool=1 brushType=4 eraserSize=12.0 eraserOp=1.00 layer=0x5f7a2b51bd30
[BrushEngine::stampEraser] cx=307.0 cy=171.0 m_eraser=0x5f7a1ec70c58
[GradualEraser::stamp] cx=307.0 cy=171.0 r=6 total=113 skipped_zero=113 erased=0
[GradualEraser::verify] center(307,171) rgba=(0,0,0,0)
[BrushEngine::stampEraser] cx=306.0 cy=171.0 m_eraser=0x5f7a1ec70c58
[GradualEraser::stamp] cx=306.0 cy=171.0 r=6 total=113 skipped_zero=112 erased=1
[GradualEraser::verify] center(306,171) rgba=(0,0,0,0)
[BrushEngine::stampEraser] cx=306.0 cy=171.0 m_eraser=0x5f7a1ec70c58
[GradualEraser::stamp] cx=306.0 cy=171.0 r=6 total=113 skipped_zero=113 erased=0
[GradualEraser::verify] center(306,171) rgba=(0,0,0,0)
[MOUSE_MOVE] drawing=true tool=1 drawing at (648.0,252.0)
[handleDrawing] tool=1 brushType=4 eraserSize=12.0 eraserOp=1.00 layer=0x5f7a2b51bd30
[BrushEngine::stampEraser] cx=306.0 cy=171.0 m_eraser=0x5f7a1ec70c58
[GradualEraser::stamp] cx=306.0 cy=171.0 r=6 total=113 skipped_zero=113 erased=0
[GradualEraser::verify] center(306,171) rgba=(0,0,0,0)
[BrushEngine::stampEraser] cx=304.0 cy=170.0 m_eraser=0x5f7a1ec70c58
[GradualEraser::stamp] cx=304.0 cy=170.0 r=6 total=113 skipped_zero=113 erased=0
[GradualEraser::verify] center(304,170) rgba=(0,0,0,0)
[BrushEngine::stampEraser] cx=304.0 cy=170.0 m_eraser=0x5f7a1ec70c58
[GradualEraser::stamp] cx=304.0 cy=170.0 r=6 total=113 skipped_zero=113 erased=0
[GradualEraser::verify] center(304,170) rgba=(0,0,0,0)
[MOUSE_MOVE] drawing=true tool=1 drawing at (647.0,252.0)
[handleDrawing] tool=1 brushType=4 eraserSize=12.0 eraserOp=1.00 layer=0x5f7a2b51bd30
[BrushEngine::stampEraser] cx=304.0 cy=170.0 m_eraser=0x5f7a1ec70c58
[GradualEraser::stamp] cx=304.0 cy=170.0 r=6 total=113 skipped_zero=113 erased=0
[GradualEraser::verify] center(304,170) rgba=(0,0,0,0)
[BrushEngine::stampEraser] cx=303.0 cy=170.0 m_eraser=0x5f7a1ec70c58
[GradualEraser::stamp] cx=303.0 cy=170.0 r=6 total=113 skipped_zero=113 erased=0
[GradualEraser::verify] center(303,170) rgba=(0,0,0,0)
[BrushEngine::stampEraser] cx=303.0 cy=170.0 m_eraser=0x5f7a1ec70c58
[GradualEraser::stamp] cx=303.0 cy=170.0 r=6 total=113 skipped_zero=113 erased=0
[GradualEraser::verify] center(303,170) rgba=(0,0,0,0)
[MOUSE_MOVE] drawing=true tool=1 drawing at (645.0,252.0)
[handleDrawing] tool=1 brushType=4 eraserSize=12.0 eraserOp=1.00 layer=0x5f7a2b51bd30
[BrushEngine::stampEraser] cx=303.0 cy=170.0 m_eraser=0x5f7a1ec70c58
[GradualEraser::stamp] cx=303.0 cy=170.0 r=6 total=113 skipped_zero=113 erased=0
[GradualEraser::verify] center(303,170) rgba=(0,0,0,0)
[BrushEngine::stampEraser] cx=301.0 cy=170.0 m_eraser=0x5f7a1ec70c58
[GradualEraser::stamp] cx=301.0 cy=170.0 r=6 total=113 skipped_zero=113 erased=0
[GradualEraser::verify] center(301,170) rgba=(0,0,0,0)
[BrushEngine::stampEraser] cx=301.0 cy=170.0 m_eraser=0x5f7a1ec70c58
[GradualEraser::stamp] cx=301.0 cy=170.0 r=6 total=113 skipped_zero=113 erased=0
[GradualEraser::verify] center(301,170) rgba=(0,0,0,0)
[MOUSE_MOVE] drawing=true tool=1 drawing at (644.0,252.0)
[handleDrawing] tool=1 brushType=4 eraserSize=12.0 eraserOp=1.00 layer=0x5f7a2b51bd30
[BrushEngine::stampEraser] cx=301.0 cy=170.0 m_eraser=0x5f7a1ec70c58
[GradualEraser::stamp] cx=301.0 cy=170.0 r=6 total=113 skipped_zero=113 erased=0
[GradualEraser::verify] center(301,170) rgba=(0,0,0,0)
[BrushEngine::stampEraser] cx=300.0 cy=170.0 m_eraser=0x5f7a1ec70c58
[GradualEraser::stamp] cx=300.0 cy=170.0 r=6 total=113 skipped_zero=113 erased=0
[GradualEraser::verify] center(300,170) rgba=(0,0,0,0)
[BrushEngine::stampEraser] cx=300.0 cy=170.0 m_eraser=0x5f7a1ec70c58
[GradualEraser::stamp] cx=300.0 cy=170.0 r=6 total=113 skipped_zero=113 erased=0
[GradualEraser::verify] center(300,170) rgba=(0,0,0,0)
[MOUSE_MOVE] drawing=true tool=1 drawing at (643.0,252.0)
[handleDrawing] tool=1 brushType=4 eraserSize=12.0 eraserOp=1.00 layer=0x5f7a2b51bd30
[BrushEngine::stampEraser] cx=300.0 cy=170.0 m_eraser=0x5f7a1ec70c58
[GradualEraser::stamp] cx=300.0 cy=170.0 r=6 total=113 skipped_zero=113 erased=0
[GradualEraser::verify] center(300,170) rgba=(0,0,0,0)
[BrushEngine::stampEraser] cx=299.0 cy=170.0 m_eraser=0x5f7a1ec70c58
[GradualEraser::stamp] cx=299.0 cy=170.0 r=6 total=113 skipped_zero=113 erased=0
[GradualEraser::verify] center(299,170) rgba=(0,0,0,0)
[BrushEngine::stampEraser] cx=299.0 cy=170.0 m_eraser=0x5f7a1ec70c58
[GradualEraser::stamp] cx=299.0 cy=170.0 r=6 total=113 skipped_zero=113 erased=0
[GradualEraser::verify] center(299,170) rgba=(0,0,0,0)
[MOUSE_MOVE] drawing=true tool=1 drawing at (642.0,252.0)
[handleDrawing] tool=1 brushType=4 eraserSize=12.0 eraserOp=1.00 layer=0x5f7a2b51bd30
[BrushEngine::stampEraser] cx=299.0 cy=170.0 m_eraser=0x5f7a1ec70c58
[GradualEraser::stamp] cx=299.0 cy=170.0 r=6 total=113 skipped_zero=113 erased=0
[GradualEraser::verify] center(299,170) rgba=(0,0,0,0)
[BrushEngine::stampEraser] cx=298.0 cy=170.0 m_eraser=0x5f7a1ec70c58
[GradualEraser::stamp] cx=298.0 cy=170.0 r=6 total=113 skipped_zero=113 erased=0
[GradualEraser::verify] center(298,170) rgba=(0,0,0,0)
[BrushEngine::stampEraser] cx=298.0 cy=170.0 m_eraser=0x5f7a1ec70c58
[GradualEraser::stamp] cx=298.0 cy=170.0 r=6 total=113 skipped_zero=113 erased=0
[GradualEraser::verify] center(298,170) rgba=(0,0,0,0)
[CANVAS_UPDATE] recompositing (frameDirty=1 canvasDirty=0)
[CANVAS_UPDATE] sample pixel (298,170): rgba=(0,0,0,0)
[MOUSE_MOVE] drawing=true tool=1 drawing at (639.0,252.0)
[handleDrawing] tool=1 brushType=4 eraserSize=12.0 eraserOp=1.00 layer=0x5f7a2b51bd30
[BrushEngine::stampEraser] cx=298.0 cy=170.0 m_eraser=0x5f7a1ec70c58
[GradualEraser::stamp] cx=298.0 cy=170.0 r=6 total=113 skipped_zero=113 erased=0
[GradualEraser::verify] center(298,170) rgba=(0,0,0,0)
[BrushEngine::stampEraser] cx=295.0 cy=170.0 m_eraser=0x5f7a1ec70c58
[GradualEraser::stamp] cx=295.0 cy=170.0 r=6 total=113 skipped_zero=113 erased=0
[GradualEraser::verify] center(295,170) rgba=(0,0,0,0)
[BrushEngine::stampEraser] cx=295.0 cy=170.0 m_eraser=0x5f7a1ec70c58
[GradualEraser::stamp] cx=295.0 cy=170.0 r=6 total=113 skipped_zero=113 erased=0
[GradualEraser::verify] center(295,170) rgba=(0,0,0,0)
[MOUSE_MOVE] drawing=true tool=1 drawing at (638.0,252.0)
[handleDrawing] tool=1 brushType=4 eraserSize=12.0 eraserOp=1.00 layer=0x5f7a2b51bd30
[BrushEngine::stampEraser] cx=295.0 cy=170.0 m_eraser=0x5f7a1ec70c58
[GradualEraser::stamp] cx=295.0 cy=170.0 r=6 total=113 skipped_zero=113 erased=0
[GradualEraser::verify] center(295,170) rgba=(0,0,0,0)
[BrushEngine::stampEraser] cx=294.0 cy=170.0 m_eraser=0x5f7a1ec70c58
[GradualEraser::stamp] cx=294.0 cy=170.0 r=6 total=113 skipped_zero=113 erased=0
[GradualEraser::verify] center(294,170) rgba=(0,0,0,0)
[BrushEngine::stampEraser] cx=294.0 cy=170.0 m_eraser=0x5f7a1ec70c58
[GradualEraser::stamp] cx=294.0 cy=170.0 r=6 total=113 skipped_zero=113 erased=0
[GradualEraser::verify] center(294,170) rgba=(0,0,0,0)
[MOUSE_MOVE] drawing=true tool=1 drawing at (637.0,252.0)
[handleDrawing] tool=1 brushType=4 eraserSize=12.0 eraserOp=1.00 layer=0x5f7a2b51bd30
[BrushEngine::stampEraser] cx=294.0 cy=170.0 m_eraser=0x5f7a1ec70c58
[GradualEraser::stamp] cx=294.0 cy=170.0 r=6 total=113 skipped_zero=113 erased=0
[GradualEraser::verify] center(294,170) rgba=(0,0,0,0)
[BrushEngine::stampEraser] cx=293.0 cy=170.0 m_eraser=0x5f7a1ec70c58
[GradualEraser::stamp] cx=293.0 cy=170.0 r=6 total=113 skipped_zero=113 erased=0
[GradualEraser::verify] center(293,170) rgba=(0,0,0,0)
[BrushEngine::stampEraser] cx=293.0 cy=170.0 m_eraser=0x5f7a1ec70c58
[GradualEraser::stamp] cx=293.0 cy=170.0 r=6 total=113 skipped_zero=113 erased=0
[GradualEraser::verify] center(293,170) rgba=(0,0,0,0)
[MOUSE_MOVE] drawing=true tool=1 drawing at (636.0,251.0)
[handleDrawing] tool=1 brushType=4 eraserSize=12.0 eraserOp=1.00 layer=0x5f7a2b51bd30
[BrushEngine::stampEraser] cx=293.0 cy=170.0 m_eraser=0x5f7a1ec70c58
[GradualEraser::stamp] cx=293.0 cy=170.0 r=6 total=113 skipped_zero=113 erased=0
[GradualEraser::verify] center(293,170) rgba=(0,0,0,0)
[BrushEngine::stampEraser] cx=292.0 cy=169.0 m_eraser=0x5f7a1ec70c58
[GradualEraser::stamp] cx=292.0 cy=169.0 r=6 total=113 skipped_zero=113 erased=0
[GradualEraser::verify] center(292,169) rgba=(0,0,0,0)
[BrushEngine::stampEraser] cx=292.0 cy=169.0 m_eraser=0x5f7a1ec70c58
[GradualEraser::stamp] cx=292.0 cy=169.0 r=6 total=113 skipped_zero=113 erased=0
[GradualEraser::verify] center(292,169) rgba=(0,0,0,0)
[MOUSE_MOVE] drawing=true tool=1 drawing at (634.0,251.0)
[handleDrawing] tool=1 brushType=4 eraserSize=12.0 eraserOp=1.00 layer=0x5f7a2b51bd30
[BrushEngine::stampEraser] cx=292.0 cy=169.0 m_eraser=0x5f7a1ec70c58
[GradualEraser::stamp] cx=292.0 cy=169.0 r=6 total=113 skipped_zero=113 erased=0
[GradualEraser::verify] center(292,169) rgba=(0,0,0,0)
[BrushEngine::stampEraser] cx=290.0 cy=169.0 m_eraser=0x5f7a1ec70c58
[GradualEraser::stamp] cx=290.0 cy=169.0 r=6 total=113 skipped_zero=113 erased=0
[GradualEraser::verify] center(290,169) rgba=(0,0,0,0)
[BrushEngine::stampEraser] cx=290.0 cy=169.0 m_eraser=0x5f7a1ec70c58
[GradualEraser::stamp] cx=290.0 cy=169.0 r=6 total=113 skipped_zero=113 erased=0
[GradualEraser::verify] center(290,169) rgba=(0,0,0,0)
[MOUSE_MOVE] drawing=true tool=1 drawing at (633.0,251.0)
[handleDrawing] tool=1 brushType=4 eraserSize=12.0 eraserOp=1.00 layer=0x5f7a2b51bd30
[BrushEngine::stampEraser] cx=290.0 cy=169.0 m_eraser=0x5f7a1ec70c58
[GradualEraser::stamp] cx=290.0 cy=169.0 r=6 total=113 skipped_zero=113 erased=0
[GradualEraser::verify] center(290,169) rgba=(0,0,0,0)
[BrushEngine::stampEraser] cx=289.0 cy=169.0 m_eraser=0x5f7a1ec70c58
[GradualEraser::stamp] cx=289.0 cy=169.0 r=6 total=113 skipped_zero=113 erased=0
[GradualEraser::verify] center(289,169) rgba=(0,0,0,0)
[BrushEngine::stampEraser] cx=289.0 cy=169.0 m_eraser=0x5f7a1ec70c58
[GradualEraser::stamp] cx=289.0 cy=169.0 r=6 total=113 skipped_zero=113 erased=0
[GradualEraser::verify] center(289,169) rgba=(0,0,0,0)
[MOUSE_MOVE] drawing=true tool=1 drawing at (631.0,251.0)
[handleDrawing] tool=1 brushType=4 eraserSize=12.0 eraserOp=1.00 layer=0x5f7a2b51bd30
[BrushEngine::stampEraser] cx=289.0 cy=169.0 m_eraser=0x5f7a1ec70c58
[GradualEraser::stamp] cx=289.0 cy=169.0 r=6 total=113 skipped_zero=113 erased=0
[GradualEraser::verify] center(289,169) rgba=(0,0,0,0)
[BrushEngine::stampEraser] cx=287.0 cy=169.0 m_eraser=0x5f7a1ec70c58
[GradualEraser::stamp] cx=287.0 cy=169.0 r=6 total=113 skipped_zero=113 erased=0
[GradualEraser::verify] center(287,169) rgba=(0,0,0,0)
[BrushEngine::stampEraser] cx=287.0 cy=169.0 m_eraser=0x5f7a1ec70c58
[GradualEraser::stamp] cx=287.0 cy=169.0 r=6 total=113 skipped_zero=113 erased=0
[GradualEraser::verify] center(287,169) rgba=(0,0,0,0)
[MOUSE_MOVE] drawing=true tool=1 drawing at (629.0,251.0)
[handleDrawing] tool=1 brushType=4 eraserSize=12.0 eraserOp=1.00 layer=0x5f7a2b51bd30
[BrushEngine::stampEraser] cx=287.0 cy=169.0 m_eraser=0x5f7a1ec70c58
[GradualEraser::stamp] cx=287.0 cy=169.0 r=6 total=113 skipped_zero=113 erased=0
[GradualEraser::verify] center(287,169) rgba=(0,0,0,0)
[BrushEngine::stampEraser] cx=285.0 cy=169.0 m_eraser=0x5f7a1ec70c58
[GradualEraser::stamp] cx=285.0 cy=169.0 r=6 total=113 skipped_zero=112 erased=1
[GradualEraser::verify] center(285,169) rgba=(0,0,0,0)
[BrushEngine::stampEraser] cx=285.0 cy=169.0 m_eraser=0x5f7a1ec70c58
[GradualEraser::stamp] cx=285.0 cy=169.0 r=6 total=113 skipped_zero=113 erased=0
[GradualEraser::verify] center(285,169) rgba=(0,0,0,0)
[CANVAS_UPDATE] recompositing (frameDirty=1 canvasDirty=0)
[CANVAS_UPDATE] sample pixel (285,169): rgba=(255,101,50,255)
[MOUSE_MOVE] drawing=true tool=1 drawing at (628.0,251.0)
[handleDrawing] tool=1 brushType=4 eraserSize=12.0 eraserOp=1.00 layer=0x5f7a2b51bd30
[BrushEngine::stampEraser] cx=285.0 cy=169.0 m_eraser=0x5f7a1ec70c58
[GradualEraser::stamp] cx=285.0 cy=169.0 r=6 total=113 skipped_zero=113 erased=0
[GradualEraser::verify] center(285,169) rgba=(0,0,0,0)
[BrushEngine::stampEraser] cx=284.0 cy=169.0 m_eraser=0x5f7a1ec70c58
[GradualEraser::stamp] cx=284.0 cy=169.0 r=6 total=113 skipped_zero=112 erased=1
[GradualEraser::verify] center(284,169) rgba=(0,0,0,0)
[BrushEngine::stampEraser] cx=284.0 cy=169.0 m_eraser=0x5f7a1ec70c58
[GradualEraser::stamp] cx=284.0 cy=169.0 r=6 total=113 skipped_zero=113 erased=0
[GradualEraser::verify] center(284,169) rgba=(0,0,0,0)
[MOUSE_MOVE] drawing=true tool=1 drawing at (627.0,251.0)
[handleDrawing] tool=1 brushType=4 eraserSize=12.0 eraserOp=1.00 layer=0x5f7a2b51bd30
[BrushEngine::stampEraser] cx=284.0 cy=169.0 m_eraser=0x5f7a1ec70c58
[GradualEraser::stamp] cx=284.0 cy=169.0 r=6 total=113 skipped_zero=113 erased=0
[GradualEraser::verify] center(284,169) rgba=(0,0,0,0)
[BrushEngine::stampEraser] cx=283.0 cy=169.0 m_eraser=0x5f7a1ec70c58
[GradualEraser::stamp] cx=283.0 cy=169.0 r=6 total=113 skipped_zero=112 erased=1
[GradualEraser::verify] center(283,169) rgba=(0,0,0,0)
[BrushEngine::stampEraser] cx=283.0 cy=169.0 m_eraser=0x5f7a1ec70c58
[GradualEraser::stamp] cx=283.0 cy=169.0 r=6 total=113 skipped_zero=113 erased=0
[GradualEraser::verify] center(283,169) rgba=(0,0,0,0)
[MOUSE_MOVE] drawing=true tool=1 drawing at (624.0,251.0)
[handleDrawing] tool=1 brushType=4 eraserSize=12.0 eraserOp=1.00 layer=0x5f7a2b51bd30
[BrushEngine::stampEraser] cx=283.0 cy=169.0 m_eraser=0x5f7a1ec70c58
[GradualEraser::stamp] cx=283.0 cy=169.0 r=6 total=113 skipped_zero=113 erased=0
[GradualEraser::verify] center(283,169) rgba=(0,0,0,0)
[BrushEngine::stampEraser] cx=280.0 cy=169.0 m_eraser=0x5f7a1ec70c58
[GradualEraser::stamp] cx=280.0 cy=169.0 r=6 total=113 skipped_zero=111 erased=2
[GradualEraser::verify] center(280,169) rgba=(0,0,0,0)
[BrushEngine::stampEraser] cx=280.0 cy=169.0 m_eraser=0x5f7a1ec70c58
[GradualEraser::stamp] cx=280.0 cy=169.0 r=6 total=113 skipped_zero=113 erased=0
[GradualEraser::verify] center(280,169) rgba=(0,0,0,0)
[MOUSE_MOVE] drawing=true tool=1 drawing at (623.0,251.0)
[handleDrawing] tool=1 brushType=4 eraserSize=12.0 eraserOp=1.00 layer=0x5f7a2b51bd30
[BrushEngine::stampEraser] cx=280.0 cy=169.0 m_eraser=0x5f7a1ec70c58
[GradualEraser::stamp] cx=280.0 cy=169.0 r=6 total=113 skipped_zero=113 erased=0
[GradualEraser::verify] center(280,169) rgba=(0,0,0,0)
[BrushEngine::stampEraser] cx=279.0 cy=169.0 m_eraser=0x5f7a1ec70c58
[GradualEraser::stamp] cx=279.0 cy=169.0 r=6 total=113 skipped_zero=111 erased=2
[GradualEraser::verify] center(279,169) rgba=(0,0,0,0)
[BrushEngine::stampEraser] cx=279.0 cy=169.0 m_eraser=0x5f7a1ec70c58
[GradualEraser::stamp] cx=279.0 cy=169.0 r=6 total=113 skipped_zero=113 erased=0
[GradualEraser::verify] center(279,169) rgba=(0,0,0,0)
[MOUSE_MOVE] drawing=true tool=1 drawing at (622.0,251.0)
[handleDrawing] tool=1 brushType=4 eraserSize=12.0 eraserOp=1.00 layer=0x5f7a2b51bd30
[BrushEngine::stampEraser] cx=279.0 cy=169.0 m_eraser=0x5f7a1ec70c58
[GradualEraser::stamp] cx=279.0 cy=169.0 r=6 total=113 skipped_zero=113 erased=0
[GradualEraser::verify] center(279,169) rgba=(0,0,0,0)
[BrushEngine::stampEraser] cx=278.0 cy=169.0 m_eraser=0x5f7a1ec70c58
[GradualEraser::stamp] cx=278.0 cy=169.0 r=6 total=113 skipped_zero=111 erased=2
[GradualEraser::verify] center(278,169) rgba=(0,0,0,0)
[BrushEngine::stampEraser] cx=278.0 cy=169.0 m_eraser=0x5f7a1ec70c58
[GradualEraser::stamp] cx=278.0 cy=169.0 r=6 total=113 skipped_zero=113 erased=0
[GradualEraser::verify] center(278,169) rgba=(0,0,0,0)
[MOUSE_MOVE] drawing=true tool=1 drawing at (619.0,251.0)
[handleDrawing] tool=1 brushType=4 eraserSize=12.0 eraserOp=1.00 layer=0x5f7a2b51bd30
[BrushEngine::stampEraser] cx=278.0 cy=169.0 m_eraser=0x5f7a1ec70c58
[GradualEraser::stamp] cx=278.0 cy=169.0 r=6 total=113 skipped_zero=113 erased=0
[GradualEraser::verify] center(278,169) rgba=(0,0,0,0)
[BrushEngine::stampEraser] cx=275.0 cy=169.0 m_eraser=0x5f7a1ec70c58
[GradualEraser::stamp] cx=275.0 cy=169.0 r=6 total=113 skipped_zero=104 erased=9
[GradualEraser::verify] center(275,169) rgba=(0,0,0,0)
[BrushEngine::stampEraser] cx=275.0 cy=169.0 m_eraser=0x5f7a1ec70c58
[GradualEraser::stamp] cx=275.0 cy=169.0 r=6 total=113 skipped_zero=113 erased=0
[GradualEraser::verify] center(275,169) rgba=(0,0,0,0)
[MOUSE_MOVE] drawing=true tool=1 drawing at (618.0,251.0)
[handleDrawing] tool=1 brushType=4 eraserSize=12.0 eraserOp=1.00 layer=0x5f7a2b51bd30
[BrushEngine::stampEraser] cx=275.0 cy=169.0 m_eraser=0x5f7a1ec70c58
[GradualEraser::stamp] cx=275.0 cy=169.0 r=6 total=113 skipped_zero=113 erased=0
[GradualEraser::verify] center(275,169) rgba=(0,0,0,0)
[BrushEngine::stampEraser] cx=274.0 cy=169.0 m_eraser=0x5f7a1ec70c58
[GradualEraser::stamp] cx=274.0 cy=169.0 r=6 total=113 skipped_zero=110 erased=3
[GradualEraser::verify] center(274,169) rgba=(0,0,0,0)
[BrushEngine::stampEraser] cx=274.0 cy=169.0 m_eraser=0x5f7a1ec70c58
[GradualEraser::stamp] cx=274.0 cy=169.0 r=6 total=113 skipped_zero=113 erased=0
[GradualEraser::verify] center(274,169) rgba=(0,0,0,0)
[MOUSE_MOVE] drawing=true tool=1 drawing at (616.0,251.0)
[handleDrawing] tool=1 brushType=4 eraserSize=12.0 eraserOp=1.00 layer=0x5f7a2b51bd30
[BrushEngine::stampEraser] cx=274.0 cy=169.0 m_eraser=0x5f7a1ec70c58
[GradualEraser::stamp] cx=274.0 cy=169.0 r=6 total=113 skipped_zero=113 erased=0
[GradualEraser::verify] center(274,169) rgba=(0,0,0,0)
[BrushEngine::stampEraser] cx=272.0 cy=169.0 m_eraser=0x5f7a1ec70c58
[GradualEraser::stamp] cx=272.0 cy=169.0 r=6 total=113 skipped_zero=106 erased=7
[GradualEraser::verify] center(272,169) rgba=(0,0,0,0)
[BrushEngine::stampEraser] cx=272.0 cy=169.0 m_eraser=0x5f7a1ec70c58
[GradualEraser::stamp] cx=272.0 cy=169.0 r=6 total=113 skipped_zero=113 erased=0
[GradualEraser::verify] center(272,169) rgba=(0,0,0,0)
[CANVAS_UPDATE] recompositing (frameDirty=1 canvasDirty=0)
[CANVAS_UPDATE] sample pixel (272,169): rgba=(255,101,50,255)
[MOUSE_MOVE] drawing=true tool=1 drawing at (614.0,251.0)
[handleDrawing] tool=1 brushType=4 eraserSize=12.0 eraserOp=1.00 layer=0x5f7a2b51bd30
[BrushEngine::stampEraser] cx=272.0 cy=169.0 m_eraser=0x5f7a1ec70c58
[GradualEraser::stamp] cx=272.0 cy=169.0 r=6 total=113 skipped_zero=113 erased=0
[GradualEraser::verify] center(272,169) rgba=(0,0,0,0)
[BrushEngine::stampEraser] cx=270.0 cy=169.0 m_eraser=0x5f7a1ec70c58
[GradualEraser::stamp] cx=270.0 cy=169.0 r=6 total=113 skipped_zero=107 erased=6
[GradualEraser::verify] center(270,169) rgba=(0,0,0,0)
[BrushEngine::stampEraser] cx=270.0 cy=169.0 m_eraser=0x5f7a1ec70c58
[GradualEraser::stamp] cx=270.0 cy=169.0 r=6 total=113 skipped_zero=113 erased=0
[GradualEraser::verify] center(270,169) rgba=(0,0,0,0)
[MOUSE_MOVE] drawing=true tool=1 drawing at (612.0,251.0)
[handleDrawing] tool=1 brushType=4 eraserSize=12.0 eraserOp=1.00 layer=0x5f7a2b51bd30
[BrushEngine::stampEraser] cx=270.0 cy=169.0 m_eraser=0x5f7a1ec70c58
[GradualEraser::stamp] cx=270.0 cy=169.0 r=6 total=113 skipped_zero=113 erased=0
[GradualEraser::verify] center(270,169) rgba=(0,0,0,0)
[BrushEngine::stampEraser] cx=268.0 cy=169.0 m_eraser=0x5f7a1ec70c58
[GradualEraser::stamp] cx=268.0 cy=169.0 r=6 total=113 skipped_zero=106 erased=7
[GradualEraser::verify] center(268,169) rgba=(0,0,0,0)
[BrushEngine::stampEraser] cx=268.0 cy=169.0 m_eraser=0x5f7a1ec70c58
[GradualEraser::stamp] cx=268.0 cy=169.0 r=6 total=113 skipped_zero=113 erased=0
[GradualEraser::verify] center(268,169) rgba=(0,0,0,0)
[MOUSE_MOVE] drawing=true tool=1 drawing at (611.0,251.0)
[handleDrawing] tool=1 brushType=4 eraserSize=12.0 eraserOp=1.00 layer=0x5f7a2b51bd30
[BrushEngine::stampEraser] cx=268.0 cy=169.0 m_eraser=0x5f7a1ec70c58
[GradualEraser::stamp] cx=268.0 cy=169.0 r=6 total=113 skipped_zero=113 erased=0
[GradualEraser::verify] center(268,169) rgba=(0,0,0,0)
[BrushEngine::stampEraser] cx=267.0 cy=169.0 m_eraser=0x5f7a1ec70c58
[GradualEraser::stamp] cx=267.0 cy=169.0 r=6 total=113 skipped_zero=110 erased=3
[GradualEraser::verify] center(267,169) rgba=(0,0,0,0)
[BrushEngine::stampEraser] cx=267.0 cy=169.0 m_eraser=0x5f7a1ec70c58
[GradualEraser::stamp] cx=267.0 cy=169.0 r=6 total=113 skipped_zero=113 erased=0
[GradualEraser::verify] center(267,169) rgba=(0,0,0,0)
[MOUSE_MOVE] drawing=true tool=1 drawing at (608.0,252.0)
[handleDrawing] tool=1 brushType=4 eraserSize=12.0 eraserOp=1.00 layer=0x5f7a2b51bd30
[BrushEngine::stampEraser] cx=267.0 cy=169.0 m_eraser=0x5f7a1ec70c58
[GradualEraser::stamp] cx=267.0 cy=169.0 r=6 total=113 skipped_zero=113 erased=0
[GradualEraser::verify] center(267,169) rgba=(0,0,0,0)
[BrushEngine::stampEraser] cx=265.5 cy=169.5 m_eraser=0x5f7a1ec70c58
[GradualEraser::stamp] cx=265.5 cy=169.5 r=6 total=113 skipped_zero=106 erased=7
[GradualEraser::verify] center(266,170) rgba=(0,0,0,0)
[BrushEngine::stampEraser] cx=264.0 cy=170.0 m_eraser=0x5f7a1ec70c58
[GradualEraser::stamp] cx=264.0 cy=170.0 r=6 total=113 skipped_zero=106 erased=7
[GradualEraser::verify] center(264,170) rgba=(0,0,0,0)
[BrushEngine::stampEraser] cx=264.0 cy=170.0 m_eraser=0x5f7a1ec70c58
[GradualEraser::stamp] cx=264.0 cy=170.0 r=6 total=113 skipped_zero=113 erased=0
[GradualEraser::verify] center(264,170) rgba=(0,0,0,0)
[MOUSE_MOVE] drawing=true tool=1 drawing at (607.0,252.0)
[handleDrawing] tool=1 brushType=4 eraserSize=12.0 eraserOp=1.00 layer=0x5f7a2b51bd30
[BrushEngine::stampEraser] cx=264.0 cy=170.0 m_eraser=0x5f7a1ec70c58
[GradualEraser::stamp] cx=264.0 cy=170.0 r=6 total=113 skipped_zero=113 erased=0
[GradualEraser::verify] center(264,170) rgba=(0,0,0,0)
[BrushEngine::stampEraser] cx=263.0 cy=170.0 m_eraser=0x5f7a1ec70c58
[GradualEraser::stamp] cx=263.0 cy=170.0 r=6 total=113 skipped_zero=110 erased=3
[GradualEraser::verify] center(263,170) rgba=(0,0,0,0)
[BrushEngine::stampEraser] cx=263.0 cy=170.0 m_eraser=0x5f7a1ec70c58
[GradualEraser::stamp] cx=263.0 cy=170.0 r=6 total=113 skipped_zero=113 erased=0
[GradualEraser::verify] center(263,170) rgba=(0,0,0,0)
[MOUSE_MOVE] drawing=true tool=1 drawing at (606.0,252.0)
[handleDrawing] tool=1 brushType=4 eraserSize=12.0 eraserOp=1.00 layer=0x5f7a2b51bd30
[BrushEngine::stampEraser] cx=263.0 cy=170.0 m_eraser=0x5f7a1ec70c58
[GradualEraser::stamp] cx=263.0 cy=170.0 r=6 total=113 skipped_zero=113 erased=0
[GradualEraser::verify] center(263,170) rgba=(0,0,0,0)
[BrushEngine::stampEraser] cx=262.0 cy=170.0 m_eraser=0x5f7a1ec70c58
[GradualEraser::stamp] cx=262.0 cy=170.0 r=6 total=113 skipped_zero=109 erased=4
[GradualEraser::verify] center(262,170) rgba=(0,0,0,0)
[BrushEngine::stampEraser] cx=262.0 cy=170.0 m_eraser=0x5f7a1ec70c58
[GradualEraser::stamp] cx=262.0 cy=170.0 r=6 total=113 skipped_zero=113 erased=0
[GradualEraser::verify] center(262,170) rgba=(0,0,0,0)
[MOUSE_MOVE] drawing=true tool=1 drawing at (605.0,252.0)
[handleDrawing] tool=1 brushType=4 eraserSize=12.0 eraserOp=1.00 layer=0x5f7a2b51bd30
[BrushEngine::stampEraser] cx=262.0 cy=170.0 m_eraser=0x5f7a1ec70c58
[GradualEraser::stamp] cx=262.0 cy=170.0 r=6 total=113 skipped_zero=113 erased=0
[GradualEraser::verify] center(262,170) rgba=(0,0,0,0)
[BrushEngine::stampEraser] cx=261.0 cy=170.0 m_eraser=0x5f7a1ec70c58
[GradualEraser::stamp] cx=261.0 cy=170.0 r=6 total=113 skipped_zero=110 erased=3
[GradualEraser::verify] center(261,170) rgba=(0,0,0,0)
[BrushEngine::stampEraser] cx=261.0 cy=170.0 m_eraser=0x5f7a1ec70c58
[GradualEraser::stamp] cx=261.0 cy=170.0 r=6 total=113 skipped_zero=113 erased=0
[GradualEraser::verify] center(261,170) rgba=(0,0,0,0)
[MOUSE_MOVE] drawing=true tool=1 drawing at (602.0,252.0)
[handleDrawing] tool=1 brushType=4 eraserSize=12.0 eraserOp=1.00 layer=0x5f7a2b51bd30
[BrushEngine::stampEraser] cx=261.0 cy=170.0 m_eraser=0x5f7a1ec70c58
[GradualEraser::stamp] cx=261.0 cy=170.0 r=6 total=113 skipped_zero=113 erased=0
[GradualEraser::verify] center(261,170) rgba=(0,0,0,0)
[BrushEngine::stampEraser] cx=258.0 cy=170.0 m_eraser=0x5f7a1ec70c58
[GradualEraser::stamp] cx=258.0 cy=170.0 r=6 total=113 skipped_zero=101 erased=12
[GradualEraser::verify] center(258,170) rgba=(0,0,0,0)
[BrushEngine::stampEraser] cx=258.0 cy=170.0 m_eraser=0x5f7a1ec70c58
[GradualEraser::stamp] cx=258.0 cy=170.0 r=6 total=113 skipped_zero=113 erased=0
[GradualEraser::verify] center(258,170) rgba=(0,0,0,0)
[CANVAS_UPDATE] recompositing (frameDirty=1 canvasDirty=0)
[CANVAS_UPDATE] sample pixel (258,170): rgba=(255,101,50,255)
[MOUSE_MOVE] drawing=true tool=1 drawing at (600.0,254.0)
[handleDrawing] tool=1 brushType=4 eraserSize=12.0 eraserOp=1.00 layer=0x5f7a2b51bd30
[BrushEngine::stampEraser] cx=258.0 cy=170.0 m_eraser=0x5f7a1ec70c58
[GradualEraser::stamp] cx=258.0 cy=170.0 r=6 total=113 skipped_zero=113 erased=0
[GradualEraser::verify] center(258,170) rgba=(0,0,0,0)
[BrushEngine::stampEraser] cx=256.0 cy=172.0 m_eraser=0x5f7a1ec70c58
[GradualEraser::stamp] cx=256.0 cy=172.0 r=6 total=113 skipped_zero=103 erased=10
[GradualEraser::verify] center(256,172) rgba=(0,0,0,0)
[BrushEngine::stampEraser] cx=256.0 cy=172.0 m_eraser=0x5f7a1ec70c58
[GradualEraser::stamp] cx=256.0 cy=172.0 r=6 total=113 skipped_zero=113 erased=0
[GradualEraser::verify] center(256,172) rgba=(0,0,0,0)
[MOUSE_MOVE] drawing=true tool=1 drawing at (599.0,254.0)
[handleDrawing] tool=1 brushType=4 eraserSize=12.0 eraserOp=1.00 layer=0x5f7a2b51bd30
[BrushEngine::stampEraser] cx=256.0 cy=172.0 m_eraser=0x5f7a1ec70c58
[GradualEraser::stamp] cx=256.0 cy=172.0 r=6 total=113 skipped_zero=113 erased=0
[GradualEraser::verify] center(256,172) rgba=(0,0,0,0)
[BrushEngine::stampEraser] cx=255.0 cy=172.0 m_eraser=0x5f7a1ec70c58
[GradualEraser::stamp] cx=255.0 cy=172.0 r=6 total=113 skipped_zero=109 erased=4
[GradualEraser::verify] center(255,172) rgba=(0,0,0,0)
[BrushEngine::stampEraser] cx=255.0 cy=172.0 m_eraser=0x5f7a1ec70c58
[GradualEraser::stamp] cx=255.0 cy=172.0 r=6 total=113 skipped_zero=113 erased=0
[GradualEraser::verify] center(255,172) rgba=(0,0,0,0)
[MOUSE_MOVE] drawing=true tool=1 drawing at (596.0,254.0)
[handleDrawing] tool=1 brushType=4 eraserSize=12.0 eraserOp=1.00 layer=0x5f7a2b51bd30
[BrushEngine::stampEraser] cx=255.0 cy=172.0 m_eraser=0x5f7a1ec70c58
[GradualEraser::stamp] cx=255.0 cy=172.0 r=6 total=113 skipped_zero=113 erased=0
[GradualEraser::verify] center(255,172) rgba=(0,0,0,0)
[BrushEngine::stampEraser] cx=252.0 cy=172.0 m_eraser=0x5f7a1ec70c58
[GradualEraser::stamp] cx=252.0 cy=172.0 r=6 total=113 skipped_zero=102 erased=11
[GradualEraser::verify] center(252,172) rgba=(0,0,0,0)
[BrushEngine::stampEraser] cx=252.0 cy=172.0 m_eraser=0x5f7a1ec70c58
[GradualEraser::stamp] cx=252.0 cy=172.0 r=6 total=113 skipped_zero=113 erased=0
[GradualEraser::verify] center(252,172) rgba=(0,0,0,0)
[MOUSE_MOVE] drawing=true tool=1 drawing at (595.0,255.0)
[handleDrawing] tool=1 brushType=4 eraserSize=12.0 eraserOp=1.00 layer=0x5f7a2b51bd30
[BrushEngine::stampEraser] cx=252.0 cy=172.0 m_eraser=0x5f7a1ec70c58
[GradualEraser::stamp] cx=252.0 cy=172.0 r=6 total=113 skipped_zero=113 erased=0
[GradualEraser::verify] center(252,172) rgba=(0,0,0,0)
[BrushEngine::stampEraser] cx=251.0 cy=173.0 m_eraser=0x5f7a1ec70c58
[GradualEraser::stamp] cx=251.0 cy=173.0 r=6 total=113 skipped_zero=110 erased=3
[GradualEraser::verify] center(251,173) rgba=(0,0,0,0)
[BrushEngine::stampEraser] cx=251.0 cy=173.0 m_eraser=0x5f7a1ec70c58
[GradualEraser::stamp] cx=251.0 cy=173.0 r=6 total=113 skipped_zero=113 erased=0
[GradualEraser::verify] center(251,173) rgba=(0,0,0,0)
[MOUSE_MOVE] drawing=true tool=1 drawing at (594.0,255.0)
[handleDrawing] tool=1 brushType=4 eraserSize=12.0 eraserOp=1.00 layer=0x5f7a2b51bd30
[BrushEngine::stampEraser] cx=251.0 cy=173.0 m_eraser=0x5f7a1ec70c58
[GradualEraser::stamp] cx=251.0 cy=173.0 r=6 total=113 skipped_zero=113 erased=0
[GradualEraser::verify] center(251,173) rgba=(0,0,0,0)
[BrushEngine::stampEraser] cx=250.0 cy=173.0 m_eraser=0x5f7a1ec70c58
[GradualEraser::stamp] cx=250.0 cy=173.0 r=6 total=113 skipped_zero=109 erased=4
[GradualEraser::verify] center(250,173) rgba=(0,0,0,0)
[BrushEngine::stampEraser] cx=250.0 cy=173.0 m_eraser=0x5f7a1ec70c58
[GradualEraser::stamp] cx=250.0 cy=173.0 r=6 total=113 skipped_zero=113 erased=0
[GradualEraser::verify] center(250,173) rgba=(0,0,0,0)
[MOUSE_MOVE] drawing=true tool=1 drawing at (591.0,255.0)
[handleDrawing] tool=1 brushType=4 eraserSize=12.0 eraserOp=1.00 layer=0x5f7a2b51bd30
[BrushEngine::stampEraser] cx=250.0 cy=173.0 m_eraser=0x5f7a1ec70c58
[GradualEraser::stamp] cx=250.0 cy=173.0 r=6 total=113 skipped_zero=113 erased=0
[GradualEraser::verify] center(250,173) rgba=(0,0,0,0)
[BrushEngine::stampEraser] cx=247.0 cy=173.0 m_eraser=0x5f7a1ec70c58
[GradualEraser::stamp] cx=247.0 cy=173.0 r=6 total=113 skipped_zero=101 erased=12
[GradualEraser::verify] center(247,173) rgba=(0,0,0,0)
[BrushEngine::stampEraser] cx=247.0 cy=173.0 m_eraser=0x5f7a1ec70c58
[GradualEraser::stamp] cx=247.0 cy=173.0 r=6 total=113 skipped_zero=113 erased=0
[GradualEraser::verify] center(247,173) rgba=(0,0,0,0)
[MOUSE_MOVE] drawing=true tool=1 drawing at (589.0,255.0)
[handleDrawing] tool=1 brushType=4 eraserSize=12.0 eraserOp=1.00 layer=0x5f7a2b51bd30
[BrushEngine::stampEraser] cx=247.0 cy=173.0 m_eraser=0x5f7a1ec70c58
[GradualEraser::stamp] cx=247.0 cy=173.0 r=6 total=113 skipped_zero=113 erased=0
[GradualEraser::verify] center(247,173) rgba=(0,0,0,0)
[BrushEngine::stampEraser] cx=245.0 cy=173.0 m_eraser=0x5f7a1ec70c58
[GradualEraser::stamp] cx=245.0 cy=173.0 r=6 total=113 skipped_zero=104 erased=9
[GradualEraser::verify] center(245,173) rgba=(0,0,0,0)
[BrushEngine::stampEraser] cx=245.0 cy=173.0 m_eraser=0x5f7a1ec70c58
[GradualEraser::stamp] cx=245.0 cy=173.0 r=6 total=113 skipped_zero=113 erased=0
[GradualEraser::verify] center(245,173) rgba=(0,0,0,0)
[MOUSE_MOVE] drawing=true tool=1 drawing at (587.0,255.0)
[handleDrawing] tool=1 brushType=4 eraserSize=12.0 eraserOp=1.00 layer=0x5f7a2b51bd30
[BrushEngine::stampEraser] cx=245.0 cy=173.0 m_eraser=0x5f7a1ec70c58
[GradualEraser::stamp] cx=245.0 cy=173.0 r=6 total=113 skipped_zero=113 erased=0
[GradualEraser::verify] center(245,173) rgba=(0,0,0,0)
[BrushEngine::stampEraser] cx=243.0 cy=173.0 m_eraser=0x5f7a1ec70c58
[GradualEraser::stamp] cx=243.0 cy=173.0 r=6 total=113 skipped_zero=103 erased=10
[GradualEraser::verify] center(243,173) rgba=(0,0,0,0)
[BrushEngine::stampEraser] cx=243.0 cy=173.0 m_eraser=0x5f7a1ec70c58
[GradualEraser::stamp] cx=243.0 cy=173.0 r=6 total=113 skipped_zero=113 erased=0
[GradualEraser::verify] center(243,173) rgba=(0,0,0,0)
[CANVAS_UPDATE] recompositing (frameDirty=1 canvasDirty=0)
[CANVAS_UPDATE] sample pixel (243,173): rgba=(255,101,50,255)
[MOUSE_MOVE] drawing=true tool=1 drawing at (586.0,256.0)
[handleDrawing] tool=1 brushType=4 eraserSize=12.0 eraserOp=1.00 layer=0x5f7a2b51bd30
[BrushEngine::stampEraser] cx=243.0 cy=173.0 m_eraser=0x5f7a1ec70c58
[GradualEraser::stamp] cx=243.0 cy=173.0 r=6 total=113 skipped_zero=113 erased=0
[GradualEraser::verify] center(243,173) rgba=(0,0,0,0)
[BrushEngine::stampEraser] cx=242.0 cy=174.0 m_eraser=0x5f7a1ec70c58
[GradualEraser::stamp] cx=242.0 cy=174.0 r=6 total=113 skipped_zero=108 erased=5
[GradualEraser::verify] center(242,174) rgba=(0,0,0,0)
[BrushEngine::stampEraser] cx=242.0 cy=174.0 m_eraser=0x5f7a1ec70c58
[GradualEraser::stamp] cx=242.0 cy=174.0 r=6 total=113 skipped_zero=113 erased=0
[GradualEraser::verify] center(242,174) rgba=(0,0,0,0)
[MOUSE_MOVE] drawing=true tool=1 drawing at (585.0,256.0)
[handleDrawing] tool=1 brushType=4 eraserSize=12.0 eraserOp=1.00 layer=0x5f7a2b51bd30
[BrushEngine::stampEraser] cx=242.0 cy=174.0 m_eraser=0x5f7a1ec70c58
[GradualEraser::stamp] cx=242.0 cy=174.0 r=6 total=113 skipped_zero=113 erased=0
[GradualEraser::verify] center(242,174) rgba=(0,0,0,0)
[BrushEngine::stampEraser] cx=241.0 cy=174.0 m_eraser=0x5f7a1ec70c58
[GradualEraser::stamp] cx=241.0 cy=174.0 r=6 total=113 skipped_zero=106 erased=7
[GradualEraser::verify] center(241,174) rgba=(0,0,0,0)
[BrushEngine::stampEraser] cx=241.0 cy=174.0 m_eraser=0x5f7a1ec70c58
[GradualEraser::stamp] cx=241.0 cy=174.0 r=6 total=113 skipped_zero=113 erased=0
[GradualEraser::verify] center(241,174) rgba=(0,0,0,0)
[MOUSE_MOVE] drawing=true tool=1 drawing at (584.0,256.0)
[handleDrawing] tool=1 brushType=4 eraserSize=12.0 eraserOp=1.00 layer=0x5f7a2b51bd30
[BrushEngine::stampEraser] cx=241.0 cy=174.0 m_eraser=0x5f7a1ec70c58
[GradualEraser::stamp] cx=241.0 cy=174.0 r=6 total=113 skipped_zero=113 erased=0
[GradualEraser::verify] center(241,174) rgba=(0,0,0,0)
[BrushEngine::stampEraser] cx=240.0 cy=174.0 m_eraser=0x5f7a1ec70c58
[GradualEraser::stamp] cx=240.0 cy=174.0 r=6 total=113 skipped_zero=108 erased=5
[GradualEraser::verify] center(240,174) rgba=(0,0,0,0)
[BrushEngine::stampEraser] cx=240.0 cy=174.0 m_eraser=0x5f7a1ec70c58
[GradualEraser::stamp] cx=240.0 cy=174.0 r=6 total=113 skipped_zero=113 erased=0
[GradualEraser::verify] center(240,174) rgba=(0,0,0,0)
[MOUSE_MOVE] drawing=true tool=1 drawing at (583.0,256.0)
[handleDrawing] tool=1 brushType=4 eraserSize=12.0 eraserOp=1.00 layer=0x5f7a2b51bd30
[BrushEngine::stampEraser] cx=240.0 cy=174.0 m_eraser=0x5f7a1ec70c58
[GradualEraser::stamp] cx=240.0 cy=174.0 r=6 total=113 skipped_zero=113 erased=0
[GradualEraser::verify] center(240,174) rgba=(0,0,0,0)
[BrushEngine::stampEraser] cx=239.0 cy=174.0 m_eraser=0x5f7a1ec70c58
[GradualEraser::stamp] cx=239.0 cy=174.0 r=6 total=113 skipped_zero=108 erased=5
[GradualEraser::verify] center(239,174) rgba=(0,0,0,0)
[BrushEngine::stampEraser] cx=239.0 cy=174.0 m_eraser=0x5f7a1ec70c58
[GradualEraser::stamp] cx=239.0 cy=174.0 r=6 total=113 skipped_zero=113 erased=0
[GradualEraser::verify] center(239,174) rgba=(0,0,0,0)
[MOUSE_MOVE] drawing=true tool=1 drawing at (582.0,257.0)
[handleDrawing] tool=1 brushType=4 eraserSize=12.0 eraserOp=1.00 layer=0x5f7a2b51bd30
[BrushEngine::stampEraser] cx=239.0 cy=174.0 m_eraser=0x5f7a1ec70c58
[GradualEraser::stamp] cx=239.0 cy=174.0 r=6 total=113 skipped_zero=113 erased=0
[GradualEraser::verify] center(239,174) rgba=(0,0,0,0)
[BrushEngine::stampEraser] cx=238.0 cy=175.0 m_eraser=0x5f7a1ec70c58
[GradualEraser::stamp] cx=238.0 cy=175.0 r=6 total=113 skipped_zero=107 erased=6
[GradualEraser::verify] center(238,175) rgba=(0,0,0,0)
[BrushEngine::stampEraser] cx=238.0 cy=175.0 m_eraser=0x5f7a1ec70c58
[GradualEraser::stamp] cx=238.0 cy=175.0 r=6 total=113 skipped_zero=113 erased=0
[GradualEraser::verify] center(238,175) rgba=(0,0,0,0)
[MOUSE_MOVE] drawing=true tool=1 drawing at (579.0,257.0)
[handleDrawing] tool=1 brushType=4 eraserSize=12.0 eraserOp=1.00 layer=0x5f7a2b51bd30
[BrushEngine::stampEraser] cx=238.0 cy=175.0 m_eraser=0x5f7a1ec70c58
[GradualEraser::stamp] cx=238.0 cy=175.0 r=6 total=113 skipped_zero=113 erased=0
[GradualEraser::verify] center(238,175) rgba=(0,0,0,0)
[BrushEngine::stampEraser] cx=235.0 cy=175.0 m_eraser=0x5f7a1ec70c58
[GradualEraser::stamp] cx=235.0 cy=175.0 r=6 total=113 skipped_zero=95 erased=18
[GradualEraser::verify] center(235,175) rgba=(0,0,0,0)
[BrushEngine::stampEraser] cx=235.0 cy=175.0 m_eraser=0x5f7a1ec70c58
[GradualEraser::stamp] cx=235.0 cy=175.0 r=6 total=113 skipped_zero=113 erased=0
[GradualEraser::verify] center(235,175) rgba=(0,0,0,0)
[CANVAS_UPDATE] recompositing (frameDirty=1 canvasDirty=0)
[CANVAS_UPDATE] sample pixel (235,175): rgba=(255,101,50,255)
[MOUSE_MOVE] drawing=true tool=1 drawing at (578.0,257.0)
[handleDrawing] tool=1 brushType=4 eraserSize=12.0 eraserOp=1.00 layer=0x5f7a2b51bd30
[BrushEngine::stampEraser] cx=235.0 cy=175.0 m_eraser=0x5f7a1ec70c58
[GradualEraser::stamp] cx=235.0 cy=175.0 r=6 total=113 skipped_zero=113 erased=0
[GradualEraser::verify] center(235,175) rgba=(0,0,0,0)
[BrushEngine::stampEraser] cx=234.0 cy=175.0 m_eraser=0x5f7a1ec70c58
[GradualEraser::stamp] cx=234.0 cy=175.0 r=6 total=113 skipped_zero=108 erased=5
[GradualEraser::verify] center(234,175) rgba=(0,0,0,0)
[BrushEngine::stampEraser] cx=234.0 cy=175.0 m_eraser=0x5f7a1ec70c58
[GradualEraser::stamp] cx=234.0 cy=175.0 r=6 total=113 skipped_zero=113 erased=0
[GradualEraser::verify] center(234,175) rgba=(0,0,0,0)
[MOUSE_MOVE] drawing=true tool=1 drawing at (575.0,257.0)
[handleDrawing] tool=1 brushType=4 eraserSize=12.0 eraserOp=1.00 layer=0x5f7a2b51bd30
[BrushEngine::stampEraser] cx=234.0 cy=175.0 m_eraser=0x5f7a1ec70c58
[GradualEraser::stamp] cx=234.0 cy=175.0 r=6 total=113 skipped_zero=113 erased=0
[GradualEraser::verify] center(234,175) rgba=(0,0,0,0)
[BrushEngine::stampEraser] cx=231.0 cy=175.0 m_eraser=0x5f7a1ec70c58
[GradualEraser::stamp] cx=231.0 cy=175.0 r=6 total=113 skipped_zero=94 erased=19
[GradualEraser::verify] center(231,175) rgba=(0,0,0,0)
[BrushEngine::stampEraser] cx=231.0 cy=175.0 m_eraser=0x5f7a1ec70c58
[GradualEraser::stamp] cx=231.0 cy=175.0 r=6 total=113 skipped_zero=113 erased=0
[GradualEraser::verify] center(231,175) rgba=(0,0,0,0)
[MOUSE_MOVE] drawing=true tool=1 drawing at (574.0,257.0)
[handleDrawing] tool=1 brushType=4 eraserSize=12.0 eraserOp=1.00 layer=0x5f7a2b51bd30
[BrushEngine::stampEraser] cx=231.0 cy=175.0 m_eraser=0x5f7a1ec70c58
[GradualEraser::stamp] cx=231.0 cy=175.0 r=6 total=113 skipped_zero=113 erased=0
[GradualEraser::verify] center(231,175) rgba=(0,0,0,0)
[BrushEngine::stampEraser] cx=230.0 cy=175.0 m_eraser=0x5f7a1ec70c58
[GradualEraser::stamp] cx=230.0 cy=175.0 r=6 total=113 skipped_zero=108 erased=5
[GradualEraser::verify] center(230,175) rgba=(0,0,0,0)
[BrushEngine::stampEraser] cx=230.0 cy=175.0 m_eraser=0x5f7a1ec70c58
[GradualEraser::stamp] cx=230.0 cy=175.0 r=6 total=113 skipped_zero=113 erased=0
[GradualEraser::verify] center(230,175) rgba=(0,0,0,0)
[MOUSE_MOVE] drawing=true tool=1 drawing at (573.0,258.0)
[handleDrawing] tool=1 brushType=4 eraserSize=12.0 eraserOp=1.00 layer=0x5f7a2b51bd30
[BrushEngine::stampEraser] cx=230.0 cy=175.0 m_eraser=0x5f7a1ec70c58
[GradualEraser::stamp] cx=230.0 cy=175.0 r=6 total=113 skipped_zero=113 erased=0
[GradualEraser::verify] center(230,175) rgba=(0,0,0,0)
[BrushEngine::stampEraser] cx=229.0 cy=176.0 m_eraser=0x5f7a1ec70c58
[GradualEraser::stamp] cx=229.0 cy=176.0 r=6 total=113 skipped_zero=108 erased=5
[GradualEraser::verify] center(229,176) rgba=(0,0,0,0)
[BrushEngine::stampEraser] cx=229.0 cy=176.0 m_eraser=0x5f7a1ec70c58
[GradualEraser::stamp] cx=229.0 cy=176.0 r=6 total=113 skipped_zero=113 erased=0
[GradualEraser::verify] center(229,176) rgba=(0,0,0,0)
[MOUSE_MOVE] drawing=true tool=1 drawing at (572.0,258.0)
[handleDrawing] tool=1 brushType=4 eraserSize=12.0 eraserOp=1.00 layer=0x5f7a2b51bd30
[BrushEngine::stampEraser] cx=229.0 cy=176.0 m_eraser=0x5f7a1ec70c58
[GradualEraser::stamp] cx=229.0 cy=176.0 r=6 total=113 skipped_zero=113 erased=0
[GradualEraser::verify] center(229,176) rgba=(0,0,0,0)
[BrushEngine::stampEraser] cx=228.0 cy=176.0 m_eraser=0x5f7a1ec70c58
[GradualEraser::stamp] cx=228.0 cy=176.0 r=6 total=113 skipped_zero=108 erased=5
[GradualEraser::verify] center(228,176) rgba=(0,0,0,0)
[BrushEngine::stampEraser] cx=228.0 cy=176.0 m_eraser=0x5f7a1ec70c58
[GradualEraser::stamp] cx=228.0 cy=176.0 r=6 total=113 skipped_zero=113 erased=0
[GradualEraser::verify] center(228,176) rgba=(0,0,0,0)
[CANVAS_UPDATE] recompositing (frameDirty=1 canvasDirty=0)
[CANVAS_UPDATE] sample pixel (228,176): rgba=(255,101,50,255)
[MOUSE_MOVE] drawing=true tool=1 drawing at (571.0,258.0)
[handleDrawing] tool=1 brushType=4 eraserSize=12.0 eraserOp=1.00 layer=0x5f7a2b51bd30
[BrushEngine::stampEraser] cx=228.0 cy=176.0 m_eraser=0x5f7a1ec70c58
[GradualEraser::stamp] cx=228.0 cy=176.0 r=6 total=113 skipped_zero=113 erased=0
[GradualEraser::verify] center(228,176) rgba=(0,0,0,0)
[BrushEngine::stampEraser] cx=227.0 cy=176.0 m_eraser=0x5f7a1ec70c58
[GradualEraser::stamp] cx=227.0 cy=176.0 r=6 total=113 skipped_zero=106 erased=7
[GradualEraser::verify] center(227,176) rgba=(0,0,0,0)
[BrushEngine::stampEraser] cx=227.0 cy=176.0 m_eraser=0x5f7a1ec70c58
[GradualEraser::stamp] cx=227.0 cy=176.0 r=6 total=113 skipped_zero=113 erased=0
[GradualEraser::verify] center(227,176) rgba=(0,0,0,0)
[MOUSE_MOVE] drawing=true tool=1 drawing at (570.0,258.0)
[handleDrawing] tool=1 brushType=4 eraserSize=12.0 eraserOp=1.00 layer=0x5f7a2b51bd30
[BrushEngine::stampEraser] cx=227.0 cy=176.0 m_eraser=0x5f7a1ec70c58
[GradualEraser::stamp] cx=227.0 cy=176.0 r=6 total=113 skipped_zero=113 erased=0
[GradualEraser::verify] center(227,176) rgba=(0,0,0,0)
[BrushEngine::stampEraser] cx=226.0 cy=176.0 m_eraser=0x5f7a1ec70c58
[GradualEraser::stamp] cx=226.0 cy=176.0 r=6 total=113 skipped_zero=107 erased=6
[GradualEraser::verify] center(226,176) rgba=(0,0,0,0)
[BrushEngine::stampEraser] cx=226.0 cy=176.0 m_eraser=0x5f7a1ec70c58
[GradualEraser::stamp] cx=226.0 cy=176.0 r=6 total=113 skipped_zero=113 erased=0
[GradualEraser::verify] center(226,176) rgba=(0,0,0,0)
[MOUSE_MOVE] drawing=true tool=1 drawing at (569.0,258.0)
[handleDrawing] tool=1 brushType=4 eraserSize=12.0 eraserOp=1.00 layer=0x5f7a2b51bd30
[BrushEngine::stampEraser] cx=226.0 cy=176.0 m_eraser=0x5f7a1ec70c58
[GradualEraser::stamp] cx=226.0 cy=176.0 r=6 total=113 skipped_zero=113 erased=0
[GradualEraser::verify] center(226,176) rgba=(0,0,0,0)
[BrushEngine::stampEraser] cx=225.0 cy=176.0 m_eraser=0x5f7a1ec70c58
[GradualEraser::stamp] cx=225.0 cy=176.0 r=6 total=113 skipped_zero=107 erased=6
[GradualEraser::verify] center(225,176) rgba=(0,0,0,0)
[BrushEngine::stampEraser] cx=225.0 cy=176.0 m_eraser=0x5f7a1ec70c58
[GradualEraser::stamp] cx=225.0 cy=176.0 r=6 total=113 skipped_zero=113 erased=0
[GradualEraser::verify] center(225,176) rgba=(0,0,0,0)
[CANVAS_UPDATE] recompositing (frameDirty=1 canvasDirty=0)
[CANVAS_UPDATE] sample pixel (225,176): rgba=(255,101,50,255)
[MOUSE_MOVE] drawing=true tool=1 drawing at (569.0,259.0)
[handleDrawing] tool=1 brushType=4 eraserSize=12.0 eraserOp=1.00 layer=0x5f7a2b51bd30
[BrushEngine::stampEraser] cx=225.0 cy=176.0 m_eraser=0x5f7a1ec70c58
[GradualEraser::stamp] cx=225.0 cy=176.0 r=6 total=113 skipped_zero=113 erased=0
[GradualEraser::verify] center(225,176) rgba=(0,0,0,0)
[BrushEngine::stampEraser] cx=225.0 cy=177.0 m_eraser=0x5f7a1ec70c58
[GradualEraser::stamp] cx=225.0 cy=177.0 r=6 total=113 skipped_zero=113 erased=0
[GradualEraser::verify] center(225,177) rgba=(0,0,0,0)
[BrushEngine::stampEraser] cx=225.0 cy=177.0 m_eraser=0x5f7a1ec70c58
[GradualEraser::stamp] cx=225.0 cy=177.0 r=6 total=113 skipped_zero=113 erased=0
[GradualEraser::verify] center(225,177) rgba=(0,0,0,0)
[CANVAS_UPDATE] recompositing (frameDirty=1 canvasDirty=0)
[CANVAS_UPDATE] sample pixel (225,177): rgba=(0,0,0,0)
[MOUSE_MOVE] drawing=true tool=1 drawing at (570.0,259.0)
[handleDrawing] tool=1 brushType=4 eraserSize=12.0 eraserOp=1.00 layer=0x5f7a2b51bd30
[BrushEngine::stampEraser] cx=225.0 cy=177.0 m_eraser=0x5f7a1ec70c58
[GradualEraser::stamp] cx=225.0 cy=177.0 r=6 total=113 skipped_zero=113 erased=0
[GradualEraser::verify] center(225,177) rgba=(0,0,0,0)
[BrushEngine::stampEraser] cx=226.0 cy=177.0 m_eraser=0x5f7a1ec70c58
[GradualEraser::stamp] cx=226.0 cy=177.0 r=6 total=113 skipped_zero=113 erased=0
[GradualEraser::verify] center(226,177) rgba=(0,0,0,0)
[BrushEngine::stampEraser] cx=226.0 cy=177.0 m_eraser=0x5f7a1ec70c58
[GradualEraser::stamp] cx=226.0 cy=177.0 r=6 total=113 skipped_zero=113 erased=0
[GradualEraser::verify] center(226,177) rgba=(0,0,0,0)
[MOUSE_MOVE] drawing=true tool=1 drawing at (571.0,259.0)
[handleDrawing] tool=1 brushType=4 eraserSize=12.0 eraserOp=1.00 layer=0x5f7a2b51bd30
[BrushEngine::stampEraser] cx=226.0 cy=177.0 m_eraser=0x5f7a1ec70c58
[GradualEraser::stamp] cx=226.0 cy=177.0 r=6 total=113 skipped_zero=113 erased=0
[GradualEraser::verify] center(226,177) rgba=(0,0,0,0)
[BrushEngine::stampEraser] cx=227.0 cy=177.0 m_eraser=0x5f7a1ec70c58
[GradualEraser::stamp] cx=227.0 cy=177.0 r=6 total=113 skipped_zero=113 erased=0
[GradualEraser::verify] center(227,177) rgba=(0,0,0,0)
[BrushEngine::stampEraser] cx=227.0 cy=177.0 m_eraser=0x5f7a1ec70c58
[GradualEraser::stamp] cx=227.0 cy=177.0 r=6 total=113 skipped_zero=113 erased=0
[GradualEraser::verify] center(227,177) rgba=(0,0,0,0)
[MOUSE_MOVE] drawing=true tool=1 drawing at (572.0,260.0)
[handleDrawing] tool=1 brushType=4 eraserSize=12.0 eraserOp=1.00 layer=0x5f7a2b51bd30
[BrushEngine::stampEraser] cx=227.0 cy=177.0 m_eraser=0x5f7a1ec70c58
[GradualEraser::stamp] cx=227.0 cy=177.0 r=6 total=113 skipped_zero=113 erased=0
[GradualEraser::verify] center(227,177) rgba=(0,0,0,0)
[BrushEngine::stampEraser] cx=228.0 cy=178.0 m_eraser=0x5f7a1ec70c58
[GradualEraser::stamp] cx=228.0 cy=178.0 r=6 total=113 skipped_zero=113 erased=0
[GradualEraser::verify] center(228,178) rgba=(0,0,0,0)
[BrushEngine::stampEraser] cx=228.0 cy=178.0 m_eraser=0x5f7a1ec70c58
[GradualEraser::stamp] cx=228.0 cy=178.0 r=6 total=113 skipped_zero=113 erased=0
[GradualEraser::verify] center(228,178) rgba=(0,0,0,0)
[CANVAS_UPDATE] recompositing (frameDirty=1 canvasDirty=0)
[CANVAS_UPDATE] sample pixel (228,178): rgba=(0,0,0,0)
[MOUSE_MOVE] drawing=true tool=1 drawing at (573.0,260.0)
[handleDrawing] tool=1 brushType=4 eraserSize=12.0 eraserOp=1.00 layer=0x5f7a2b51bd30
[BrushEngine::stampEraser] cx=228.0 cy=178.0 m_eraser=0x5f7a1ec70c58
[GradualEraser::stamp] cx=228.0 cy=178.0 r=6 total=113 skipped_zero=113 erased=0
[GradualEraser::verify] center(228,178) rgba=(0,0,0,0)
[BrushEngine::stampEraser] cx=229.0 cy=178.0 m_eraser=0x5f7a1ec70c58
[GradualEraser::stamp] cx=229.0 cy=178.0 r=6 total=113 skipped_zero=113 erased=0
[GradualEraser::verify] center(229,178) rgba=(0,0,0,0)
[BrushEngine::stampEraser] cx=229.0 cy=178.0 m_eraser=0x5f7a1ec70c58
[GradualEraser::stamp] cx=229.0 cy=178.0 r=6 total=113 skipped_zero=113 erased=0
[GradualEraser::verify] center(229,178) rgba=(0,0,0,0)
[MOUSE_MOVE] drawing=true tool=1 drawing at (574.0,260.0)
[handleDrawing] tool=1 brushType=4 eraserSize=12.0 eraserOp=1.00 layer=0x5f7a2b51bd30
[BrushEngine::stampEraser] cx=229.0 cy=178.0 m_eraser=0x5f7a1ec70c58
[GradualEraser::stamp] cx=229.0 cy=178.0 r=6 total=113 skipped_zero=113 erased=0
[GradualEraser::verify] center(229,178) rgba=(0,0,0,0)
[BrushEngine::stampEraser] cx=230.0 cy=178.0 m_eraser=0x5f7a1ec70c58
[GradualEraser::stamp] cx=230.0 cy=178.0 r=6 total=113 skipped_zero=113 erased=0
[GradualEraser::verify] center(230,178) rgba=(0,0,0,0)
[BrushEngine::stampEraser] cx=230.0 cy=178.0 m_eraser=0x5f7a1ec70c58
[GradualEraser::stamp] cx=230.0 cy=178.0 r=6 total=113 skipped_zero=113 erased=0
[GradualEraser::verify] center(230,178) rgba=(0,0,0,0)
[MOUSE_MOVE] drawing=true tool=1 drawing at (575.0,260.0)
[handleDrawing] tool=1 brushType=4 eraserSize=12.0 eraserOp=1.00 layer=0x5f7a2b51bd30
[BrushEngine::stampEraser] cx=230.0 cy=178.0 m_eraser=0x5f7a1ec70c58
[GradualEraser::stamp] cx=230.0 cy=178.0 r=6 total=113 skipped_zero=113 erased=0
[GradualEraser::verify] center(230,178) rgba=(0,0,0,0)
[BrushEngine::stampEraser] cx=231.0 cy=178.0 m_eraser=0x5f7a1ec70c58
[GradualEraser::stamp] cx=231.0 cy=178.0 r=6 total=113 skipped_zero=113 erased=0
[GradualEraser::verify] center(231,178) rgba=(0,0,0,0)
[BrushEngine::stampEraser] cx=231.0 cy=178.0 m_eraser=0x5f7a1ec70c58
[GradualEraser::stamp] cx=231.0 cy=178.0 r=6 total=113 skipped_zero=113 erased=0
[GradualEraser::verify] center(231,178) rgba=(0,0,0,0)
[MOUSE_MOVE] drawing=true tool=1 drawing at (576.0,260.0)
[handleDrawing] tool=1 brushType=4 eraserSize=12.0 eraserOp=1.00 layer=0x5f7a2b51bd30
[BrushEngine::stampEraser] cx=231.0 cy=178.0 m_eraser=0x5f7a1ec70c58
[GradualEraser::stamp] cx=231.0 cy=178.0 r=6 total=113 skipped_zero=113 erased=0
[GradualEraser::verify] center(231,178) rgba=(0,0,0,0)
[BrushEngine::stampEraser] cx=232.0 cy=178.0 m_eraser=0x5f7a1ec70c58
[GradualEraser::stamp] cx=232.0 cy=178.0 r=6 total=113 skipped_zero=113 erased=0
[GradualEraser::verify] center(232,178) rgba=(0,0,0,0)
[BrushEngine::stampEraser] cx=232.0 cy=178.0 m_eraser=0x5f7a1ec70c58
[GradualEraser::stamp] cx=232.0 cy=178.0 r=6 total=113 skipped_zero=113 erased=0
[GradualEraser::verify] center(232,178) rgba=(0,0,0,0)
[MOUSE_MOVE] drawing=true tool=1 drawing at (577.0,260.0)
[handleDrawing] tool=1 brushType=4 eraserSize=12.0 eraserOp=1.00 layer=0x5f7a2b51bd30
[BrushEngine::stampEraser] cx=232.0 cy=178.0 m_eraser=0x5f7a1ec70c58
[GradualEraser::stamp] cx=232.0 cy=178.0 r=6 total=113 skipped_zero=113 erased=0
[GradualEraser::verify] center(232,178) rgba=(0,0,0,0)
[BrushEngine::stampEraser] cx=233.0 cy=178.0 m_eraser=0x5f7a1ec70c58
[GradualEraser::stamp] cx=233.0 cy=178.0 r=6 total=113 skipped_zero=113 erased=0
[GradualEraser::verify] center(233,178) rgba=(0,0,0,0)
[BrushEngine::stampEraser] cx=233.0 cy=178.0 m_eraser=0x5f7a1ec70c58
[GradualEraser::stamp] cx=233.0 cy=178.0 r=6 total=113 skipped_zero=113 erased=0
[GradualEraser::verify] center(233,178) rgba=(0,0,0,0)
[MOUSE_MOVE] drawing=true tool=1 drawing at (578.0,260.0)
[handleDrawing] tool=1 brushType=4 eraserSize=12.0 eraserOp=1.00 layer=0x5f7a2b51bd30
[BrushEngine::stampEraser] cx=233.0 cy=178.0 m_eraser=0x5f7a1ec70c58
[GradualEraser::stamp] cx=233.0 cy=178.0 r=6 total=113 skipped_zero=113 erased=0
[GradualEraser::verify] center(233,178) rgba=(0,0,0,0)
[BrushEngine::stampEraser] cx=234.0 cy=178.0 m_eraser=0x5f7a1ec70c58
[GradualEraser::stamp] cx=234.0 cy=178.0 r=6 total=113 skipped_zero=113 erased=0
[GradualEraser::verify] center(234,178) rgba=(0,0,0,0)
[BrushEngine::stampEraser] cx=234.0 cy=178.0 m_eraser=0x5f7a1ec70c58
[GradualEraser::stamp] cx=234.0 cy=178.0 r=6 total=113 skipped_zero=113 erased=0
[GradualEraser::verify] center(234,178) rgba=(0,0,0,0)
[MOUSE_MOVE] drawing=true tool=1 drawing at (580.0,260.0)
[handleDrawing] tool=1 brushType=4 eraserSize=12.0 eraserOp=1.00 layer=0x5f7a2b51bd30
[BrushEngine::stampEraser] cx=234.0 cy=178.0 m_eraser=0x5f7a1ec70c58
[GradualEraser::stamp] cx=234.0 cy=178.0 r=6 total=113 skipped_zero=113 erased=0
[GradualEraser::verify] center(234,178) rgba=(0,0,0,0)
[BrushEngine::stampEraser] cx=236.0 cy=178.0 m_eraser=0x5f7a1ec70c58
[GradualEraser::stamp] cx=236.0 cy=178.0 r=6 total=113 skipped_zero=113 erased=0
[GradualEraser::verify] center(236,178) rgba=(0,0,0,0)
[BrushEngine::stampEraser] cx=236.0 cy=178.0 m_eraser=0x5f7a1ec70c58
[GradualEraser::stamp] cx=236.0 cy=178.0 r=6 total=113 skipped_zero=113 erased=0
[GradualEraser::verify] center(236,178) rgba=(0,0,0,0)
[CANVAS_UPDATE] recompositing (frameDirty=1 canvasDirty=0)
[CANVAS_UPDATE] sample pixel (236,178): rgba=(0,0,0,0)
[MOUSE_MOVE] drawing=true tool=1 drawing at (581.0,260.0)
[handleDrawing] tool=1 brushType=4 eraserSize=12.0 eraserOp=1.00 layer=0x5f7a2b51bd30
[BrushEngine::stampEraser] cx=236.0 cy=178.0 m_eraser=0x5f7a1ec70c58
[GradualEraser::stamp] cx=236.0 cy=178.0 r=6 total=113 skipped_zero=113 erased=0
[GradualEraser::verify] center(236,178) rgba=(0,0,0,0)
[BrushEngine::stampEraser] cx=237.0 cy=178.0 m_eraser=0x5f7a1ec70c58
[GradualEraser::stamp] cx=237.0 cy=178.0 r=6 total=113 skipped_zero=113 erased=0
[GradualEraser::verify] center(237,178) rgba=(0,0,0,0)
[BrushEngine::stampEraser] cx=237.0 cy=178.0 m_eraser=0x5f7a1ec70c58
[GradualEraser::stamp] cx=237.0 cy=178.0 r=6 total=113 skipped_zero=113 erased=0
[GradualEraser::verify] center(237,178) rgba=(0,0,0,0)
[MOUSE_MOVE] drawing=true tool=1 drawing at (582.0,260.0)
[handleDrawing] tool=1 brushType=4 eraserSize=12.0 eraserOp=1.00 layer=0x5f7a2b51bd30
[BrushEngine::stampEraser] cx=237.0 cy=178.0 m_eraser=0x5f7a1ec70c58
[GradualEraser::stamp] cx=237.0 cy=178.0 r=6 total=113 skipped_zero=113 erased=0
[GradualEraser::verify] center(237,178) rgba=(0,0,0,0)
[BrushEngine::stampEraser] cx=238.0 cy=178.0 m_eraser=0x5f7a1ec70c58
[GradualEraser::stamp] cx=238.0 cy=178.0 r=6 total=113 skipped_zero=113 erased=0
[GradualEraser::verify] center(238,178) rgba=(0,0,0,0)
[BrushEngine::stampEraser] cx=238.0 cy=178.0 m_eraser=0x5f7a1ec70c58
[GradualEraser::stamp] cx=238.0 cy=178.0 r=6 total=113 skipped_zero=113 erased=0
[GradualEraser::verify] center(238,178) rgba=(0,0,0,0)
[MOUSE_MOVE] drawing=true tool=1 drawing at (583.0,260.0)
[handleDrawing] tool=1 brushType=4 eraserSize=12.0 eraserOp=1.00 layer=0x5f7a2b51bd30
[BrushEngine::stampEraser] cx=238.0 cy=178.0 m_eraser=0x5f7a1ec70c58
[GradualEraser::stamp] cx=238.0 cy=178.0 r=6 total=113 skipped_zero=113 erased=0
[GradualEraser::verify] center(238,178) rgba=(0,0,0,0)
[BrushEngine::stampEraser] cx=239.0 cy=178.0 m_eraser=0x5f7a1ec70c58
[GradualEraser::stamp] cx=239.0 cy=178.0 r=6 total=113 skipped_zero=113 erased=0
[GradualEraser::verify] center(239,178) rgba=(0,0,0,0)
[BrushEngine::stampEraser] cx=239.0 cy=178.0 m_eraser=0x5f7a1ec70c58
[GradualEraser::stamp] cx=239.0 cy=178.0 r=6 total=113 skipped_zero=113 erased=0
[GradualEraser::verify] center(239,178) rgba=(0,0,0,0)
[MOUSE_MOVE] drawing=true tool=1 drawing at (584.0,260.0)
[handleDrawing] tool=1 brushType=4 eraserSize=12.0 eraserOp=1.00 layer=0x5f7a2b51bd30
[BrushEngine::stampEraser] cx=239.0 cy=178.0 m_eraser=0x5f7a1ec70c58
[GradualEraser::stamp] cx=239.0 cy=178.0 r=6 total=113 skipped_zero=113 erased=0
[GradualEraser::verify] center(239,178) rgba=(0,0,0,0)
[BrushEngine::stampEraser] cx=240.0 cy=178.0 m_eraser=0x5f7a1ec70c58
[GradualEraser::stamp] cx=240.0 cy=178.0 r=6 total=113 skipped_zero=113 erased=0
[GradualEraser::verify] center(240,178) rgba=(0,0,0,0)
[BrushEngine::stampEraser] cx=240.0 cy=178.0 m_eraser=0x5f7a1ec70c58
[GradualEraser::stamp] cx=240.0 cy=178.0 r=6 total=113 skipped_zero=113 erased=0
[GradualEraser::verify] center(240,178) rgba=(0,0,0,0)
[MOUSE_MOVE] drawing=true tool=1 drawing at (585.0,260.0)
[handleDrawing] tool=1 brushType=4 eraserSize=12.0 eraserOp=1.00 layer=0x5f7a2b51bd30
[BrushEngine::stampEraser] cx=240.0 cy=178.0 m_eraser=0x5f7a1ec70c58
[GradualEraser::stamp] cx=240.0 cy=178.0 r=6 total=113 skipped_zero=113 erased=0
[GradualEraser::verify] center(240,178) rgba=(0,0,0,0)
[BrushEngine::stampEraser] cx=241.0 cy=178.0 m_eraser=0x5f7a1ec70c58
[GradualEraser::stamp] cx=241.0 cy=178.0 r=6 total=113 skipped_zero=113 erased=0
[GradualEraser::verify] center(241,178) rgba=(0,0,0,0)
[BrushEngine::stampEraser] cx=241.0 cy=178.0 m_eraser=0x5f7a1ec70c58
[GradualEraser::stamp] cx=241.0 cy=178.0 r=6 total=113 skipped_zero=113 erased=0
[GradualEraser::verify] center(241,178) rgba=(0,0,0,0)
[MOUSE_MOVE] drawing=true tool=1 drawing at (586.0,260.0)
[handleDrawing] tool=1 brushType=4 eraserSize=12.0 eraserOp=1.00 layer=0x5f7a2b51bd30
[BrushEngine::stampEraser] cx=241.0 cy=178.0 m_eraser=0x5f7a1ec70c58
[GradualEraser::stamp] cx=241.0 cy=178.0 r=6 total=113 skipped_zero=113 erased=0
[GradualEraser::verify] center(241,178) rgba=(0,0,0,0)
[BrushEngine::stampEraser] cx=242.0 cy=178.0 m_eraser=0x5f7a1ec70c58
[GradualEraser::stamp] cx=242.0 cy=178.0 r=6 total=113 skipped_zero=113 erased=0
[GradualEraser::verify] center(242,178) rgba=(0,0,0,0)
[BrushEngine::stampEraser] cx=242.0 cy=178.0 m_eraser=0x5f7a1ec70c58
[GradualEraser::stamp] cx=242.0 cy=178.0 r=6 total=113 skipped_zero=113 erased=0
[GradualEraser::verify] center(242,178) rgba=(0,0,0,0)
[MOUSE_MOVE] drawing=true tool=1 drawing at (587.0,260.0)
[handleDrawing] tool=1 brushType=4 eraserSize=12.0 eraserOp=1.00 layer=0x5f7a2b51bd30
[BrushEngine::stampEraser] cx=242.0 cy=178.0 m_eraser=0x5f7a1ec70c58
[GradualEraser::stamp] cx=242.0 cy=178.0 r=6 total=113 skipped_zero=113 erased=0
[GradualEraser::verify] center(242,178) rgba=(0,0,0,0)
[BrushEngine::stampEraser] cx=243.0 cy=178.0 m_eraser=0x5f7a1ec70c58
[GradualEraser::stamp] cx=243.0 cy=178.0 r=6 total=113 skipped_zero=113 erased=0
[GradualEraser::verify] center(243,178) rgba=(0,0,0,0)
[BrushEngine::stampEraser] cx=243.0 cy=178.0 m_eraser=0x5f7a1ec70c58
[GradualEraser::stamp] cx=243.0 cy=178.0 r=6 total=113 skipped_zero=113 erased=0
[GradualEraser::verify] center(243,178) rgba=(0,0,0,0)
[CANVAS_UPDATE] recompositing (frameDirty=1 canvasDirty=0)
[CANVAS_UPDATE] sample pixel (243,178): rgba=(0,0,0,0)
[MOUSE_MOVE] drawing=true tool=1 drawing at (588.0,260.0)
[handleDrawing] tool=1 brushType=4 eraserSize=12.0 eraserOp=1.00 layer=0x5f7a2b51bd30
[BrushEngine::stampEraser] cx=243.0 cy=178.0 m_eraser=0x5f7a1ec70c58
[GradualEraser::stamp] cx=243.0 cy=178.0 r=6 total=113 skipped_zero=113 erased=0
[GradualEraser::verify] center(243,178) rgba=(0,0,0,0)
[BrushEngine::stampEraser] cx=244.0 cy=178.0 m_eraser=0x5f7a1ec70c58
[GradualEraser::stamp] cx=244.0 cy=178.0 r=6 total=113 skipped_zero=113 erased=0
[GradualEraser::verify] center(244,178) rgba=(0,0,0,0)
[BrushEngine::stampEraser] cx=244.0 cy=178.0 m_eraser=0x5f7a1ec70c58
[GradualEraser::stamp] cx=244.0 cy=178.0 r=6 total=113 skipped_zero=113 erased=0
[GradualEraser::verify] center(244,178) rgba=(0,0,0,0)
[MOUSE_MOVE] drawing=true tool=1 drawing at (589.0,260.0)
[handleDrawing] tool=1 brushType=4 eraserSize=12.0 eraserOp=1.00 layer=0x5f7a2b51bd30
[BrushEngine::stampEraser] cx=244.0 cy=178.0 m_eraser=0x5f7a1ec70c58
[GradualEraser::stamp] cx=244.0 cy=178.0 r=6 total=113 skipped_zero=113 erased=0
[GradualEraser::verify] center(244,178) rgba=(0,0,0,0)
[BrushEngine::stampEraser] cx=245.0 cy=178.0 m_eraser=0x5f7a1ec70c58
[GradualEraser::stamp] cx=245.0 cy=178.0 r=6 total=113 skipped_zero=113 erased=0
[GradualEraser::verify] center(245,178) rgba=(0,0,0,0)
[BrushEngine::stampEraser] cx=245.0 cy=178.0 m_eraser=0x5f7a1ec70c58
[GradualEraser::stamp] cx=245.0 cy=178.0 r=6 total=113 skipped_zero=113 erased=0
[GradualEraser::verify] center(245,178) rgba=(0,0,0,0)
[MOUSE_MOVE] drawing=true tool=1 drawing at (590.0,259.0)
[handleDrawing] tool=1 brushType=4 eraserSize=12.0 eraserOp=1.00 layer=0x5f7a2b51bd30
[BrushEngine::stampEraser] cx=245.0 cy=178.0 m_eraser=0x5f7a1ec70c58
[GradualEraser::stamp] cx=245.0 cy=178.0 r=6 total=113 skipped_zero=113 erased=0
[GradualEraser::verify] center(245,178) rgba=(0,0,0,0)
[BrushEngine::stampEraser] cx=246.0 cy=177.0 m_eraser=0x5f7a1ec70c58
[GradualEraser::stamp] cx=246.0 cy=177.0 r=6 total=113 skipped_zero=113 erased=0
[GradualEraser::verify] center(246,177) rgba=(0,0,0,0)
[BrushEngine::stampEraser] cx=246.0 cy=177.0 m_eraser=0x5f7a1ec70c58
[GradualEraser::stamp] cx=246.0 cy=177.0 r=6 total=113 skipped_zero=113 erased=0
[GradualEraser::verify] center(246,177) rgba=(0,0,0,0)
[MOUSE_MOVE] drawing=true tool=1 drawing at (591.0,259.0)
[handleDrawing] tool=1 brushType=4 eraserSize=12.0 eraserOp=1.00 layer=0x5f7a2b51bd30
[BrushEngine::stampEraser] cx=246.0 cy=177.0 m_eraser=0x5f7a1ec70c58
[GradualEraser::stamp] cx=246.0 cy=177.0 r=6 total=113 skipped_zero=113 erased=0
[GradualEraser::verify] center(246,177) rgba=(0,0,0,0)
[BrushEngine::stampEraser] cx=247.0 cy=177.0 m_eraser=0x5f7a1ec70c58
[GradualEraser::stamp] cx=247.0 cy=177.0 r=6 total=113 skipped_zero=113 erased=0
[GradualEraser::verify] center(247,177) rgba=(0,0,0,0)
[BrushEngine::stampEraser] cx=247.0 cy=177.0 m_eraser=0x5f7a1ec70c58
[GradualEraser::stamp] cx=247.0 cy=177.0 r=6 total=113 skipped_zero=113 erased=0
[GradualEraser::verify] center(247,177) rgba=(0,0,0,0)
[MOUSE_MOVE] drawing=true tool=1 drawing at (591.0,258.0)
[handleDrawing] tool=1 brushType=4 eraserSize=12.0 eraserOp=1.00 layer=0x5f7a2b51bd30
[BrushEngine::stampEraser] cx=247.0 cy=177.0 m_eraser=0x5f7a1ec70c58
[GradualEraser::stamp] cx=247.0 cy=177.0 r=6 total=113 skipped_zero=113 erased=0
[GradualEraser::verify] center(247,177) rgba=(0,0,0,0)
[BrushEngine::stampEraser] cx=247.0 cy=176.0 m_eraser=0x5f7a1ec70c58
[GradualEraser::stamp] cx=247.0 cy=176.0 r=6 total=113 skipped_zero=113 erased=0
[GradualEraser::verify] center(247,176) rgba=(0,0,0,0)
[BrushEngine::stampEraser] cx=247.0 cy=176.0 m_eraser=0x5f7a1ec70c58
[GradualEraser::stamp] cx=247.0 cy=176.0 r=6 total=113 skipped_zero=113 erased=0
[GradualEraser::verify] center(247,176) rgba=(0,0,0,0)
[CANVAS_UPDATE] recompositing (frameDirty=1 canvasDirty=0)
[CANVAS_UPDATE] sample pixel (247,176): rgba=(0,0,0,0)
[MOUSE_MOVE] drawing=true tool=1 drawing at (592.0,258.0)
[handleDrawing] tool=1 brushType=4 eraserSize=12.0 eraserOp=1.00 layer=0x5f7a2b51bd30
[BrushEngine::stampEraser] cx=247.0 cy=176.0 m_eraser=0x5f7a1ec70c58
[GradualEraser::stamp] cx=247.0 cy=176.0 r=6 total=113 skipped_zero=113 erased=0
[GradualEraser::verify] center(247,176) rgba=(0,0,0,0)
[BrushEngine::stampEraser] cx=248.0 cy=176.0 m_eraser=0x5f7a1ec70c58
[GradualEraser::stamp] cx=248.0 cy=176.0 r=6 total=113 skipped_zero=113 erased=0
[GradualEraser::verify] center(248,176) rgba=(0,0,0,0)
[BrushEngine::stampEraser] cx=248.0 cy=176.0 m_eraser=0x5f7a1ec70c58
[GradualEraser::stamp] cx=248.0 cy=176.0 r=6 total=113 skipped_zero=113 erased=0
[GradualEraser::verify] center(248,176) rgba=(0,0,0,0)
[CANVAS_UPDATE] recompositing (frameDirty=1 canvasDirty=0)
[CANVAS_UPDATE] sample pixel (248,176): rgba=(0,0,0,0)
[MOUSE_MOVE] drawing=true tool=1 drawing at (591.0,258.0)
[handleDrawing] tool=1 brushType=4 eraserSize=12.0 eraserOp=1.00 layer=0x5f7a2b51bd30
[BrushEngine::stampEraser] cx=248.0 cy=176.0 m_eraser=0x5f7a1ec70c58
[GradualEraser::stamp] cx=248.0 cy=176.0 r=6 total=113 skipped_zero=113 erased=0
[GradualEraser::verify] center(248,176) rgba=(0,0,0,0)
[BrushEngine::stampEraser] cx=247.0 cy=176.0 m_eraser=0x5f7a1ec70c58
[GradualEraser::stamp] cx=247.0 cy=176.0 r=6 total=113 skipped_zero=113 erased=0
[GradualEraser::verify] center(247,176) rgba=(0,0,0,0)
[BrushEngine::stampEraser] cx=247.0 cy=176.0 m_eraser=0x5f7a1ec70c58
[GradualEraser::stamp] cx=247.0 cy=176.0 r=6 total=113 skipped_zero=113 erased=0
[GradualEraser::verify] center(247,176) rgba=(0,0,0,0)
[MOUSE_MOVE] drawing=true tool=1 drawing at (590.0,258.0)
[handleDrawing] tool=1 brushType=4 eraserSize=12.0 eraserOp=1.00 layer=0x5f7a2b51bd30
[BrushEngine::stampEraser] cx=247.0 cy=176.0 m_eraser=0x5f7a1ec70c58
[GradualEraser::stamp] cx=247.0 cy=176.0 r=6 total=113 skipped_zero=113 erased=0
[GradualEraser::verify] center(247,176) rgba=(0,0,0,0)
[BrushEngine::stampEraser] cx=246.0 cy=176.0 m_eraser=0x5f7a1ec70c58
[GradualEraser::stamp] cx=246.0 cy=176.0 r=6 total=113 skipped_zero=113 erased=0
[GradualEraser::verify] center(246,176) rgba=(0,0,0,0)
[BrushEngine::stampEraser] cx=246.0 cy=176.0 m_eraser=0x5f7a1ec70c58
[GradualEraser::stamp] cx=246.0 cy=176.0 r=6 total=113 skipped_zero=113 erased=0
[GradualEraser::verify] center(246,176) rgba=(0,0,0,0)
[CANVAS_UPDATE] recompositing (frameDirty=1 canvasDirty=0)
[CANVAS_UPDATE] sample pixel (246,176): rgba=(0,0,0,0)
[MOUSE_MOVE] drawing=true tool=1 drawing at (589.0,258.0)
[handleDrawing] tool=1 brushType=4 eraserSize=12.0 eraserOp=1.00 layer=0x5f7a2b51bd30
[BrushEngine::stampEraser] cx=246.0 cy=176.0 m_eraser=0x5f7a1ec70c58
[GradualEraser::stamp] cx=246.0 cy=176.0 r=6 total=113 skipped_zero=113 erased=0
[GradualEraser::verify] center(246,176) rgba=(0,0,0,0)
[BrushEngine::stampEraser] cx=245.0 cy=176.0 m_eraser=0x5f7a1ec70c58
[GradualEraser::stamp] cx=245.0 cy=176.0 r=6 total=113 skipped_zero=113 erased=0
[GradualEraser::verify] center(245,176) rgba=(0,0,0,0)
[BrushEngine::stampEraser] cx=245.0 cy=176.0 m_eraser=0x5f7a1ec70c58
[GradualEraser::stamp] cx=245.0 cy=176.0 r=6 total=113 skipped_zero=113 erased=0
[GradualEraser::verify] center(245,176) rgba=(0,0,0,0)
[MOUSE_MOVE] drawing=true tool=1 drawing at (588.0,258.0)
[handleDrawing] tool=1 brushType=4 eraserSize=12.0 eraserOp=1.00 layer=0x5f7a2b51bd30
[BrushEngine::stampEraser] cx=245.0 cy=176.0 m_eraser=0x5f7a1ec70c58
[GradualEraser::stamp] cx=245.0 cy=176.0 r=6 total=113 skipped_zero=113 erased=0
[GradualEraser::verify] center(245,176) rgba=(0,0,0,0)
[BrushEngine::stampEraser] cx=244.0 cy=176.0 m_eraser=0x5f7a1ec70c58
[GradualEraser::stamp] cx=244.0 cy=176.0 r=6 total=113 skipped_zero=113 erased=0
[GradualEraser::verify] center(244,176) rgba=(0,0,0,0)
[BrushEngine::stampEraser] cx=244.0 cy=176.0 m_eraser=0x5f7a1ec70c58
[GradualEraser::stamp] cx=244.0 cy=176.0 r=6 total=113 skipped_zero=113 erased=0
[GradualEraser::verify] center(244,176) rgba=(0,0,0,0)
[MOUSE_MOVE] drawing=true tool=1 drawing at (587.0,258.0)
[handleDrawing] tool=1 brushType=4 eraserSize=12.0 eraserOp=1.00 layer=0x5f7a2b51bd30
[BrushEngine::stampEraser] cx=244.0 cy=176.0 m_eraser=0x5f7a1ec70c58
[GradualEraser::stamp] cx=244.0 cy=176.0 r=6 total=113 skipped_zero=113 erased=0
[GradualEraser::verify] center(244,176) rgba=(0,0,0,0)
[BrushEngine::stampEraser] cx=243.0 cy=176.0 m_eraser=0x5f7a1ec70c58
[GradualEraser::stamp] cx=243.0 cy=176.0 r=6 total=113 skipped_zero=113 erased=0
[GradualEraser::verify] center(243,176) rgba=(0,0,0,0)
[BrushEngine::stampEraser] cx=243.0 cy=176.0 m_eraser=0x5f7a1ec70c58
[GradualEraser::stamp] cx=243.0 cy=176.0 r=6 total=113 skipped_zero=113 erased=0
[GradualEraser::verify] center(243,176) rgba=(0,0,0,0)
[MOUSE_MOVE] drawing=true tool=1 drawing at (586.0,258.0)
[handleDrawing] tool=1 brushType=4 eraserSize=12.0 eraserOp=1.00 layer=0x5f7a2b51bd30
[BrushEngine::stampEraser] cx=243.0 cy=176.0 m_eraser=0x5f7a1ec70c58
[GradualEraser::stamp] cx=243.0 cy=176.0 r=6 total=113 skipped_zero=113 erased=0
[GradualEraser::verify] center(243,176) rgba=(0,0,0,0)
[BrushEngine::stampEraser] cx=242.0 cy=176.0 m_eraser=0x5f7a1ec70c58
[GradualEraser::stamp] cx=242.0 cy=176.0 r=6 total=113 skipped_zero=113 erased=0
[GradualEraser::verify] center(242,176) rgba=(0,0,0,0)
[BrushEngine::stampEraser] cx=242.0 cy=176.0 m_eraser=0x5f7a1ec70c58
[GradualEraser::stamp] cx=242.0 cy=176.0 r=6 total=113 skipped_zero=113 erased=0
[GradualEraser::verify] center(242,176) rgba=(0,0,0,0)
[MOUSE_MOVE] drawing=true tool=1 drawing at (585.0,258.0)
[handleDrawing] tool=1 brushType=4 eraserSize=12.0 eraserOp=1.00 layer=0x5f7a2b51bd30
[BrushEngine::stampEraser] cx=242.0 cy=176.0 m_eraser=0x5f7a1ec70c58
[GradualEraser::stamp] cx=242.0 cy=176.0 r=6 total=113 skipped_zero=113 erased=0
[GradualEraser::verify] center(242,176) rgba=(0,0,0,0)
[BrushEngine::stampEraser] cx=241.0 cy=176.0 m_eraser=0x5f7a1ec70c58
[GradualEraser::stamp] cx=241.0 cy=176.0 r=6 total=113 skipped_zero=113 erased=0
[GradualEraser::verify] center(241,176) rgba=(0,0,0,0)
[BrushEngine::stampEraser] cx=241.0 cy=176.0 m_eraser=0x5f7a1ec70c58
[GradualEraser::stamp] cx=241.0 cy=176.0 r=6 total=113 skipped_zero=113 erased=0
[GradualEraser::verify] center(241,176) rgba=(0,0,0,0)
[MOUSE_MOVE] drawing=true tool=1 drawing at (584.0,258.0)
[handleDrawing] tool=1 brushType=4 eraserSize=12.0 eraserOp=1.00 layer=0x5f7a2b51bd30
[BrushEngine::stampEraser] cx=241.0 cy=176.0 m_eraser=0x5f7a1ec70c58
[GradualEraser::stamp] cx=241.0 cy=176.0 r=6 total=113 skipped_zero=113 erased=0
[GradualEraser::verify] center(241,176) rgba=(0,0,0,0)
[BrushEngine::stampEraser] cx=240.0 cy=176.0 m_eraser=0x5f7a1ec70c58
[GradualEraser::stamp] cx=240.0 cy=176.0 r=6 total=113 skipped_zero=113 erased=0
[GradualEraser::verify] center(240,176) rgba=(0,0,0,0)
[BrushEngine::stampEraser] cx=240.0 cy=176.0 m_eraser=0x5f7a1ec70c58
[GradualEraser::stamp] cx=240.0 cy=176.0 r=6 total=113 skipped_zero=113 erased=0
[GradualEraser::verify] center(240,176) rgba=(0,0,0,0)
[MOUSE_MOVE] drawing=true tool=1 drawing at (581.0,258.0)
[handleDrawing] tool=1 brushType=4 eraserSize=12.0 eraserOp=1.00 layer=0x5f7a2b51bd30
[BrushEngine::stampEraser] cx=240.0 cy=176.0 m_eraser=0x5f7a1ec70c58
[GradualEraser::stamp] cx=240.0 cy=176.0 r=6 total=113 skipped_zero=113 erased=0
[GradualEraser::verify] center(240,176) rgba=(0,0,0,0)
[BrushEngine::stampEraser] cx=237.0 cy=176.0 m_eraser=0x5f7a1ec70c58
[GradualEraser::stamp] cx=237.0 cy=176.0 r=6 total=113 skipped_zero=113 erased=0
[GradualEraser::verify] center(237,176) rgba=(0,0,0,0)
[BrushEngine::stampEraser] cx=237.0 cy=176.0 m_eraser=0x5f7a1ec70c58
[GradualEraser::stamp] cx=237.0 cy=176.0 r=6 total=113 skipped_zero=113 erased=0
[GradualEraser::verify] center(237,176) rgba=(0,0,0,0)
[MOUSE_MOVE] drawing=true tool=1 drawing at (580.0,258.0)
[handleDrawing] tool=1 brushType=4 eraserSize=12.0 eraserOp=1.00 layer=0x5f7a2b51bd30
[BrushEngine::stampEraser] cx=237.0 cy=176.0 m_eraser=0x5f7a1ec70c58
[GradualEraser::stamp] cx=237.0 cy=176.0 r=6 total=113 skipped_zero=113 erased=0
[GradualEraser::verify] center(237,176) rgba=(0,0,0,0)
[BrushEngine::stampEraser] cx=236.0 cy=176.0 m_eraser=0x5f7a1ec70c58
[GradualEraser::stamp] cx=236.0 cy=176.0 r=6 total=113 skipped_zero=113 erased=0
[GradualEraser::verify] center(236,176) rgba=(0,0,0,0)
[BrushEngine::stampEraser] cx=236.0 cy=176.0 m_eraser=0x5f7a1ec70c58
[GradualEraser::stamp] cx=236.0 cy=176.0 r=6 total=113 skipped_zero=113 erased=0
[GradualEraser::verify] center(236,176) rgba=(0,0,0,0)
[CANVAS_UPDATE] recompositing (frameDirty=1 canvasDirty=0)
[CANVAS_UPDATE] sample pixel (236,176): rgba=(255,101,50,255)
[MOUSE_MOVE] drawing=true tool=1 drawing at (578.0,258.0)
[handleDrawing] tool=1 brushType=4 eraserSize=12.0 eraserOp=1.00 layer=0x5f7a2b51bd30
[BrushEngine::stampEraser] cx=236.0 cy=176.0 m_eraser=0x5f7a1ec70c58
[GradualEraser::stamp] cx=236.0 cy=176.0 r=6 total=113 skipped_zero=113 erased=0
[GradualEraser::verify] center(236,176) rgba=(0,0,0,0)
[BrushEngine::stampEraser] cx=234.0 cy=176.0 m_eraser=0x5f7a1ec70c58
[GradualEraser::stamp] cx=234.0 cy=176.0 r=6 total=113 skipped_zero=113 erased=0
[GradualEraser::verify] center(234,176) rgba=(0,0,0,0)
[BrushEngine::stampEraser] cx=234.0 cy=176.0 m_eraser=0x5f7a1ec70c58
[GradualEraser::stamp] cx=234.0 cy=176.0 r=6 total=113 skipped_zero=113 erased=0
[GradualEraser::verify] center(234,176) rgba=(0,0,0,0)
[MOUSE_MOVE] drawing=true tool=1 drawing at (576.0,258.0)
[handleDrawing] tool=1 brushType=4 eraserSize=12.0 eraserOp=1.00 layer=0x5f7a2b51bd30
[BrushEngine::stampEraser] cx=234.0 cy=176.0 m_eraser=0x5f7a1ec70c58
[GradualEraser::stamp] cx=234.0 cy=176.0 r=6 total=113 skipped_zero=113 erased=0
[GradualEraser::verify] center(234,176) rgba=(0,0,0,0)
[BrushEngine::stampEraser] cx=232.0 cy=176.0 m_eraser=0x5f7a1ec70c58
[GradualEraser::stamp] cx=232.0 cy=176.0 r=6 total=113 skipped_zero=113 erased=0
[GradualEraser::verify] center(232,176) rgba=(0,0,0,0)
[BrushEngine::stampEraser] cx=232.0 cy=176.0 m_eraser=0x5f7a1ec70c58
[GradualEraser::stamp] cx=232.0 cy=176.0 r=6 total=113 skipped_zero=113 erased=0
[GradualEraser::verify] center(232,176) rgba=(0,0,0,0)
[MOUSE_MOVE] drawing=true tool=1 drawing at (574.0,258.0)
[handleDrawing] tool=1 brushType=4 eraserSize=12.0 eraserOp=1.00 layer=0x5f7a2b51bd30
[BrushEngine::stampEraser] cx=232.0 cy=176.0 m_eraser=0x5f7a1ec70c58
[GradualEraser::stamp] cx=232.0 cy=176.0 r=6 total=113 skipped_zero=113 erased=0
[GradualEraser::verify] center(232,176) rgba=(0,0,0,0)
[BrushEngine::stampEraser] cx=230.0 cy=176.0 m_eraser=0x5f7a1ec70c58
[GradualEraser::stamp] cx=230.0 cy=176.0 r=6 total=113 skipped_zero=113 erased=0
[GradualEraser::verify] center(230,176) rgba=(0,0,0,0)
[BrushEngine::stampEraser] cx=230.0 cy=176.0 m_eraser=0x5f7a1ec70c58
[GradualEraser::stamp] cx=230.0 cy=176.0 r=6 total=113 skipped_zero=113 erased=0
[GradualEraser::verify] center(230,176) rgba=(0,0,0,0)
[MOUSE_MOVE] drawing=true tool=1 drawing at (572.0,258.0)
[handleDrawing] tool=1 brushType=4 eraserSize=12.0 eraserOp=1.00 layer=0x5f7a2b51bd30
[BrushEngine::stampEraser] cx=230.0 cy=176.0 m_eraser=0x5f7a1ec70c58
[GradualEraser::stamp] cx=230.0 cy=176.0 r=6 total=113 skipped_zero=113 erased=0
[GradualEraser::verify] center(230,176) rgba=(0,0,0,0)
[BrushEngine::stampEraser] cx=228.0 cy=176.0 m_eraser=0x5f7a1ec70c58
[GradualEraser::stamp] cx=228.0 cy=176.0 r=6 total=113 skipped_zero=113 erased=0
[GradualEraser::verify] center(228,176) rgba=(0,0,0,0)
[BrushEngine::stampEraser] cx=228.0 cy=176.0 m_eraser=0x5f7a1ec70c58
[GradualEraser::stamp] cx=228.0 cy=176.0 r=6 total=113 skipped_zero=113 erased=0
[GradualEraser::verify] center(228,176) rgba=(0,0,0,0)
[MOUSE_MOVE] drawing=true tool=1 drawing at (571.0,258.0)
[handleDrawing] tool=1 brushType=4 eraserSize=12.0 eraserOp=1.00 layer=0x5f7a2b51bd30
[BrushEngine::stampEraser] cx=228.0 cy=176.0 m_eraser=0x5f7a1ec70c58
[GradualEraser::stamp] cx=228.0 cy=176.0 r=6 total=113 skipped_zero=113 erased=0
[GradualEraser::verify] center(228,176) rgba=(0,0,0,0)
[BrushEngine::stampEraser] cx=227.0 cy=176.0 m_eraser=0x5f7a1ec70c58
[GradualEraser::stamp] cx=227.0 cy=176.0 r=6 total=113 skipped_zero=113 erased=0
[GradualEraser::verify] center(227,176) rgba=(0,0,0,0)
[BrushEngine::stampEraser] cx=227.0 cy=176.0 m_eraser=0x5f7a1ec70c58
[GradualEraser::stamp] cx=227.0 cy=176.0 r=6 total=113 skipped_zero=113 erased=0
[GradualEraser::verify] center(227,176) rgba=(0,0,0,0)
[MOUSE_MOVE] drawing=true tool=1 drawing at (570.0,258.0)
[handleDrawing] tool=1 brushType=4 eraserSize=12.0 eraserOp=1.00 layer=0x5f7a2b51bd30
[BrushEngine::stampEraser] cx=227.0 cy=176.0 m_eraser=0x5f7a1ec70c58
[GradualEraser::stamp] cx=227.0 cy=176.0 r=6 total=113 skipped_zero=113 erased=0
[GradualEraser::verify] center(227,176) rgba=(0,0,0,0)
[BrushEngine::stampEraser] cx=226.0 cy=176.0 m_eraser=0x5f7a1ec70c58
[GradualEraser::stamp] cx=226.0 cy=176.0 r=6 total=113 skipped_zero=113 erased=0
[GradualEraser::verify] center(226,176) rgba=(0,0,0,0)
[BrushEngine::stampEraser] cx=226.0 cy=176.0 m_eraser=0x5f7a1ec70c58
[GradualEraser::stamp] cx=226.0 cy=176.0 r=6 total=113 skipped_zero=113 erased=0
[GradualEraser::verify] center(226,176) rgba=(0,0,0,0)
[MOUSE_MOVE] drawing=true tool=1 drawing at (567.0,258.0)
[handleDrawing] tool=1 brushType=4 eraserSize=12.0 eraserOp=1.00 layer=0x5f7a2b51bd30
[BrushEngine::stampEraser] cx=226.0 cy=176.0 m_eraser=0x5f7a1ec70c58
[GradualEraser::stamp] cx=226.0 cy=176.0 r=6 total=113 skipped_zero=113 erased=0
[GradualEraser::verify] center(226,176) rgba=(0,0,0,0)
[BrushEngine::stampEraser] cx=223.0 cy=176.0 m_eraser=0x5f7a1ec70c58
[GradualEraser::stamp] cx=223.0 cy=176.0 r=6 total=113 skipped_zero=101 erased=12
[GradualEraser::verify] center(223,176) rgba=(0,0,0,0)
[BrushEngine::stampEraser] cx=223.0 cy=176.0 m_eraser=0x5f7a1ec70c58
[GradualEraser::stamp] cx=223.0 cy=176.0 r=6 total=113 skipped_zero=113 erased=0
[GradualEraser::verify] center(223,176) rgba=(0,0,0,0)
[CANVAS_UPDATE] recompositing (frameDirty=1 canvasDirty=0)
[CANVAS_UPDATE] sample pixel (223,176): rgba=(255,101,50,255)
[MOUSE_MOVE] drawing=true tool=1 drawing at (564.0,258.0)
[handleDrawing] tool=1 brushType=4 eraserSize=12.0 eraserOp=1.00 layer=0x5f7a2b51bd30
[BrushEngine::stampEraser] cx=223.0 cy=176.0 m_eraser=0x5f7a1ec70c58
[GradualEraser::stamp] cx=223.0 cy=176.0 r=6 total=113 skipped_zero=113 erased=0
[GradualEraser::verify] center(223,176) rgba=(0,0,0,0)
[BrushEngine::stampEraser] cx=220.0 cy=176.0 m_eraser=0x5f7a1ec70c58
[GradualEraser::stamp] cx=220.0 cy=176.0 r=6 total=113 skipped_zero=94 erased=19
[GradualEraser::verify] center(220,176) rgba=(0,0,0,0)
[BrushEngine::stampEraser] cx=220.0 cy=176.0 m_eraser=0x5f7a1ec70c58
[GradualEraser::stamp] cx=220.0 cy=176.0 r=6 total=113 skipped_zero=113 erased=0
[GradualEraser::verify] center(220,176) rgba=(0,0,0,0)
[MOUSE_MOVE] drawing=true tool=1 drawing at (562.0,258.0)
[handleDrawing] tool=1 brushType=4 eraserSize=12.0 eraserOp=1.00 layer=0x5f7a2b51bd30
[BrushEngine::stampEraser] cx=220.0 cy=176.0 m_eraser=0x5f7a1ec70c58
[GradualEraser::stamp] cx=220.0 cy=176.0 r=6 total=113 skipped_zero=113 erased=0
[GradualEraser::verify] center(220,176) rgba=(0,0,0,0)
[BrushEngine::stampEraser] cx=218.0 cy=176.0 m_eraser=0x5f7a1ec70c58
[GradualEraser::stamp] cx=218.0 cy=176.0 r=6 total=113 skipped_zero=100 erased=13
[GradualEraser::verify] center(218,176) rgba=(0,0,0,0)
[BrushEngine::stampEraser] cx=218.0 cy=176.0 m_eraser=0x5f7a1ec70c58
[GradualEraser::stamp] cx=218.0 cy=176.0 r=6 total=113 skipped_zero=113 erased=0
[GradualEraser::verify] center(218,176) rgba=(0,0,0,0)
[MOUSE_MOVE] drawing=true tool=1 drawing at (559.0,260.0)
[handleDrawing] tool=1 brushType=4 eraserSize=12.0 eraserOp=1.00 layer=0x5f7a2b51bd30
[BrushEngine::stampEraser] cx=218.0 cy=176.0 m_eraser=0x5f7a1ec70c58
[GradualEraser::stamp] cx=218.0 cy=176.0 r=6 total=113 skipped_zero=113 erased=0
[GradualEraser::verify] center(218,176) rgba=(0,0,0,0)
[BrushEngine::stampEraser] cx=216.5 cy=177.0 m_eraser=0x5f7a1ec70c58
[GradualEraser::stamp] cx=216.5 cy=177.0 r=6 total=113 skipped_zero=110 erased=3
[GradualEraser::verify] center(217,177) rgba=(0,0,0,0)
[BrushEngine::stampEraser] cx=215.0 cy=178.0 m_eraser=0x5f7a1ec70c58
[GradualEraser::stamp] cx=215.0 cy=178.0 r=6 total=113 skipped_zero=107 erased=6
[GradualEraser::verify] center(215,178) rgba=(0,0,0,0)
[BrushEngine::stampEraser] cx=215.0 cy=178.0 m_eraser=0x5f7a1ec70c58
[GradualEraser::stamp] cx=215.0 cy=178.0 r=6 total=113 skipped_zero=113 erased=0
[GradualEraser::verify] center(215,178) rgba=(0,0,0,0)
[MOUSE_MOVE] drawing=true tool=1 drawing at (558.0,260.0)
[handleDrawing] tool=1 brushType=4 eraserSize=12.0 eraserOp=1.00 layer=0x5f7a2b51bd30
[BrushEngine::stampEraser] cx=215.0 cy=178.0 m_eraser=0x5f7a1ec70c58
[GradualEraser::stamp] cx=215.0 cy=178.0 r=6 total=113 skipped_zero=113 erased=0
[GradualEraser::verify] center(215,178) rgba=(0,0,0,0)
[BrushEngine::stampEraser] cx=214.0 cy=178.0 m_eraser=0x5f7a1ec70c58
[GradualEraser::stamp] cx=214.0 cy=178.0 r=6 total=113 skipped_zero=108 erased=5
[GradualEraser::verify] center(214,178) rgba=(0,0,0,0)
[BrushEngine::stampEraser] cx=214.0 cy=178.0 m_eraser=0x5f7a1ec70c58
[GradualEraser::stamp] cx=214.0 cy=178.0 r=6 total=113 skipped_zero=113 erased=0
[GradualEraser::verify] center(214,178) rgba=(0,0,0,0)
[MOUSE_MOVE] drawing=true tool=1 drawing at (557.0,260.0)
[handleDrawing] tool=1 brushType=4 eraserSize=12.0 eraserOp=1.00 layer=0x5f7a2b51bd30
[BrushEngine::stampEraser] cx=214.0 cy=178.0 m_eraser=0x5f7a1ec70c58
[GradualEraser::stamp] cx=214.0 cy=178.0 r=6 total=113 skipped_zero=113 erased=0
[GradualEraser::verify] center(214,178) rgba=(0,0,0,0)
[BrushEngine::stampEraser] cx=213.0 cy=178.0 m_eraser=0x5f7a1ec70c58
[GradualEraser::stamp] cx=213.0 cy=178.0 r=6 total=113 skipped_zero=108 erased=5
[GradualEraser::verify] center(213,178) rgba=(0,0,0,0)
[BrushEngine::stampEraser] cx=213.0 cy=178.0 m_eraser=0x5f7a1ec70c58
[GradualEraser::stamp] cx=213.0 cy=178.0 r=6 total=113 skipped_zero=113 erased=0
[GradualEraser::verify] center(213,178) rgba=(0,0,0,0)
[MOUSE_MOVE] drawing=true tool=1 drawing at (554.0,261.0)
[handleDrawing] tool=1 brushType=4 eraserSize=12.0 eraserOp=1.00 layer=0x5f7a2b51bd30
[BrushEngine::stampEraser] cx=213.0 cy=178.0 m_eraser=0x5f7a1ec70c58
[GradualEraser::stamp] cx=213.0 cy=178.0 r=6 total=113 skipped_zero=113 erased=0
[GradualEraser::verify] center(213,178) rgba=(0,0,0,0)
[BrushEngine::stampEraser] cx=211.5 cy=178.5 m_eraser=0x5f7a1ec70c58
[GradualEraser::stamp] cx=211.5 cy=178.5 r=6 total=113 skipped_zero=111 erased=2
[GradualEraser::verify] center(212,179) rgba=(0,0,0,0)
[BrushEngine::stampEraser] cx=210.0 cy=179.0 m_eraser=0x5f7a1ec70c58
[GradualEraser::stamp] cx=210.0 cy=179.0 r=6 total=113 skipped_zero=107 erased=6
[GradualEraser::verify] center(210,179) rgba=(0,0,0,0)
[BrushEngine::stampEraser] cx=210.0 cy=179.0 m_eraser=0x5f7a1ec70c58
[GradualEraser::stamp] cx=210.0 cy=179.0 r=6 total=113 skipped_zero=113 erased=0
[GradualEraser::verify] center(210,179) rgba=(0,0,0,0)
[MOUSE_MOVE] drawing=true tool=1 drawing at (551.0,261.0)
[handleDrawing] tool=1 brushType=4 eraserSize=12.0 eraserOp=1.00 layer=0x5f7a2b51bd30
[BrushEngine::stampEraser] cx=210.0 cy=179.0 m_eraser=0x5f7a1ec70c58
[GradualEraser::stamp] cx=210.0 cy=179.0 r=6 total=113 skipped_zero=113 erased=0
[GradualEraser::verify] center(210,179) rgba=(0,0,0,0)
[BrushEngine::stampEraser] cx=207.0 cy=179.0 m_eraser=0x5f7a1ec70c58
[GradualEraser::stamp] cx=207.0 cy=179.0 r=6 total=113 skipped_zero=102 erased=11
[GradualEraser::verify] center(207,179) rgba=(0,0,0,0)
[BrushEngine::stampEraser] cx=207.0 cy=179.0 m_eraser=0x5f7a1ec70c58
[GradualEraser::stamp] cx=207.0 cy=179.0 r=6 total=113 skipped_zero=113 erased=0
[GradualEraser::verify] center(207,179) rgba=(0,0,0,0)
[MOUSE_MOVE] drawing=true tool=1 drawing at (549.0,261.0)
[handleDrawing] tool=1 brushType=4 eraserSize=12.0 eraserOp=1.00 layer=0x5f7a2b51bd30
[BrushEngine::stampEraser] cx=207.0 cy=179.0 m_eraser=0x5f7a1ec70c58
[GradualEraser::stamp] cx=207.0 cy=179.0 r=6 total=113 skipped_zero=113 erased=0
[GradualEraser::verify] center(207,179) rgba=(0,0,0,0)
[BrushEngine::stampEraser] cx=205.0 cy=179.0 m_eraser=0x5f7a1ec70c58
[GradualEraser::stamp] cx=205.0 cy=179.0 r=6 total=113 skipped_zero=105 erased=8
[GradualEraser::verify] center(205,179) rgba=(0,0,0,0)
[BrushEngine::stampEraser] cx=205.0 cy=179.0 m_eraser=0x5f7a1ec70c58
[GradualEraser::stamp] cx=205.0 cy=179.0 r=6 total=113 skipped_zero=113 erased=0
[GradualEraser::verify] center(205,179) rgba=(0,0,0,0)
[MOUSE_MOVE] drawing=true tool=1 drawing at (548.0,261.0)
[handleDrawing] tool=1 brushType=4 eraserSize=12.0 eraserOp=1.00 layer=0x5f7a2b51bd30
[BrushEngine::stampEraser] cx=205.0 cy=179.0 m_eraser=0x5f7a1ec70c58
[GradualEraser::stamp] cx=205.0 cy=179.0 r=6 total=113 skipped_zero=113 erased=0
[GradualEraser::verify] center(205,179) rgba=(0,0,0,0)
[BrushEngine::stampEraser] cx=204.0 cy=179.0 m_eraser=0x5f7a1ec70c58
[GradualEraser::stamp] cx=204.0 cy=179.0 r=6 total=113 skipped_zero=109 erased=4
[GradualEraser::verify] center(204,179) rgba=(0,0,0,0)
[BrushEngine::stampEraser] cx=204.0 cy=179.0 m_eraser=0x5f7a1ec70c58
[GradualEraser::stamp] cx=204.0 cy=179.0 r=6 total=113 skipped_zero=113 erased=0
[GradualEraser::verify] center(204,179) rgba=(0,0,0,0)
[CANVAS_UPDATE] recompositing (frameDirty=1 canvasDirty=0)
[CANVAS_UPDATE] sample pixel (204,179): rgba=(0,0,0,0)
[MOUSE_MOVE] drawing=true tool=1 drawing at (543.0,261.0)
[handleDrawing] tool=1 brushType=4 eraserSize=12.0 eraserOp=1.00 layer=0x5f7a2b51bd30
[BrushEngine::stampEraser] cx=204.0 cy=179.0 m_eraser=0x5f7a1ec70c58
[GradualEraser::stamp] cx=204.0 cy=179.0 r=6 total=113 skipped_zero=113 erased=0
[GradualEraser::verify] center(204,179) rgba=(0,0,0,0)
[BrushEngine::stampEraser] cx=201.5 cy=179.0 m_eraser=0x5f7a1ec70c58
[GradualEraser::stamp] cx=201.5 cy=179.0 r=6 total=113 skipped_zero=105 erased=8
[GradualEraser::verify] center(202,179) rgba=(0,0,0,0)
[BrushEngine::stampEraser] cx=199.0 cy=179.0 m_eraser=0x5f7a1ec70c58
[GradualEraser::stamp] cx=199.0 cy=179.0 r=6 total=113 skipped_zero=102 erased=11
[GradualEraser::verify] center(199,179) rgba=(0,0,0,0)
[BrushEngine::stampEraser] cx=199.0 cy=179.0 m_eraser=0x5f7a1ec70c58
[GradualEraser::stamp] cx=199.0 cy=179.0 r=6 total=113 skipped_zero=113 erased=0
[GradualEraser::verify] center(199,179) rgba=(0,0,0,0)
[MOUSE_MOVE] drawing=true tool=1 drawing at (541.0,261.0)
[handleDrawing] tool=1 brushType=4 eraserSize=12.0 eraserOp=1.00 layer=0x5f7a2b51bd30
[BrushEngine::stampEraser] cx=199.0 cy=179.0 m_eraser=0x5f7a1ec70c58
[GradualEraser::stamp] cx=199.0 cy=179.0 r=6 total=113 skipped_zero=113 erased=0
[GradualEraser::verify] center(199,179) rgba=(0,0,0,0)
[BrushEngine::stampEraser] cx=197.0 cy=179.0 m_eraser=0x5f7a1ec70c58
[GradualEraser::stamp] cx=197.0 cy=179.0 r=6 total=113 skipped_zero=105 erased=8
[GradualEraser::verify] center(197,179) rgba=(0,0,0,0)
[BrushEngine::stampEraser] cx=197.0 cy=179.0 m_eraser=0x5f7a1ec70c58
[GradualEraser::stamp] cx=197.0 cy=179.0 r=6 total=113 skipped_zero=113 erased=0
[GradualEraser::verify] center(197,179) rgba=(0,0,0,0)
[MOUSE_MOVE] drawing=true tool=1 drawing at (540.0,261.0)
[handleDrawing] tool=1 brushType=4 eraserSize=12.0 eraserOp=1.00 layer=0x5f7a2b51bd30
[BrushEngine::stampEraser] cx=197.0 cy=179.0 m_eraser=0x5f7a1ec70c58
[GradualEraser::stamp] cx=197.0 cy=179.0 r=6 total=113 skipped_zero=113 erased=0
[GradualEraser::verify] center(197,179) rgba=(0,0,0,0)
[BrushEngine::stampEraser] cx=196.0 cy=179.0 m_eraser=0x5f7a1ec70c58
[GradualEraser::stamp] cx=196.0 cy=179.0 r=6 total=113 skipped_zero=108 erased=5
[GradualEraser::verify] center(196,179) rgba=(0,0,0,0)
[BrushEngine::stampEraser] cx=196.0 cy=179.0 m_eraser=0x5f7a1ec70c58
[GradualEraser::stamp] cx=196.0 cy=179.0 r=6 total=113 skipped_zero=113 erased=0
[GradualEraser::verify] center(196,179) rgba=(0,0,0,0)
[MOUSE_MOVE] drawing=true tool=1 drawing at (536.0,261.0)
[handleDrawing] tool=1 brushType=4 eraserSize=12.0 eraserOp=1.00 layer=0x5f7a2b51bd30
[BrushEngine::stampEraser] cx=196.0 cy=179.0 m_eraser=0x5f7a1ec70c58
[GradualEraser::stamp] cx=196.0 cy=179.0 r=6 total=113 skipped_zero=113 erased=0
[GradualEraser::verify] center(196,179) rgba=(0,0,0,0)
[BrushEngine::stampEraser] cx=194.0 cy=179.0 m_eraser=0x5f7a1ec70c58
[GradualEraser::stamp] cx=194.0 cy=179.0 r=6 total=113 skipped_zero=105 erased=8
[GradualEraser::verify] center(194,179) rgba=(0,0,0,0)
[BrushEngine::stampEraser] cx=192.0 cy=179.0 m_eraser=0x5f7a1ec70c58
[GradualEraser::stamp] cx=192.0 cy=179.0 r=6 total=113 skipped_zero=106 erased=7
[GradualEraser::verify] center(192,179) rgba=(0,0,0,0)
[BrushEngine::stampEraser] cx=192.0 cy=179.0 m_eraser=0x5f7a1ec70c58
[GradualEraser::stamp] cx=192.0 cy=179.0 r=6 total=113 skipped_zero=113 erased=0
[GradualEraser::verify] center(192,179) rgba=(0,0,0,0)
[MOUSE_MOVE] drawing=true tool=1 drawing at (534.0,261.0)
[handleDrawing] tool=1 brushType=4 eraserSize=12.0 eraserOp=1.00 layer=0x5f7a2b51bd30
[BrushEngine::stampEraser] cx=192.0 cy=179.0 m_eraser=0x5f7a1ec70c58
[GradualEraser::stamp] cx=192.0 cy=179.0 r=6 total=113 skipped_zero=113 erased=0
[GradualEraser::verify] center(192,179) rgba=(0,0,0,0)
[BrushEngine::stampEraser] cx=190.0 cy=179.0 m_eraser=0x5f7a1ec70c58
[GradualEraser::stamp] cx=190.0 cy=179.0 r=6 total=113 skipped_zero=105 erased=8
[GradualEraser::verify] center(190,179) rgba=(0,0,0,0)
[BrushEngine::stampEraser] cx=190.0 cy=179.0 m_eraser=0x5f7a1ec70c58
[GradualEraser::stamp] cx=190.0 cy=179.0 r=6 total=113 skipped_zero=113 erased=0
[GradualEraser::verify] center(190,179) rgba=(0,0,0,0)
[MOUSE_MOVE] drawing=true tool=1 drawing at (531.0,261.0)
[handleDrawing] tool=1 brushType=4 eraserSize=12.0 eraserOp=1.00 layer=0x5f7a2b51bd30
[BrushEngine::stampEraser] cx=190.0 cy=179.0 m_eraser=0x5f7a1ec70c58
[GradualEraser::stamp] cx=190.0 cy=179.0 r=6 total=113 skipped_zero=113 erased=0
[GradualEraser::verify] center(190,179) rgba=(0,0,0,0)
[BrushEngine::stampEraser] cx=187.0 cy=179.0 m_eraser=0x5f7a1ec70c58
[GradualEraser::stamp] cx=187.0 cy=179.0 r=6 total=113 skipped_zero=102 erased=11
[GradualEraser::verify] center(187,179) rgba=(0,0,0,0)
[BrushEngine::stampEraser] cx=187.0 cy=179.0 m_eraser=0x5f7a1ec70c58
[GradualEraser::stamp] cx=187.0 cy=179.0 r=6 total=113 skipped_zero=113 erased=0
[GradualEraser::verify] center(187,179) rgba=(0,0,0,0)
[MOUSE_MOVE] drawing=true tool=1 drawing at (530.0,261.0)
[handleDrawing] tool=1 brushType=4 eraserSize=12.0 eraserOp=1.00 layer=0x5f7a2b51bd30
[BrushEngine::stampEraser] cx=187.0 cy=179.0 m_eraser=0x5f7a1ec70c58
[GradualEraser::stamp] cx=187.0 cy=179.0 r=6 total=113 skipped_zero=113 erased=0
[GradualEraser::verify] center(187,179) rgba=(0,0,0,0)
[BrushEngine::stampEraser] cx=186.0 cy=179.0 m_eraser=0x5f7a1ec70c58
[GradualEraser::stamp] cx=186.0 cy=179.0 r=6 total=113 skipped_zero=108 erased=5
[GradualEraser::verify] center(186,179) rgba=(0,0,0,0)
[BrushEngine::stampEraser] cx=186.0 cy=179.0 m_eraser=0x5f7a1ec70c58
[GradualEraser::stamp] cx=186.0 cy=179.0 r=6 total=113 skipped_zero=113 erased=0
[GradualEraser::verify] center(186,179) rgba=(0,0,0,0)
[MOUSE_MOVE] drawing=true tool=1 drawing at (527.0,261.0)
[handleDrawing] tool=1 brushType=4 eraserSize=12.0 eraserOp=1.00 layer=0x5f7a2b51bd30
[BrushEngine::stampEraser] cx=186.0 cy=179.0 m_eraser=0x5f7a1ec70c58
[GradualEraser::stamp] cx=186.0 cy=179.0 r=6 total=113 skipped_zero=113 erased=0
[GradualEraser::verify] center(186,179) rgba=(0,0,0,0)
[BrushEngine::stampEraser] cx=183.0 cy=179.0 m_eraser=0x5f7a1ec70c58
[GradualEraser::stamp] cx=183.0 cy=179.0 r=6 total=113 skipped_zero=101 erased=12
[GradualEraser::verify] center(183,179) rgba=(0,0,0,0)
[BrushEngine::stampEraser] cx=183.0 cy=179.0 m_eraser=0x5f7a1ec70c58
[GradualEraser::stamp] cx=183.0 cy=179.0 r=6 total=113 skipped_zero=113 erased=0
[GradualEraser::verify] center(183,179) rgba=(0,0,0,0)
[CANVAS_UPDATE] recompositing (frameDirty=1 canvasDirty=0)
[CANVAS_UPDATE] sample pixel (183,179): rgba=(0,0,0,0)
[MOUSE_MOVE] drawing=true tool=1 drawing at (524.0,261.0)
[handleDrawing] tool=1 brushType=4 eraserSize=12.0 eraserOp=1.00 layer=0x5f7a2b51bd30
[BrushEngine::stampEraser] cx=183.0 cy=179.0 m_eraser=0x5f7a1ec70c58
[GradualEraser::stamp] cx=183.0 cy=179.0 r=6 total=113 skipped_zero=113 erased=0
[GradualEraser::verify] center(183,179) rgba=(0,0,0,0)
[BrushEngine::stampEraser] cx=180.0 cy=179.0 m_eraser=0x5f7a1ec70c58
[GradualEraser::stamp] cx=180.0 cy=179.0 r=6 total=113 skipped_zero=98 erased=15
[GradualEraser::verify] center(180,179) rgba=(0,0,0,0)
[BrushEngine::stampEraser] cx=180.0 cy=179.0 m_eraser=0x5f7a1ec70c58
[GradualEraser::stamp] cx=180.0 cy=179.0 r=6 total=113 skipped_zero=113 erased=0
[GradualEraser::verify] center(180,179) rgba=(0,0,0,0)
[MOUSE_MOVE] drawing=true tool=1 drawing at (522.0,261.0)
[handleDrawing] tool=1 brushType=4 eraserSize=12.0 eraserOp=1.00 layer=0x5f7a2b51bd30
[BrushEngine::stampEraser] cx=180.0 cy=179.0 m_eraser=0x5f7a1ec70c58
[GradualEraser::stamp] cx=180.0 cy=179.0 r=6 total=113 skipped_zero=113 erased=0
[GradualEraser::verify] center(180,179) rgba=(0,0,0,0)
[BrushEngine::stampEraser] cx=178.0 cy=179.0 m_eraser=0x5f7a1ec70c58
[GradualEraser::stamp] cx=178.0 cy=179.0 r=6 total=113 skipped_zero=100 erased=13
[GradualEraser::verify] center(178,179) rgba=(0,0,0,0)
[BrushEngine::stampEraser] cx=178.0 cy=179.0 m_eraser=0x5f7a1ec70c58
[GradualEraser::stamp] cx=178.0 cy=179.0 r=6 total=113 skipped_zero=113 erased=0
[GradualEraser::verify] center(178,179) rgba=(0,0,0,0)
[MOUSE_MOVE] drawing=true tool=1 drawing at (519.0,261.0)
[handleDrawing] tool=1 brushType=4 eraserSize=12.0 eraserOp=1.00 layer=0x5f7a2b51bd30
[BrushEngine::stampEraser] cx=178.0 cy=179.0 m_eraser=0x5f7a1ec70c58
[GradualEraser::stamp] cx=178.0 cy=179.0 r=6 total=113 skipped_zero=113 erased=0
[GradualEraser::verify] center(178,179) rgba=(0,0,0,0)
[BrushEngine::stampEraser] cx=175.0 cy=179.0 m_eraser=0x5f7a1ec70c58
[GradualEraser::stamp] cx=175.0 cy=179.0 r=6 total=113 skipped_zero=94 erased=19
[GradualEraser::verify] center(175,179) rgba=(0,0,0,0)
[BrushEngine::stampEraser] cx=175.0 cy=179.0 m_eraser=0x5f7a1ec70c58
[GradualEraser::stamp] cx=175.0 cy=179.0 r=6 total=113 skipped_zero=113 erased=0
[GradualEraser::verify] center(175,179) rgba=(0,0,0,0)
[MOUSE_MOVE] drawing=true tool=1 drawing at (518.0,261.0)
[handleDrawing] tool=1 brushType=4 eraserSize=12.0 eraserOp=1.00 layer=0x5f7a2b51bd30
[BrushEngine::stampEraser] cx=175.0 cy=179.0 m_eraser=0x5f7a1ec70c58
[GradualEraser::stamp] cx=175.0 cy=179.0 r=6 total=113 skipped_zero=113 erased=0
[GradualEraser::verify] center(175,179) rgba=(0,0,0,0)
[BrushEngine::stampEraser] cx=174.0 cy=179.0 m_eraser=0x5f7a1ec70c58
[GradualEraser::stamp] cx=174.0 cy=179.0 r=6 total=113 skipped_zero=106 erased=7
[GradualEraser::verify] center(174,179) rgba=(0,0,0,0)
[BrushEngine::stampEraser] cx=174.0 cy=179.0 m_eraser=0x5f7a1ec70c58
[GradualEraser::stamp] cx=174.0 cy=179.0 r=6 total=113 skipped_zero=113 erased=0
[GradualEraser::verify] center(174,179) rgba=(0,0,0,0)
[MOUSE_MOVE] drawing=true tool=1 drawing at (517.0,261.0)
[handleDrawing] tool=1 brushType=4 eraserSize=12.0 eraserOp=1.00 layer=0x5f7a2b51bd30
[BrushEngine::stampEraser] cx=174.0 cy=179.0 m_eraser=0x5f7a1ec70c58
[GradualEraser::stamp] cx=174.0 cy=179.0 r=6 total=113 skipped_zero=113 erased=0
[GradualEraser::verify] center(174,179) rgba=(0,0,0,0)
[BrushEngine::stampEraser] cx=173.0 cy=179.0 m_eraser=0x5f7a1ec70c58
[GradualEraser::stamp] cx=173.0 cy=179.0 r=6 total=113 skipped_zero=105 erased=8
[GradualEraser::verify] center(173,179) rgba=(0,0,0,0)
[BrushEngine::stampEraser] cx=173.0 cy=179.0 m_eraser=0x5f7a1ec70c58
[GradualEraser::stamp] cx=173.0 cy=179.0 r=6 total=113 skipped_zero=113 erased=0
[GradualEraser::verify] center(173,179) rgba=(0,0,0,0)
[MOUSE_MOVE] drawing=true tool=1 drawing at (512.0,261.0)
[handleDrawing] tool=1 brushType=4 eraserSize=12.0 eraserOp=1.00 layer=0x5f7a2b51bd30
[BrushEngine::stampEraser] cx=173.0 cy=179.0 m_eraser=0x5f7a1ec70c58
[GradualEraser::stamp] cx=173.0 cy=179.0 r=6 total=113 skipped_zero=113 erased=0
[GradualEraser::verify] center(173,179) rgba=(0,0,0,0)
[BrushEngine::stampEraser] cx=170.5 cy=179.0 m_eraser=0x5f7a1ec70c58
[GradualEraser::stamp] cx=170.5 cy=179.0 r=6 total=113 skipped_zero=109 erased=4
[GradualEraser::verify] center(171,179) rgba=(0,0,0,0)
[BrushEngine::stampEraser] cx=168.0 cy=179.0 m_eraser=0x5f7a1ec70c58
[GradualEraser::stamp] cx=168.0 cy=179.0 r=6 total=113 skipped_zero=113 erased=0
[GradualEraser::verify] center(168,179) rgba=(0,0,0,0)
[BrushEngine::stampEraser] cx=168.0 cy=179.0 m_eraser=0x5f7a1ec70c58
[GradualEraser::stamp] cx=168.0 cy=179.0 r=6 total=113 skipped_zero=113 erased=0
[GradualEraser::verify] center(168,179) rgba=(0,0,0,0)
[MOUSE_MOVE] drawing=true tool=1 drawing at (510.0,261.0)
[handleDrawing] tool=1 brushType=4 eraserSize=12.0 eraserOp=1.00 layer=0x5f7a2b51bd30
[BrushEngine::stampEraser] cx=168.0 cy=179.0 m_eraser=0x5f7a1ec70c58
[GradualEraser::stamp] cx=168.0 cy=179.0 r=6 total=113 skipped_zero=113 erased=0
[GradualEraser::verify] center(168,179) rgba=(0,0,0,0)
[BrushEngine::stampEraser] cx=166.0 cy=179.0 m_eraser=0x5f7a1ec70c58
[GradualEraser::stamp] cx=166.0 cy=179.0 r=6 total=113 skipped_zero=113 erased=0
[GradualEraser::verify] center(166,179) rgba=(0,0,0,0)
[BrushEngine::stampEraser] cx=166.0 cy=179.0 m_eraser=0x5f7a1ec70c58
[GradualEraser::stamp] cx=166.0 cy=179.0 r=6 total=113 skipped_zero=113 erased=0
[GradualEraser::verify] center(166,179) rgba=(0,0,0,0)
[CANVAS_UPDATE] recompositing (frameDirty=1 canvasDirty=0)
[CANVAS_UPDATE] sample pixel (166,179): rgba=(255,101,50,255)
[MOUSE_MOVE] drawing=true tool=1 drawing at (508.0,261.0)
[handleDrawing] tool=1 brushType=4 eraserSize=12.0 eraserOp=1.00 layer=0x5f7a2b51bd30
[BrushEngine::stampEraser] cx=166.0 cy=179.0 m_eraser=0x5f7a1ec70c58
[GradualEraser::stamp] cx=166.0 cy=179.0 r=6 total=113 skipped_zero=113 erased=0
[GradualEraser::verify] center(166,179) rgba=(0,0,0,0)
[BrushEngine::stampEraser] cx=164.0 cy=179.0 m_eraser=0x5f7a1ec70c58
[GradualEraser::stamp] cx=164.0 cy=179.0 r=6 total=113 skipped_zero=113 erased=0
[GradualEraser::verify] center(164,179) rgba=(0,0,0,0)
[BrushEngine::stampEraser] cx=164.0 cy=179.0 m_eraser=0x5f7a1ec70c58
[GradualEraser::stamp] cx=164.0 cy=179.0 r=6 total=113 skipped_zero=113 erased=0
[GradualEraser::verify] center(164,179) rgba=(0,0,0,0)
[MOUSE_MOVE] drawing=true tool=1 drawing at (507.0,261.0)
[handleDrawing] tool=1 brushType=4 eraserSize=12.0 eraserOp=1.00 layer=0x5f7a2b51bd30
[BrushEngine::stampEraser] cx=164.0 cy=179.0 m_eraser=0x5f7a1ec70c58
[GradualEraser::stamp] cx=164.0 cy=179.0 r=6 total=113 skipped_zero=113 erased=0
[GradualEraser::verify] center(164,179) rgba=(0,0,0,0)
[BrushEngine::stampEraser] cx=163.0 cy=179.0 m_eraser=0x5f7a1ec70c58
[GradualEraser::stamp] cx=163.0 cy=179.0 r=6 total=113 skipped_zero=113 erased=0
[GradualEraser::verify] center(163,179) rgba=(0,0,0,0)
[BrushEngine::stampEraser] cx=163.0 cy=179.0 m_eraser=0x5f7a1ec70c58
[GradualEraser::stamp] cx=163.0 cy=179.0 r=6 total=113 skipped_zero=113 erased=0
[GradualEraser::verify] center(163,179) rgba=(0,0,0,0)
[MOUSE_MOVE] drawing=true tool=1 drawing at (506.0,261.0)
[handleDrawing] tool=1 brushType=4 eraserSize=12.0 eraserOp=1.00 layer=0x5f7a2b51bd30
[BrushEngine::stampEraser] cx=163.0 cy=179.0 m_eraser=0x5f7a1ec70c58
[GradualEraser::stamp] cx=163.0 cy=179.0 r=6 total=113 skipped_zero=113 erased=0
[GradualEraser::verify] center(163,179) rgba=(0,0,0,0)
[BrushEngine::stampEraser] cx=162.0 cy=179.0 m_eraser=0x5f7a1ec70c58
[GradualEraser::stamp] cx=162.0 cy=179.0 r=6 total=113 skipped_zero=113 erased=0
[GradualEraser::verify] center(162,179) rgba=(0,0,0,0)
[BrushEngine::stampEraser] cx=162.0 cy=179.0 m_eraser=0x5f7a1ec70c58
[GradualEraser::stamp] cx=162.0 cy=179.0 r=6 total=113 skipped_zero=113 erased=0
[GradualEraser::verify] center(162,179) rgba=(0,0,0,0)
[MOUSE_MOVE] drawing=true tool=1 drawing at (505.0,261.0)
[handleDrawing] tool=1 brushType=4 eraserSize=12.0 eraserOp=1.00 layer=0x5f7a2b51bd30
[BrushEngine::stampEraser] cx=162.0 cy=179.0 m_eraser=0x5f7a1ec70c58
[GradualEraser::stamp] cx=162.0 cy=179.0 r=6 total=113 skipped_zero=113 erased=0
[GradualEraser::verify] center(162,179) rgba=(0,0,0,0)
[BrushEngine::stampEraser] cx=161.0 cy=179.0 m_eraser=0x5f7a1ec70c58
[GradualEraser::stamp] cx=161.0 cy=179.0 r=6 total=113 skipped_zero=113 erased=0
[GradualEraser::verify] center(161,179) rgba=(0,0,0,0)
[BrushEngine::stampEraser] cx=161.0 cy=179.0 m_eraser=0x5f7a1ec70c58
[GradualEraser::stamp] cx=161.0 cy=179.0 r=6 total=113 skipped_zero=113 erased=0
[GradualEraser::verify] center(161,179) rgba=(0,0,0,0)
[MOUSE_MOVE] drawing=true tool=1 drawing at (504.0,261.0)
[handleDrawing] tool=1 brushType=4 eraserSize=12.0 eraserOp=1.00 layer=0x5f7a2b51bd30
[BrushEngine::stampEraser] cx=161.0 cy=179.0 m_eraser=0x5f7a1ec70c58
[GradualEraser::stamp] cx=161.0 cy=179.0 r=6 total=113 skipped_zero=113 erased=0
[GradualEraser::verify] center(161,179) rgba=(0,0,0,0)
[BrushEngine::stampEraser] cx=160.0 cy=179.0 m_eraser=0x5f7a1ec70c58
[GradualEraser::stamp] cx=160.0 cy=179.0 r=6 total=113 skipped_zero=113 erased=0
[GradualEraser::verify] center(160,179) rgba=(0,0,0,0)
[BrushEngine::stampEraser] cx=160.0 cy=179.0 m_eraser=0x5f7a1ec70c58
[GradualEraser::stamp] cx=160.0 cy=179.0 r=6 total=113 skipped_zero=113 erased=0
[GradualEraser::verify] center(160,179) rgba=(0,0,0,0)
[MOUSE_MOVE] drawing=true tool=1 drawing at (504.0,262.0)
[handleDrawing] tool=1 brushType=4 eraserSize=12.0 eraserOp=1.00 layer=0x5f7a2b51bd30
[BrushEngine::stampEraser] cx=160.0 cy=179.0 m_eraser=0x5f7a1ec70c58
[GradualEraser::stamp] cx=160.0 cy=179.0 r=6 total=113 skipped_zero=113 erased=0
[GradualEraser::verify] center(160,179) rgba=(0,0,0,0)
[BrushEngine::stampEraser] cx=160.0 cy=180.0 m_eraser=0x5f7a1ec70c58
[GradualEraser::stamp] cx=160.0 cy=180.0 r=6 total=113 skipped_zero=113 erased=0
[GradualEraser::verify] center(160,180) rgba=(0,0,0,0)
[BrushEngine::stampEraser] cx=160.0 cy=180.0 m_eraser=0x5f7a1ec70c58
[GradualEraser::stamp] cx=160.0 cy=180.0 r=6 total=113 skipped_zero=113 erased=0
[GradualEraser::verify] center(160,180) rgba=(0,0,0,0)
[MOUSE_MOVE] drawing=true tool=1 drawing at (503.0,262.0)
[handleDrawing] tool=1 brushType=4 eraserSize=12.0 eraserOp=1.00 layer=0x5f7a2b51bd30
[BrushEngine::stampEraser] cx=160.0 cy=180.0 m_eraser=0x5f7a1ec70c58
[GradualEraser::stamp] cx=160.0 cy=180.0 r=6 total=113 skipped_zero=113 erased=0
[GradualEraser::verify] center(160,180) rgba=(0,0,0,0)
[BrushEngine::stampEraser] cx=159.0 cy=180.0 m_eraser=0x5f7a1ec70c58
[GradualEraser::stamp] cx=159.0 cy=180.0 r=6 total=113 skipped_zero=111 erased=2
[GradualEraser::verify] center(159,180) rgba=(0,0,0,0)
[BrushEngine::stampEraser] cx=159.0 cy=180.0 m_eraser=0x5f7a1ec70c58
[GradualEraser::stamp] cx=159.0 cy=180.0 r=6 total=113 skipped_zero=113 erased=0
[GradualEraser::verify] center(159,180) rgba=(0,0,0,0)
[CANVAS_UPDATE] recompositing (frameDirty=1 canvasDirty=0)
[CANVAS_UPDATE] sample pixel (159,180): rgba=(255,101,50,255)
[MOUSE_MOVE] drawing=true tool=1 drawing at (504.0,262.0)
[handleDrawing] tool=1 brushType=4 eraserSize=12.0 eraserOp=1.00 layer=0x5f7a2b51bd30
[BrushEngine::stampEraser] cx=159.0 cy=180.0 m_eraser=0x5f7a1ec70c58
[GradualEraser::stamp] cx=159.0 cy=180.0 r=6 total=113 skipped_zero=113 erased=0
[GradualEraser::verify] center(159,180) rgba=(0,0,0,0)
[BrushEngine::stampEraser] cx=160.0 cy=180.0 m_eraser=0x5f7a1ec70c58
[GradualEraser::stamp] cx=160.0 cy=180.0 r=6 total=113 skipped_zero=113 erased=0
[GradualEraser::verify] center(160,180) rgba=(0,0,0,0)
[BrushEngine::stampEraser] cx=160.0 cy=180.0 m_eraser=0x5f7a1ec70c58
[GradualEraser::stamp] cx=160.0 cy=180.0 r=6 total=113 skipped_zero=113 erased=0
[GradualEraser::verify] center(160,180) rgba=(0,0,0,0)
[MOUSE_MOVE] drawing=true tool=1 drawing at (505.0,261.0)
[handleDrawing] tool=1 brushType=4 eraserSize=12.0 eraserOp=1.00 layer=0x5f7a2b51bd30
[BrushEngine::stampEraser] cx=160.0 cy=180.0 m_eraser=0x5f7a1ec70c58
[GradualEraser::stamp] cx=160.0 cy=180.0 r=6 total=113 skipped_zero=113 erased=0
[GradualEraser::verify] center(160,180) rgba=(0,0,0,0)
[BrushEngine::stampEraser] cx=161.0 cy=179.0 m_eraser=0x5f7a1ec70c58
[GradualEraser::stamp] cx=161.0 cy=179.0 r=6 total=113 skipped_zero=113 erased=0
[GradualEraser::verify] center(161,179) rgba=(0,0,0,0)
[BrushEngine::stampEraser] cx=161.0 cy=179.0 m_eraser=0x5f7a1ec70c58
[GradualEraser::stamp] cx=161.0 cy=179.0 r=6 total=113 skipped_zero=113 erased=0
[GradualEraser::verify] center(161,179) rgba=(0,0,0,0)
[CANVAS_UPDATE] recompositing (frameDirty=1 canvasDirty=0)
[CANVAS_UPDATE] sample pixel (161,179): rgba=(255,101,50,255)
[MOUSE_MOVE] drawing=true tool=1 drawing at (506.0,261.0)
[handleDrawing] tool=1 brushType=4 eraserSize=12.0 eraserOp=1.00 layer=0x5f7a2b51bd30
[BrushEngine::stampEraser] cx=161.0 cy=179.0 m_eraser=0x5f7a1ec70c58
[GradualEraser::stamp] cx=161.0 cy=179.0 r=6 total=113 skipped_zero=113 erased=0
[GradualEraser::verify] center(161,179) rgba=(0,0,0,0)
[BrushEngine::stampEraser] cx=162.0 cy=179.0 m_eraser=0x5f7a1ec70c58
[GradualEraser::stamp] cx=162.0 cy=179.0 r=6 total=113 skipped_zero=113 erased=0
[GradualEraser::verify] center(162,179) rgba=(0,0,0,0)
[BrushEngine::stampEraser] cx=162.0 cy=179.0 m_eraser=0x5f7a1ec70c58
[GradualEraser::stamp] cx=162.0 cy=179.0 r=6 total=113 skipped_zero=113 erased=0
[GradualEraser::verify] center(162,179) rgba=(0,0,0,0)
[MOUSE_MOVE] drawing=true tool=1 drawing at (507.0,260.0)
[handleDrawing] tool=1 brushType=4 eraserSize=12.0 eraserOp=1.00 layer=0x5f7a2b51bd30
[BrushEngine::stampEraser] cx=162.0 cy=179.0 m_eraser=0x5f7a1ec70c58
[GradualEraser::stamp] cx=162.0 cy=179.0 r=6 total=113 skipped_zero=113 erased=0
[GradualEraser::verify] center(162,179) rgba=(0,0,0,0)
[BrushEngine::stampEraser] cx=163.0 cy=178.0 m_eraser=0x5f7a1ec70c58
[GradualEraser::stamp] cx=163.0 cy=178.0 r=6 total=113 skipped_zero=113 erased=0
[GradualEraser::verify] center(163,178) rgba=(0,0,0,0)
[BrushEngine::stampEraser] cx=163.0 cy=178.0 m_eraser=0x5f7a1ec70c58
[GradualEraser::stamp] cx=163.0 cy=178.0 r=6 total=113 skipped_zero=113 erased=0
[GradualEraser::verify] center(163,178) rgba=(0,0,0,0)
[MOUSE_MOVE] drawing=true tool=1 drawing at (508.0,260.0)
[handleDrawing] tool=1 brushType=4 eraserSize=12.0 eraserOp=1.00 layer=0x5f7a2b51bd30
[BrushEngine::stampEraser] cx=163.0 cy=178.0 m_eraser=0x5f7a1ec70c58
[GradualEraser::stamp] cx=163.0 cy=178.0 r=6 total=113 skipped_zero=113 erased=0
[GradualEraser::verify] center(163,178) rgba=(0,0,0,0)
[BrushEngine::stampEraser] cx=164.0 cy=178.0 m_eraser=0x5f7a1ec70c58
[GradualEraser::stamp] cx=164.0 cy=178.0 r=6 total=113 skipped_zero=113 erased=0
[GradualEraser::verify] center(164,178) rgba=(0,0,0,0)
[BrushEngine::stampEraser] cx=164.0 cy=178.0 m_eraser=0x5f7a1ec70c58
[GradualEraser::stamp] cx=164.0 cy=178.0 r=6 total=113 skipped_zero=113 erased=0
[GradualEraser::verify] center(164,178) rgba=(0,0,0,0)
[MOUSE_MOVE] drawing=true tool=1 drawing at (509.0,259.0)
[handleDrawing] tool=1 brushType=4 eraserSize=12.0 eraserOp=1.00 layer=0x5f7a2b51bd30
[BrushEngine::stampEraser] cx=164.0 cy=178.0 m_eraser=0x5f7a1ec70c58
[GradualEraser::stamp] cx=164.0 cy=178.0 r=6 total=113 skipped_zero=113 erased=0
[GradualEraser::verify] center(164,178) rgba=(0,0,0,0)
[BrushEngine::stampEraser] cx=165.0 cy=177.0 m_eraser=0x5f7a1ec70c58
[GradualEraser::stamp] cx=165.0 cy=177.0 r=6 total=113 skipped_zero=112 erased=1
[GradualEraser::verify] center(165,177) rgba=(0,0,0,0)
[BrushEngine::stampEraser] cx=165.0 cy=177.0 m_eraser=0x5f7a1ec70c58
[GradualEraser::stamp] cx=165.0 cy=177.0 r=6 total=113 skipped_zero=113 erased=0
[GradualEraser::verify] center(165,177) rgba=(0,0,0,0)
[CANVAS_UPDATE] recompositing (frameDirty=1 canvasDirty=0)
[CANVAS_UPDATE] sample pixel (165,177): rgba=(255,101,50,255)
[MOUSE_MOVE] drawing=true tool=1 drawing at (510.0,258.0)
[handleDrawing] tool=1 brushType=4 eraserSize=12.0 eraserOp=1.00 layer=0x5f7a2b51bd30
[BrushEngine::stampEraser] cx=165.0 cy=177.0 m_eraser=0x5f7a1ec70c58
[GradualEraser::stamp] cx=165.0 cy=177.0 r=6 total=113 skipped_zero=113 erased=0
[GradualEraser::verify] center(165,177) rgba=(0,0,0,0)
[BrushEngine::stampEraser] cx=166.0 cy=176.0 m_eraser=0x5f7a1ec70c58
[GradualEraser::stamp] cx=166.0 cy=176.0 r=6 total=113 skipped_zero=111 erased=2
[GradualEraser::verify] center(166,176) rgba=(0,0,0,0)
[BrushEngine::stampEraser] cx=166.0 cy=176.0 m_eraser=0x5f7a1ec70c58
[GradualEraser::stamp] cx=166.0 cy=176.0 r=6 total=113 skipped_zero=113 erased=0
[GradualEraser::verify] center(166,176) rgba=(0,0,0,0)
[MOUSE_MOVE] drawing=true tool=1 drawing at (511.0,257.0)
[handleDrawing] tool=1 brushType=4 eraserSize=12.0 eraserOp=1.00 layer=0x5f7a2b51bd30
[BrushEngine::stampEraser] cx=166.0 cy=176.0 m_eraser=0x5f7a1ec70c58
[GradualEraser::stamp] cx=166.0 cy=176.0 r=6 total=113 skipped_zero=113 erased=0
[GradualEraser::verify] center(166,176) rgba=(0,0,0,0)
[BrushEngine::stampEraser] cx=167.0 cy=175.0 m_eraser=0x5f7a1ec70c58
[GradualEraser::stamp] cx=167.0 cy=175.0 r=6 total=113 skipped_zero=109 erased=4
[GradualEraser::verify] center(167,175) rgba=(0,0,0,0)
[BrushEngine::stampEraser] cx=167.0 cy=175.0 m_eraser=0x5f7a1ec70c58
[GradualEraser::stamp] cx=167.0 cy=175.0 r=6 total=113 skipped_zero=113 erased=0
[GradualEraser::verify] center(167,175) rgba=(0,0,0,0)
[MOUSE_MOVE] drawing=true tool=1 drawing at (512.0,256.0)
[handleDrawing] tool=1 brushType=4 eraserSize=12.0 eraserOp=1.00 layer=0x5f7a2b51bd30
[BrushEngine::stampEraser] cx=167.0 cy=175.0 m_eraser=0x5f7a1ec70c58
[GradualEraser::stamp] cx=167.0 cy=175.0 r=6 total=113 skipped_zero=113 erased=0
[GradualEraser::verify] center(167,175) rgba=(0,0,0,0)
[BrushEngine::stampEraser] cx=168.0 cy=174.0 m_eraser=0x5f7a1ec70c58
[GradualEraser::stamp] cx=168.0 cy=174.0 r=6 total=113 skipped_zero=108 erased=5
[GradualEraser::verify] center(168,174) rgba=(0,0,0,0)
[BrushEngine::stampEraser] cx=168.0 cy=174.0 m_eraser=0x5f7a1ec70c58
[GradualEraser::stamp] cx=168.0 cy=174.0 r=6 total=113 skipped_zero=113 erased=0
[GradualEraser::verify] center(168,174) rgba=(0,0,0,0)
[MOUSE_MOVE] drawing=true tool=1 drawing at (513.0,256.0)
[handleDrawing] tool=1 brushType=4 eraserSize=12.0 eraserOp=1.00 layer=0x5f7a2b51bd30
[BrushEngine::stampEraser] cx=168.0 cy=174.0 m_eraser=0x5f7a1ec70c58
[GradualEraser::stamp] cx=168.0 cy=174.0 r=6 total=113 skipped_zero=113 erased=0
[GradualEraser::verify] center(168,174) rgba=(0,0,0,0)
[BrushEngine::stampEraser] cx=169.0 cy=174.0 m_eraser=0x5f7a1ec70c58
[GradualEraser::stamp] cx=169.0 cy=174.0 r=6 total=113 skipped_zero=110 erased=3
[GradualEraser::verify] center(169,174) rgba=(0,0,0,0)
[BrushEngine::stampEraser] cx=169.0 cy=174.0 m_eraser=0x5f7a1ec70c58
[GradualEraser::stamp] cx=169.0 cy=174.0 r=6 total=113 skipped_zero=113 erased=0
[GradualEraser::verify] center(169,174) rgba=(0,0,0,0)
[MOUSE_MOVE] drawing=true tool=1 drawing at (514.0,255.0)
[handleDrawing] tool=1 brushType=4 eraserSize=12.0 eraserOp=1.00 layer=0x5f7a2b51bd30
[BrushEngine::stampEraser] cx=169.0 cy=174.0 m_eraser=0x5f7a1ec70c58
[GradualEraser::stamp] cx=169.0 cy=174.0 r=6 total=113 skipped_zero=113 erased=0
[GradualEraser::verify] center(169,174) rgba=(0,0,0,0)
[BrushEngine::stampEraser] cx=170.0 cy=173.0 m_eraser=0x5f7a1ec70c58
[GradualEraser::stamp] cx=170.0 cy=173.0 r=6 total=113 skipped_zero=108 erased=5
[GradualEraser::verify] center(170,173) rgba=(0,0,0,0)
[BrushEngine::stampEraser] cx=170.0 cy=173.0 m_eraser=0x5f7a1ec70c58
[GradualEraser::stamp] cx=170.0 cy=173.0 r=6 total=113 skipped_zero=113 erased=0
[GradualEraser::verify] center(170,173) rgba=(0,0,0,0)
[CANVAS_UPDATE] recompositing (frameDirty=1 canvasDirty=0)
[CANVAS_UPDATE] sample pixel (170,173): rgba=(255,101,50,255)
[MOUSE_MOVE] drawing=true tool=1 drawing at (514.0,254.0)
[handleDrawing] tool=1 brushType=4 eraserSize=12.0 eraserOp=1.00 layer=0x5f7a2b51bd30
[BrushEngine::stampEraser] cx=170.0 cy=173.0 m_eraser=0x5f7a1ec70c58
[GradualEraser::stamp] cx=170.0 cy=173.0 r=6 total=113 skipped_zero=113 erased=0
[GradualEraser::verify] center(170,173) rgba=(0,0,0,0)
[BrushEngine::stampEraser] cx=170.0 cy=172.0 m_eraser=0x5f7a1ec70c58
[GradualEraser::stamp] cx=170.0 cy=172.0 r=6 total=113 skipped_zero=112 erased=1
[GradualEraser::verify] center(170,172) rgba=(0,0,0,0)
[BrushEngine::stampEraser] cx=170.0 cy=172.0 m_eraser=0x5f7a1ec70c58
[GradualEraser::stamp] cx=170.0 cy=172.0 r=6 total=113 skipped_zero=113 erased=0
[GradualEraser::verify] center(170,172) rgba=(0,0,0,0)
[MOUSE_MOVE] drawing=true tool=1 drawing at (515.0,253.0)
[handleDrawing] tool=1 brushType=4 eraserSize=12.0 eraserOp=1.00 layer=0x5f7a2b51bd30
[BrushEngine::stampEraser] cx=170.0 cy=172.0 m_eraser=0x5f7a1ec70c58
[GradualEraser::stamp] cx=170.0 cy=172.0 r=6 total=113 skipped_zero=113 erased=0
[GradualEraser::verify] center(170,172) rgba=(0,0,0,0)
[BrushEngine::stampEraser] cx=171.0 cy=171.0 m_eraser=0x5f7a1ec70c58
[GradualEraser::stamp] cx=171.0 cy=171.0 r=6 total=113 skipped_zero=110 erased=3
[GradualEraser::verify] center(171,171) rgba=(0,0,0,0)
[BrushEngine::stampEraser] cx=171.0 cy=171.0 m_eraser=0x5f7a1ec70c58
[GradualEraser::stamp] cx=171.0 cy=171.0 r=6 total=113 skipped_zero=113 erased=0
[GradualEraser::verify] center(171,171) rgba=(0,0,0,0)
[MOUSE_MOVE] drawing=true tool=1 drawing at (515.0,252.0)
[handleDrawing] tool=1 brushType=4 eraserSize=12.0 eraserOp=1.00 layer=0x5f7a2b51bd30
[BrushEngine::stampEraser] cx=171.0 cy=171.0 m_eraser=0x5f7a1ec70c58
[GradualEraser::stamp] cx=171.0 cy=171.0 r=6 total=113 skipped_zero=113 erased=0
[GradualEraser::verify] center(171,171) rgba=(0,0,0,0)
[BrushEngine::stampEraser] cx=171.0 cy=170.0 m_eraser=0x5f7a1ec70c58
[GradualEraser::stamp] cx=171.0 cy=170.0 r=6 total=113 skipped_zero=112 erased=1
[GradualEraser::verify] center(171,170) rgba=(0,0,0,0)
[BrushEngine::stampEraser] cx=171.0 cy=170.0 m_eraser=0x5f7a1ec70c58
[GradualEraser::stamp] cx=171.0 cy=170.0 r=6 total=113 skipped_zero=113 erased=0
[GradualEraser::verify] center(171,170) rgba=(0,0,0,0)
[MOUSE_MOVE] drawing=true tool=1 drawing at (516.0,251.0)
[handleDrawing] tool=1 brushType=4 eraserSize=12.0 eraserOp=1.00 layer=0x5f7a2b51bd30
[BrushEngine::stampEraser] cx=171.0 cy=170.0 m_eraser=0x5f7a1ec70c58
[GradualEraser::stamp] cx=171.0 cy=170.0 r=6 total=113 skipped_zero=113 erased=0
[GradualEraser::verify] center(171,170) rgba=(0,0,0,0)
[BrushEngine::stampEraser] cx=172.0 cy=169.0 m_eraser=0x5f7a1ec70c58
[GradualEraser::stamp] cx=172.0 cy=169.0 r=6 total=113 skipped_zero=112 erased=1
[GradualEraser::verify] center(172,169) rgba=(0,0,0,0)
[BrushEngine::stampEraser] cx=172.0 cy=169.0 m_eraser=0x5f7a1ec70c58
[GradualEraser::stamp] cx=172.0 cy=169.0 r=6 total=113 skipped_zero=113 erased=0
[GradualEraser::verify] center(172,169) rgba=(0,0,0,0)
[CANVAS_UPDATE] recompositing (frameDirty=1 canvasDirty=0)
[CANVAS_UPDATE] sample pixel (172,169): rgba=(255,101,50,255)
[MOUSE_MOVE] drawing=true tool=1 drawing at (516.0,250.0)
[handleDrawing] tool=1 brushType=4 eraserSize=12.0 eraserOp=1.00 layer=0x5f7a2b51bd30
[BrushEngine::stampEraser] cx=172.0 cy=169.0 m_eraser=0x5f7a1ec70c58
[GradualEraser::stamp] cx=172.0 cy=169.0 r=6 total=113 skipped_zero=113 erased=0
[GradualEraser::verify] center(172,169) rgba=(0,0,0,0)
[BrushEngine::stampEraser] cx=172.0 cy=168.0 m_eraser=0x5f7a1ec70c58
[GradualEraser::stamp] cx=172.0 cy=168.0 r=6 total=113 skipped_zero=113 erased=0
[GradualEraser::verify] center(172,168) rgba=(0,0,0,0)
[BrushEngine::stampEraser] cx=172.0 cy=168.0 m_eraser=0x5f7a1ec70c58
[GradualEraser::stamp] cx=172.0 cy=168.0 r=6 total=113 skipped_zero=113 erased=0
[GradualEraser::verify] center(172,168) rgba=(0,0,0,0)
[MOUSE_MOVE] drawing=true tool=1 drawing at (516.0,249.0)
[handleDrawing] tool=1 brushType=4 eraserSize=12.0 eraserOp=1.00 layer=0x5f7a2b51bd30
[BrushEngine::stampEraser] cx=172.0 cy=168.0 m_eraser=0x5f7a1ec70c58
[GradualEraser::stamp] cx=172.0 cy=168.0 r=6 total=113 skipped_zero=113 erased=0
[GradualEraser::verify] center(172,168) rgba=(0,0,0,0)
[BrushEngine::stampEraser] cx=172.0 cy=167.0 m_eraser=0x5f7a1ec70c58
[GradualEraser::stamp] cx=172.0 cy=167.0 r=6 total=113 skipped_zero=113 erased=0
[GradualEraser::verify] center(172,167) rgba=(0,0,0,0)
[BrushEngine::stampEraser] cx=172.0 cy=167.0 m_eraser=0x5f7a1ec70c58
[GradualEraser::stamp] cx=172.0 cy=167.0 r=6 total=113 skipped_zero=113 erased=0
[GradualEraser::verify] center(172,167) rgba=(0,0,0,0)
[MOUSE_MOVE] drawing=true tool=1 drawing at (516.0,248.0)
[handleDrawing] tool=1 brushType=4 eraserSize=12.0 eraserOp=1.00 layer=0x5f7a2b51bd30
[BrushEngine::stampEraser] cx=172.0 cy=167.0 m_eraser=0x5f7a1ec70c58
[GradualEraser::stamp] cx=172.0 cy=167.0 r=6 total=113 skipped_zero=113 erased=0
[GradualEraser::verify] center(172,167) rgba=(0,0,0,0)
[BrushEngine::stampEraser] cx=172.0 cy=166.0 m_eraser=0x5f7a1ec70c58
[GradualEraser::stamp] cx=172.0 cy=166.0 r=6 total=113 skipped_zero=113 erased=0
[GradualEraser::verify] center(172,166) rgba=(0,0,0,0)
[BrushEngine::stampEraser] cx=172.0 cy=166.0 m_eraser=0x5f7a1ec70c58
[GradualEraser::stamp] cx=172.0 cy=166.0 r=6 total=113 skipped_zero=113 erased=0
[GradualEraser::verify] center(172,166) rgba=(0,0,0,0)
[MOUSE_MOVE] drawing=true tool=1 drawing at (517.0,247.0)
[handleDrawing] tool=1 brushType=4 eraserSize=12.0 eraserOp=1.00 layer=0x5f7a2b51bd30
[BrushEngine::stampEraser] cx=172.0 cy=166.0 m_eraser=0x5f7a1ec70c58
[GradualEraser::stamp] cx=172.0 cy=166.0 r=6 total=113 skipped_zero=113 erased=0
[GradualEraser::verify] center(172,166) rgba=(0,0,0,0)
[BrushEngine::stampEraser] cx=173.0 cy=165.0 m_eraser=0x5f7a1ec70c58
[GradualEraser::stamp] cx=173.0 cy=165.0 r=6 total=113 skipped_zero=113 erased=0
[GradualEraser::verify] center(173,165) rgba=(0,0,0,0)
[BrushEngine::stampEraser] cx=173.0 cy=165.0 m_eraser=0x5f7a1ec70c58
[GradualEraser::stamp] cx=173.0 cy=165.0 r=6 total=113 skipped_zero=113 erased=0
[GradualEraser::verify] center(173,165) rgba=(0,0,0,0)
[CANVAS_UPDATE] recompositing (frameDirty=1 canvasDirty=0)
[CANVAS_UPDATE] sample pixel (173,165): rgba=(0,0,0,0)
[MOUSE_MOVE] drawing=true tool=1 drawing at (517.0,246.0)
[handleDrawing] tool=1 brushType=4 eraserSize=12.0 eraserOp=1.00 layer=0x5f7a2b51bd30
[BrushEngine::stampEraser] cx=173.0 cy=165.0 m_eraser=0x5f7a1ec70c58
[GradualEraser::stamp] cx=173.0 cy=165.0 r=6 total=113 skipped_zero=113 erased=0
[GradualEraser::verify] center(173,165) rgba=(0,0,0,0)
[BrushEngine::stampEraser] cx=173.0 cy=164.0 m_eraser=0x5f7a1ec70c58
[GradualEraser::stamp] cx=173.0 cy=164.0 r=6 total=113 skipped_zero=113 erased=0
[GradualEraser::verify] center(173,164) rgba=(0,0,0,0)
[BrushEngine::stampEraser] cx=173.0 cy=164.0 m_eraser=0x5f7a1ec70c58
[GradualEraser::stamp] cx=173.0 cy=164.0 r=6 total=113 skipped_zero=113 erased=0
[GradualEraser::verify] center(173,164) rgba=(0,0,0,0)
[CANVAS_UPDATE] recompositing (frameDirty=1 canvasDirty=0)
[CANVAS_UPDATE] sample pixel (173,164): rgba=(0,0,0,0)
[MOUSE_MOVE] drawing=true tool=1 drawing at (516.0,246.0)
[handleDrawing] tool=1 brushType=4 eraserSize=12.0 eraserOp=1.00 layer=0x5f7a2b51bd30
[BrushEngine::stampEraser] cx=173.0 cy=164.0 m_eraser=0x5f7a1ec70c58
[GradualEraser::stamp] cx=173.0 cy=164.0 r=6 total=113 skipped_zero=113 erased=0
[GradualEraser::verify] center(173,164) rgba=(0,0,0,0)
[BrushEngine::stampEraser] cx=172.0 cy=164.0 m_eraser=0x5f7a1ec70c58
[GradualEraser::stamp] cx=172.0 cy=164.0 r=6 total=113 skipped_zero=113 erased=0
[GradualEraser::verify] center(172,164) rgba=(0,0,0,0)
[BrushEngine::stampEraser] cx=172.0 cy=164.0 m_eraser=0x5f7a1ec70c58
[GradualEraser::stamp] cx=172.0 cy=164.0 r=6 total=113 skipped_zero=113 erased=0
[GradualEraser::verify] center(172,164) rgba=(0,0,0,0)
[MOUSE_MOVE] drawing=true tool=1 drawing at (515.0,247.0)
[handleDrawing] tool=1 brushType=4 eraserSize=12.0 eraserOp=1.00 layer=0x5f7a2b51bd30
[BrushEngine::stampEraser] cx=172.0 cy=164.0 m_eraser=0x5f7a1ec70c58
[GradualEraser::stamp] cx=172.0 cy=164.0 r=6 total=113 skipped_zero=113 erased=0
[GradualEraser::verify] center(172,164) rgba=(0,0,0,0)
[BrushEngine::stampEraser] cx=171.0 cy=165.0 m_eraser=0x5f7a1ec70c58
[GradualEraser::stamp] cx=171.0 cy=165.0 r=6 total=113 skipped_zero=113 erased=0
[GradualEraser::verify] center(171,165) rgba=(0,0,0,0)
[BrushEngine::stampEraser] cx=171.0 cy=165.0 m_eraser=0x5f7a1ec70c58
[GradualEraser::stamp] cx=171.0 cy=165.0 r=6 total=113 skipped_zero=113 erased=0
[GradualEraser::verify] center(171,165) rgba=(0,0,0,0)
[MOUSE_MOVE] drawing=true tool=1 drawing at (515.0,248.0)
[handleDrawing] tool=1 brushType=4 eraserSize=12.0 eraserOp=1.00 layer=0x5f7a2b51bd30
[BrushEngine::stampEraser] cx=171.0 cy=165.0 m_eraser=0x5f7a1ec70c58
[GradualEraser::stamp] cx=171.0 cy=165.0 r=6 total=113 skipped_zero=113 erased=0
[GradualEraser::verify] center(171,165) rgba=(0,0,0,0)
[BrushEngine::stampEraser] cx=171.0 cy=166.0 m_eraser=0x5f7a1ec70c58
[GradualEraser::stamp] cx=171.0 cy=166.0 r=6 total=113 skipped_zero=113 erased=0
[GradualEraser::verify] center(171,166) rgba=(0,0,0,0)
[BrushEngine::stampEraser] cx=171.0 cy=166.0 m_eraser=0x5f7a1ec70c58
[GradualEraser::stamp] cx=171.0 cy=166.0 r=6 total=113 skipped_zero=113 erased=0
[GradualEraser::verify] center(171,166) rgba=(0,0,0,0)
[CANVAS_UPDATE] recompositing (frameDirty=1 canvasDirty=0)
[CANVAS_UPDATE] sample pixel (171,166): rgba=(0,0,0,0)
[MOUSE_MOVE] drawing=true tool=1 drawing at (514.0,249.0)
[handleDrawing] tool=1 brushType=4 eraserSize=12.0 eraserOp=1.00 layer=0x5f7a2b51bd30
[BrushEngine::stampEraser] cx=171.0 cy=166.0 m_eraser=0x5f7a1ec70c58
[GradualEraser::stamp] cx=171.0 cy=166.0 r=6 total=113 skipped_zero=113 erased=0
[GradualEraser::verify] center(171,166) rgba=(0,0,0,0)
[BrushEngine::stampEraser] cx=170.0 cy=167.0 m_eraser=0x5f7a1ec70c58
[GradualEraser::stamp] cx=170.0 cy=167.0 r=6 total=113 skipped_zero=113 erased=0
[GradualEraser::verify] center(170,167) rgba=(0,0,0,0)
[BrushEngine::stampEraser] cx=170.0 cy=167.0 m_eraser=0x5f7a1ec70c58
[GradualEraser::stamp] cx=170.0 cy=167.0 r=6 total=113 skipped_zero=113 erased=0
[GradualEraser::verify] center(170,167) rgba=(0,0,0,0)
[MOUSE_MOVE] drawing=true tool=1 drawing at (513.0,249.0)
[handleDrawing] tool=1 brushType=4 eraserSize=12.0 eraserOp=1.00 layer=0x5f7a2b51bd30
[BrushEngine::stampEraser] cx=170.0 cy=167.0 m_eraser=0x5f7a1ec70c58
[GradualEraser::stamp] cx=170.0 cy=167.0 r=6 total=113 skipped_zero=113 erased=0
[GradualEraser::verify] center(170,167) rgba=(0,0,0,0)
[BrushEngine::stampEraser] cx=169.0 cy=167.0 m_eraser=0x5f7a1ec70c58
[GradualEraser::stamp] cx=169.0 cy=167.0 r=6 total=113 skipped_zero=113 erased=0
[GradualEraser::verify] center(169,167) rgba=(0,0,0,0)
[BrushEngine::stampEraser] cx=169.0 cy=167.0 m_eraser=0x5f7a1ec70c58
[GradualEraser::stamp] cx=169.0 cy=167.0 r=6 total=113 skipped_zero=113 erased=0
[GradualEraser::verify] center(169,167) rgba=(0,0,0,0)
[MOUSE_MOVE] drawing=true tool=1 drawing at (513.0,250.0)
[handleDrawing] tool=1 brushType=4 eraserSize=12.0 eraserOp=1.00 layer=0x5f7a2b51bd30
[BrushEngine::stampEraser] cx=169.0 cy=167.0 m_eraser=0x5f7a1ec70c58
[GradualEraser::stamp] cx=169.0 cy=167.0 r=6 total=113 skipped_zero=113 erased=0
[GradualEraser::verify] center(169,167) rgba=(0,0,0,0)
[BrushEngine::stampEraser] cx=169.0 cy=168.0 m_eraser=0x5f7a1ec70c58
[GradualEraser::stamp] cx=169.0 cy=168.0 r=6 total=113 skipped_zero=113 erased=0
[GradualEraser::verify] center(169,168) rgba=(0,0,0,0)
[BrushEngine::stampEraser] cx=169.0 cy=168.0 m_eraser=0x5f7a1ec70c58
[GradualEraser::stamp] cx=169.0 cy=168.0 r=6 total=113 skipped_zero=113 erased=0
[GradualEraser::verify] center(169,168) rgba=(0,0,0,0)
[MOUSE_MOVE] drawing=true tool=1 drawing at (512.0,250.0)
[handleDrawing] tool=1 brushType=4 eraserSize=12.0 eraserOp=1.00 layer=0x5f7a2b51bd30
[BrushEngine::stampEraser] cx=169.0 cy=168.0 m_eraser=0x5f7a1ec70c58
[GradualEraser::stamp] cx=169.0 cy=168.0 r=6 total=113 skipped_zero=113 erased=0
[GradualEraser::verify] center(169,168) rgba=(0,0,0,0)
[BrushEngine::stampEraser] cx=168.0 cy=168.0 m_eraser=0x5f7a1ec70c58
[GradualEraser::stamp] cx=168.0 cy=168.0 r=6 total=113 skipped_zero=113 erased=0
[GradualEraser::verify] center(168,168) rgba=(0,0,0,0)
[BrushEngine::stampEraser] cx=168.0 cy=168.0 m_eraser=0x5f7a1ec70c58
[GradualEraser::stamp] cx=168.0 cy=168.0 r=6 total=113 skipped_zero=113 erased=0
[GradualEraser::verify] center(168,168) rgba=(0,0,0,0)
[MOUSE_MOVE] drawing=true tool=1 drawing at (512.0,251.0)
[handleDrawing] tool=1 brushType=4 eraserSize=12.0 eraserOp=1.00 layer=0x5f7a2b51bd30
[BrushEngine::stampEraser] cx=168.0 cy=168.0 m_eraser=0x5f7a1ec70c58
[GradualEraser::stamp] cx=168.0 cy=168.0 r=6 total=113 skipped_zero=113 erased=0
[GradualEraser::verify] center(168,168) rgba=(0,0,0,0)
[BrushEngine::stampEraser] cx=168.0 cy=169.0 m_eraser=0x5f7a1ec70c58
[GradualEraser::stamp] cx=168.0 cy=169.0 r=6 total=113 skipped_zero=113 erased=0
[GradualEraser::verify] center(168,169) rgba=(0,0,0,0)
[BrushEngine::stampEraser] cx=168.0 cy=169.0 m_eraser=0x5f7a1ec70c58
[GradualEraser::stamp] cx=168.0 cy=169.0 r=6 total=113 skipped_zero=113 erased=0
[GradualEraser::verify] center(168,169) rgba=(0,0,0,0)
[CANVAS_UPDATE] recompositing (frameDirty=1 canvasDirty=0)
[CANVAS_UPDATE] sample pixel (168,169): rgba=(255,101,50,255)
[MOUSE_MOVE] drawing=true tool=1 drawing at (511.0,251.0)
[handleDrawing] tool=1 brushType=4 eraserSize=12.0 eraserOp=1.00 layer=0x5f7a2b51bd30
[BrushEngine::stampEraser] cx=168.0 cy=169.0 m_eraser=0x5f7a1ec70c58
[GradualEraser::stamp] cx=168.0 cy=169.0 r=6 total=113 skipped_zero=113 erased=0
[GradualEraser::verify] center(168,169) rgba=(0,0,0,0)
[BrushEngine::stampEraser] cx=167.0 cy=169.0 m_eraser=0x5f7a1ec70c58
[GradualEraser::stamp] cx=167.0 cy=169.0 r=6 total=113 skipped_zero=113 erased=0
[GradualEraser::verify] center(167,169) rgba=(0,0,0,0)
[BrushEngine::stampEraser] cx=167.0 cy=169.0 m_eraser=0x5f7a1ec70c58
[GradualEraser::stamp] cx=167.0 cy=169.0 r=6 total=113 skipped_zero=113 erased=0
[GradualEraser::verify] center(167,169) rgba=(0,0,0,0)
[MOUSE_MOVE] drawing=true tool=1 drawing at (511.0,252.0)
[handleDrawing] tool=1 brushType=4 eraserSize=12.0 eraserOp=1.00 layer=0x5f7a2b51bd30
[BrushEngine::stampEraser] cx=167.0 cy=169.0 m_eraser=0x5f7a1ec70c58
[GradualEraser::stamp] cx=167.0 cy=169.0 r=6 total=113 skipped_zero=113 erased=0
[GradualEraser::verify] center(167,169) rgba=(0,0,0,0)
[BrushEngine::stampEraser] cx=167.0 cy=170.0 m_eraser=0x5f7a1ec70c58
[GradualEraser::stamp] cx=167.0 cy=170.0 r=6 total=113 skipped_zero=113 erased=0
[GradualEraser::verify] center(167,170) rgba=(0,0,0,0)
[BrushEngine::stampEraser] cx=167.0 cy=170.0 m_eraser=0x5f7a1ec70c58
[GradualEraser::stamp] cx=167.0 cy=170.0 r=6 total=113 skipped_zero=113 erased=0
[GradualEraser::verify] center(167,170) rgba=(0,0,0,0)
[MOUSE_MOVE] drawing=true tool=1 drawing at (510.0,252.0)
[handleDrawing] tool=1 brushType=4 eraserSize=12.0 eraserOp=1.00 layer=0x5f7a2b51bd30
[BrushEngine::stampEraser] cx=167.0 cy=170.0 m_eraser=0x5f7a1ec70c58
[GradualEraser::stamp] cx=167.0 cy=170.0 r=6 total=113 skipped_zero=113 erased=0
[GradualEraser::verify] center(167,170) rgba=(0,0,0,0)
[BrushEngine::stampEraser] cx=166.0 cy=170.0 m_eraser=0x5f7a1ec70c58
[GradualEraser::stamp] cx=166.0 cy=170.0 r=6 total=113 skipped_zero=113 erased=0
[GradualEraser::verify] center(166,170) rgba=(0,0,0,0)
[BrushEngine::stampEraser] cx=166.0 cy=170.0 m_eraser=0x5f7a1ec70c58
[GradualEraser::stamp] cx=166.0 cy=170.0 r=6 total=113 skipped_zero=113 erased=0
[GradualEraser::verify] center(166,170) rgba=(0,0,0,0)
[MOUSE_MOVE] drawing=true tool=1 drawing at (510.0,253.0)
[handleDrawing] tool=1 brushType=4 eraserSize=12.0 eraserOp=1.00 layer=0x5f7a2b51bd30
[BrushEngine::stampEraser] cx=166.0 cy=170.0 m_eraser=0x5f7a1ec70c58
[GradualEraser::stamp] cx=166.0 cy=170.0 r=6 total=113 skipped_zero=113 erased=0
[GradualEraser::verify] center(166,170) rgba=(0,0,0,0)
[BrushEngine::stampEraser] cx=166.0 cy=171.0 m_eraser=0x5f7a1ec70c58
[GradualEraser::stamp] cx=166.0 cy=171.0 r=6 total=113 skipped_zero=113 erased=0
[GradualEraser::verify] center(166,171) rgba=(0,0,0,0)
[BrushEngine::stampEraser] cx=166.0 cy=171.0 m_eraser=0x5f7a1ec70c58
[GradualEraser::stamp] cx=166.0 cy=171.0 r=6 total=113 skipped_zero=113 erased=0
[GradualEraser::verify] center(166,171) rgba=(0,0,0,0)
[MOUSE_MOVE] drawing=true tool=1 drawing at (509.0,255.0)
[handleDrawing] tool=1 brushType=4 eraserSize=12.0 eraserOp=1.00 layer=0x5f7a2b51bd30
[BrushEngine::stampEraser] cx=166.0 cy=171.0 m_eraser=0x5f7a1ec70c58
[GradualEraser::stamp] cx=166.0 cy=171.0 r=6 total=113 skipped_zero=113 erased=0
[GradualEraser::verify] center(166,171) rgba=(0,0,0,0)
[BrushEngine::stampEraser] cx=165.0 cy=173.0 m_eraser=0x5f7a1ec70c58
[GradualEraser::stamp] cx=165.0 cy=173.0 r=6 total=113 skipped_zero=113 erased=0
[GradualEraser::verify] center(165,173) rgba=(0,0,0,0)
[BrushEngine::stampEraser] cx=165.0 cy=173.0 m_eraser=0x5f7a1ec70c58
[GradualEraser::stamp] cx=165.0 cy=173.0 r=6 total=113 skipped_zero=113 erased=0
[GradualEraser::verify] center(165,173) rgba=(0,0,0,0)
[CANVAS_UPDATE] recompositing (frameDirty=1 canvasDirty=0)
[CANVAS_UPDATE] sample pixel (165,173): rgba=(255,101,50,255)
[MOUSE_MOVE] drawing=true tool=1 drawing at (508.0,256.0)
[handleDrawing] tool=1 brushType=4 eraserSize=12.0 eraserOp=1.00 layer=0x5f7a2b51bd30
[BrushEngine::stampEraser] cx=165.0 cy=173.0 m_eraser=0x5f7a1ec70c58
[GradualEraser::stamp] cx=165.0 cy=173.0 r=6 total=113 skipped_zero=113 erased=0
[GradualEraser::verify] center(165,173) rgba=(0,0,0,0)
[BrushEngine::stampEraser] cx=164.0 cy=174.0 m_eraser=0x5f7a1ec70c58
[GradualEraser::stamp] cx=164.0 cy=174.0 r=6 total=113 skipped_zero=113 erased=0
[GradualEraser::verify] center(164,174) rgba=(0,0,0,0)
[BrushEngine::stampEraser] cx=164.0 cy=174.0 m_eraser=0x5f7a1ec70c58
[GradualEraser::stamp] cx=164.0 cy=174.0 r=6 total=113 skipped_zero=113 erased=0
[GradualEraser::verify] center(164,174) rgba=(0,0,0,0)
[MOUSE_MOVE] drawing=true tool=1 drawing at (508.0,257.0)
[handleDrawing] tool=1 brushType=4 eraserSize=12.0 eraserOp=1.00 layer=0x5f7a2b51bd30
[BrushEngine::stampEraser] cx=164.0 cy=174.0 m_eraser=0x5f7a1ec70c58
[GradualEraser::stamp] cx=164.0 cy=174.0 r=6 total=113 skipped_zero=113 erased=0
[GradualEraser::verify] center(164,174) rgba=(0,0,0,0)
[BrushEngine::stampEraser] cx=164.0 cy=175.0 m_eraser=0x5f7a1ec70c58
[GradualEraser::stamp] cx=164.0 cy=175.0 r=6 total=113 skipped_zero=113 erased=0
[GradualEraser::verify] center(164,175) rgba=(0,0,0,0)
[BrushEngine::stampEraser] cx=164.0 cy=175.0 m_eraser=0x5f7a1ec70c58
[GradualEraser::stamp] cx=164.0 cy=175.0 r=6 total=113 skipped_zero=113 erased=0
[GradualEraser::verify] center(164,175) rgba=(0,0,0,0)
[MOUSE_MOVE] drawing=true tool=1 drawing at (507.0,258.0)
[handleDrawing] tool=1 brushType=4 eraserSize=12.0 eraserOp=1.00 layer=0x5f7a2b51bd30
[BrushEngine::stampEraser] cx=164.0 cy=175.0 m_eraser=0x5f7a1ec70c58
[GradualEraser::stamp] cx=164.0 cy=175.0 r=6 total=113 skipped_zero=113 erased=0
[GradualEraser::verify] center(164,175) rgba=(0,0,0,0)
[BrushEngine::stampEraser] cx=163.0 cy=176.0 m_eraser=0x5f7a1ec70c58
[GradualEraser::stamp] cx=163.0 cy=176.0 r=6 total=113 skipped_zero=113 erased=0
[GradualEraser::verify] center(163,176) rgba=(0,0,0,0)
[BrushEngine::stampEraser] cx=163.0 cy=176.0 m_eraser=0x5f7a1ec70c58
[GradualEraser::stamp] cx=163.0 cy=176.0 r=6 total=113 skipped_zero=113 erased=0
[GradualEraser::verify] center(163,176) rgba=(0,0,0,0)
[MOUSE_MOVE] drawing=true tool=1 drawing at (506.0,259.0)
[handleDrawing] tool=1 brushType=4 eraserSize=12.0 eraserOp=1.00 layer=0x5f7a2b51bd30
[BrushEngine::stampEraser] cx=163.0 cy=176.0 m_eraser=0x5f7a1ec70c58
[GradualEraser::stamp] cx=163.0 cy=176.0 r=6 total=113 skipped_zero=113 erased=0
[GradualEraser::verify] center(163,176) rgba=(0,0,0,0)
[BrushEngine::stampEraser] cx=162.0 cy=177.0 m_eraser=0x5f7a1ec70c58
[GradualEraser::stamp] cx=162.0 cy=177.0 r=6 total=113 skipped_zero=113 erased=0
[GradualEraser::verify] center(162,177) rgba=(0,0,0,0)
[BrushEngine::stampEraser] cx=162.0 cy=177.0 m_eraser=0x5f7a1ec70c58
[GradualEraser::stamp] cx=162.0 cy=177.0 r=6 total=113 skipped_zero=113 erased=0
[GradualEraser::verify] center(162,177) rgba=(0,0,0,0)
[CANVAS_UPDATE] recompositing (frameDirty=1 canvasDirty=0)
[CANVAS_UPDATE] sample pixel (162,177): rgba=(255,101,50,255)
[MOUSE_MOVE] drawing=true tool=1 drawing at (505.0,260.0)
[handleDrawing] tool=1 brushType=4 eraserSize=12.0 eraserOp=1.00 layer=0x5f7a2b51bd30
[BrushEngine::stampEraser] cx=162.0 cy=177.0 m_eraser=0x5f7a1ec70c58
[GradualEraser::stamp] cx=162.0 cy=177.0 r=6 total=113 skipped_zero=113 erased=0
[GradualEraser::verify] center(162,177) rgba=(0,0,0,0)
[BrushEngine::stampEraser] cx=161.0 cy=178.0 m_eraser=0x5f7a1ec70c58
[GradualEraser::stamp] cx=161.0 cy=178.0 r=6 total=113 skipped_zero=113 erased=0
[GradualEraser::verify] center(161,178) rgba=(0,0,0,0)
[BrushEngine::stampEraser] cx=161.0 cy=178.0 m_eraser=0x5f7a1ec70c58
[GradualEraser::stamp] cx=161.0 cy=178.0 r=6 total=113 skipped_zero=113 erased=0
[GradualEraser::verify] center(161,178) rgba=(0,0,0,0)
[MOUSE_MOVE] drawing=true tool=1 drawing at (504.0,262.0)
[handleDrawing] tool=1 brushType=4 eraserSize=12.0 eraserOp=1.00 layer=0x5f7a2b51bd30
[BrushEngine::stampEraser] cx=161.0 cy=178.0 m_eraser=0x5f7a1ec70c58
[GradualEraser::stamp] cx=161.0 cy=178.0 r=6 total=113 skipped_zero=113 erased=0
[GradualEraser::verify] center(161,178) rgba=(0,0,0,0)
[BrushEngine::stampEraser] cx=160.0 cy=180.0 m_eraser=0x5f7a1ec70c58
[GradualEraser::stamp] cx=160.0 cy=180.0 r=6 total=113 skipped_zero=113 erased=0
[GradualEraser::verify] center(160,180) rgba=(0,0,0,0)
[BrushEngine::stampEraser] cx=160.0 cy=180.0 m_eraser=0x5f7a1ec70c58
[GradualEraser::stamp] cx=160.0 cy=180.0 r=6 total=113 skipped_zero=113 erased=0
[GradualEraser::verify] center(160,180) rgba=(0,0,0,0)
[MOUSE_MOVE] drawing=true tool=1 drawing at (504.0,263.0)
[handleDrawing] tool=1 brushType=4 eraserSize=12.0 eraserOp=1.00 layer=0x5f7a2b51bd30
[BrushEngine::stampEraser] cx=160.0 cy=180.0 m_eraser=0x5f7a1ec70c58
[GradualEraser::stamp] cx=160.0 cy=180.0 r=6 total=113 skipped_zero=113 erased=0
[GradualEraser::verify] center(160,180) rgba=(0,0,0,0)
[BrushEngine::stampEraser] cx=160.0 cy=181.0 m_eraser=0x5f7a1ec70c58
[GradualEraser::stamp] cx=160.0 cy=181.0 r=6 total=113 skipped_zero=113 erased=0
[GradualEraser::verify] center(160,181) rgba=(0,0,0,0)
[BrushEngine::stampEraser] cx=160.0 cy=181.0 m_eraser=0x5f7a1ec70c58
[GradualEraser::stamp] cx=160.0 cy=181.0 r=6 total=113 skipped_zero=113 erased=0
[GradualEraser::verify] center(160,181) rgba=(0,0,0,0)
[MOUSE_MOVE] drawing=true tool=1 drawing at (503.0,264.0)
[handleDrawing] tool=1 brushType=4 eraserSize=12.0 eraserOp=1.00 layer=0x5f7a2b51bd30
[BrushEngine::stampEraser] cx=160.0 cy=181.0 m_eraser=0x5f7a1ec70c58
[GradualEraser::stamp] cx=160.0 cy=181.0 r=6 total=113 skipped_zero=113 erased=0
[GradualEraser::verify] center(160,181) rgba=(0,0,0,0)
[BrushEngine::stampEraser] cx=159.0 cy=182.0 m_eraser=0x5f7a1ec70c58
[GradualEraser::stamp] cx=159.0 cy=182.0 r=6 total=113 skipped_zero=113 erased=0
[GradualEraser::verify] center(159,182) rgba=(0,0,0,0)
[BrushEngine::stampEraser] cx=159.0 cy=182.0 m_eraser=0x5f7a1ec70c58
[GradualEraser::stamp] cx=159.0 cy=182.0 r=6 total=113 skipped_zero=113 erased=0
[GradualEraser::verify] center(159,182) rgba=(0,0,0,0)
[MOUSE_MOVE] drawing=true tool=1 drawing at (501.0,267.0)
[handleDrawing] tool=1 brushType=4 eraserSize=12.0 eraserOp=1.00 layer=0x5f7a2b51bd30
[BrushEngine::stampEraser] cx=159.0 cy=182.0 m_eraser=0x5f7a1ec70c58
[GradualEraser::stamp] cx=159.0 cy=182.0 r=6 total=113 skipped_zero=113 erased=0
[GradualEraser::verify] center(159,182) rgba=(0,0,0,0)
[BrushEngine::stampEraser] cx=158.0 cy=183.5 m_eraser=0x5f7a1ec70c58
[GradualEraser::stamp] cx=158.0 cy=183.5 r=6 total=113 skipped_zero=113 erased=0
[GradualEraser::verify] center(158,184) rgba=(0,0,0,0)
[BrushEngine::stampEraser] cx=157.0 cy=185.0 m_eraser=0x5f7a1ec70c58
[GradualEraser::stamp] cx=157.0 cy=185.0 r=6 total=113 skipped_zero=113 erased=0
[GradualEraser::verify] center(157,185) rgba=(0,0,0,0)
[BrushEngine::stampEraser] cx=157.0 cy=185.0 m_eraser=0x5f7a1ec70c58
[GradualEraser::stamp] cx=157.0 cy=185.0 r=6 total=113 skipped_zero=113 erased=0
[GradualEraser::verify] center(157,185) rgba=(0,0,0,0)
[CANVAS_UPDATE] recompositing (frameDirty=1 canvasDirty=0)
[CANVAS_UPDATE] sample pixel (157,185): rgba=(255,101,50,255)
[MOUSE_MOVE] drawing=true tool=1 drawing at (500.0,269.0)
[handleDrawing] tool=1 brushType=4 eraserSize=12.0 eraserOp=1.00 layer=0x5f7a2b51bd30
[BrushEngine::stampEraser] cx=157.0 cy=185.0 m_eraser=0x5f7a1ec70c58
[GradualEraser::stamp] cx=157.0 cy=185.0 r=6 total=113 skipped_zero=113 erased=0
[GradualEraser::verify] center(157,185) rgba=(0,0,0,0)
[BrushEngine::stampEraser] cx=156.0 cy=187.0 m_eraser=0x5f7a1ec70c58
[GradualEraser::stamp] cx=156.0 cy=187.0 r=6 total=113 skipped_zero=113 erased=0
[GradualEraser::verify] center(156,187) rgba=(0,0,0,0)
[BrushEngine::stampEraser] cx=156.0 cy=187.0 m_eraser=0x5f7a1ec70c58
[GradualEraser::stamp] cx=156.0 cy=187.0 r=6 total=113 skipped_zero=113 erased=0
[GradualEraser::verify] center(156,187) rgba=(0,0,0,0)
[MOUSE_MOVE] drawing=true tool=1 drawing at (500.0,270.0)
[handleDrawing] tool=1 brushType=4 eraserSize=12.0 eraserOp=1.00 layer=0x5f7a2b51bd30
[BrushEngine::stampEraser] cx=156.0 cy=187.0 m_eraser=0x5f7a1ec70c58
[GradualEraser::stamp] cx=156.0 cy=187.0 r=6 total=113 skipped_zero=113 erased=0
[GradualEraser::verify] center(156,187) rgba=(0,0,0,0)
[BrushEngine::stampEraser] cx=156.0 cy=188.0 m_eraser=0x5f7a1ec70c58
[GradualEraser::stamp] cx=156.0 cy=188.0 r=6 total=113 skipped_zero=113 erased=0
[GradualEraser::verify] center(156,188) rgba=(0,0,0,0)
[BrushEngine::stampEraser] cx=156.0 cy=188.0 m_eraser=0x5f7a1ec70c58
[GradualEraser::stamp] cx=156.0 cy=188.0 r=6 total=113 skipped_zero=113 erased=0
[GradualEraser::verify] center(156,188) rgba=(0,0,0,0)
[MOUSE_MOVE] drawing=true tool=1 drawing at (500.0,271.0)
[handleDrawing] tool=1 brushType=4 eraserSize=12.0 eraserOp=1.00 layer=0x5f7a2b51bd30
[BrushEngine::stampEraser] cx=156.0 cy=188.0 m_eraser=0x5f7a1ec70c58
[GradualEraser::stamp] cx=156.0 cy=188.0 r=6 total=113 skipped_zero=113 erased=0
[GradualEraser::verify] center(156,188) rgba=(0,0,0,0)
[BrushEngine::stampEraser] cx=156.0 cy=189.0 m_eraser=0x5f7a1ec70c58
[GradualEraser::stamp] cx=156.0 cy=189.0 r=6 total=113 skipped_zero=111 erased=2
[GradualEraser::verify] center(156,189) rgba=(0,0,0,0)
[BrushEngine::stampEraser] cx=156.0 cy=189.0 m_eraser=0x5f7a1ec70c58
[GradualEraser::stamp] cx=156.0 cy=189.0 r=6 total=113 skipped_zero=113 erased=0
[GradualEraser::verify] center(156,189) rgba=(0,0,0,0)
[MOUSE_MOVE] drawing=true tool=1 drawing at (499.0,272.0)
[handleDrawing] tool=1 brushType=4 eraserSize=12.0 eraserOp=1.00 layer=0x5f7a2b51bd30
[BrushEngine::stampEraser] cx=156.0 cy=189.0 m_eraser=0x5f7a1ec70c58
[GradualEraser::stamp] cx=156.0 cy=189.0 r=6 total=113 skipped_zero=113 erased=0
[GradualEraser::verify] center(156,189) rgba=(0,0,0,0)
[BrushEngine::stampEraser] cx=155.0 cy=190.0 m_eraser=0x5f7a1ec70c58
[GradualEraser::stamp] cx=155.0 cy=190.0 r=6 total=113 skipped_zero=113 erased=0
[GradualEraser::verify] center(155,190) rgba=(0,0,0,0)
[BrushEngine::stampEraser] cx=155.0 cy=190.0 m_eraser=0x5f7a1ec70c58
[GradualEraser::stamp] cx=155.0 cy=190.0 r=6 total=113 skipped_zero=113 erased=0
[GradualEraser::verify] center(155,190) rgba=(0,0,0,0)
[MOUSE_MOVE] drawing=true tool=1 drawing at (499.0,273.0)
[handleDrawing] tool=1 brushType=4 eraserSize=12.0 eraserOp=1.00 layer=0x5f7a2b51bd30
[BrushEngine::stampEraser] cx=155.0 cy=190.0 m_eraser=0x5f7a1ec70c58
[GradualEraser::stamp] cx=155.0 cy=190.0 r=6 total=113 skipped_zero=113 erased=0
[GradualEraser::verify] center(155,190) rgba=(0,0,0,0)
[BrushEngine::stampEraser] cx=155.0 cy=191.0 m_eraser=0x5f7a1ec70c58
[GradualEraser::stamp] cx=155.0 cy=191.0 r=6 total=113 skipped_zero=111 erased=2
[GradualEraser::verify] center(155,191) rgba=(0,0,0,0)
[BrushEngine::stampEraser] cx=155.0 cy=191.0 m_eraser=0x5f7a1ec70c58
[GradualEraser::stamp] cx=155.0 cy=191.0 r=6 total=113 skipped_zero=113 erased=0
[GradualEraser::verify] center(155,191) rgba=(0,0,0,0)
[MOUSE_MOVE] drawing=true tool=1 drawing at (498.0,274.0)
[handleDrawing] tool=1 brushType=4 eraserSize=12.0 eraserOp=1.00 layer=0x5f7a2b51bd30
[BrushEngine::stampEraser] cx=155.0 cy=191.0 m_eraser=0x5f7a1ec70c58
[GradualEraser::stamp] cx=155.0 cy=191.0 r=6 total=113 skipped_zero=113 erased=0
[GradualEraser::verify] center(155,191) rgba=(0,0,0,0)
[BrushEngine::stampEraser] cx=154.0 cy=192.0 m_eraser=0x5f7a1ec70c58
[GradualEraser::stamp] cx=154.0 cy=192.0 r=6 total=113 skipped_zero=113 erased=0
[GradualEraser::verify] center(154,192) rgba=(0,0,0,0)
[BrushEngine::stampEraser] cx=154.0 cy=192.0 m_eraser=0x5f7a1ec70c58
[GradualEraser::stamp] cx=154.0 cy=192.0 r=6 total=113 skipped_zero=113 erased=0
[GradualEraser::verify] center(154,192) rgba=(0,0,0,0)
[MOUSE_MOVE] drawing=true tool=1 drawing at (496.0,277.0)
[handleDrawing] tool=1 brushType=4 eraserSize=12.0 eraserOp=1.00 layer=0x5f7a2b51bd30
[BrushEngine::stampEraser] cx=154.0 cy=192.0 m_eraser=0x5f7a1ec70c58
[GradualEraser::stamp] cx=154.0 cy=192.0 r=6 total=113 skipped_zero=113 erased=0
[GradualEraser::verify] center(154,192) rgba=(0,0,0,0)
[BrushEngine::stampEraser] cx=153.0 cy=193.5 m_eraser=0x5f7a1ec70c58
[GradualEraser::stamp] cx=153.0 cy=193.5 r=6 total=113 skipped_zero=112 erased=1
[GradualEraser::verify] center(153,194) rgba=(0,0,0,0)
[BrushEngine::stampEraser] cx=152.0 cy=195.0 m_eraser=0x5f7a1ec70c58
[GradualEraser::stamp] cx=152.0 cy=195.0 r=6 total=113 skipped_zero=113 erased=0
[GradualEraser::verify] center(152,195) rgba=(0,0,0,0)
[BrushEngine::stampEraser] cx=152.0 cy=195.0 m_eraser=0x5f7a1ec70c58
[GradualEraser::stamp] cx=152.0 cy=195.0 r=6 total=113 skipped_zero=113 erased=0
[GradualEraser::verify] center(152,195) rgba=(0,0,0,0)
[MOUSE_MOVE] drawing=true tool=1 drawing at (496.0,279.0)
[handleDrawing] tool=1 brushType=4 eraserSize=12.0 eraserOp=1.00 layer=0x5f7a2b51bd30
[BrushEngine::stampEraser] cx=152.0 cy=195.0 m_eraser=0x5f7a1ec70c58
[GradualEraser::stamp] cx=152.0 cy=195.0 r=6 total=113 skipped_zero=113 erased=0
[GradualEraser::verify] center(152,195) rgba=(0,0,0,0)
[BrushEngine::stampEraser] cx=152.0 cy=197.0 m_eraser=0x5f7a1ec70c58
[GradualEraser::stamp] cx=152.0 cy=197.0 r=6 total=113 skipped_zero=111 erased=2
[GradualEraser::verify] center(152,197) rgba=(0,0,0,0)
[BrushEngine::stampEraser] cx=152.0 cy=197.0 m_eraser=0x5f7a1ec70c58
[GradualEraser::stamp] cx=152.0 cy=197.0 r=6 total=113 skipped_zero=113 erased=0
[GradualEraser::verify] center(152,197) rgba=(0,0,0,0)
[MOUSE_MOVE] drawing=true tool=1 drawing at (496.0,280.0)
[handleDrawing] tool=1 brushType=4 eraserSize=12.0 eraserOp=1.00 layer=0x5f7a2b51bd30
[BrushEngine::stampEraser] cx=152.0 cy=197.0 m_eraser=0x5f7a1ec70c58
[GradualEraser::stamp] cx=152.0 cy=197.0 r=6 total=113 skipped_zero=113 erased=0
[GradualEraser::verify] center(152,197) rgba=(0,0,0,0)
[BrushEngine::stampEraser] cx=152.0 cy=198.0 m_eraser=0x5f7a1ec70c58
[GradualEraser::stamp] cx=152.0 cy=198.0 r=6 total=113 skipped_zero=110 erased=3
[GradualEraser::verify] center(152,198) rgba=(0,0,0,0)
[BrushEngine::stampEraser] cx=152.0 cy=198.0 m_eraser=0x5f7a1ec70c58
[GradualEraser::stamp] cx=152.0 cy=198.0 r=6 total=113 skipped_zero=113 erased=0
[GradualEraser::verify] center(152,198) rgba=(0,0,0,0)
[CANVAS_UPDATE] recompositing (frameDirty=1 canvasDirty=0)
[CANVAS_UPDATE] sample pixel (152,198): rgba=(255,101,50,255)
[MOUSE_MOVE] drawing=true tool=1 drawing at (495.0,283.0)
[handleDrawing] tool=1 brushType=4 eraserSize=12.0 eraserOp=1.00 layer=0x5f7a2b51bd30
[BrushEngine::stampEraser] cx=152.0 cy=198.0 m_eraser=0x5f7a1ec70c58
[GradualEraser::stamp] cx=152.0 cy=198.0 r=6 total=113 skipped_zero=113 erased=0
[GradualEraser::verify] center(152,198) rgba=(0,0,0,0)
[BrushEngine::stampEraser] cx=151.5 cy=199.5 m_eraser=0x5f7a1ec70c58
[GradualEraser::stamp] cx=151.5 cy=199.5 r=6 total=113 skipped_zero=110 erased=3
[GradualEraser::verify] center(152,200) rgba=(0,0,0,0)
[BrushEngine::stampEraser] cx=151.0 cy=201.0 m_eraser=0x5f7a1ec70c58
[GradualEraser::stamp] cx=151.0 cy=201.0 r=6 total=113 skipped_zero=113 erased=0
[GradualEraser::verify] center(151,201) rgba=(0,0,0,0)
[BrushEngine::stampEraser] cx=151.0 cy=201.0 m_eraser=0x5f7a1ec70c58
[GradualEraser::stamp] cx=151.0 cy=201.0 r=6 total=113 skipped_zero=113 erased=0
[GradualEraser::verify] center(151,201) rgba=(0,0,0,0)
[MOUSE_MOVE] drawing=true tool=1 drawing at (495.0,284.0)
[handleDrawing] tool=1 brushType=4 eraserSize=12.0 eraserOp=1.00 layer=0x5f7a2b51bd30
[BrushEngine::stampEraser] cx=151.0 cy=201.0 m_eraser=0x5f7a1ec70c58
[GradualEraser::stamp] cx=151.0 cy=201.0 r=6 total=113 skipped_zero=113 erased=0
[GradualEraser::verify] center(151,201) rgba=(0,0,0,0)
[BrushEngine::stampEraser] cx=151.0 cy=202.0 m_eraser=0x5f7a1ec70c58
[GradualEraser::stamp] cx=151.0 cy=202.0 r=6 total=113 skipped_zero=112 erased=1
[GradualEraser::verify] center(151,202) rgba=(0,0,0,0)
[BrushEngine::stampEraser] cx=151.0 cy=202.0 m_eraser=0x5f7a1ec70c58
[GradualEraser::stamp] cx=151.0 cy=202.0 r=6 total=113 skipped_zero=113 erased=0
[GradualEraser::verify] center(151,202) rgba=(0,0,0,0)
[MOUSE_MOVE] drawing=true tool=1 drawing at (493.0,286.0)
[handleDrawing] tool=1 brushType=4 eraserSize=12.0 eraserOp=1.00 layer=0x5f7a2b51bd30
[BrushEngine::stampEraser] cx=151.0 cy=202.0 m_eraser=0x5f7a1ec70c58
[GradualEraser::stamp] cx=151.0 cy=202.0 r=6 total=113 skipped_zero=113 erased=0
[GradualEraser::verify] center(151,202) rgba=(0,0,0,0)
[BrushEngine::stampEraser] cx=149.0 cy=204.0 m_eraser=0x5f7a1ec70c58
[GradualEraser::stamp] cx=149.0 cy=204.0 r=6 total=113 skipped_zero=113 erased=0
[GradualEraser::verify] center(149,204) rgba=(0,0,0,0)
[BrushEngine::stampEraser] cx=149.0 cy=204.0 m_eraser=0x5f7a1ec70c58
[GradualEraser::stamp] cx=149.0 cy=204.0 r=6 total=113 skipped_zero=113 erased=0
[GradualEraser::verify] center(149,204) rgba=(0,0,0,0)
[MOUSE_MOVE] drawing=true tool=1 drawing at (493.0,291.0)
[handleDrawing] tool=1 brushType=4 eraserSize=12.0 eraserOp=1.00 layer=0x5f7a2b51bd30
[BrushEngine::stampEraser] cx=149.0 cy=204.0 m_eraser=0x5f7a1ec70c58
[GradualEraser::stamp] cx=149.0 cy=204.0 r=6 total=113 skipped_zero=113 erased=0
[GradualEraser::verify] center(149,204) rgba=(0,0,0,0)
[BrushEngine::stampEraser] cx=149.0 cy=206.5 m_eraser=0x5f7a1ec70c58
[GradualEraser::stamp] cx=149.0 cy=206.5 r=6 total=113 skipped_zero=113 erased=0
[GradualEraser::verify] center(149,207) rgba=(0,0,0,0)
[BrushEngine::stampEraser] cx=149.0 cy=209.0 m_eraser=0x5f7a1ec70c58
[GradualEraser::stamp] cx=149.0 cy=209.0 r=6 total=113 skipped_zero=112 erased=1
[GradualEraser::verify] center(149,209) rgba=(0,0,0,0)
[BrushEngine::stampEraser] cx=149.0 cy=209.0 m_eraser=0x5f7a1ec70c58
[GradualEraser::stamp] cx=149.0 cy=209.0 r=6 total=113 skipped_zero=113 erased=0
[GradualEraser::verify] center(149,209) rgba=(0,0,0,0)
[MOUSE_MOVE] drawing=true tool=1 drawing at (492.0,293.0)
[handleDrawing] tool=1 brushType=4 eraserSize=12.0 eraserOp=1.00 layer=0x5f7a2b51bd30
[BrushEngine::stampEraser] cx=149.0 cy=209.0 m_eraser=0x5f7a1ec70c58
[GradualEraser::stamp] cx=149.0 cy=209.0 r=6 total=113 skipped_zero=113 erased=0
[GradualEraser::verify] center(149,209) rgba=(0,0,0,0)
[BrushEngine::stampEraser] cx=148.0 cy=211.0 m_eraser=0x5f7a1ec70c58
[GradualEraser::stamp] cx=148.0 cy=211.0 r=6 total=113 skipped_zero=113 erased=0
[GradualEraser::verify] center(148,211) rgba=(0,0,0,0)
[BrushEngine::stampEraser] cx=148.0 cy=211.0 m_eraser=0x5f7a1ec70c58
[GradualEraser::stamp] cx=148.0 cy=211.0 r=6 total=113 skipped_zero=113 erased=0
[GradualEraser::verify] center(148,211) rgba=(0,0,0,0)
[MOUSE_MOVE] drawing=true tool=1 drawing at (492.0,294.0)
[handleDrawing] tool=1 brushType=4 eraserSize=12.0 eraserOp=1.00 layer=0x5f7a2b51bd30
[BrushEngine::stampEraser] cx=148.0 cy=211.0 m_eraser=0x5f7a1ec70c58
[GradualEraser::stamp] cx=148.0 cy=211.0 r=6 total=113 skipped_zero=113 erased=0
[GradualEraser::verify] center(148,211) rgba=(0,0,0,0)
[BrushEngine::stampEraser] cx=148.0 cy=212.0 m_eraser=0x5f7a1ec70c58
[GradualEraser::stamp] cx=148.0 cy=212.0 r=6 total=113 skipped_zero=113 erased=0
[GradualEraser::verify] center(148,212) rgba=(0,0,0,0)
[BrushEngine::stampEraser] cx=148.0 cy=212.0 m_eraser=0x5f7a1ec70c58
[GradualEraser::stamp] cx=148.0 cy=212.0 r=6 total=113 skipped_zero=113 erased=0
[GradualEraser::verify] center(148,212) rgba=(0,0,0,0)
[MOUSE_MOVE] drawing=true tool=1 drawing at (490.0,297.0)
[handleDrawing] tool=1 brushType=4 eraserSize=12.0 eraserOp=1.00 layer=0x5f7a2b51bd30
[BrushEngine::stampEraser] cx=148.0 cy=212.0 m_eraser=0x5f7a1ec70c58
[GradualEraser::stamp] cx=148.0 cy=212.0 r=6 total=113 skipped_zero=113 erased=0
[GradualEraser::verify] center(148,212) rgba=(0,0,0,0)
[BrushEngine::stampEraser] cx=147.0 cy=213.5 m_eraser=0x5f7a1ec70c58
[GradualEraser::stamp] cx=147.0 cy=213.5 r=6 total=113 skipped_zero=113 erased=0
[GradualEraser::verify] center(147,214) rgba=(0,0,0,0)
[BrushEngine::stampEraser] cx=146.0 cy=215.0 m_eraser=0x5f7a1ec70c58
[GradualEraser::stamp] cx=146.0 cy=215.0 r=6 total=113 skipped_zero=113 erased=0
[GradualEraser::verify] center(146,215) rgba=(0,0,0,0)
[BrushEngine::stampEraser] cx=146.0 cy=215.0 m_eraser=0x5f7a1ec70c58
[GradualEraser::stamp] cx=146.0 cy=215.0 r=6 total=113 skipped_zero=113 erased=0
[GradualEraser::verify] center(146,215) rgba=(0,0,0,0)
[MOUSE_MOVE] drawing=true tool=1 drawing at (490.0,298.0)
[handleDrawing] tool=1 brushType=4 eraserSize=12.0 eraserOp=1.00 layer=0x5f7a2b51bd30
[BrushEngine::stampEraser] cx=146.0 cy=215.0 m_eraser=0x5f7a1ec70c58
[GradualEraser::stamp] cx=146.0 cy=215.0 r=6 total=113 skipped_zero=113 erased=0
[GradualEraser::verify] center(146,215) rgba=(0,0,0,0)
[BrushEngine::stampEraser] cx=146.0 cy=216.0 m_eraser=0x5f7a1ec70c58
[GradualEraser::stamp] cx=146.0 cy=216.0 r=6 total=113 skipped_zero=113 erased=0
[GradualEraser::verify] center(146,216) rgba=(0,0,0,0)
[BrushEngine::stampEraser] cx=146.0 cy=216.0 m_eraser=0x5f7a1ec70c58
[GradualEraser::stamp] cx=146.0 cy=216.0 r=6 total=113 skipped_zero=113 erased=0
[GradualEraser::verify] center(146,216) rgba=(0,0,0,0)
[CANVAS_UPDATE] recompositing (frameDirty=1 canvasDirty=0)
[CANVAS_UPDATE] sample pixel (146,216): rgba=(0,0,0,0)
[MOUSE_MOVE] drawing=true tool=1 drawing at (490.0,299.0)
[handleDrawing] tool=1 brushType=4 eraserSize=12.0 eraserOp=1.00 layer=0x5f7a2b51bd30
[BrushEngine::stampEraser] cx=146.0 cy=216.0 m_eraser=0x5f7a1ec70c58
[GradualEraser::stamp] cx=146.0 cy=216.0 r=6 total=113 skipped_zero=113 erased=0
[GradualEraser::verify] center(146,216) rgba=(0,0,0,0)
[BrushEngine::stampEraser] cx=146.0 cy=217.0 m_eraser=0x5f7a1ec70c58
[GradualEraser::stamp] cx=146.0 cy=217.0 r=6 total=113 skipped_zero=113 erased=0
[GradualEraser::verify] center(146,217) rgba=(0,0,0,0)
[BrushEngine::stampEraser] cx=146.0 cy=217.0 m_eraser=0x5f7a1ec70c58
[GradualEraser::stamp] cx=146.0 cy=217.0 r=6 total=113 skipped_zero=113 erased=0
[GradualEraser::verify] center(146,217) rgba=(0,0,0,0)
[MOUSE_MOVE] drawing=true tool=1 drawing at (489.0,302.0)
[handleDrawing] tool=1 brushType=4 eraserSize=12.0 eraserOp=1.00 layer=0x5f7a2b51bd30
[BrushEngine::stampEraser] cx=146.0 cy=217.0 m_eraser=0x5f7a1ec70c58
[GradualEraser::stamp] cx=146.0 cy=217.0 r=6 total=113 skipped_zero=113 erased=0
[GradualEraser::verify] center(146,217) rgba=(0,0,0,0)
[BrushEngine::stampEraser] cx=145.5 cy=218.5 m_eraser=0x5f7a1ec70c58
[GradualEraser::stamp] cx=145.5 cy=218.5 r=6 total=113 skipped_zero=113 erased=0
[GradualEraser::verify] center(146,219) rgba=(0,0,0,0)
[BrushEngine::stampEraser] cx=145.0 cy=220.0 m_eraser=0x5f7a1ec70c58
[GradualEraser::stamp] cx=145.0 cy=220.0 r=6 total=113 skipped_zero=113 erased=0
[GradualEraser::verify] center(145,220) rgba=(0,0,0,0)
[BrushEngine::stampEraser] cx=145.0 cy=220.0 m_eraser=0x5f7a1ec70c58
[GradualEraser::stamp] cx=145.0 cy=220.0 r=6 total=113 skipped_zero=113 erased=0
[GradualEraser::verify] center(145,220) rgba=(0,0,0,0)
[MOUSE_MOVE] drawing=true tool=1 drawing at (489.0,304.0)
[handleDrawing] tool=1 brushType=4 eraserSize=12.0 eraserOp=1.00 layer=0x5f7a2b51bd30
[BrushEngine::stampEraser] cx=145.0 cy=220.0 m_eraser=0x5f7a1ec70c58
[GradualEraser::stamp] cx=145.0 cy=220.0 r=6 total=113 skipped_zero=113 erased=0
[GradualEraser::verify] center(145,220) rgba=(0,0,0,0)
[BrushEngine::stampEraser] cx=145.0 cy=222.0 m_eraser=0x5f7a1ec70c58
[GradualEraser::stamp] cx=145.0 cy=222.0 r=6 total=113 skipped_zero=113 erased=0
[GradualEraser::verify] center(145,222) rgba=(0,0,0,0)
[BrushEngine::stampEraser] cx=145.0 cy=222.0 m_eraser=0x5f7a1ec70c58
[GradualEraser::stamp] cx=145.0 cy=222.0 r=6 total=113 skipped_zero=113 erased=0
[GradualEraser::verify] center(145,222) rgba=(0,0,0,0)
[MOUSE_MOVE] drawing=true tool=1 drawing at (487.0,306.0)
[handleDrawing] tool=1 brushType=4 eraserSize=12.0 eraserOp=1.00 layer=0x5f7a2b51bd30
[BrushEngine::stampEraser] cx=145.0 cy=222.0 m_eraser=0x5f7a1ec70c58
[GradualEraser::stamp] cx=145.0 cy=222.0 r=6 total=113 skipped_zero=113 erased=0
[GradualEraser::verify] center(145,222) rgba=(0,0,0,0)
[BrushEngine::stampEraser] cx=143.0 cy=224.0 m_eraser=0x5f7a1ec70c58
[GradualEraser::stamp] cx=143.0 cy=224.0 r=6 total=113 skipped_zero=113 erased=0
[GradualEraser::verify] center(143,224) rgba=(0,0,0,0)
[BrushEngine::stampEraser] cx=143.0 cy=224.0 m_eraser=0x5f7a1ec70c58
[GradualEraser::stamp] cx=143.0 cy=224.0 r=6 total=113 skipped_zero=113 erased=0
[GradualEraser::verify] center(143,224) rgba=(0,0,0,0)
[MOUSE_MOVE] drawing=true tool=1 drawing at (487.0,308.0)
[handleDrawing] tool=1 brushType=4 eraserSize=12.0 eraserOp=1.00 layer=0x5f7a2b51bd30
[BrushEngine::stampEraser] cx=143.0 cy=224.0 m_eraser=0x5f7a1ec70c58
[GradualEraser::stamp] cx=143.0 cy=224.0 r=6 total=113 skipped_zero=113 erased=0
[GradualEraser::verify] center(143,224) rgba=(0,0,0,0)
[BrushEngine::stampEraser] cx=143.0 cy=226.0 m_eraser=0x5f7a1ec70c58
[GradualEraser::stamp] cx=143.0 cy=226.0 r=6 total=113 skipped_zero=113 erased=0
[GradualEraser::verify] center(143,226) rgba=(0,0,0,0)
[BrushEngine::stampEraser] cx=143.0 cy=226.0 m_eraser=0x5f7a1ec70c58
[GradualEraser::stamp] cx=143.0 cy=226.0 r=6 total=113 skipped_zero=113 erased=0
[GradualEraser::verify] center(143,226) rgba=(0,0,0,0)
[MOUSE_MOVE] drawing=true tool=1 drawing at (487.0,309.0)
[handleDrawing] tool=1 brushType=4 eraserSize=12.0 eraserOp=1.00 layer=0x5f7a2b51bd30
[BrushEngine::stampEraser] cx=143.0 cy=226.0 m_eraser=0x5f7a1ec70c58
[GradualEraser::stamp] cx=143.0 cy=226.0 r=6 total=113 skipped_zero=113 erased=0
[GradualEraser::verify] center(143,226) rgba=(0,0,0,0)
[BrushEngine::stampEraser] cx=143.0 cy=227.0 m_eraser=0x5f7a1ec70c58
[GradualEraser::stamp] cx=143.0 cy=227.0 r=6 total=113 skipped_zero=113 erased=0
[GradualEraser::verify] center(143,227) rgba=(0,0,0,0)
[BrushEngine::stampEraser] cx=143.0 cy=227.0 m_eraser=0x5f7a1ec70c58
[GradualEraser::stamp] cx=143.0 cy=227.0 r=6 total=113 skipped_zero=113 erased=0
[GradualEraser::verify] center(143,227) rgba=(0,0,0,0)
[MOUSE_MOVE] drawing=true tool=1 drawing at (486.0,310.0)
[handleDrawing] tool=1 brushType=4 eraserSize=12.0 eraserOp=1.00 layer=0x5f7a2b51bd30
[BrushEngine::stampEraser] cx=143.0 cy=227.0 m_eraser=0x5f7a1ec70c58
[GradualEraser::stamp] cx=143.0 cy=227.0 r=6 total=113 skipped_zero=113 erased=0
[GradualEraser::verify] center(143,227) rgba=(0,0,0,0)
[BrushEngine::stampEraser] cx=142.0 cy=228.0 m_eraser=0x5f7a1ec70c58
[GradualEraser::stamp] cx=142.0 cy=228.0 r=6 total=113 skipped_zero=113 erased=0
[GradualEraser::verify] center(142,228) rgba=(0,0,0,0)
[BrushEngine::stampEraser] cx=142.0 cy=228.0 m_eraser=0x5f7a1ec70c58
[GradualEraser::stamp] cx=142.0 cy=228.0 r=6 total=113 skipped_zero=113 erased=0
[GradualEraser::verify] center(142,228) rgba=(0,0,0,0)
[CANVAS_UPDATE] recompositing (frameDirty=1 canvasDirty=0)
[CANVAS_UPDATE] sample pixel (142,228): rgba=(0,0,0,0)
[MOUSE_MOVE] drawing=true tool=1 drawing at (486.0,311.0)
[handleDrawing] tool=1 brushType=4 eraserSize=12.0 eraserOp=1.00 layer=0x5f7a2b51bd30
[BrushEngine::stampEraser] cx=142.0 cy=228.0 m_eraser=0x5f7a1ec70c58
[GradualEraser::stamp] cx=142.0 cy=228.0 r=6 total=113 skipped_zero=113 erased=0
[GradualEraser::verify] center(142,228) rgba=(0,0,0,0)
[BrushEngine::stampEraser] cx=142.0 cy=229.0 m_eraser=0x5f7a1ec70c58
[GradualEraser::stamp] cx=142.0 cy=229.0 r=6 total=113 skipped_zero=113 erased=0
[GradualEraser::verify] center(142,229) rgba=(0,0,0,0)
[BrushEngine::stampEraser] cx=142.0 cy=229.0 m_eraser=0x5f7a1ec70c58
[GradualEraser::stamp] cx=142.0 cy=229.0 r=6 total=113 skipped_zero=113 erased=0
[GradualEraser::verify] center(142,229) rgba=(0,0,0,0)
[MOUSE_MOVE] drawing=true tool=1 drawing at (486.0,312.0)
[handleDrawing] tool=1 brushType=4 eraserSize=12.0 eraserOp=1.00 layer=0x5f7a2b51bd30
[BrushEngine::stampEraser] cx=142.0 cy=229.0 m_eraser=0x5f7a1ec70c58
[GradualEraser::stamp] cx=142.0 cy=229.0 r=6 total=113 skipped_zero=113 erased=0
[GradualEraser::verify] center(142,229) rgba=(0,0,0,0)
[BrushEngine::stampEraser] cx=142.0 cy=230.0 m_eraser=0x5f7a1ec70c58
[GradualEraser::stamp] cx=142.0 cy=230.0 r=6 total=113 skipped_zero=113 erased=0
[GradualEraser::verify] center(142,230) rgba=(0,0,0,0)
[BrushEngine::stampEraser] cx=142.0 cy=230.0 m_eraser=0x5f7a1ec70c58
[GradualEraser::stamp] cx=142.0 cy=230.0 r=6 total=113 skipped_zero=113 erased=0
[GradualEraser::verify] center(142,230) rgba=(0,0,0,0)
[MOUSE_MOVE] drawing=true tool=1 drawing at (486.0,313.0)
[handleDrawing] tool=1 brushType=4 eraserSize=12.0 eraserOp=1.00 layer=0x5f7a2b51bd30
[BrushEngine::stampEraser] cx=142.0 cy=230.0 m_eraser=0x5f7a1ec70c58
[GradualEraser::stamp] cx=142.0 cy=230.0 r=6 total=113 skipped_zero=113 erased=0
[GradualEraser::verify] center(142,230) rgba=(0,0,0,0)
[BrushEngine::stampEraser] cx=142.0 cy=231.0 m_eraser=0x5f7a1ec70c58
[GradualEraser::stamp] cx=142.0 cy=231.0 r=6 total=113 skipped_zero=113 erased=0
[GradualEraser::verify] center(142,231) rgba=(0,0,0,0)
[BrushEngine::stampEraser] cx=142.0 cy=231.0 m_eraser=0x5f7a1ec70c58
[GradualEraser::stamp] cx=142.0 cy=231.0 r=6 total=113 skipped_zero=113 erased=0
[GradualEraser::verify] center(142,231) rgba=(0,0,0,0)
[MOUSE_MOVE] drawing=true tool=1 drawing at (486.0,314.0)
[handleDrawing] tool=1 brushType=4 eraserSize=12.0 eraserOp=1.00 layer=0x5f7a2b51bd30
[BrushEngine::stampEraser] cx=142.0 cy=231.0 m_eraser=0x5f7a1ec70c58
[GradualEraser::stamp] cx=142.0 cy=231.0 r=6 total=113 skipped_zero=113 erased=0
[GradualEraser::verify] center(142,231) rgba=(0,0,0,0)
[BrushEngine::stampEraser] cx=142.0 cy=232.0 m_eraser=0x5f7a1ec70c58
[GradualEraser::stamp] cx=142.0 cy=232.0 r=6 total=113 skipped_zero=113 erased=0
[GradualEraser::verify] center(142,232) rgba=(0,0,0,0)
[BrushEngine::stampEraser] cx=142.0 cy=232.0 m_eraser=0x5f7a1ec70c58
[GradualEraser::stamp] cx=142.0 cy=232.0 r=6 total=113 skipped_zero=113 erased=0
[GradualEraser::verify] center(142,232) rgba=(0,0,0,0)
[MOUSE_MOVE] drawing=true tool=1 drawing at (485.0,315.0)
[handleDrawing] tool=1 brushType=4 eraserSize=12.0 eraserOp=1.00 layer=0x5f7a2b51bd30
[BrushEngine::stampEraser] cx=142.0 cy=232.0 m_eraser=0x5f7a1ec70c58
[GradualEraser::stamp] cx=142.0 cy=232.0 r=6 total=113 skipped_zero=113 erased=0
[GradualEraser::verify] center(142,232) rgba=(0,0,0,0)
[BrushEngine::stampEraser] cx=141.0 cy=233.0 m_eraser=0x5f7a1ec70c58
[GradualEraser::stamp] cx=141.0 cy=233.0 r=6 total=113 skipped_zero=113 erased=0
[GradualEraser::verify] center(141,233) rgba=(0,0,0,0)
[BrushEngine::stampEraser] cx=141.0 cy=233.0 m_eraser=0x5f7a1ec70c58
[GradualEraser::stamp] cx=141.0 cy=233.0 r=6 total=113 skipped_zero=113 erased=0
[GradualEraser::verify] center(141,233) rgba=(0,0,0,0)
[MOUSE_MOVE] drawing=true tool=1 drawing at (485.0,316.0)
[handleDrawing] tool=1 brushType=4 eraserSize=12.0 eraserOp=1.00 layer=0x5f7a2b51bd30
[BrushEngine::stampEraser] cx=141.0 cy=233.0 m_eraser=0x5f7a1ec70c58
[GradualEraser::stamp] cx=141.0 cy=233.0 r=6 total=113 skipped_zero=113 erased=0
[GradualEraser::verify] center(141,233) rgba=(0,0,0,0)
[BrushEngine::stampEraser] cx=141.0 cy=234.0 m_eraser=0x5f7a1ec70c58
[GradualEraser::stamp] cx=141.0 cy=234.0 r=6 total=113 skipped_zero=113 erased=0
[GradualEraser::verify] center(141,234) rgba=(0,0,0,0)
[BrushEngine::stampEraser] cx=141.0 cy=234.0 m_eraser=0x5f7a1ec70c58
[GradualEraser::stamp] cx=141.0 cy=234.0 r=6 total=113 skipped_zero=113 erased=0
[GradualEraser::verify] center(141,234) rgba=(0,0,0,0)
[CANVAS_UPDATE] recompositing (frameDirty=1 canvasDirty=0)
[CANVAS_UPDATE] sample pixel (141,234): rgba=(0,0,0,0)
[MOUSE_MOVE] drawing=true tool=1 drawing at (485.0,317.0)
[handleDrawing] tool=1 brushType=4 eraserSize=12.0 eraserOp=1.00 layer=0x5f7a2b51bd30
[BrushEngine::stampEraser] cx=141.0 cy=234.0 m_eraser=0x5f7a1ec70c58
[GradualEraser::stamp] cx=141.0 cy=234.0 r=6 total=113 skipped_zero=113 erased=0
[GradualEraser::verify] center(141,234) rgba=(0,0,0,0)
[BrushEngine::stampEraser] cx=141.0 cy=235.0 m_eraser=0x5f7a1ec70c58
[GradualEraser::stamp] cx=141.0 cy=235.0 r=6 total=113 skipped_zero=113 erased=0
[GradualEraser::verify] center(141,235) rgba=(0,0,0,0)
[BrushEngine::stampEraser] cx=141.0 cy=235.0 m_eraser=0x5f7a1ec70c58
[GradualEraser::stamp] cx=141.0 cy=235.0 r=6 total=113 skipped_zero=113 erased=0
[GradualEraser::verify] center(141,235) rgba=(0,0,0,0)
[MOUSE_MOVE] drawing=true tool=1 drawing at (485.0,319.0)
[handleDrawing] tool=1 brushType=4 eraserSize=12.0 eraserOp=1.00 layer=0x5f7a2b51bd30
[BrushEngine::stampEraser] cx=141.0 cy=235.0 m_eraser=0x5f7a1ec70c58
[GradualEraser::stamp] cx=141.0 cy=235.0 r=6 total=113 skipped_zero=113 erased=0
[GradualEraser::verify] center(141,235) rgba=(0,0,0,0)
[BrushEngine::stampEraser] cx=141.0 cy=237.0 m_eraser=0x5f7a1ec70c58
[GradualEraser::stamp] cx=141.0 cy=237.0 r=6 total=113 skipped_zero=113 erased=0
[GradualEraser::verify] center(141,237) rgba=(0,0,0,0)
[BrushEngine::stampEraser] cx=141.0 cy=237.0 m_eraser=0x5f7a1ec70c58
[GradualEraser::stamp] cx=141.0 cy=237.0 r=6 total=113 skipped_zero=113 erased=0
[GradualEraser::verify] center(141,237) rgba=(0,0,0,0)
[MOUSE_MOVE] drawing=true tool=1 drawing at (485.0,320.0)
[handleDrawing] tool=1 brushType=4 eraserSize=12.0 eraserOp=1.00 layer=0x5f7a2b51bd30
[BrushEngine::stampEraser] cx=141.0 cy=237.0 m_eraser=0x5f7a1ec70c58
[GradualEraser::stamp] cx=141.0 cy=237.0 r=6 total=113 skipped_zero=113 erased=0
[GradualEraser::verify] center(141,237) rgba=(0,0,0,0)
[BrushEngine::stampEraser] cx=141.0 cy=238.0 m_eraser=0x5f7a1ec70c58
[GradualEraser::stamp] cx=141.0 cy=238.0 r=6 total=113 skipped_zero=113 erased=0
[GradualEraser::verify] center(141,238) rgba=(0,0,0,0)
[BrushEngine::stampEraser] cx=141.0 cy=238.0 m_eraser=0x5f7a1ec70c58
[GradualEraser::stamp] cx=141.0 cy=238.0 r=6 total=113 skipped_zero=113 erased=0
[GradualEraser::verify] center(141,238) rgba=(0,0,0,0)
[MOUSE_MOVE] drawing=true tool=1 drawing at (485.0,321.0)
[handleDrawing] tool=1 brushType=4 eraserSize=12.0 eraserOp=1.00 layer=0x5f7a2b51bd30
[BrushEngine::stampEraser] cx=141.0 cy=238.0 m_eraser=0x5f7a1ec70c58
[GradualEraser::stamp] cx=141.0 cy=238.0 r=6 total=113 skipped_zero=113 erased=0
[GradualEraser::verify] center(141,238) rgba=(0,0,0,0)
[BrushEngine::stampEraser] cx=141.0 cy=239.0 m_eraser=0x5f7a1ec70c58
[GradualEraser::stamp] cx=141.0 cy=239.0 r=6 total=113 skipped_zero=113 erased=0
[GradualEraser::verify] center(141,239) rgba=(0,0,0,0)
[BrushEngine::stampEraser] cx=141.0 cy=239.0 m_eraser=0x5f7a1ec70c58
[GradualEraser::stamp] cx=141.0 cy=239.0 r=6 total=113 skipped_zero=113 erased=0
[GradualEraser::verify] center(141,239) rgba=(0,0,0,0)
[MOUSE_MOVE] drawing=true tool=1 drawing at (485.0,322.0)
[handleDrawing] tool=1 brushType=4 eraserSize=12.0 eraserOp=1.00 layer=0x5f7a2b51bd30
[BrushEngine::stampEraser] cx=141.0 cy=239.0 m_eraser=0x5f7a1ec70c58
[GradualEraser::stamp] cx=141.0 cy=239.0 r=6 total=113 skipped_zero=113 erased=0
[GradualEraser::verify] center(141,239) rgba=(0,0,0,0)
[BrushEngine::stampEraser] cx=141.0 cy=240.0 m_eraser=0x5f7a1ec70c58
[GradualEraser::stamp] cx=141.0 cy=240.0 r=6 total=113 skipped_zero=113 erased=0
[GradualEraser::verify] center(141,240) rgba=(0,0,0,0)
[BrushEngine::stampEraser] cx=141.0 cy=240.0 m_eraser=0x5f7a1ec70c58
[GradualEraser::stamp] cx=141.0 cy=240.0 r=6 total=113 skipped_zero=113 erased=0
[GradualEraser::verify] center(141,240) rgba=(0,0,0,0)
[CANVAS_UPDATE] recompositing (frameDirty=1 canvasDirty=0)
[CANVAS_UPDATE] sample pixel (141,240): rgba=(0,0,0,0)
[MOUSE_MOVE] drawing=true tool=1 drawing at (485.0,323.0)
[handleDrawing] tool=1 brushType=4 eraserSize=12.0 eraserOp=1.00 layer=0x5f7a2b51bd30
[BrushEngine::stampEraser] cx=141.0 cy=240.0 m_eraser=0x5f7a1ec70c58
[GradualEraser::stamp] cx=141.0 cy=240.0 r=6 total=113 skipped_zero=113 erased=0
[GradualEraser::verify] center(141,240) rgba=(0,0,0,0)
[BrushEngine::stampEraser] cx=141.0 cy=241.0 m_eraser=0x5f7a1ec70c58
[GradualEraser::stamp] cx=141.0 cy=241.0 r=6 total=113 skipped_zero=113 erased=0
[GradualEraser::verify] center(141,241) rgba=(0,0,0,0)
[BrushEngine::stampEraser] cx=141.0 cy=241.0 m_eraser=0x5f7a1ec70c58
[GradualEraser::stamp] cx=141.0 cy=241.0 r=6 total=113 skipped_zero=113 erased=0
[GradualEraser::verify] center(141,241) rgba=(0,0,0,0)
[MOUSE_MOVE] drawing=true tool=1 drawing at (485.0,324.0)
[handleDrawing] tool=1 brushType=4 eraserSize=12.0 eraserOp=1.00 layer=0x5f7a2b51bd30
[BrushEngine::stampEraser] cx=141.0 cy=241.0 m_eraser=0x5f7a1ec70c58
[GradualEraser::stamp] cx=141.0 cy=241.0 r=6 total=113 skipped_zero=113 erased=0
[GradualEraser::verify] center(141,241) rgba=(0,0,0,0)
[BrushEngine::stampEraser] cx=141.0 cy=242.0 m_eraser=0x5f7a1ec70c58
[GradualEraser::stamp] cx=141.0 cy=242.0 r=6 total=113 skipped_zero=113 erased=0
[GradualEraser::verify] center(141,242) rgba=(0,0,0,0)
[BrushEngine::stampEraser] cx=141.0 cy=242.0 m_eraser=0x5f7a1ec70c58
[GradualEraser::stamp] cx=141.0 cy=242.0 r=6 total=113 skipped_zero=113 erased=0
[GradualEraser::verify] center(141,242) rgba=(0,0,0,0)
[MOUSE_MOVE] drawing=true tool=1 drawing at (486.0,325.0)
[handleDrawing] tool=1 brushType=4 eraserSize=12.0 eraserOp=1.00 layer=0x5f7a2b51bd30
[BrushEngine::stampEraser] cx=141.0 cy=242.0 m_eraser=0x5f7a1ec70c58
[GradualEraser::stamp] cx=141.0 cy=242.0 r=6 total=113 skipped_zero=113 erased=0
[GradualEraser::verify] center(141,242) rgba=(0,0,0,0)
[BrushEngine::stampEraser] cx=142.0 cy=243.0 m_eraser=0x5f7a1ec70c58
[GradualEraser::stamp] cx=142.0 cy=243.0 r=6 total=113 skipped_zero=113 erased=0
[GradualEraser::verify] center(142,243) rgba=(0,0,0,0)
[BrushEngine::stampEraser] cx=142.0 cy=243.0 m_eraser=0x5f7a1ec70c58
[GradualEraser::stamp] cx=142.0 cy=243.0 r=6 total=113 skipped_zero=113 erased=0
[GradualEraser::verify] center(142,243) rgba=(0,0,0,0)
[CANVAS_UPDATE] recompositing (frameDirty=1 canvasDirty=0)
[CANVAS_UPDATE] sample pixel (142,243): rgba=(0,0,0,0)
[MOUSE_MOVE] drawing=true tool=1 drawing at (486.0,326.0)
[handleDrawing] tool=1 brushType=4 eraserSize=12.0 eraserOp=1.00 layer=0x5f7a2b51bd30
[BrushEngine::stampEraser] cx=142.0 cy=243.0 m_eraser=0x5f7a1ec70c58
[GradualEraser::stamp] cx=142.0 cy=243.0 r=6 total=113 skipped_zero=113 erased=0
[GradualEraser::verify] center(142,243) rgba=(0,0,0,0)
[BrushEngine::stampEraser] cx=142.0 cy=244.0 m_eraser=0x5f7a1ec70c58
[GradualEraser::stamp] cx=142.0 cy=244.0 r=6 total=113 skipped_zero=113 erased=0
[GradualEraser::verify] center(142,244) rgba=(0,0,0,0)
[BrushEngine::stampEraser] cx=142.0 cy=244.0 m_eraser=0x5f7a1ec70c58
[GradualEraser::stamp] cx=142.0 cy=244.0 r=6 total=113 skipped_zero=113 erased=0
[GradualEraser::verify] center(142,244) rgba=(0,0,0,0)
[CANVAS_UPDATE] recompositing (frameDirty=1 canvasDirty=0)
[CANVAS_UPDATE] sample pixel (142,244): rgba=(0,0,0,0)
[MOUSE_MOVE] drawing=true tool=1 drawing at (486.0,325.0)
[handleDrawing] tool=1 brushType=4 eraserSize=12.0 eraserOp=1.00 layer=0x5f7a2b51bd30
[BrushEngine::stampEraser] cx=142.0 cy=244.0 m_eraser=0x5f7a1ec70c58
[GradualEraser::stamp] cx=142.0 cy=244.0 r=6 total=113 skipped_zero=113 erased=0
[GradualEraser::verify] center(142,244) rgba=(0,0,0,0)
[BrushEngine::stampEraser] cx=142.0 cy=243.0 m_eraser=0x5f7a1ec70c58
[GradualEraser::stamp] cx=142.0 cy=243.0 r=6 total=113 skipped_zero=113 erased=0
[GradualEraser::verify] center(142,243) rgba=(0,0,0,0)
[BrushEngine::stampEraser] cx=142.0 cy=243.0 m_eraser=0x5f7a1ec70c58
[GradualEraser::stamp] cx=142.0 cy=243.0 r=6 total=113 skipped_zero=113 erased=0
[GradualEraser::verify] center(142,243) rgba=(0,0,0,0)
[MOUSE_MOVE] drawing=true tool=1 drawing at (486.0,324.0)
[handleDrawing] tool=1 brushType=4 eraserSize=12.0 eraserOp=1.00 layer=0x5f7a2b51bd30
[BrushEngine::stampEraser] cx=142.0 cy=243.0 m_eraser=0x5f7a1ec70c58
[GradualEraser::stamp] cx=142.0 cy=243.0 r=6 total=113 skipped_zero=113 erased=0
[GradualEraser::verify] center(142,243) rgba=(0,0,0,0)
[BrushEngine::stampEraser] cx=142.0 cy=242.0 m_eraser=0x5f7a1ec70c58
[GradualEraser::stamp] cx=142.0 cy=242.0 r=6 total=113 skipped_zero=113 erased=0
[GradualEraser::verify] center(142,242) rgba=(0,0,0,0)
[BrushEngine::stampEraser] cx=142.0 cy=242.0 m_eraser=0x5f7a1ec70c58
[GradualEraser::stamp] cx=142.0 cy=242.0 r=6 total=113 skipped_zero=113 erased=0
[GradualEraser::verify] center(142,242) rgba=(0,0,0,0)
[MOUSE_MOVE] drawing=true tool=1 drawing at (486.0,323.0)
[handleDrawing] tool=1 brushType=4 eraserSize=12.0 eraserOp=1.00 layer=0x5f7a2b51bd30
[BrushEngine::stampEraser] cx=142.0 cy=242.0 m_eraser=0x5f7a1ec70c58
[GradualEraser::stamp] cx=142.0 cy=242.0 r=6 total=113 skipped_zero=113 erased=0
[GradualEraser::verify] center(142,242) rgba=(0,0,0,0)
[BrushEngine::stampEraser] cx=142.0 cy=241.0 m_eraser=0x5f7a1ec70c58
[GradualEraser::stamp] cx=142.0 cy=241.0 r=6 total=113 skipped_zero=113 erased=0
[GradualEraser::verify] center(142,241) rgba=(0,0,0,0)
[BrushEngine::stampEraser] cx=142.0 cy=241.0 m_eraser=0x5f7a1ec70c58
[GradualEraser::stamp] cx=142.0 cy=241.0 r=6 total=113 skipped_zero=113 erased=0
[GradualEraser::verify] center(142,241) rgba=(0,0,0,0)
[MOUSE_MOVE] drawing=true tool=1 drawing at (486.0,322.0)
[handleDrawing] tool=1 brushType=4 eraserSize=12.0 eraserOp=1.00 layer=0x5f7a2b51bd30
[BrushEngine::stampEraser] cx=142.0 cy=241.0 m_eraser=0x5f7a1ec70c58
[GradualEraser::stamp] cx=142.0 cy=241.0 r=6 total=113 skipped_zero=113 erased=0
[GradualEraser::verify] center(142,241) rgba=(0,0,0,0)
[BrushEngine::stampEraser] cx=142.0 cy=240.0 m_eraser=0x5f7a1ec70c58
[GradualEraser::stamp] cx=142.0 cy=240.0 r=6 total=113 skipped_zero=113 erased=0
[GradualEraser::verify] center(142,240) rgba=(0,0,0,0)
[BrushEngine::stampEraser] cx=142.0 cy=240.0 m_eraser=0x5f7a1ec70c58
[GradualEraser::stamp] cx=142.0 cy=240.0 r=6 total=113 skipped_zero=113 erased=0
[GradualEraser::verify] center(142,240) rgba=(0,0,0,0)
[MOUSE_MOVE] drawing=true tool=1 drawing at (486.0,321.0)
[handleDrawing] tool=1 brushType=4 eraserSize=12.0 eraserOp=1.00 layer=0x5f7a2b51bd30
[BrushEngine::stampEraser] cx=142.0 cy=240.0 m_eraser=0x5f7a1ec70c58
[GradualEraser::stamp] cx=142.0 cy=240.0 r=6 total=113 skipped_zero=113 erased=0
[GradualEraser::verify] center(142,240) rgba=(0,0,0,0)
[BrushEngine::stampEraser] cx=142.0 cy=239.0 m_eraser=0x5f7a1ec70c58
[GradualEraser::stamp] cx=142.0 cy=239.0 r=6 total=113 skipped_zero=113 erased=0
[GradualEraser::verify] center(142,239) rgba=(0,0,0,0)
[BrushEngine::stampEraser] cx=142.0 cy=239.0 m_eraser=0x5f7a1ec70c58
[GradualEraser::stamp] cx=142.0 cy=239.0 r=6 total=113 skipped_zero=113 erased=0
[GradualEraser::verify] center(142,239) rgba=(0,0,0,0)
[CANVAS_UPDATE] recompositing (frameDirty=1 canvasDirty=0)
[CANVAS_UPDATE] sample pixel (142,239): rgba=(0,0,0,0)
[MOUSE_MOVE] drawing=true tool=1 drawing at (486.0,320.0)
[handleDrawing] tool=1 brushType=4 eraserSize=12.0 eraserOp=1.00 layer=0x5f7a2b51bd30
[BrushEngine::stampEraser] cx=142.0 cy=239.0 m_eraser=0x5f7a1ec70c58
[GradualEraser::stamp] cx=142.0 cy=239.0 r=6 total=113 skipped_zero=113 erased=0
[GradualEraser::verify] center(142,239) rgba=(0,0,0,0)
[BrushEngine::stampEraser] cx=142.0 cy=238.0 m_eraser=0x5f7a1ec70c58
[GradualEraser::stamp] cx=142.0 cy=238.0 r=6 total=113 skipped_zero=113 erased=0
[GradualEraser::verify] center(142,238) rgba=(0,0,0,0)
[BrushEngine::stampEraser] cx=142.0 cy=238.0 m_eraser=0x5f7a1ec70c58
[GradualEraser::stamp] cx=142.0 cy=238.0 r=6 total=113 skipped_zero=113 erased=0
[GradualEraser::verify] center(142,238) rgba=(0,0,0,0)
[MOUSE_MOVE] drawing=true tool=1 drawing at (486.0,319.0)
[handleDrawing] tool=1 brushType=4 eraserSize=12.0 eraserOp=1.00 layer=0x5f7a2b51bd30
[BrushEngine::stampEraser] cx=142.0 cy=238.0 m_eraser=0x5f7a1ec70c58
[GradualEraser::stamp] cx=142.0 cy=238.0 r=6 total=113 skipped_zero=113 erased=0
[GradualEraser::verify] center(142,238) rgba=(0,0,0,0)
[BrushEngine::stampEraser] cx=142.0 cy=237.0 m_eraser=0x5f7a1ec70c58
[GradualEraser::stamp] cx=142.0 cy=237.0 r=6 total=113 skipped_zero=113 erased=0
[GradualEraser::verify] center(142,237) rgba=(0,0,0,0)
[BrushEngine::stampEraser] cx=142.0 cy=237.0 m_eraser=0x5f7a1ec70c58
[GradualEraser::stamp] cx=142.0 cy=237.0 r=6 total=113 skipped_zero=113 erased=0
[GradualEraser::verify] center(142,237) rgba=(0,0,0,0)
[MOUSE_MOVE] drawing=true tool=1 drawing at (486.0,318.0)
[handleDrawing] tool=1 brushType=4 eraserSize=12.0 eraserOp=1.00 layer=0x5f7a2b51bd30
[BrushEngine::stampEraser] cx=142.0 cy=237.0 m_eraser=0x5f7a1ec70c58
[GradualEraser::stamp] cx=142.0 cy=237.0 r=6 total=113 skipped_zero=113 erased=0
[GradualEraser::verify] center(142,237) rgba=(0,0,0,0)
[BrushEngine::stampEraser] cx=142.0 cy=236.0 m_eraser=0x5f7a1ec70c58
[GradualEraser::stamp] cx=142.0 cy=236.0 r=6 total=113 skipped_zero=113 erased=0
[GradualEraser::verify] center(142,236) rgba=(0,0,0,0)
[BrushEngine::stampEraser] cx=142.0 cy=236.0 m_eraser=0x5f7a1ec70c58
[GradualEraser::stamp] cx=142.0 cy=236.0 r=6 total=113 skipped_zero=113 erased=0
[GradualEraser::verify] center(142,236) rgba=(0,0,0,0)
[MOUSE_MOVE] drawing=true tool=1 drawing at (487.0,317.0)
[handleDrawing] tool=1 brushType=4 eraserSize=12.0 eraserOp=1.00 layer=0x5f7a2b51bd30
[BrushEngine::stampEraser] cx=142.0 cy=236.0 m_eraser=0x5f7a1ec70c58
[GradualEraser::stamp] cx=142.0 cy=236.0 r=6 total=113 skipped_zero=113 erased=0
[GradualEraser::verify] center(142,236) rgba=(0,0,0,0)
[BrushEngine::stampEraser] cx=143.0 cy=235.0 m_eraser=0x5f7a1ec70c58
[GradualEraser::stamp] cx=143.0 cy=235.0 r=6 total=113 skipped_zero=113 erased=0
[GradualEraser::verify] center(143,235) rgba=(0,0,0,0)
[BrushEngine::stampEraser] cx=143.0 cy=235.0 m_eraser=0x5f7a1ec70c58
[GradualEraser::stamp] cx=143.0 cy=235.0 r=6 total=113 skipped_zero=113 erased=0
[GradualEraser::verify] center(143,235) rgba=(0,0,0,0)
[CANVAS_UPDATE] recompositing (frameDirty=1 canvasDirty=0)
[CANVAS_UPDATE] sample pixel (143,235): rgba=(0,0,0,0)
[MOUSE_MOVE] drawing=true tool=1 drawing at (487.0,316.0)
[handleDrawing] tool=1 brushType=4 eraserSize=12.0 eraserOp=1.00 layer=0x5f7a2b51bd30
[BrushEngine::stampEraser] cx=143.0 cy=235.0 m_eraser=0x5f7a1ec70c58
[GradualEraser::stamp] cx=143.0 cy=235.0 r=6 total=113 skipped_zero=113 erased=0
[GradualEraser::verify] center(143,235) rgba=(0,0,0,0)
[BrushEngine::stampEraser] cx=143.0 cy=234.0 m_eraser=0x5f7a1ec70c58
[GradualEraser::stamp] cx=143.0 cy=234.0 r=6 total=113 skipped_zero=113 erased=0
[GradualEraser::verify] center(143,234) rgba=(0,0,0,0)
[BrushEngine::stampEraser] cx=143.0 cy=234.0 m_eraser=0x5f7a1ec70c58
[GradualEraser::stamp] cx=143.0 cy=234.0 r=6 total=113 skipped_zero=113 erased=0
[GradualEraser::verify] center(143,234) rgba=(0,0,0,0)
[MOUSE_MOVE] drawing=true tool=1 drawing at (487.0,315.0)
[handleDrawing] tool=1 brushType=4 eraserSize=12.0 eraserOp=1.00 layer=0x5f7a2b51bd30
[BrushEngine::stampEraser] cx=143.0 cy=234.0 m_eraser=0x5f7a1ec70c58
[GradualEraser::stamp] cx=143.0 cy=234.0 r=6 total=113 skipped_zero=113 erased=0
[GradualEraser::verify] center(143,234) rgba=(0,0,0,0)
[BrushEngine::stampEraser] cx=143.0 cy=233.0 m_eraser=0x5f7a1ec70c58
[GradualEraser::stamp] cx=143.0 cy=233.0 r=6 total=113 skipped_zero=113 erased=0
[GradualEraser::verify] center(143,233) rgba=(0,0,0,0)
[BrushEngine::stampEraser] cx=143.0 cy=233.0 m_eraser=0x5f7a1ec70c58
[GradualEraser::stamp] cx=143.0 cy=233.0 r=6 total=113 skipped_zero=113 erased=0
[GradualEraser::verify] center(143,233) rgba=(0,0,0,0)
[MOUSE_MOVE] drawing=true tool=1 drawing at (488.0,315.0)
[handleDrawing] tool=1 brushType=4 eraserSize=12.0 eraserOp=1.00 layer=0x5f7a2b51bd30
[BrushEngine::stampEraser] cx=143.0 cy=233.0 m_eraser=0x5f7a1ec70c58
[GradualEraser::stamp] cx=143.0 cy=233.0 r=6 total=113 skipped_zero=113 erased=0
[GradualEraser::verify] center(143,233) rgba=(0,0,0,0)
[BrushEngine::stampEraser] cx=144.0 cy=233.0 m_eraser=0x5f7a1ec70c58
[GradualEraser::stamp] cx=144.0 cy=233.0 r=6 total=113 skipped_zero=113 erased=0
[GradualEraser::verify] center(144,233) rgba=(0,0,0,0)
[BrushEngine::stampEraser] cx=144.0 cy=233.0 m_eraser=0x5f7a1ec70c58
[GradualEraser::stamp] cx=144.0 cy=233.0 r=6 total=113 skipped_zero=113 erased=0
[GradualEraser::verify] center(144,233) rgba=(0,0,0,0)
[MOUSE_MOVE] drawing=true tool=1 drawing at (488.0,314.0)
[handleDrawing] tool=1 brushType=4 eraserSize=12.0 eraserOp=1.00 layer=0x5f7a2b51bd30
[BrushEngine::stampEraser] cx=144.0 cy=233.0 m_eraser=0x5f7a1ec70c58
[GradualEraser::stamp] cx=144.0 cy=233.0 r=6 total=113 skipped_zero=113 erased=0
[GradualEraser::verify] center(144,233) rgba=(0,0,0,0)
[BrushEngine::stampEraser] cx=144.0 cy=232.0 m_eraser=0x5f7a1ec70c58
[GradualEraser::stamp] cx=144.0 cy=232.0 r=6 total=113 skipped_zero=113 erased=0
[GradualEraser::verify] center(144,232) rgba=(0,0,0,0)
[BrushEngine::stampEraser] cx=144.0 cy=232.0 m_eraser=0x5f7a1ec70c58
[GradualEraser::stamp] cx=144.0 cy=232.0 r=6 total=113 skipped_zero=113 erased=0
[GradualEraser::verify] center(144,232) rgba=(0,0,0,0)
[CANVAS_UPDATE] recompositing (frameDirty=1 canvasDirty=0)
[CANVAS_UPDATE] sample pixel (144,232): rgba=(0,0,0,0)
[MOUSE_MOVE] drawing=true tool=1 drawing at (489.0,313.0)
[handleDrawing] tool=1 brushType=4 eraserSize=12.0 eraserOp=1.00 layer=0x5f7a2b51bd30
[BrushEngine::stampEraser] cx=144.0 cy=232.0 m_eraser=0x5f7a1ec70c58
[GradualEraser::stamp] cx=144.0 cy=232.0 r=6 total=113 skipped_zero=113 erased=0
[GradualEraser::verify] center(144,232) rgba=(0,0,0,0)
[BrushEngine::stampEraser] cx=145.0 cy=231.0 m_eraser=0x5f7a1ec70c58
[GradualEraser::stamp] cx=145.0 cy=231.0 r=6 total=113 skipped_zero=113 erased=0
[GradualEraser::verify] center(145,231) rgba=(0,0,0,0)
[BrushEngine::stampEraser] cx=145.0 cy=231.0 m_eraser=0x5f7a1ec70c58
[GradualEraser::stamp] cx=145.0 cy=231.0 r=6 total=113 skipped_zero=113 erased=0
[GradualEraser::verify] center(145,231) rgba=(0,0,0,0)
[CANVAS_UPDATE] recompositing (frameDirty=1 canvasDirty=0)
[CANVAS_UPDATE] sample pixel (145,231): rgba=(0,0,0,0)
[MOUSE_MOVE] drawing=true tool=1 drawing at (489.0,314.0)
[handleDrawing] tool=1 brushType=4 eraserSize=12.0 eraserOp=1.00 layer=0x5f7a2b51bd30
[BrushEngine::stampEraser] cx=145.0 cy=231.0 m_eraser=0x5f7a1ec70c58
[GradualEraser::stamp] cx=145.0 cy=231.0 r=6 total=113 skipped_zero=113 erased=0
[GradualEraser::verify] center(145,231) rgba=(0,0,0,0)
[BrushEngine::stampEraser] cx=145.0 cy=232.0 m_eraser=0x5f7a1ec70c58
[GradualEraser::stamp] cx=145.0 cy=232.0 r=6 total=113 skipped_zero=113 erased=0
[GradualEraser::verify] center(145,232) rgba=(0,0,0,0)
[BrushEngine::stampEraser] cx=145.0 cy=232.0 m_eraser=0x5f7a1ec70c58
[GradualEraser::stamp] cx=145.0 cy=232.0 r=6 total=113 skipped_zero=113 erased=0
[GradualEraser::verify] center(145,232) rgba=(0,0,0,0)
[MOUSE_MOVE] drawing=true tool=1 drawing at (490.0,315.0)
[handleDrawing] tool=1 brushType=4 eraserSize=12.0 eraserOp=1.00 layer=0x5f7a2b51bd30
[BrushEngine::stampEraser] cx=145.0 cy=232.0 m_eraser=0x5f7a1ec70c58
[GradualEraser::stamp] cx=145.0 cy=232.0 r=6 total=113 skipped_zero=113 erased=0
[GradualEraser::verify] center(145,232) rgba=(0,0,0,0)
[BrushEngine::stampEraser] cx=146.0 cy=233.0 m_eraser=0x5f7a1ec70c58
[GradualEraser::stamp] cx=146.0 cy=233.0 r=6 total=113 skipped_zero=113 erased=0
[GradualEraser::verify] center(146,233) rgba=(0,0,0,0)
[BrushEngine::stampEraser] cx=146.0 cy=233.0 m_eraser=0x5f7a1ec70c58
[GradualEraser::stamp] cx=146.0 cy=233.0 r=6 total=113 skipped_zero=113 erased=0
[GradualEraser::verify] center(146,233) rgba=(0,0,0,0)
[MOUSE_MOVE] drawing=true tool=1 drawing at (491.0,318.0)
[handleDrawing] tool=1 brushType=4 eraserSize=12.0 eraserOp=1.00 layer=0x5f7a2b51bd30
[BrushEngine::stampEraser] cx=146.0 cy=233.0 m_eraser=0x5f7a1ec70c58
[GradualEraser::stamp] cx=146.0 cy=233.0 r=6 total=113 skipped_zero=113 erased=0
[GradualEraser::verify] center(146,233) rgba=(0,0,0,0)
[BrushEngine::stampEraser] cx=146.5 cy=234.5 m_eraser=0x5f7a1ec70c58
[GradualEraser::stamp] cx=146.5 cy=234.5 r=6 total=113 skipped_zero=113 erased=0
[GradualEraser::verify] center(147,235) rgba=(0,0,0,0)
[BrushEngine::stampEraser] cx=147.0 cy=236.0 m_eraser=0x5f7a1ec70c58
[GradualEraser::stamp] cx=147.0 cy=236.0 r=6 total=113 skipped_zero=113 erased=0
[GradualEraser::verify] center(147,236) rgba=(0,0,0,0)
[BrushEngine::stampEraser] cx=147.0 cy=236.0 m_eraser=0x5f7a1ec70c58
[GradualEraser::stamp] cx=147.0 cy=236.0 r=6 total=113 skipped_zero=113 erased=0
[GradualEraser::verify] center(147,236) rgba=(0,0,0,0)
[MOUSE_MOVE] drawing=true tool=1 drawing at (491.0,319.0)
[handleDrawing] tool=1 brushType=4 eraserSize=12.0 eraserOp=1.00 layer=0x5f7a2b51bd30
[BrushEngine::stampEraser] cx=147.0 cy=236.0 m_eraser=0x5f7a1ec70c58
[GradualEraser::stamp] cx=147.0 cy=236.0 r=6 total=113 skipped_zero=113 erased=0
[GradualEraser::verify] center(147,236) rgba=(0,0,0,0)
[BrushEngine::stampEraser] cx=147.0 cy=237.0 m_eraser=0x5f7a1ec70c58
[GradualEraser::stamp] cx=147.0 cy=237.0 r=6 total=113 skipped_zero=113 erased=0
[GradualEraser::verify] center(147,237) rgba=(0,0,0,0)
[BrushEngine::stampEraser] cx=147.0 cy=237.0 m_eraser=0x5f7a1ec70c58
[GradualEraser::stamp] cx=147.0 cy=237.0 r=6 total=113 skipped_zero=113 erased=0
[GradualEraser::verify] center(147,237) rgba=(0,0,0,0)
[MOUSE_MOVE] drawing=true tool=1 drawing at (491.0,320.0)
[handleDrawing] tool=1 brushType=4 eraserSize=12.0 eraserOp=1.00 layer=0x5f7a2b51bd30
[BrushEngine::stampEraser] cx=147.0 cy=237.0 m_eraser=0x5f7a1ec70c58
[GradualEraser::stamp] cx=147.0 cy=237.0 r=6 total=113 skipped_zero=113 erased=0
[GradualEraser::verify] center(147,237) rgba=(0,0,0,0)
[BrushEngine::stampEraser] cx=147.0 cy=238.0 m_eraser=0x5f7a1ec70c58
[GradualEraser::stamp] cx=147.0 cy=238.0 r=6 total=113 skipped_zero=113 erased=0
[GradualEraser::verify] center(147,238) rgba=(0,0,0,0)
[BrushEngine::stampEraser] cx=147.0 cy=238.0 m_eraser=0x5f7a1ec70c58
[GradualEraser::stamp] cx=147.0 cy=238.0 r=6 total=113 skipped_zero=113 erased=0
[GradualEraser::verify] center(147,238) rgba=(0,0,0,0)
[MOUSE_MOVE] drawing=true tool=1 drawing at (493.0,323.0)
[handleDrawing] tool=1 brushType=4 eraserSize=12.0 eraserOp=1.00 layer=0x5f7a2b51bd30
[BrushEngine::stampEraser] cx=147.0 cy=238.0 m_eraser=0x5f7a1ec70c58
[GradualEraser::stamp] cx=147.0 cy=238.0 r=6 total=113 skipped_zero=113 erased=0
[GradualEraser::verify] center(147,238) rgba=(0,0,0,0)
[BrushEngine::stampEraser] cx=148.0 cy=239.5 m_eraser=0x5f7a1ec70c58
[GradualEraser::stamp] cx=148.0 cy=239.5 r=6 total=113 skipped_zero=113 erased=0
[GradualEraser::verify] center(148,240) rgba=(0,0,0,0)
[BrushEngine::stampEraser] cx=149.0 cy=241.0 m_eraser=0x5f7a1ec70c58
[GradualEraser::stamp] cx=149.0 cy=241.0 r=6 total=113 skipped_zero=112 erased=1
[GradualEraser::verify] center(149,241) rgba=(0,0,0,0)
[BrushEngine::stampEraser] cx=149.0 cy=241.0 m_eraser=0x5f7a1ec70c58
[GradualEraser::stamp] cx=149.0 cy=241.0 r=6 total=113 skipped_zero=113 erased=0
[GradualEraser::verify] center(149,241) rgba=(0,0,0,0)
[MOUSE_MOVE] drawing=true tool=1 drawing at (493.0,325.0)
[handleDrawing] tool=1 brushType=4 eraserSize=12.0 eraserOp=1.00 layer=0x5f7a2b51bd30
[BrushEngine::stampEraser] cx=149.0 cy=241.0 m_eraser=0x5f7a1ec70c58
[GradualEraser::stamp] cx=149.0 cy=241.0 r=6 total=113 skipped_zero=113 erased=0
[GradualEraser::verify] center(149,241) rgba=(0,0,0,0)
[BrushEngine::stampEraser] cx=149.0 cy=243.0 m_eraser=0x5f7a1ec70c58
[GradualEraser::stamp] cx=149.0 cy=243.0 r=6 total=113 skipped_zero=112 erased=1
[GradualEraser::verify] center(149,243) rgba=(0,0,0,0)
[BrushEngine::stampEraser] cx=149.0 cy=243.0 m_eraser=0x5f7a1ec70c58
[GradualEraser::stamp] cx=149.0 cy=243.0 r=6 total=113 skipped_zero=113 erased=0
[GradualEraser::verify] center(149,243) rgba=(0,0,0,0)
[CANVAS_UPDATE] recompositing (frameDirty=1 canvasDirty=0)
[CANVAS_UPDATE] sample pixel (149,243): rgba=(255,101,50,255)
[MOUSE_MOVE] drawing=true tool=1 drawing at (494.0,326.0)
[handleDrawing] tool=1 brushType=4 eraserSize=12.0 eraserOp=1.00 layer=0x5f7a2b51bd30
[BrushEngine::stampEraser] cx=149.0 cy=243.0 m_eraser=0x5f7a1ec70c58
[GradualEraser::stamp] cx=149.0 cy=243.0 r=6 total=113 skipped_zero=113 erased=0
[GradualEraser::verify] center(149,243) rgba=(0,0,0,0)
[BrushEngine::stampEraser] cx=150.0 cy=244.0 m_eraser=0x5f7a1ec70c58
[GradualEraser::stamp] cx=150.0 cy=244.0 r=6 total=113 skipped_zero=107 erased=6
[GradualEraser::verify] center(150,244) rgba=(0,0,0,0)
[BrushEngine::stampEraser] cx=150.0 cy=244.0 m_eraser=0x5f7a1ec70c58
[GradualEraser::stamp] cx=150.0 cy=244.0 r=6 total=113 skipped_zero=113 erased=0
[GradualEraser::verify] center(150,244) rgba=(0,0,0,0)
[MOUSE_MOVE] drawing=true tool=1 drawing at (496.0,329.0)
[handleDrawing] tool=1 brushType=4 eraserSize=12.0 eraserOp=1.00 layer=0x5f7a2b51bd30
[BrushEngine::stampEraser] cx=150.0 cy=244.0 m_eraser=0x5f7a1ec70c58
[GradualEraser::stamp] cx=150.0 cy=244.0 r=6 total=113 skipped_zero=113 erased=0
[GradualEraser::verify] center(150,244) rgba=(0,0,0,0)
[BrushEngine::stampEraser] cx=151.0 cy=245.5 m_eraser=0x5f7a1ec70c58
[GradualEraser::stamp] cx=151.0 cy=245.5 r=6 total=113 skipped_zero=105 erased=8
[GradualEraser::verify] center(151,246) rgba=(0,0,0,0)
[BrushEngine::stampEraser] cx=152.0 cy=247.0 m_eraser=0x5f7a1ec70c58
[GradualEraser::stamp] cx=152.0 cy=247.0 r=6 total=113 skipped_zero=104 erased=9
[GradualEraser::verify] center(152,247) rgba=(0,0,0,0)
[BrushEngine::stampEraser] cx=152.0 cy=247.0 m_eraser=0x5f7a1ec70c58
[GradualEraser::stamp] cx=152.0 cy=247.0 r=6 total=113 skipped_zero=113 erased=0
[GradualEraser::verify] center(152,247) rgba=(0,0,0,0)
[MOUSE_MOVE] drawing=true tool=1 drawing at (496.0,330.0)
[handleDrawing] tool=1 brushType=4 eraserSize=12.0 eraserOp=1.00 layer=0x5f7a2b51bd30
[BrushEngine::stampEraser] cx=152.0 cy=247.0 m_eraser=0x5f7a1ec70c58
[GradualEraser::stamp] cx=152.0 cy=247.0 r=6 total=113 skipped_zero=113 erased=0
[GradualEraser::verify] center(152,247) rgba=(0,0,0,0)
[BrushEngine::stampEraser] cx=152.0 cy=248.0 m_eraser=0x5f7a1ec70c58
[GradualEraser::stamp] cx=152.0 cy=248.0 r=6 total=113 skipped_zero=111 erased=2
[GradualEraser::verify] center(152,248) rgba=(0,0,0,0)
[BrushEngine::stampEraser] cx=152.0 cy=248.0 m_eraser=0x5f7a1ec70c58
[GradualEraser::stamp] cx=152.0 cy=248.0 r=6 total=113 skipped_zero=113 erased=0
[GradualEraser::verify] center(152,248) rgba=(0,0,0,0)
[MOUSE_MOVE] drawing=true tool=1 drawing at (496.0,331.0)
[handleDrawing] tool=1 brushType=4 eraserSize=12.0 eraserOp=1.00 layer=0x5f7a2b51bd30
[BrushEngine::stampEraser] cx=152.0 cy=248.0 m_eraser=0x5f7a1ec70c58
[GradualEraser::stamp] cx=152.0 cy=248.0 r=6 total=113 skipped_zero=113 erased=0
[GradualEraser::verify] center(152,248) rgba=(0,0,0,0)
[BrushEngine::stampEraser] cx=152.0 cy=249.0 m_eraser=0x5f7a1ec70c58
[GradualEraser::stamp] cx=152.0 cy=249.0 r=6 total=113 skipped_zero=110 erased=3
[GradualEraser::verify] center(152,249) rgba=(0,0,0,0)
[BrushEngine::stampEraser] cx=152.0 cy=249.0 m_eraser=0x5f7a1ec70c58
[GradualEraser::stamp] cx=152.0 cy=249.0 r=6 total=113 skipped_zero=113 erased=0
[GradualEraser::verify] center(152,249) rgba=(0,0,0,0)
[MOUSE_MOVE] drawing=true tool=1 drawing at (497.0,334.0)
[handleDrawing] tool=1 brushType=4 eraserSize=12.0 eraserOp=1.00 layer=0x5f7a2b51bd30
[BrushEngine::stampEraser] cx=152.0 cy=249.0 m_eraser=0x5f7a1ec70c58
[GradualEraser::stamp] cx=152.0 cy=249.0 r=6 total=113 skipped_zero=113 erased=0
[GradualEraser::verify] center(152,249) rgba=(0,0,0,0)
[BrushEngine::stampEraser] cx=152.5 cy=250.5 m_eraser=0x5f7a1ec70c58
[GradualEraser::stamp] cx=152.5 cy=250.5 r=6 total=113 skipped_zero=104 erased=9
[GradualEraser::verify] center(153,251) rgba=(0,0,0,0)
[BrushEngine::stampEraser] cx=153.0 cy=252.0 m_eraser=0x5f7a1ec70c58
[GradualEraser::stamp] cx=153.0 cy=252.0 r=6 total=113 skipped_zero=110 erased=3
[GradualEraser::verify] center(153,252) rgba=(0,0,0,0)
[BrushEngine::stampEraser] cx=153.0 cy=252.0 m_eraser=0x5f7a1ec70c58
[GradualEraser::stamp] cx=153.0 cy=252.0 r=6 total=113 skipped_zero=113 erased=0
[GradualEraser::verify] center(153,252) rgba=(0,0,0,0)
[MOUSE_MOVE] drawing=true tool=1 drawing at (497.0,336.0)
[handleDrawing] tool=1 brushType=4 eraserSize=12.0 eraserOp=1.00 layer=0x5f7a2b51bd30
[BrushEngine::stampEraser] cx=153.0 cy=252.0 m_eraser=0x5f7a1ec70c58
[GradualEraser::stamp] cx=153.0 cy=252.0 r=6 total=113 skipped_zero=113 erased=0
[GradualEraser::verify] center(153,252) rgba=(0,0,0,0)
[BrushEngine::stampEraser] cx=153.0 cy=254.0 m_eraser=0x5f7a1ec70c58
[GradualEraser::stamp] cx=153.0 cy=254.0 r=6 total=113 skipped_zero=110 erased=3
[GradualEraser::verify] center(153,254) rgba=(0,0,0,0)
[BrushEngine::stampEraser] cx=153.0 cy=254.0 m_eraser=0x5f7a1ec70c58
[GradualEraser::stamp] cx=153.0 cy=254.0 r=6 total=113 skipped_zero=113 erased=0
[GradualEraser::verify] center(153,254) rgba=(0,0,0,0)
[MOUSE_MOVE] drawing=true tool=1 drawing at (498.0,337.0)
[handleDrawing] tool=1 brushType=4 eraserSize=12.0 eraserOp=1.00 layer=0x5f7a2b51bd30
[BrushEngine::stampEraser] cx=153.0 cy=254.0 m_eraser=0x5f7a1ec70c58
[GradualEraser::stamp] cx=153.0 cy=254.0 r=6 total=113 skipped_zero=113 erased=0
[GradualEraser::verify] center(153,254) rgba=(0,0,0,0)
[BrushEngine::stampEraser] cx=154.0 cy=255.0 m_eraser=0x5f7a1ec70c58
[GradualEraser::stamp] cx=154.0 cy=255.0 r=6 total=113 skipped_zero=106 erased=7
[GradualEraser::verify] center(154,255) rgba=(0,0,0,0)
[BrushEngine::stampEraser] cx=154.0 cy=255.0 m_eraser=0x5f7a1ec70c58
[GradualEraser::stamp] cx=154.0 cy=255.0 r=6 total=113 skipped_zero=113 erased=0
[GradualEraser::verify] center(154,255) rgba=(0,0,0,0)
[MOUSE_MOVE] drawing=true tool=1 drawing at (500.0,342.0)
[handleDrawing] tool=1 brushType=4 eraserSize=12.0 eraserOp=1.00 layer=0x5f7a2b51bd30
[BrushEngine::stampEraser] cx=154.0 cy=255.0 m_eraser=0x5f7a1ec70c58
[GradualEraser::stamp] cx=154.0 cy=255.0 r=6 total=113 skipped_zero=113 erased=0
[GradualEraser::verify] center(154,255) rgba=(0,0,0,0)
[BrushEngine::stampEraser] cx=155.0 cy=257.5 m_eraser=0x5f7a1ec70c58
[GradualEraser::stamp] cx=155.0 cy=257.5 r=6 total=113 skipped_zero=103 erased=10
[GradualEraser::verify] center(155,258) rgba=(0,0,0,0)
[BrushEngine::stampEraser] cx=156.0 cy=260.0 m_eraser=0x5f7a1ec70c58
[GradualEraser::stamp] cx=156.0 cy=260.0 r=6 total=113 skipped_zero=106 erased=7
[GradualEraser::verify] center(156,260) rgba=(0,0,0,0)
[BrushEngine::stampEraser] cx=156.0 cy=260.0 m_eraser=0x5f7a1ec70c58
[GradualEraser::stamp] cx=156.0 cy=260.0 r=6 total=113 skipped_zero=113 erased=0
[GradualEraser::verify] center(156,260) rgba=(0,0,0,0)
[CANVAS_UPDATE] recompositing (frameDirty=1 canvasDirty=0)
[CANVAS_UPDATE] sample pixel (156,260): rgba=(255,101,50,255)
[MOUSE_MOVE] drawing=true tool=1 drawing at (500.0,344.0)
[handleDrawing] tool=1 brushType=4 eraserSize=12.0 eraserOp=1.00 layer=0x5f7a2b51bd30
[BrushEngine::stampEraser] cx=156.0 cy=260.0 m_eraser=0x5f7a1ec70c58
[GradualEraser::stamp] cx=156.0 cy=260.0 r=6 total=113 skipped_zero=113 erased=0
[GradualEraser::verify] center(156,260) rgba=(0,0,0,0)
[BrushEngine::stampEraser] cx=156.0 cy=262.0 m_eraser=0x5f7a1ec70c58
[GradualEraser::stamp] cx=156.0 cy=262.0 r=6 total=113 skipped_zero=109 erased=4
[GradualEraser::verify] center(156,262) rgba=(0,0,0,0)
[BrushEngine::stampEraser] cx=156.0 cy=262.0 m_eraser=0x5f7a1ec70c58
[GradualEraser::stamp] cx=156.0 cy=262.0 r=6 total=113 skipped_zero=113 erased=0
[GradualEraser::verify] center(156,262) rgba=(0,0,0,0)
[MOUSE_MOVE] drawing=true tool=1 drawing at (500.0,345.0)
[handleDrawing] tool=1 brushType=4 eraserSize=12.0 eraserOp=1.00 layer=0x5f7a2b51bd30
[BrushEngine::stampEraser] cx=156.0 cy=262.0 m_eraser=0x5f7a1ec70c58
[GradualEraser::stamp] cx=156.0 cy=262.0 r=6 total=113 skipped_zero=113 erased=0
[GradualEraser::verify] center(156,262) rgba=(0,0,0,0)
[BrushEngine::stampEraser] cx=156.0 cy=263.0 m_eraser=0x5f7a1ec70c58
[GradualEraser::stamp] cx=156.0 cy=263.0 r=6 total=113 skipped_zero=112 erased=1
[GradualEraser::verify] center(156,263) rgba=(0,0,0,0)
[BrushEngine::stampEraser] cx=156.0 cy=263.0 m_eraser=0x5f7a1ec70c58
[GradualEraser::stamp] cx=156.0 cy=263.0 r=6 total=113 skipped_zero=113 erased=0
[GradualEraser::verify] center(156,263) rgba=(0,0,0,0)
[MOUSE_MOVE] drawing=true tool=1 drawing at (500.0,346.0)
[handleDrawing] tool=1 brushType=4 eraserSize=12.0 eraserOp=1.00 layer=0x5f7a2b51bd30
[BrushEngine::stampEraser] cx=156.0 cy=263.0 m_eraser=0x5f7a1ec70c58
[GradualEraser::stamp] cx=156.0 cy=263.0 r=6 total=113 skipped_zero=113 erased=0
[GradualEraser::verify] center(156,263) rgba=(0,0,0,0)
[BrushEngine::stampEraser] cx=156.0 cy=264.0 m_eraser=0x5f7a1ec70c58
[GradualEraser::stamp] cx=156.0 cy=264.0 r=6 total=113 skipped_zero=111 erased=2
[GradualEraser::verify] center(156,264) rgba=(0,0,0,0)
[BrushEngine::stampEraser] cx=156.0 cy=264.0 m_eraser=0x5f7a1ec70c58
[GradualEraser::stamp] cx=156.0 cy=264.0 r=6 total=113 skipped_zero=113 erased=0
[GradualEraser::verify] center(156,264) rgba=(0,0,0,0)
[MOUSE_MOVE] drawing=true tool=1 drawing at (502.0,351.0)
[handleDrawing] tool=1 brushType=4 eraserSize=12.0 eraserOp=1.00 layer=0x5f7a2b51bd30
[BrushEngine::stampEraser] cx=156.0 cy=264.0 m_eraser=0x5f7a1ec70c58
[GradualEraser::stamp] cx=156.0 cy=264.0 r=6 total=113 skipped_zero=113 erased=0
[GradualEraser::verify] center(156,264) rgba=(0,0,0,0)
[BrushEngine::stampEraser] cx=157.0 cy=266.5 m_eraser=0x5f7a1ec70c58
[GradualEraser::stamp] cx=157.0 cy=266.5 r=6 total=113 skipped_zero=108 erased=5
[GradualEraser::verify] center(157,267) rgba=(0,0,0,0)
[BrushEngine::stampEraser] cx=158.0 cy=269.0 m_eraser=0x5f7a1ec70c58
[GradualEraser::stamp] cx=158.0 cy=269.0 r=6 total=113 skipped_zero=110 erased=3
[GradualEraser::verify] center(158,269) rgba=(0,0,0,0)
[BrushEngine::stampEraser] cx=158.0 cy=269.0 m_eraser=0x5f7a1ec70c58
[GradualEraser::stamp] cx=158.0 cy=269.0 r=6 total=113 skipped_zero=113 erased=0
[GradualEraser::verify] center(158,269) rgba=(0,0,0,0)
[MOUSE_MOVE] drawing=true tool=1 drawing at (504.0,355.0)
[handleDrawing] tool=1 brushType=4 eraserSize=12.0 eraserOp=1.00 layer=0x5f7a2b51bd30
[BrushEngine::stampEraser] cx=158.0 cy=269.0 m_eraser=0x5f7a1ec70c58
[GradualEraser::stamp] cx=158.0 cy=269.0 r=6 total=113 skipped_zero=113 erased=0
[GradualEraser::verify] center(158,269) rgba=(0,0,0,0)
[BrushEngine::stampEraser] cx=159.0 cy=271.0 m_eraser=0x5f7a1ec70c58
[GradualEraser::stamp] cx=159.0 cy=271.0 r=6 total=113 skipped_zero=108 erased=5
[GradualEraser::verify] center(159,271) rgba=(0,0,0,0)
[BrushEngine::stampEraser] cx=160.0 cy=273.0 m_eraser=0x5f7a1ec70c58
[GradualEraser::stamp] cx=160.0 cy=273.0 r=6 total=113 skipped_zero=109 erased=4
[GradualEraser::verify] center(160,273) rgba=(0,0,0,0)
[BrushEngine::stampEraser] cx=160.0 cy=273.0 m_eraser=0x5f7a1ec70c58
[GradualEraser::stamp] cx=160.0 cy=273.0 r=6 total=113 skipped_zero=113 erased=0
[GradualEraser::verify] center(160,273) rgba=(0,0,0,0)
[MOUSE_MOVE] drawing=true tool=1 drawing at (504.0,357.0)
[handleDrawing] tool=1 brushType=4 eraserSize=12.0 eraserOp=1.00 layer=0x5f7a2b51bd30
[BrushEngine::stampEraser] cx=160.0 cy=273.0 m_eraser=0x5f7a1ec70c58
[GradualEraser::stamp] cx=160.0 cy=273.0 r=6 total=113 skipped_zero=113 erased=0
[GradualEraser::verify] center(160,273) rgba=(0,0,0,0)
[BrushEngine::stampEraser] cx=160.0 cy=275.0 m_eraser=0x5f7a1ec70c58
[GradualEraser::stamp] cx=160.0 cy=275.0 r=6 total=113 skipped_zero=113 erased=0
[GradualEraser::verify] center(160,275) rgba=(0,0,0,0)
[BrushEngine::stampEraser] cx=160.0 cy=275.0 m_eraser=0x5f7a1ec70c58
[GradualEraser::stamp] cx=160.0 cy=275.0 r=6 total=113 skipped_zero=113 erased=0
[GradualEraser::verify] center(160,275) rgba=(0,0,0,0)
[MOUSE_MOVE] drawing=true tool=1 drawing at (505.0,359.0)
[handleDrawing] tool=1 brushType=4 eraserSize=12.0 eraserOp=1.00 layer=0x5f7a2b51bd30
[BrushEngine::stampEraser] cx=160.0 cy=275.0 m_eraser=0x5f7a1ec70c58
[GradualEraser::stamp] cx=160.0 cy=275.0 r=6 total=113 skipped_zero=113 erased=0
[GradualEraser::verify] center(160,275) rgba=(0,0,0,0)
[BrushEngine::stampEraser] cx=161.0 cy=277.0 m_eraser=0x5f7a1ec70c58
[GradualEraser::stamp] cx=161.0 cy=277.0 r=6 total=113 skipped_zero=113 erased=0
[GradualEraser::verify] center(161,277) rgba=(0,0,0,0)
[BrushEngine::stampEraser] cx=161.0 cy=277.0 m_eraser=0x5f7a1ec70c58
[GradualEraser::stamp] cx=161.0 cy=277.0 r=6 total=113 skipped_zero=113 erased=0
[GradualEraser::verify] center(161,277) rgba=(0,0,0,0)
[MOUSE_MOVE] drawing=true tool=1 drawing at (505.0,363.0)
[handleDrawing] tool=1 brushType=4 eraserSize=12.0 eraserOp=1.00 layer=0x5f7a2b51bd30
[BrushEngine::stampEraser] cx=161.0 cy=277.0 m_eraser=0x5f7a1ec70c58
[GradualEraser::stamp] cx=161.0 cy=277.0 r=6 total=113 skipped_zero=113 erased=0
[GradualEraser::verify] center(161,277) rgba=(0,0,0,0)
[BrushEngine::stampEraser] cx=161.0 cy=279.0 m_eraser=0x5f7a1ec70c58
[GradualEraser::stamp] cx=161.0 cy=279.0 r=6 total=113 skipped_zero=112 erased=1
[GradualEraser::verify] center(161,279) rgba=(0,0,0,0)
[BrushEngine::stampEraser] cx=161.0 cy=281.0 m_eraser=0x5f7a1ec70c58
[GradualEraser::stamp] cx=161.0 cy=281.0 r=6 total=113 skipped_zero=111 erased=2
[GradualEraser::verify] center(161,281) rgba=(0,0,0,0)
[BrushEngine::stampEraser] cx=161.0 cy=281.0 m_eraser=0x5f7a1ec70c58
[GradualEraser::stamp] cx=161.0 cy=281.0 r=6 total=113 skipped_zero=113 erased=0
[GradualEraser::verify] center(161,281) rgba=(0,0,0,0)
[CANVAS_UPDATE] recompositing (frameDirty=1 canvasDirty=0)
[CANVAS_UPDATE] sample pixel (161,281): rgba=(255,101,50,255)
[MOUSE_MOVE] drawing=true tool=1 drawing at (505.0,364.0)
[handleDrawing] tool=1 brushType=4 eraserSize=12.0 eraserOp=1.00 layer=0x5f7a2b51bd30
[BrushEngine::stampEraser] cx=161.0 cy=281.0 m_eraser=0x5f7a1ec70c58
[GradualEraser::stamp] cx=161.0 cy=281.0 r=6 total=113 skipped_zero=113 erased=0
[GradualEraser::verify] center(161,281) rgba=(0,0,0,0)
[BrushEngine::stampEraser] cx=161.0 cy=282.0 m_eraser=0x5f7a1ec70c58
[GradualEraser::stamp] cx=161.0 cy=282.0 r=6 total=113 skipped_zero=112 erased=1
[GradualEraser::verify] center(161,282) rgba=(0,0,0,0)
[BrushEngine::stampEraser] cx=161.0 cy=282.0 m_eraser=0x5f7a1ec70c58
[GradualEraser::stamp] cx=161.0 cy=282.0 r=6 total=113 skipped_zero=113 erased=0
[GradualEraser::verify] center(161,282) rgba=(0,0,0,0)
[MOUSE_MOVE] drawing=true tool=1 drawing at (507.0,369.0)
[handleDrawing] tool=1 brushType=4 eraserSize=12.0 eraserOp=1.00 layer=0x5f7a2b51bd30
[BrushEngine::stampEraser] cx=161.0 cy=282.0 m_eraser=0x5f7a1ec70c58
[GradualEraser::stamp] cx=161.0 cy=282.0 r=6 total=113 skipped_zero=113 erased=0
[GradualEraser::verify] center(161,282) rgba=(0,0,0,0)
[BrushEngine::stampEraser] cx=162.0 cy=284.5 m_eraser=0x5f7a1ec70c58
[GradualEraser::stamp] cx=162.0 cy=284.5 r=6 total=113 skipped_zero=112 erased=1
[GradualEraser::verify] center(162,285) rgba=(0,0,0,0)
[BrushEngine::stampEraser] cx=163.0 cy=287.0 m_eraser=0x5f7a1ec70c58
[GradualEraser::stamp] cx=163.0 cy=287.0 r=6 total=113 skipped_zero=113 erased=0
[GradualEraser::verify] center(163,287) rgba=(0,0,0,0)
[BrushEngine::stampEraser] cx=163.0 cy=287.0 m_eraser=0x5f7a1ec70c58
[GradualEraser::stamp] cx=163.0 cy=287.0 r=6 total=113 skipped_zero=113 erased=0
[GradualEraser::verify] center(163,287) rgba=(0,0,0,0)
[MOUSE_MOVE] drawing=true tool=1 drawing at (509.0,371.0)
[handleDrawing] tool=1 brushType=4 eraserSize=12.0 eraserOp=1.00 layer=0x5f7a2b51bd30
[BrushEngine::stampEraser] cx=163.0 cy=287.0 m_eraser=0x5f7a1ec70c58
[GradualEraser::stamp] cx=163.0 cy=287.0 r=6 total=113 skipped_zero=113 erased=0
[GradualEraser::verify] center(163,287) rgba=(0,0,0,0)
[BrushEngine::stampEraser] cx=165.0 cy=289.0 m_eraser=0x5f7a1ec70c58
[GradualEraser::stamp] cx=165.0 cy=289.0 r=6 total=113 skipped_zero=113 erased=0
[GradualEraser::verify] center(165,289) rgba=(0,0,0,0)
[BrushEngine::stampEraser] cx=165.0 cy=289.0 m_eraser=0x5f7a1ec70c58
[GradualEraser::stamp] cx=165.0 cy=289.0 r=6 total=113 skipped_zero=113 erased=0
[GradualEraser::verify] center(165,289) rgba=(0,0,0,0)
[MOUSE_MOVE] drawing=true tool=1 drawing at (509.0,372.0)
[handleDrawing] tool=1 brushType=4 eraserSize=12.0 eraserOp=1.00 layer=0x5f7a2b51bd30
[BrushEngine::stampEraser] cx=165.0 cy=289.0 m_eraser=0x5f7a1ec70c58
[GradualEraser::stamp] cx=165.0 cy=289.0 r=6 total=113 skipped_zero=113 erased=0
[GradualEraser::verify] center(165,289) rgba=(0,0,0,0)
[BrushEngine::stampEraser] cx=165.0 cy=290.0 m_eraser=0x5f7a1ec70c58
[GradualEraser::stamp] cx=165.0 cy=290.0 r=6 total=113 skipped_zero=113 erased=0
[GradualEraser::verify] center(165,290) rgba=(0,0,0,0)
[BrushEngine::stampEraser] cx=165.0 cy=290.0 m_eraser=0x5f7a1ec70c58
[GradualEraser::stamp] cx=165.0 cy=290.0 r=6 total=113 skipped_zero=113 erased=0
[GradualEraser::verify] center(165,290) rgba=(0,0,0,0)
[MOUSE_MOVE] drawing=true tool=1 drawing at (510.0,377.0)
[handleDrawing] tool=1 brushType=4 eraserSize=12.0 eraserOp=1.00 layer=0x5f7a2b51bd30
[BrushEngine::stampEraser] cx=165.0 cy=290.0 m_eraser=0x5f7a1ec70c58
[GradualEraser::stamp] cx=165.0 cy=290.0 r=6 total=113 skipped_zero=113 erased=0
[GradualEraser::verify] center(165,290) rgba=(0,0,0,0)
[BrushEngine::stampEraser] cx=165.5 cy=292.5 m_eraser=0x5f7a1ec70c58
[GradualEraser::stamp] cx=165.5 cy=292.5 r=6 total=113 skipped_zero=112 erased=1
[GradualEraser::verify] center(166,293) rgba=(0,0,0,0)
[BrushEngine::stampEraser] cx=166.0 cy=295.0 m_eraser=0x5f7a1ec70c58
[GradualEraser::stamp] cx=166.0 cy=295.0 r=6 total=113 skipped_zero=113 erased=0
[GradualEraser::verify] center(166,295) rgba=(0,0,0,0)
[BrushEngine::stampEraser] cx=166.0 cy=295.0 m_eraser=0x5f7a1ec70c58
[GradualEraser::stamp] cx=166.0 cy=295.0 r=6 total=113 skipped_zero=113 erased=0
[GradualEraser::verify] center(166,295) rgba=(0,0,0,0)
[MOUSE_MOVE] drawing=true tool=1 drawing at (510.0,379.0)
[handleDrawing] tool=1 brushType=4 eraserSize=12.0 eraserOp=1.00 layer=0x5f7a2b51bd30
[BrushEngine::stampEraser] cx=166.0 cy=295.0 m_eraser=0x5f7a1ec70c58
[GradualEraser::stamp] cx=166.0 cy=295.0 r=6 total=113 skipped_zero=113 erased=0
[GradualEraser::verify] center(166,295) rgba=(0,0,0,0)
[BrushEngine::stampEraser] cx=166.0 cy=297.0 m_eraser=0x5f7a1ec70c58
[GradualEraser::stamp] cx=166.0 cy=297.0 r=6 total=113 skipped_zero=113 erased=0
[GradualEraser::verify] center(166,297) rgba=(0,0,0,0)
[BrushEngine::stampEraser] cx=166.0 cy=297.0 m_eraser=0x5f7a1ec70c58
[GradualEraser::stamp] cx=166.0 cy=297.0 r=6 total=113 skipped_zero=113 erased=0
[GradualEraser::verify] center(166,297) rgba=(0,0,0,0)
[MOUSE_MOVE] drawing=true tool=1 drawing at (510.0,380.0)
[handleDrawing] tool=1 brushType=4 eraserSize=12.0 eraserOp=1.00 layer=0x5f7a2b51bd30
[BrushEngine::stampEraser] cx=166.0 cy=297.0 m_eraser=0x5f7a1ec70c58
[GradualEraser::stamp] cx=166.0 cy=297.0 r=6 total=113 skipped_zero=113 erased=0
[GradualEraser::verify] center(166,297) rgba=(0,0,0,0)
[BrushEngine::stampEraser] cx=166.0 cy=298.0 m_eraser=0x5f7a1ec70c58
[GradualEraser::stamp] cx=166.0 cy=298.0 r=6 total=113 skipped_zero=113 erased=0
[GradualEraser::verify] center(166,298) rgba=(0,0,0,0)
[BrushEngine::stampEraser] cx=166.0 cy=298.0 m_eraser=0x5f7a1ec70c58
[GradualEraser::stamp] cx=166.0 cy=298.0 r=6 total=113 skipped_zero=113 erased=0
[GradualEraser::verify] center(166,298) rgba=(0,0,0,0)
[MOUSE_MOVE] drawing=true tool=1 drawing at (512.0,385.0)
[handleDrawing] tool=1 brushType=4 eraserSize=12.0 eraserOp=1.00 layer=0x5f7a2b51bd30
[BrushEngine::stampEraser] cx=166.0 cy=298.0 m_eraser=0x5f7a1ec70c58
[GradualEraser::stamp] cx=166.0 cy=298.0 r=6 total=113 skipped_zero=113 erased=0
[GradualEraser::verify] center(166,298) rgba=(0,0,0,0)
[BrushEngine::stampEraser] cx=167.0 cy=300.5 m_eraser=0x5f7a1ec70c58
[GradualEraser::stamp] cx=167.0 cy=300.5 r=6 total=113 skipped_zero=113 erased=0
[GradualEraser::verify] center(167,301) rgba=(0,0,0,0)
[BrushEngine::stampEraser] cx=168.0 cy=303.0 m_eraser=0x5f7a1ec70c58
[GradualEraser::stamp] cx=168.0 cy=303.0 r=6 total=113 skipped_zero=113 erased=0
[GradualEraser::verify] center(168,303) rgba=(0,0,0,0)
[BrushEngine::stampEraser] cx=168.0 cy=303.0 m_eraser=0x5f7a1ec70c58
[GradualEraser::stamp] cx=168.0 cy=303.0 r=6 total=113 skipped_zero=113 erased=0
[GradualEraser::verify] center(168,303) rgba=(0,0,0,0)
[MOUSE_MOVE] drawing=true tool=1 drawing at (512.0,387.0)
[handleDrawing] tool=1 brushType=4 eraserSize=12.0 eraserOp=1.00 layer=0x5f7a2b51bd30
[BrushEngine::stampEraser] cx=168.0 cy=303.0 m_eraser=0x5f7a1ec70c58
[GradualEraser::stamp] cx=168.0 cy=303.0 r=6 total=113 skipped_zero=113 erased=0
[GradualEraser::verify] center(168,303) rgba=(0,0,0,0)
[BrushEngine::stampEraser] cx=168.0 cy=305.0 m_eraser=0x5f7a1ec70c58
[GradualEraser::stamp] cx=168.0 cy=305.0 r=6 total=113 skipped_zero=113 erased=0
[GradualEraser::verify] center(168,305) rgba=(0,0,0,0)
[BrushEngine::stampEraser] cx=168.0 cy=305.0 m_eraser=0x5f7a1ec70c58
[GradualEraser::stamp] cx=168.0 cy=305.0 r=6 total=113 skipped_zero=113 erased=0
[GradualEraser::verify] center(168,305) rgba=(0,0,0,0)
[CANVAS_UPDATE] recompositing (frameDirty=1 canvasDirty=0)
[CANVAS_UPDATE] sample pixel (168,305): rgba=(255,101,50,255)
[MOUSE_MOVE] drawing=true tool=1 drawing at (512.0,388.0)
[handleDrawing] tool=1 brushType=4 eraserSize=12.0 eraserOp=1.00 layer=0x5f7a2b51bd30
[BrushEngine::stampEraser] cx=168.0 cy=305.0 m_eraser=0x5f7a1ec70c58
[GradualEraser::stamp] cx=168.0 cy=305.0 r=6 total=113 skipped_zero=113 erased=0
[GradualEraser::verify] center(168,305) rgba=(0,0,0,0)
[BrushEngine::stampEraser] cx=168.0 cy=306.0 m_eraser=0x5f7a1ec70c58
[GradualEraser::stamp] cx=168.0 cy=306.0 r=6 total=113 skipped_zero=113 erased=0
[GradualEraser::verify] center(168,306) rgba=(0,0,0,0)
[BrushEngine::stampEraser] cx=168.0 cy=306.0 m_eraser=0x5f7a1ec70c58
[GradualEraser::stamp] cx=168.0 cy=306.0 r=6 total=113 skipped_zero=113 erased=0
[GradualEraser::verify] center(168,306) rgba=(0,0,0,0)
[MOUSE_MOVE] drawing=true tool=1 drawing at (513.0,389.0)
[handleDrawing] tool=1 brushType=4 eraserSize=12.0 eraserOp=1.00 layer=0x5f7a2b51bd30
[BrushEngine::stampEraser] cx=168.0 cy=306.0 m_eraser=0x5f7a1ec70c58
[GradualEraser::stamp] cx=168.0 cy=306.0 r=6 total=113 skipped_zero=113 erased=0
[GradualEraser::verify] center(168,306) rgba=(0,0,0,0)
[BrushEngine::stampEraser] cx=169.0 cy=307.0 m_eraser=0x5f7a1ec70c58
[GradualEraser::stamp] cx=169.0 cy=307.0 r=6 total=113 skipped_zero=113 erased=0
[GradualEraser::verify] center(169,307) rgba=(0,0,0,0)
[BrushEngine::stampEraser] cx=169.0 cy=307.0 m_eraser=0x5f7a1ec70c58
[GradualEraser::stamp] cx=169.0 cy=307.0 r=6 total=113 skipped_zero=113 erased=0
[GradualEraser::verify] center(169,307) rgba=(0,0,0,0)
[MOUSE_MOVE] drawing=true tool=1 drawing at (513.0,392.0)
[handleDrawing] tool=1 brushType=4 eraserSize=12.0 eraserOp=1.00 layer=0x5f7a2b51bd30
[BrushEngine::stampEraser] cx=169.0 cy=307.0 m_eraser=0x5f7a1ec70c58
[GradualEraser::stamp] cx=169.0 cy=307.0 r=6 total=113 skipped_zero=113 erased=0
[GradualEraser::verify] center(169,307) rgba=(0,0,0,0)
[BrushEngine::stampEraser] cx=169.0 cy=310.0 m_eraser=0x5f7a1ec70c58
[GradualEraser::stamp] cx=169.0 cy=310.0 r=6 total=113 skipped_zero=113 erased=0
[GradualEraser::verify] center(169,310) rgba=(0,0,0,0)
[BrushEngine::stampEraser] cx=169.0 cy=310.0 m_eraser=0x5f7a1ec70c58
[GradualEraser::stamp] cx=169.0 cy=310.0 r=6 total=113 skipped_zero=113 erased=0
[GradualEraser::verify] center(169,310) rgba=(0,0,0,0)
[MOUSE_MOVE] drawing=true tool=1 drawing at (513.0,393.0)
[handleDrawing] tool=1 brushType=4 eraserSize=12.0 eraserOp=1.00 layer=0x5f7a2b51bd30
[BrushEngine::stampEraser] cx=169.0 cy=310.0 m_eraser=0x5f7a1ec70c58
[GradualEraser::stamp] cx=169.0 cy=310.0 r=6 total=113 skipped_zero=113 erased=0
[GradualEraser::verify] center(169,310) rgba=(0,0,0,0)
[BrushEngine::stampEraser] cx=169.0 cy=311.0 m_eraser=0x5f7a1ec70c58
[GradualEraser::stamp] cx=169.0 cy=311.0 r=6 total=113 skipped_zero=113 erased=0
[GradualEraser::verify] center(169,311) rgba=(0,0,0,0)
[BrushEngine::stampEraser] cx=169.0 cy=311.0 m_eraser=0x5f7a1ec70c58
[GradualEraser::stamp] cx=169.0 cy=311.0 r=6 total=113 skipped_zero=113 erased=0
[GradualEraser::verify] center(169,311) rgba=(0,0,0,0)
[MOUSE_MOVE] drawing=true tool=1 drawing at (513.0,394.0)
[handleDrawing] tool=1 brushType=4 eraserSize=12.0 eraserOp=1.00 layer=0x5f7a2b51bd30
[BrushEngine::stampEraser] cx=169.0 cy=311.0 m_eraser=0x5f7a1ec70c58
[GradualEraser::stamp] cx=169.0 cy=311.0 r=6 total=113 skipped_zero=113 erased=0
[GradualEraser::verify] center(169,311) rgba=(0,0,0,0)
[BrushEngine::stampEraser] cx=169.0 cy=312.0 m_eraser=0x5f7a1ec70c58
[GradualEraser::stamp] cx=169.0 cy=312.0 r=6 total=113 skipped_zero=113 erased=0
[GradualEraser::verify] center(169,312) rgba=(0,0,0,0)
[BrushEngine::stampEraser] cx=169.0 cy=312.0 m_eraser=0x5f7a1ec70c58
[GradualEraser::stamp] cx=169.0 cy=312.0 r=6 total=113 skipped_zero=113 erased=0
[GradualEraser::verify] center(169,312) rgba=(0,0,0,0)
[MOUSE_MOVE] drawing=true tool=1 drawing at (514.0,397.0)
[handleDrawing] tool=1 brushType=4 eraserSize=12.0 eraserOp=1.00 layer=0x5f7a2b51bd30
[BrushEngine::stampEraser] cx=169.0 cy=312.0 m_eraser=0x5f7a1ec70c58
[GradualEraser::stamp] cx=169.0 cy=312.0 r=6 total=113 skipped_zero=113 erased=0
[GradualEraser::verify] center(169,312) rgba=(0,0,0,0)
[BrushEngine::stampEraser] cx=169.5 cy=313.5 m_eraser=0x5f7a1ec70c58
[GradualEraser::stamp] cx=169.5 cy=313.5 r=6 total=113 skipped_zero=110 erased=3
[GradualEraser::verify] center(170,314) rgba=(0,0,0,0)
[BrushEngine::stampEraser] cx=170.0 cy=315.0 m_eraser=0x5f7a1ec70c58
[GradualEraser::stamp] cx=170.0 cy=315.0 r=6 total=113 skipped_zero=112 erased=1
[GradualEraser::verify] center(170,315) rgba=(0,0,0,0)
[BrushEngine::stampEraser] cx=170.0 cy=315.0 m_eraser=0x5f7a1ec70c58
[GradualEraser::stamp] cx=170.0 cy=315.0 r=6 total=113 skipped_zero=113 erased=0
[GradualEraser::verify] center(170,315) rgba=(0,0,0,0)
[MOUSE_MOVE] drawing=true tool=1 drawing at (514.0,399.0)
[handleDrawing] tool=1 brushType=4 eraserSize=12.0 eraserOp=1.00 layer=0x5f7a2b51bd30
[BrushEngine::stampEraser] cx=170.0 cy=315.0 m_eraser=0x5f7a1ec70c58
[GradualEraser::stamp] cx=170.0 cy=315.0 r=6 total=113 skipped_zero=113 erased=0
[GradualEraser::verify] center(170,315) rgba=(0,0,0,0)
[BrushEngine::stampEraser] cx=170.0 cy=317.0 m_eraser=0x5f7a1ec70c58
[GradualEraser::stamp] cx=170.0 cy=317.0 r=6 total=113 skipped_zero=111 erased=2
[GradualEraser::verify] center(170,317) rgba=(0,0,0,0)
[BrushEngine::stampEraser] cx=170.0 cy=317.0 m_eraser=0x5f7a1ec70c58
[GradualEraser::stamp] cx=170.0 cy=317.0 r=6 total=113 skipped_zero=113 erased=0
[GradualEraser::verify] center(170,317) rgba=(0,0,0,0)
[CANVAS_UPDATE] recompositing (frameDirty=1 canvasDirty=0)
[CANVAS_UPDATE] sample pixel (170,317): rgba=(255,101,50,255)
[MOUSE_MOVE] drawing=true tool=1 drawing at (514.0,401.0)
[handleDrawing] tool=1 brushType=4 eraserSize=12.0 eraserOp=1.00 layer=0x5f7a2b51bd30
[BrushEngine::stampEraser] cx=170.0 cy=317.0 m_eraser=0x5f7a1ec70c58
[GradualEraser::stamp] cx=170.0 cy=317.0 r=6 total=113 skipped_zero=113 erased=0
[GradualEraser::verify] center(170,317) rgba=(0,0,0,0)
[BrushEngine::stampEraser] cx=170.0 cy=319.0 m_eraser=0x5f7a1ec70c58
[GradualEraser::stamp] cx=170.0 cy=319.0 r=6 total=113 skipped_zero=111 erased=2
[GradualEraser::verify] center(170,319) rgba=(0,0,0,0)
[BrushEngine::stampEraser] cx=170.0 cy=319.0 m_eraser=0x5f7a1ec70c58
[GradualEraser::stamp] cx=170.0 cy=319.0 r=6 total=113 skipped_zero=113 erased=0
[GradualEraser::verify] center(170,319) rgba=(0,0,0,0)
[MOUSE_MOVE] drawing=true tool=1 drawing at (514.0,403.0)
[handleDrawing] tool=1 brushType=4 eraserSize=12.0 eraserOp=1.00 layer=0x5f7a2b51bd30
[BrushEngine::stampEraser] cx=170.0 cy=319.0 m_eraser=0x5f7a1ec70c58
[GradualEraser::stamp] cx=170.0 cy=319.0 r=6 total=113 skipped_zero=113 erased=0
[GradualEraser::verify] center(170,319) rgba=(0,0,0,0)
[BrushEngine::stampEraser] cx=170.0 cy=321.0 m_eraser=0x5f7a1ec70c58
[GradualEraser::stamp] cx=170.0 cy=321.0 r=6 total=113 skipped_zero=112 erased=1
[GradualEraser::verify] center(170,321) rgba=(0,0,0,0)
[BrushEngine::stampEraser] cx=170.0 cy=321.0 m_eraser=0x5f7a1ec70c58
[GradualEraser::stamp] cx=170.0 cy=321.0 r=6 total=113 skipped_zero=113 erased=0
[GradualEraser::verify] center(170,321) rgba=(0,0,0,0)
[MOUSE_MOVE] drawing=true tool=1 drawing at (514.0,404.0)
[handleDrawing] tool=1 brushType=4 eraserSize=12.0 eraserOp=1.00 layer=0x5f7a2b51bd30
[BrushEngine::stampEraser] cx=170.0 cy=321.0 m_eraser=0x5f7a1ec70c58
[GradualEraser::stamp] cx=170.0 cy=321.0 r=6 total=113 skipped_zero=113 erased=0
[GradualEraser::verify] center(170,321) rgba=(0,0,0,0)
[BrushEngine::stampEraser] cx=170.0 cy=322.0 m_eraser=0x5f7a1ec70c58
[GradualEraser::stamp] cx=170.0 cy=322.0 r=6 total=113 skipped_zero=113 erased=0
[GradualEraser::verify] center(170,322) rgba=(0,0,0,0)
[BrushEngine::stampEraser] cx=170.0 cy=322.0 m_eraser=0x5f7a1ec70c58
[GradualEraser::stamp] cx=170.0 cy=322.0 r=6 total=113 skipped_zero=113 erased=0
[GradualEraser::verify] center(170,322) rgba=(0,0,0,0)
[CANVAS_UPDATE] recompositing (frameDirty=1 canvasDirty=0)
[CANVAS_UPDATE] sample pixel (170,322): rgba=(255,101,50,255)
[MOUSE_MOVE] drawing=true tool=1 drawing at (514.0,405.0)
[handleDrawing] tool=1 brushType=4 eraserSize=12.0 eraserOp=1.00 layer=0x5f7a2b51bd30
[BrushEngine::stampEraser] cx=170.0 cy=322.0 m_eraser=0x5f7a1ec70c58
[GradualEraser::stamp] cx=170.0 cy=322.0 r=6 total=113 skipped_zero=113 erased=0
[GradualEraser::verify] center(170,322) rgba=(0,0,0,0)
[BrushEngine::stampEraser] cx=170.0 cy=323.0 m_eraser=0x5f7a1ec70c58
[GradualEraser::stamp] cx=170.0 cy=323.0 r=6 total=113 skipped_zero=113 erased=0
[GradualEraser::verify] center(170,323) rgba=(0,0,0,0)
[BrushEngine::stampEraser] cx=170.0 cy=323.0 m_eraser=0x5f7a1ec70c58
[GradualEraser::stamp] cx=170.0 cy=323.0 r=6 total=113 skipped_zero=113 erased=0
[GradualEraser::verify] center(170,323) rgba=(0,0,0,0)
[CANVAS_UPDATE] recompositing (frameDirty=1 canvasDirty=0)
[CANVAS_UPDATE] sample pixel (170,323): rgba=(255,101,50,255)
[MOUSE_MOVE] drawing=true tool=1 drawing at (514.0,404.0)
[handleDrawing] tool=1 brushType=4 eraserSize=12.0 eraserOp=1.00 layer=0x5f7a2b51bd30
[BrushEngine::stampEraser] cx=170.0 cy=323.0 m_eraser=0x5f7a1ec70c58
[GradualEraser::stamp] cx=170.0 cy=323.0 r=6 total=113 skipped_zero=113 erased=0
[GradualEraser::verify] center(170,323) rgba=(0,0,0,0)
[BrushEngine::stampEraser] cx=170.0 cy=322.0 m_eraser=0x5f7a1ec70c58
[GradualEraser::stamp] cx=170.0 cy=322.0 r=6 total=113 skipped_zero=113 erased=0
[GradualEraser::verify] center(170,322) rgba=(0,0,0,0)
[BrushEngine::stampEraser] cx=170.0 cy=322.0 m_eraser=0x5f7a1ec70c58
[GradualEraser::stamp] cx=170.0 cy=322.0 r=6 total=113 skipped_zero=113 erased=0
[GradualEraser::verify] center(170,322) rgba=(0,0,0,0)
[MOUSE_MOVE] drawing=true tool=1 drawing at (513.0,403.0)
[handleDrawing] tool=1 brushType=4 eraserSize=12.0 eraserOp=1.00 layer=0x5f7a2b51bd30
[BrushEngine::stampEraser] cx=170.0 cy=322.0 m_eraser=0x5f7a1ec70c58
[GradualEraser::stamp] cx=170.0 cy=322.0 r=6 total=113 skipped_zero=113 erased=0
[GradualEraser::verify] center(170,322) rgba=(0,0,0,0)
[BrushEngine::stampEraser] cx=169.0 cy=321.0 m_eraser=0x5f7a1ec70c58
[GradualEraser::stamp] cx=169.0 cy=321.0 r=6 total=113 skipped_zero=113 erased=0
[GradualEraser::verify] center(169,321) rgba=(0,0,0,0)
[BrushEngine::stampEraser] cx=169.0 cy=321.0 m_eraser=0x5f7a1ec70c58
[GradualEraser::stamp] cx=169.0 cy=321.0 r=6 total=113 skipped_zero=113 erased=0
[GradualEraser::verify] center(169,321) rgba=(0,0,0,0)
[CANVAS_UPDATE] recompositing (frameDirty=1 canvasDirty=0)
[CANVAS_UPDATE] sample pixel (169,321): rgba=(255,101,50,255)
[MOUSE_MOVE] drawing=true tool=1 drawing at (513.0,402.0)
[handleDrawing] tool=1 brushType=4 eraserSize=12.0 eraserOp=1.00 layer=0x5f7a2b51bd30
[BrushEngine::stampEraser] cx=169.0 cy=321.0 m_eraser=0x5f7a1ec70c58
[GradualEraser::stamp] cx=169.0 cy=321.0 r=6 total=113 skipped_zero=113 erased=0
[GradualEraser::verify] center(169,321) rgba=(0,0,0,0)
[BrushEngine::stampEraser] cx=169.0 cy=320.0 m_eraser=0x5f7a1ec70c58
[GradualEraser::stamp] cx=169.0 cy=320.0 r=6 total=113 skipped_zero=113 erased=0
[GradualEraser::verify] center(169,320) rgba=(0,0,0,0)
[BrushEngine::stampEraser] cx=169.0 cy=320.0 m_eraser=0x5f7a1ec70c58
[GradualEraser::stamp] cx=169.0 cy=320.0 r=6 total=113 skipped_zero=113 erased=0
[GradualEraser::verify] center(169,320) rgba=(0,0,0,0)
[MOUSE_MOVE] drawing=true tool=1 drawing at (512.0,401.0)
[handleDrawing] tool=1 brushType=4 eraserSize=12.0 eraserOp=1.00 layer=0x5f7a2b51bd30
[BrushEngine::stampEraser] cx=169.0 cy=320.0 m_eraser=0x5f7a1ec70c58
[GradualEraser::stamp] cx=169.0 cy=320.0 r=6 total=113 skipped_zero=113 erased=0
[GradualEraser::verify] center(169,320) rgba=(0,0,0,0)
[BrushEngine::stampEraser] cx=168.0 cy=319.0 m_eraser=0x5f7a1ec70c58
[GradualEraser::stamp] cx=168.0 cy=319.0 r=6 total=113 skipped_zero=113 erased=0
[GradualEraser::verify] center(168,319) rgba=(0,0,0,0)
[BrushEngine::stampEraser] cx=168.0 cy=319.0 m_eraser=0x5f7a1ec70c58
[GradualEraser::stamp] cx=168.0 cy=319.0 r=6 total=113 skipped_zero=113 erased=0
[GradualEraser::verify] center(168,319) rgba=(0,0,0,0)
[CANVAS_UPDATE] recompositing (frameDirty=1 canvasDirty=0)
[CANVAS_UPDATE] sample pixel (168,319): rgba=(255,101,50,255)
[MOUSE_MOVE] drawing=true tool=1 drawing at (511.0,400.0)
[handleDrawing] tool=1 brushType=4 eraserSize=12.0 eraserOp=1.00 layer=0x5f7a2b51bd30
[BrushEngine::stampEraser] cx=168.0 cy=319.0 m_eraser=0x5f7a1ec70c58
[GradualEraser::stamp] cx=168.0 cy=319.0 r=6 total=113 skipped_zero=113 erased=0
[GradualEraser::verify] center(168,319) rgba=(0,0,0,0)
[BrushEngine::stampEraser] cx=167.0 cy=318.0 m_eraser=0x5f7a1ec70c58
[GradualEraser::stamp] cx=167.0 cy=318.0 r=6 total=113 skipped_zero=113 erased=0
[GradualEraser::verify] center(167,318) rgba=(0,0,0,0)
[BrushEngine::stampEraser] cx=167.0 cy=318.0 m_eraser=0x5f7a1ec70c58
[GradualEraser::stamp] cx=167.0 cy=318.0 r=6 total=113 skipped_zero=113 erased=0
[GradualEraser::verify] center(167,318) rgba=(0,0,0,0)
[MOUSE_MOVE] drawing=true tool=1 drawing at (510.0,399.0)
[handleDrawing] tool=1 brushType=4 eraserSize=12.0 eraserOp=1.00 layer=0x5f7a2b51bd30
[BrushEngine::stampEraser] cx=167.0 cy=318.0 m_eraser=0x5f7a1ec70c58
[GradualEraser::stamp] cx=167.0 cy=318.0 r=6 total=113 skipped_zero=113 erased=0
[GradualEraser::verify] center(167,318) rgba=(0,0,0,0)
[BrushEngine::stampEraser] cx=166.0 cy=317.0 m_eraser=0x5f7a1ec70c58
[GradualEraser::stamp] cx=166.0 cy=317.0 r=6 total=113 skipped_zero=113 erased=0
[GradualEraser::verify] center(166,317) rgba=(0,0,0,0)
[BrushEngine::stampEraser] cx=166.0 cy=317.0 m_eraser=0x5f7a1ec70c58
[GradualEraser::stamp] cx=166.0 cy=317.0 r=6 total=113 skipped_zero=113 erased=0
[GradualEraser::verify] center(166,317) rgba=(0,0,0,0)
[MOUSE_MOVE] drawing=true tool=1 drawing at (510.0,398.0)
[handleDrawing] tool=1 brushType=4 eraserSize=12.0 eraserOp=1.00 layer=0x5f7a2b51bd30
[BrushEngine::stampEraser] cx=166.0 cy=317.0 m_eraser=0x5f7a1ec70c58
[GradualEraser::stamp] cx=166.0 cy=317.0 r=6 total=113 skipped_zero=113 erased=0
[GradualEraser::verify] center(166,317) rgba=(0,0,0,0)
[BrushEngine::stampEraser] cx=166.0 cy=316.0 m_eraser=0x5f7a1ec70c58
[GradualEraser::stamp] cx=166.0 cy=316.0 r=6 total=113 skipped_zero=113 erased=0
[GradualEraser::verify] center(166,316) rgba=(0,0,0,0)
[BrushEngine::stampEraser] cx=166.0 cy=316.0 m_eraser=0x5f7a1ec70c58
[GradualEraser::stamp] cx=166.0 cy=316.0 r=6 total=113 skipped_zero=113 erased=0
[GradualEraser::verify] center(166,316) rgba=(0,0,0,0)
[MOUSE_MOVE] drawing=true tool=1 drawing at (509.0,397.0)
[handleDrawing] tool=1 brushType=4 eraserSize=12.0 eraserOp=1.00 layer=0x5f7a2b51bd30
[BrushEngine::stampEraser] cx=166.0 cy=316.0 m_eraser=0x5f7a1ec70c58
[GradualEraser::stamp] cx=166.0 cy=316.0 r=6 total=113 skipped_zero=113 erased=0
[GradualEraser::verify] center(166,316) rgba=(0,0,0,0)
[BrushEngine::stampEraser] cx=165.0 cy=315.0 m_eraser=0x5f7a1ec70c58
[GradualEraser::stamp] cx=165.0 cy=315.0 r=6 total=113 skipped_zero=113 erased=0
[GradualEraser::verify] center(165,315) rgba=(0,0,0,0)
[BrushEngine::stampEraser] cx=165.0 cy=315.0 m_eraser=0x5f7a1ec70c58
[GradualEraser::stamp] cx=165.0 cy=315.0 r=6 total=113 skipped_zero=113 erased=0
[GradualEraser::verify] center(165,315) rgba=(0,0,0,0)
[CANVAS_UPDATE] recompositing (frameDirty=1 canvasDirty=0)
[CANVAS_UPDATE] sample pixel (165,315): rgba=(255,101,50,255)
[MOUSE_MOVE] drawing=true tool=1 drawing at (509.0,396.0)
[handleDrawing] tool=1 brushType=4 eraserSize=12.0 eraserOp=1.00 layer=0x5f7a2b51bd30
[BrushEngine::stampEraser] cx=165.0 cy=315.0 m_eraser=0x5f7a1ec70c58
[GradualEraser::stamp] cx=165.0 cy=315.0 r=6 total=113 skipped_zero=113 erased=0
[GradualEraser::verify] center(165,315) rgba=(0,0,0,0)
[BrushEngine::stampEraser] cx=165.0 cy=314.0 m_eraser=0x5f7a1ec70c58
[GradualEraser::stamp] cx=165.0 cy=314.0 r=6 total=113 skipped_zero=113 erased=0
[GradualEraser::verify] center(165,314) rgba=(0,0,0,0)
[BrushEngine::stampEraser] cx=165.0 cy=314.0 m_eraser=0x5f7a1ec70c58
[GradualEraser::stamp] cx=165.0 cy=314.0 r=6 total=113 skipped_zero=113 erased=0
[GradualEraser::verify] center(165,314) rgba=(0,0,0,0)
[MOUSE_MOVE] drawing=true tool=1 drawing at (508.0,394.0)
[handleDrawing] tool=1 brushType=4 eraserSize=12.0 eraserOp=1.00 layer=0x5f7a2b51bd30
[BrushEngine::stampEraser] cx=165.0 cy=314.0 m_eraser=0x5f7a1ec70c58
[GradualEraser::stamp] cx=165.0 cy=314.0 r=6 total=113 skipped_zero=113 erased=0
[GradualEraser::verify] center(165,314) rgba=(0,0,0,0)
[BrushEngine::stampEraser] cx=164.0 cy=312.0 m_eraser=0x5f7a1ec70c58
[GradualEraser::stamp] cx=164.0 cy=312.0 r=6 total=113 skipped_zero=113 erased=0
[GradualEraser::verify] center(164,312) rgba=(0,0,0,0)
[BrushEngine::stampEraser] cx=164.0 cy=312.0 m_eraser=0x5f7a1ec70c58
[GradualEraser::stamp] cx=164.0 cy=312.0 r=6 total=113 skipped_zero=113 erased=0
[GradualEraser::verify] center(164,312) rgba=(0,0,0,0)
[MOUSE_MOVE] drawing=true tool=1 drawing at (506.0,393.0)
[handleDrawing] tool=1 brushType=4 eraserSize=12.0 eraserOp=1.00 layer=0x5f7a2b51bd30
[BrushEngine::stampEraser] cx=164.0 cy=312.0 m_eraser=0x5f7a1ec70c58
[GradualEraser::stamp] cx=164.0 cy=312.0 r=6 total=113 skipped_zero=113 erased=0
[GradualEraser::verify] center(164,312) rgba=(0,0,0,0)
[BrushEngine::stampEraser] cx=162.0 cy=311.0 m_eraser=0x5f7a1ec70c58
[GradualEraser::stamp] cx=162.0 cy=311.0 r=6 total=113 skipped_zero=113 erased=0
[GradualEraser::verify] center(162,311) rgba=(0,0,0,0)
[BrushEngine::stampEraser] cx=162.0 cy=311.0 m_eraser=0x5f7a1ec70c58
[GradualEraser::stamp] cx=162.0 cy=311.0 r=6 total=113 skipped_zero=113 erased=0
[GradualEraser::verify] center(162,311) rgba=(0,0,0,0)
[CANVAS_UPDATE] recompositing (frameDirty=1 canvasDirty=0)
[CANVAS_UPDATE] sample pixel (162,311): rgba=(255,101,50,255)
[MOUSE_MOVE] drawing=true tool=1 drawing at (506.0,392.0)
[handleDrawing] tool=1 brushType=4 eraserSize=12.0 eraserOp=1.00 layer=0x5f7a2b51bd30
[BrushEngine::stampEraser] cx=162.0 cy=311.0 m_eraser=0x5f7a1ec70c58
[GradualEraser::stamp] cx=162.0 cy=311.0 r=6 total=113 skipped_zero=113 erased=0
[GradualEraser::verify] center(162,311) rgba=(0,0,0,0)
[BrushEngine::stampEraser] cx=162.0 cy=310.0 m_eraser=0x5f7a1ec70c58
[GradualEraser::stamp] cx=162.0 cy=310.0 r=6 total=113 skipped_zero=113 erased=0
[GradualEraser::verify] center(162,310) rgba=(0,0,0,0)
[BrushEngine::stampEraser] cx=162.0 cy=310.0 m_eraser=0x5f7a1ec70c58
[GradualEraser::stamp] cx=162.0 cy=310.0 r=6 total=113 skipped_zero=113 erased=0
[GradualEraser::verify] center(162,310) rgba=(0,0,0,0)
[CANVAS_UPDATE] recompositing (frameDirty=1 canvasDirty=0)
[CANVAS_UPDATE] sample pixel (162,310): rgba=(255,101,50,255)
[MOUSE_MOVE] drawing=true tool=1 drawing at (506.0,394.0)
[handleDrawing] tool=1 brushType=4 eraserSize=12.0 eraserOp=1.00 layer=0x5f7a2b51bd30
[BrushEngine::stampEraser] cx=162.0 cy=310.0 m_eraser=0x5f7a1ec70c58
[GradualEraser::stamp] cx=162.0 cy=310.0 r=6 total=113 skipped_zero=113 erased=0
[GradualEraser::verify] center(162,310) rgba=(0,0,0,0)
[BrushEngine::stampEraser] cx=162.0 cy=312.0 m_eraser=0x5f7a1ec70c58
[GradualEraser::stamp] cx=162.0 cy=312.0 r=6 total=113 skipped_zero=113 erased=0
[GradualEraser::verify] center(162,312) rgba=(0,0,0,0)
[BrushEngine::stampEraser] cx=162.0 cy=312.0 m_eraser=0x5f7a1ec70c58
[GradualEraser::stamp] cx=162.0 cy=312.0 r=6 total=113 skipped_zero=113 erased=0
[GradualEraser::verify] center(162,312) rgba=(0,0,0,0)
[MOUSE_MOVE] drawing=true tool=1 drawing at (507.0,395.0)
[handleDrawing] tool=1 brushType=4 eraserSize=12.0 eraserOp=1.00 layer=0x5f7a2b51bd30
[BrushEngine::stampEraser] cx=162.0 cy=312.0 m_eraser=0x5f7a1ec70c58
[GradualEraser::stamp] cx=162.0 cy=312.0 r=6 total=113 skipped_zero=113 erased=0
[GradualEraser::verify] center(162,312) rgba=(0,0,0,0)
[BrushEngine::stampEraser] cx=163.0 cy=313.0 m_eraser=0x5f7a1ec70c58
[GradualEraser::stamp] cx=163.0 cy=313.0 r=6 total=113 skipped_zero=113 erased=0
[GradualEraser::verify] center(163,313) rgba=(0,0,0,0)
[BrushEngine::stampEraser] cx=163.0 cy=313.0 m_eraser=0x5f7a1ec70c58
[GradualEraser::stamp] cx=163.0 cy=313.0 r=6 total=113 skipped_zero=113 erased=0
[GradualEraser::verify] center(163,313) rgba=(0,0,0,0)
[MOUSE_MOVE] drawing=true tool=1 drawing at (507.0,396.0)
[handleDrawing] tool=1 brushType=4 eraserSize=12.0 eraserOp=1.00 layer=0x5f7a2b51bd30
[BrushEngine::stampEraser] cx=163.0 cy=313.0 m_eraser=0x5f7a1ec70c58
[GradualEraser::stamp] cx=163.0 cy=313.0 r=6 total=113 skipped_zero=113 erased=0
[GradualEraser::verify] center(163,313) rgba=(0,0,0,0)
[BrushEngine::stampEraser] cx=163.0 cy=314.0 m_eraser=0x5f7a1ec70c58
[GradualEraser::stamp] cx=163.0 cy=314.0 r=6 total=113 skipped_zero=113 erased=0
[GradualEraser::verify] center(163,314) rgba=(0,0,0,0)
[BrushEngine::stampEraser] cx=163.0 cy=314.0 m_eraser=0x5f7a1ec70c58
[GradualEraser::stamp] cx=163.0 cy=314.0 r=6 total=113 skipped_zero=113 erased=0
[GradualEraser::verify] center(163,314) rgba=(0,0,0,0)
[MOUSE_MOVE] drawing=true tool=1 drawing at (507.0,398.0)
[handleDrawing] tool=1 brushType=4 eraserSize=12.0 eraserOp=1.00 layer=0x5f7a2b51bd30
[BrushEngine::stampEraser] cx=163.0 cy=314.0 m_eraser=0x5f7a1ec70c58
[GradualEraser::stamp] cx=163.0 cy=314.0 r=6 total=113 skipped_zero=113 erased=0
[GradualEraser::verify] center(163,314) rgba=(0,0,0,0)
[BrushEngine::stampEraser] cx=163.0 cy=316.0 m_eraser=0x5f7a1ec70c58
[GradualEraser::stamp] cx=163.0 cy=316.0 r=6 total=113 skipped_zero=113 erased=0
[GradualEraser::verify] center(163,316) rgba=(0,0,0,0)
[BrushEngine::stampEraser] cx=163.0 cy=316.0 m_eraser=0x5f7a1ec70c58
[GradualEraser::stamp] cx=163.0 cy=316.0 r=6 total=113 skipped_zero=113 erased=0
[GradualEraser::verify] center(163,316) rgba=(0,0,0,0)
[CANVAS_UPDATE] recompositing (frameDirty=1 canvasDirty=0)
[CANVAS_UPDATE] sample pixel (163,316): rgba=(255,101,50,255)
[MOUSE_MOVE] drawing=true tool=1 drawing at (509.0,399.0)
[handleDrawing] tool=1 brushType=4 eraserSize=12.0 eraserOp=1.00 layer=0x5f7a2b51bd30
[BrushEngine::stampEraser] cx=163.0 cy=316.0 m_eraser=0x5f7a1ec70c58
[GradualEraser::stamp] cx=163.0 cy=316.0 r=6 total=113 skipped_zero=113 erased=0
[GradualEraser::verify] center(163,316) rgba=(0,0,0,0)
[BrushEngine::stampEraser] cx=165.0 cy=317.0 m_eraser=0x5f7a1ec70c58
[GradualEraser::stamp] cx=165.0 cy=317.0 r=6 total=113 skipped_zero=113 erased=0
[GradualEraser::verify] center(165,317) rgba=(0,0,0,0)
[BrushEngine::stampEraser] cx=165.0 cy=317.0 m_eraser=0x5f7a1ec70c58
[GradualEraser::stamp] cx=165.0 cy=317.0 r=6 total=113 skipped_zero=113 erased=0
[GradualEraser::verify] center(165,317) rgba=(0,0,0,0)
[MOUSE_MOVE] drawing=true tool=1 drawing at (509.0,400.0)
[handleDrawing] tool=1 brushType=4 eraserSize=12.0 eraserOp=1.00 layer=0x5f7a2b51bd30
[BrushEngine::stampEraser] cx=165.0 cy=317.0 m_eraser=0x5f7a1ec70c58
[GradualEraser::stamp] cx=165.0 cy=317.0 r=6 total=113 skipped_zero=113 erased=0
[GradualEraser::verify] center(165,317) rgba=(0,0,0,0)
[BrushEngine::stampEraser] cx=165.0 cy=318.0 m_eraser=0x5f7a1ec70c58
[GradualEraser::stamp] cx=165.0 cy=318.0 r=6 total=113 skipped_zero=113 erased=0
[GradualEraser::verify] center(165,318) rgba=(0,0,0,0)
[BrushEngine::stampEraser] cx=165.0 cy=318.0 m_eraser=0x5f7a1ec70c58
[GradualEraser::stamp] cx=165.0 cy=318.0 r=6 total=113 skipped_zero=113 erased=0
[GradualEraser::verify] center(165,318) rgba=(0,0,0,0)
[MOUSE_MOVE] drawing=true tool=1 drawing at (510.0,401.0)
[handleDrawing] tool=1 brushType=4 eraserSize=12.0 eraserOp=1.00 layer=0x5f7a2b51bd30
[BrushEngine::stampEraser] cx=165.0 cy=318.0 m_eraser=0x5f7a1ec70c58
[GradualEraser::stamp] cx=165.0 cy=318.0 r=6 total=113 skipped_zero=113 erased=0
[GradualEraser::verify] center(165,318) rgba=(0,0,0,0)
[BrushEngine::stampEraser] cx=166.0 cy=319.0 m_eraser=0x5f7a1ec70c58
[GradualEraser::stamp] cx=166.0 cy=319.0 r=6 total=113 skipped_zero=113 erased=0
[GradualEraser::verify] center(166,319) rgba=(0,0,0,0)
[BrushEngine::stampEraser] cx=166.0 cy=319.0 m_eraser=0x5f7a1ec70c58
[GradualEraser::stamp] cx=166.0 cy=319.0 r=6 total=113 skipped_zero=113 erased=0
[GradualEraser::verify] center(166,319) rgba=(0,0,0,0)
[MOUSE_MOVE] drawing=true tool=1 drawing at (511.0,404.0)
[handleDrawing] tool=1 brushType=4 eraserSize=12.0 eraserOp=1.00 layer=0x5f7a2b51bd30
[BrushEngine::stampEraser] cx=166.0 cy=319.0 m_eraser=0x5f7a1ec70c58
[GradualEraser::stamp] cx=166.0 cy=319.0 r=6 total=113 skipped_zero=113 erased=0
[GradualEraser::verify] center(166,319) rgba=(0,0,0,0)
[BrushEngine::stampEraser] cx=166.5 cy=320.5 m_eraser=0x5f7a1ec70c58
[GradualEraser::stamp] cx=166.5 cy=320.5 r=6 total=113 skipped_zero=113 erased=0
[GradualEraser::verify] center(167,321) rgba=(0,0,0,0)
[BrushEngine::stampEraser] cx=167.0 cy=322.0 m_eraser=0x5f7a1ec70c58
[GradualEraser::stamp] cx=167.0 cy=322.0 r=6 total=113 skipped_zero=113 erased=0
[GradualEraser::verify] center(167,322) rgba=(0,0,0,0)
[BrushEngine::stampEraser] cx=167.0 cy=322.0 m_eraser=0x5f7a1ec70c58
[GradualEraser::stamp] cx=167.0 cy=322.0 r=6 total=113 skipped_zero=113 erased=0
[GradualEraser::verify] center(167,322) rgba=(0,0,0,0)
[MOUSE_MOVE] drawing=true tool=1 drawing at (511.0,406.0)
[handleDrawing] tool=1 brushType=4 eraserSize=12.0 eraserOp=1.00 layer=0x5f7a2b51bd30
[BrushEngine::stampEraser] cx=167.0 cy=322.0 m_eraser=0x5f7a1ec70c58
[GradualEraser::stamp] cx=167.0 cy=322.0 r=6 total=113 skipped_zero=113 erased=0
[GradualEraser::verify] center(167,322) rgba=(0,0,0,0)
[BrushEngine::stampEraser] cx=167.0 cy=324.0 m_eraser=0x5f7a1ec70c58
[GradualEraser::stamp] cx=167.0 cy=324.0 r=6 total=113 skipped_zero=113 erased=0
[GradualEraser::verify] center(167,324) rgba=(0,0,0,0)
[BrushEngine::stampEraser] cx=167.0 cy=324.0 m_eraser=0x5f7a1ec70c58
[GradualEraser::stamp] cx=167.0 cy=324.0 r=6 total=113 skipped_zero=113 erased=0
[GradualEraser::verify] center(167,324) rgba=(0,0,0,0)
[MOUSE_MOVE] drawing=true tool=1 drawing at (513.0,407.0)
[handleDrawing] tool=1 brushType=4 eraserSize=12.0 eraserOp=1.00 layer=0x5f7a2b51bd30
[BrushEngine::stampEraser] cx=167.0 cy=324.0 m_eraser=0x5f7a1ec70c58
[GradualEraser::stamp] cx=167.0 cy=324.0 r=6 total=113 skipped_zero=113 erased=0
[GradualEraser::verify] center(167,324) rgba=(0,0,0,0)
[BrushEngine::stampEraser] cx=169.0 cy=325.0 m_eraser=0x5f7a1ec70c58
[GradualEraser::stamp] cx=169.0 cy=325.0 r=6 total=113 skipped_zero=113 erased=0
[GradualEraser::verify] center(169,325) rgba=(0,0,0,0)
[BrushEngine::stampEraser] cx=169.0 cy=325.0 m_eraser=0x5f7a1ec70c58
[GradualEraser::stamp] cx=169.0 cy=325.0 r=6 total=113 skipped_zero=113 erased=0
[GradualEraser::verify] center(169,325) rgba=(0,0,0,0)
[MOUSE_MOVE] drawing=true tool=1 drawing at (514.0,412.0)
[handleDrawing] tool=1 brushType=4 eraserSize=12.0 eraserOp=1.00 layer=0x5f7a2b51bd30
[BrushEngine::stampEraser] cx=169.0 cy=325.0 m_eraser=0x5f7a1ec70c58
[GradualEraser::stamp] cx=169.0 cy=325.0 r=6 total=113 skipped_zero=113 erased=0
[GradualEraser::verify] center(169,325) rgba=(0,0,0,0)
[BrushEngine::stampEraser] cx=169.5 cy=327.5 m_eraser=0x5f7a1ec70c58
[GradualEraser::stamp] cx=169.5 cy=327.5 r=6 total=113 skipped_zero=113 erased=0
[GradualEraser::verify] center(170,328) rgba=(0,0,0,0)
[BrushEngine::stampEraser] cx=170.0 cy=330.0 m_eraser=0x5f7a1ec70c58
[GradualEraser::stamp] cx=170.0 cy=330.0 r=6 total=113 skipped_zero=113 erased=0
[GradualEraser::verify] center(170,330) rgba=(0,0,0,0)
[BrushEngine::stampEraser] cx=170.0 cy=330.0 m_eraser=0x5f7a1ec70c58
[GradualEraser::stamp] cx=170.0 cy=330.0 r=6 total=113 skipped_zero=113 erased=0
[GradualEraser::verify] center(170,330) rgba=(0,0,0,0)
[MOUSE_MOVE] drawing=true tool=1 drawing at (514.0,414.0)
[handleDrawing] tool=1 brushType=4 eraserSize=12.0 eraserOp=1.00 layer=0x5f7a2b51bd30
[BrushEngine::stampEraser] cx=170.0 cy=330.0 m_eraser=0x5f7a1ec70c58
[GradualEraser::stamp] cx=170.0 cy=330.0 r=6 total=113 skipped_zero=113 erased=0
[GradualEraser::verify] center(170,330) rgba=(0,0,0,0)
[BrushEngine::stampEraser] cx=170.0 cy=332.0 m_eraser=0x5f7a1ec70c58
[GradualEraser::stamp] cx=170.0 cy=332.0 r=6 total=113 skipped_zero=113 erased=0
[GradualEraser::verify] center(170,332) rgba=(0,0,0,0)
[BrushEngine::stampEraser] cx=170.0 cy=332.0 m_eraser=0x5f7a1ec70c58
[GradualEraser::stamp] cx=170.0 cy=332.0 r=6 total=113 skipped_zero=113 erased=0
[GradualEraser::verify] center(170,332) rgba=(0,0,0,0)
[CANVAS_UPDATE] recompositing (frameDirty=1 canvasDirty=0)
[CANVAS_UPDATE] sample pixel (170,332): rgba=(0,0,0,0)
[MOUSE_MOVE] drawing=true tool=1 drawing at (516.0,415.0)
[handleDrawing] tool=1 brushType=4 eraserSize=12.0 eraserOp=1.00 layer=0x5f7a2b51bd30
[BrushEngine::stampEraser] cx=170.0 cy=332.0 m_eraser=0x5f7a1ec70c58
[GradualEraser::stamp] cx=170.0 cy=332.0 r=6 total=113 skipped_zero=113 erased=0
[GradualEraser::verify] center(170,332) rgba=(0,0,0,0)
[BrushEngine::stampEraser] cx=172.0 cy=333.0 m_eraser=0x5f7a1ec70c58
[GradualEraser::stamp] cx=172.0 cy=333.0 r=6 total=113 skipped_zero=113 erased=0
[GradualEraser::verify] center(172,333) rgba=(0,0,0,0)
[BrushEngine::stampEraser] cx=172.0 cy=333.0 m_eraser=0x5f7a1ec70c58
[GradualEraser::stamp] cx=172.0 cy=333.0 r=6 total=113 skipped_zero=113 erased=0
[GradualEraser::verify] center(172,333) rgba=(0,0,0,0)
[MOUSE_MOVE] drawing=true tool=1 drawing at (516.0,416.0)
[handleDrawing] tool=1 brushType=4 eraserSize=12.0 eraserOp=1.00 layer=0x5f7a2b51bd30
[BrushEngine::stampEraser] cx=172.0 cy=333.0 m_eraser=0x5f7a1ec70c58
[GradualEraser::stamp] cx=172.0 cy=333.0 r=6 total=113 skipped_zero=113 erased=0
[GradualEraser::verify] center(172,333) rgba=(0,0,0,0)
[BrushEngine::stampEraser] cx=172.0 cy=334.0 m_eraser=0x5f7a1ec70c58
[GradualEraser::stamp] cx=172.0 cy=334.0 r=6 total=113 skipped_zero=113 erased=0
[GradualEraser::verify] center(172,334) rgba=(0,0,0,0)
[BrushEngine::stampEraser] cx=172.0 cy=334.0 m_eraser=0x5f7a1ec70c58
[GradualEraser::stamp] cx=172.0 cy=334.0 r=6 total=113 skipped_zero=113 erased=0
[GradualEraser::verify] center(172,334) rgba=(0,0,0,0)
[MOUSE_MOVE] drawing=true tool=1 drawing at (517.0,418.0)
[handleDrawing] tool=1 brushType=4 eraserSize=12.0 eraserOp=1.00 layer=0x5f7a2b51bd30
[BrushEngine::stampEraser] cx=172.0 cy=334.0 m_eraser=0x5f7a1ec70c58
[GradualEraser::stamp] cx=172.0 cy=334.0 r=6 total=113 skipped_zero=113 erased=0
[GradualEraser::verify] center(172,334) rgba=(0,0,0,0)
[BrushEngine::stampEraser] cx=173.0 cy=336.0 m_eraser=0x5f7a1ec70c58
[GradualEraser::stamp] cx=173.0 cy=336.0 r=6 total=113 skipped_zero=113 erased=0
[GradualEraser::verify] center(173,336) rgba=(0,0,0,0)
[BrushEngine::stampEraser] cx=173.0 cy=336.0 m_eraser=0x5f7a1ec70c58
[GradualEraser::stamp] cx=173.0 cy=336.0 r=6 total=113 skipped_zero=113 erased=0
[GradualEraser::verify] center(173,336) rgba=(0,0,0,0)
[MOUSE_MOVE] drawing=true tool=1 drawing at (517.0,419.0)
[handleDrawing] tool=1 brushType=4 eraserSize=12.0 eraserOp=1.00 layer=0x5f7a2b51bd30
[BrushEngine::stampEraser] cx=173.0 cy=336.0 m_eraser=0x5f7a1ec70c58
[GradualEraser::stamp] cx=173.0 cy=336.0 r=6 total=113 skipped_zero=113 erased=0
[GradualEraser::verify] center(173,336) rgba=(0,0,0,0)
[BrushEngine::stampEraser] cx=173.0 cy=337.0 m_eraser=0x5f7a1ec70c58
[GradualEraser::stamp] cx=173.0 cy=337.0 r=6 total=113 skipped_zero=113 erased=0
[GradualEraser::verify] center(173,337) rgba=(0,0,0,0)
[BrushEngine::stampEraser] cx=173.0 cy=337.0 m_eraser=0x5f7a1ec70c58
[GradualEraser::stamp] cx=173.0 cy=337.0 r=6 total=113 skipped_zero=113 erased=0
[GradualEraser::verify] center(173,337) rgba=(0,0,0,0)
[MOUSE_MOVE] drawing=true tool=1 drawing at (518.0,420.0)
[handleDrawing] tool=1 brushType=4 eraserSize=12.0 eraserOp=1.00 layer=0x5f7a2b51bd30
[BrushEngine::stampEraser] cx=173.0 cy=337.0 m_eraser=0x5f7a1ec70c58
[GradualEraser::stamp] cx=173.0 cy=337.0 r=6 total=113 skipped_zero=113 erased=0
[GradualEraser::verify] center(173,337) rgba=(0,0,0,0)
[BrushEngine::stampEraser] cx=174.0 cy=338.0 m_eraser=0x5f7a1ec70c58
[GradualEraser::stamp] cx=174.0 cy=338.0 r=6 total=113 skipped_zero=113 erased=0
[GradualEraser::verify] center(174,338) rgba=(0,0,0,0)
[BrushEngine::stampEraser] cx=174.0 cy=338.0 m_eraser=0x5f7a1ec70c58
[GradualEraser::stamp] cx=174.0 cy=338.0 r=6 total=113 skipped_zero=113 erased=0
[GradualEraser::verify] center(174,338) rgba=(0,0,0,0)
[MOUSE_MOVE] drawing=true tool=1 drawing at (520.0,423.0)
[handleDrawing] tool=1 brushType=4 eraserSize=12.0 eraserOp=1.00 layer=0x5f7a2b51bd30
[BrushEngine::stampEraser] cx=174.0 cy=338.0 m_eraser=0x5f7a1ec70c58
[GradualEraser::stamp] cx=174.0 cy=338.0 r=6 total=113 skipped_zero=113 erased=0
[GradualEraser::verify] center(174,338) rgba=(0,0,0,0)
[BrushEngine::stampEraser] cx=175.0 cy=339.5 m_eraser=0x5f7a1ec70c58
[GradualEraser::stamp] cx=175.0 cy=339.5 r=6 total=113 skipped_zero=113 erased=0
[GradualEraser::verify] center(175,340) rgba=(0,0,0,0)
[BrushEngine::stampEraser] cx=176.0 cy=341.0 m_eraser=0x5f7a1ec70c58
[GradualEraser::stamp] cx=176.0 cy=341.0 r=6 total=113 skipped_zero=113 erased=0
[GradualEraser::verify] center(176,341) rgba=(0,0,0,0)
[BrushEngine::stampEraser] cx=176.0 cy=341.0 m_eraser=0x5f7a1ec70c58
[GradualEraser::stamp] cx=176.0 cy=341.0 r=6 total=113 skipped_zero=113 erased=0
[GradualEraser::verify] center(176,341) rgba=(0,0,0,0)
[MOUSE_MOVE] drawing=true tool=1 drawing at (521.0,425.0)
[handleDrawing] tool=1 brushType=4 eraserSize=12.0 eraserOp=1.00 layer=0x5f7a2b51bd30
[BrushEngine::stampEraser] cx=176.0 cy=341.0 m_eraser=0x5f7a1ec70c58
[GradualEraser::stamp] cx=176.0 cy=341.0 r=6 total=113 skipped_zero=113 erased=0
[GradualEraser::verify] center(176,341) rgba=(0,0,0,0)
[BrushEngine::stampEraser] cx=177.0 cy=343.0 m_eraser=0x5f7a1ec70c58
[GradualEraser::stamp] cx=177.0 cy=343.0 r=6 total=113 skipped_zero=113 erased=0
[GradualEraser::verify] center(177,343) rgba=(0,0,0,0)
[BrushEngine::stampEraser] cx=177.0 cy=343.0 m_eraser=0x5f7a1ec70c58
[GradualEraser::stamp] cx=177.0 cy=343.0 r=6 total=113 skipped_zero=113 erased=0
[GradualEraser::verify] center(177,343) rgba=(0,0,0,0)
[CANVAS_UPDATE] recompositing (frameDirty=1 canvasDirty=0)
[CANVAS_UPDATE] sample pixel (177,343): rgba=(0,0,0,0)
[MOUSE_MOVE] drawing=true tool=1 drawing at (522.0,427.0)
[handleDrawing] tool=1 brushType=4 eraserSize=12.0 eraserOp=1.00 layer=0x5f7a2b51bd30
[BrushEngine::stampEraser] cx=177.0 cy=343.0 m_eraser=0x5f7a1ec70c58
[GradualEraser::stamp] cx=177.0 cy=343.0 r=6 total=113 skipped_zero=113 erased=0
[GradualEraser::verify] center(177,343) rgba=(0,0,0,0)
[BrushEngine::stampEraser] cx=178.0 cy=345.0 m_eraser=0x5f7a1ec70c58
[GradualEraser::stamp] cx=178.0 cy=345.0 r=6 total=113 skipped_zero=113 erased=0
[GradualEraser::verify] center(178,345) rgba=(0,0,0,0)
[BrushEngine::stampEraser] cx=178.0 cy=345.0 m_eraser=0x5f7a1ec70c58
[GradualEraser::stamp] cx=178.0 cy=345.0 r=6 total=113 skipped_zero=113 erased=0
[GradualEraser::verify] center(178,345) rgba=(0,0,0,0)
[MOUSE_MOVE] drawing=true tool=1 drawing at (522.0,429.0)
[handleDrawing] tool=1 brushType=4 eraserSize=12.0 eraserOp=1.00 layer=0x5f7a2b51bd30
[BrushEngine::stampEraser] cx=178.0 cy=345.0 m_eraser=0x5f7a1ec70c58
[GradualEraser::stamp] cx=178.0 cy=345.0 r=6 total=113 skipped_zero=113 erased=0
[GradualEraser::verify] center(178,345) rgba=(0,0,0,0)
[BrushEngine::stampEraser] cx=178.0 cy=347.0 m_eraser=0x5f7a1ec70c58
[GradualEraser::stamp] cx=178.0 cy=347.0 r=6 total=113 skipped_zero=113 erased=0
[GradualEraser::verify] center(178,347) rgba=(0,0,0,0)
[BrushEngine::stampEraser] cx=178.0 cy=347.0 m_eraser=0x5f7a1ec70c58
[GradualEraser::stamp] cx=178.0 cy=347.0 r=6 total=113 skipped_zero=113 erased=0
[GradualEraser::verify] center(178,347) rgba=(0,0,0,0)
[MOUSE_MOVE] drawing=true tool=1 drawing at (522.0,430.0)
[handleDrawing] tool=1 brushType=4 eraserSize=12.0 eraserOp=1.00 layer=0x5f7a2b51bd30
[BrushEngine::stampEraser] cx=178.0 cy=347.0 m_eraser=0x5f7a1ec70c58
[GradualEraser::stamp] cx=178.0 cy=347.0 r=6 total=113 skipped_zero=113 erased=0
[GradualEraser::verify] center(178,347) rgba=(0,0,0,0)
[BrushEngine::stampEraser] cx=178.0 cy=348.0 m_eraser=0x5f7a1ec70c58
[GradualEraser::stamp] cx=178.0 cy=348.0 r=6 total=113 skipped_zero=113 erased=0
[GradualEraser::verify] center(178,348) rgba=(0,0,0,0)
[BrushEngine::stampEraser] cx=178.0 cy=348.0 m_eraser=0x5f7a1ec70c58
[GradualEraser::stamp] cx=178.0 cy=348.0 r=6 total=113 skipped_zero=113 erased=0
[GradualEraser::verify] center(178,348) rgba=(0,0,0,0)
[MOUSE_MOVE] drawing=true tool=1 drawing at (524.0,431.0)
[handleDrawing] tool=1 brushType=4 eraserSize=12.0 eraserOp=1.00 layer=0x5f7a2b51bd30
[BrushEngine::stampEraser] cx=178.0 cy=348.0 m_eraser=0x5f7a1ec70c58
[GradualEraser::stamp] cx=178.0 cy=348.0 r=6 total=113 skipped_zero=113 erased=0
[GradualEraser::verify] center(178,348) rgba=(0,0,0,0)
[BrushEngine::stampEraser] cx=180.0 cy=349.0 m_eraser=0x5f7a1ec70c58
[GradualEraser::stamp] cx=180.0 cy=349.0 r=6 total=113 skipped_zero=113 erased=0
[GradualEraser::verify] center(180,349) rgba=(0,0,0,0)
[BrushEngine::stampEraser] cx=180.0 cy=349.0 m_eraser=0x5f7a1ec70c58
[GradualEraser::stamp] cx=180.0 cy=349.0 r=6 total=113 skipped_zero=113 erased=0
[GradualEraser::verify] center(180,349) rgba=(0,0,0,0)
[MOUSE_MOVE] drawing=true tool=1 drawing at (524.0,432.0)
[handleDrawing] tool=1 brushType=4 eraserSize=12.0 eraserOp=1.00 layer=0x5f7a2b51bd30
[BrushEngine::stampEraser] cx=180.0 cy=349.0 m_eraser=0x5f7a1ec70c58
[GradualEraser::stamp] cx=180.0 cy=349.0 r=6 total=113 skipped_zero=113 erased=0
[GradualEraser::verify] center(180,349) rgba=(0,0,0,0)
[BrushEngine::stampEraser] cx=180.0 cy=350.0 m_eraser=0x5f7a1ec70c58
[GradualEraser::stamp] cx=180.0 cy=350.0 r=6 total=113 skipped_zero=113 erased=0
[GradualEraser::verify] center(180,350) rgba=(0,0,0,0)
[BrushEngine::stampEraser] cx=180.0 cy=350.0 m_eraser=0x5f7a1ec70c58
[GradualEraser::stamp] cx=180.0 cy=350.0 r=6 total=113 skipped_zero=113 erased=0
[GradualEraser::verify] center(180,350) rgba=(0,0,0,0)
[MOUSE_MOVE] drawing=true tool=1 drawing at (525.0,434.0)
[handleDrawing] tool=1 brushType=4 eraserSize=12.0 eraserOp=1.00 layer=0x5f7a2b51bd30
[BrushEngine::stampEraser] cx=180.0 cy=350.0 m_eraser=0x5f7a1ec70c58
[GradualEraser::stamp] cx=180.0 cy=350.0 r=6 total=113 skipped_zero=113 erased=0
[GradualEraser::verify] center(180,350) rgba=(0,0,0,0)
[BrushEngine::stampEraser] cx=181.0 cy=352.0 m_eraser=0x5f7a1ec70c58
[GradualEraser::stamp] cx=181.0 cy=352.0 r=6 total=113 skipped_zero=113 erased=0
[GradualEraser::verify] center(181,352) rgba=(0,0,0,0)
[BrushEngine::stampEraser] cx=181.0 cy=352.0 m_eraser=0x5f7a1ec70c58
[GradualEraser::stamp] cx=181.0 cy=352.0 r=6 total=113 skipped_zero=113 erased=0
[GradualEraser::verify] center(181,352) rgba=(0,0,0,0)
[MOUSE_MOVE] drawing=true tool=1 drawing at (526.0,435.0)
[handleDrawing] tool=1 brushType=4 eraserSize=12.0 eraserOp=1.00 layer=0x5f7a2b51bd30
[BrushEngine::stampEraser] cx=181.0 cy=352.0 m_eraser=0x5f7a1ec70c58
[GradualEraser::stamp] cx=181.0 cy=352.0 r=6 total=113 skipped_zero=113 erased=0
[GradualEraser::verify] center(181,352) rgba=(0,0,0,0)
[BrushEngine::stampEraser] cx=182.0 cy=353.0 m_eraser=0x5f7a1ec70c58
[GradualEraser::stamp] cx=182.0 cy=353.0 r=6 total=113 skipped_zero=113 erased=0
[GradualEraser::verify] center(182,353) rgba=(0,0,0,0)
[BrushEngine::stampEraser] cx=182.0 cy=353.0 m_eraser=0x5f7a1ec70c58
[GradualEraser::stamp] cx=182.0 cy=353.0 r=6 total=113 skipped_zero=113 erased=0
[GradualEraser::verify] center(182,353) rgba=(0,0,0,0)
[MOUSE_MOVE] drawing=true tool=1 drawing at (527.0,436.0)
[handleDrawing] tool=1 brushType=4 eraserSize=12.0 eraserOp=1.00 layer=0x5f7a2b51bd30
[BrushEngine::stampEraser] cx=182.0 cy=353.0 m_eraser=0x5f7a1ec70c58
[GradualEraser::stamp] cx=182.0 cy=353.0 r=6 total=113 skipped_zero=113 erased=0
[GradualEraser::verify] center(182,353) rgba=(0,0,0,0)
[BrushEngine::stampEraser] cx=183.0 cy=354.0 m_eraser=0x5f7a1ec70c58
[GradualEraser::stamp] cx=183.0 cy=354.0 r=6 total=113 skipped_zero=113 erased=0
[GradualEraser::verify] center(183,354) rgba=(0,0,0,0)
[BrushEngine::stampEraser] cx=183.0 cy=354.0 m_eraser=0x5f7a1ec70c58
[GradualEraser::stamp] cx=183.0 cy=354.0 r=6 total=113 skipped_zero=113 erased=0
[GradualEraser::verify] center(183,354) rgba=(0,0,0,0)
[CANVAS_UPDATE] recompositing (frameDirty=1 canvasDirty=0)
[CANVAS_UPDATE] sample pixel (183,354): rgba=(0,0,0,0)
[MOUSE_MOVE] drawing=true tool=1 drawing at (527.0,437.0)
[handleDrawing] tool=1 brushType=4 eraserSize=12.0 eraserOp=1.00 layer=0x5f7a2b51bd30
[BrushEngine::stampEraser] cx=183.0 cy=354.0 m_eraser=0x5f7a1ec70c58
[GradualEraser::stamp] cx=183.0 cy=354.0 r=6 total=113 skipped_zero=113 erased=0
[GradualEraser::verify] center(183,354) rgba=(0,0,0,0)
[BrushEngine::stampEraser] cx=183.0 cy=355.0 m_eraser=0x5f7a1ec70c58
[GradualEraser::stamp] cx=183.0 cy=355.0 r=6 total=113 skipped_zero=113 erased=0
[GradualEraser::verify] center(183,355) rgba=(0,0,0,0)
[BrushEngine::stampEraser] cx=183.0 cy=355.0 m_eraser=0x5f7a1ec70c58
[GradualEraser::stamp] cx=183.0 cy=355.0 r=6 total=113 skipped_zero=113 erased=0
[GradualEraser::verify] center(183,355) rgba=(0,0,0,0)
[MOUSE_MOVE] drawing=true tool=1 drawing at (529.0,438.0)
[handleDrawing] tool=1 brushType=4 eraserSize=12.0 eraserOp=1.00 layer=0x5f7a2b51bd30
[BrushEngine::stampEraser] cx=183.0 cy=355.0 m_eraser=0x5f7a1ec70c58
[GradualEraser::stamp] cx=183.0 cy=355.0 r=6 total=113 skipped_zero=113 erased=0
[GradualEraser::verify] center(183,355) rgba=(0,0,0,0)
[BrushEngine::stampEraser] cx=185.0 cy=356.0 m_eraser=0x5f7a1ec70c58
[GradualEraser::stamp] cx=185.0 cy=356.0 r=6 total=113 skipped_zero=113 erased=0
[GradualEraser::verify] center(185,356) rgba=(0,0,0,0)
[BrushEngine::stampEraser] cx=185.0 cy=356.0 m_eraser=0x5f7a1ec70c58
[GradualEraser::stamp] cx=185.0 cy=356.0 r=6 total=113 skipped_zero=113 erased=0
[GradualEraser::verify] center(185,356) rgba=(0,0,0,0)
[MOUSE_MOVE] drawing=true tool=1 drawing at (529.0,439.0)
[handleDrawing] tool=1 brushType=4 eraserSize=12.0 eraserOp=1.00 layer=0x5f7a2b51bd30
[BrushEngine::stampEraser] cx=185.0 cy=356.0 m_eraser=0x5f7a1ec70c58
[GradualEraser::stamp] cx=185.0 cy=356.0 r=6 total=113 skipped_zero=113 erased=0
[GradualEraser::verify] center(185,356) rgba=(0,0,0,0)
[BrushEngine::stampEraser] cx=185.0 cy=357.0 m_eraser=0x5f7a1ec70c58
[GradualEraser::stamp] cx=185.0 cy=357.0 r=6 total=113 skipped_zero=113 erased=0
[GradualEraser::verify] center(185,357) rgba=(0,0,0,0)
[BrushEngine::stampEraser] cx=185.0 cy=357.0 m_eraser=0x5f7a1ec70c58
[GradualEraser::stamp] cx=185.0 cy=357.0 r=6 total=113 skipped_zero=113 erased=0
[GradualEraser::verify] center(185,357) rgba=(0,0,0,0)
[MOUSE_MOVE] drawing=true tool=1 drawing at (530.0,439.0)
[handleDrawing] tool=1 brushType=4 eraserSize=12.0 eraserOp=1.00 layer=0x5f7a2b51bd30
[BrushEngine::stampEraser] cx=185.0 cy=357.0 m_eraser=0x5f7a1ec70c58
[GradualEraser::stamp] cx=185.0 cy=357.0 r=6 total=113 skipped_zero=113 erased=0
[GradualEraser::verify] center(185,357) rgba=(0,0,0,0)
[BrushEngine::stampEraser] cx=186.0 cy=357.0 m_eraser=0x5f7a1ec70c58
[GradualEraser::stamp] cx=186.0 cy=357.0 r=6 total=113 skipped_zero=113 erased=0
[GradualEraser::verify] center(186,357) rgba=(0,0,0,0)
[BrushEngine::stampEraser] cx=186.0 cy=357.0 m_eraser=0x5f7a1ec70c58
[GradualEraser::stamp] cx=186.0 cy=357.0 r=6 total=113 skipped_zero=113 erased=0
[GradualEraser::verify] center(186,357) rgba=(0,0,0,0)
[MOUSE_MOVE] drawing=true tool=1 drawing at (530.0,440.0)
[handleDrawing] tool=1 brushType=4 eraserSize=12.0 eraserOp=1.00 layer=0x5f7a2b51bd30
[BrushEngine::stampEraser] cx=186.0 cy=357.0 m_eraser=0x5f7a1ec70c58
[GradualEraser::stamp] cx=186.0 cy=357.0 r=6 total=113 skipped_zero=113 erased=0
[GradualEraser::verify] center(186,357) rgba=(0,0,0,0)
[BrushEngine::stampEraser] cx=186.0 cy=358.0 m_eraser=0x5f7a1ec70c58
[GradualEraser::stamp] cx=186.0 cy=358.0 r=6 total=113 skipped_zero=113 erased=0
[GradualEraser::verify] center(186,358) rgba=(0,0,0,0)
[BrushEngine::stampEraser] cx=186.0 cy=358.0 m_eraser=0x5f7a1ec70c58
[GradualEraser::stamp] cx=186.0 cy=358.0 r=6 total=113 skipped_zero=113 erased=0
[GradualEraser::verify] center(186,358) rgba=(0,0,0,0)
[CANVAS_UPDATE] recompositing (frameDirty=1 canvasDirty=0)
[CANVAS_UPDATE] sample pixel (186,358): rgba=(0,0,0,0)
[MOUSE_MOVE] drawing=true tool=1 drawing at (531.0,440.0)
[handleDrawing] tool=1 brushType=4 eraserSize=12.0 eraserOp=1.00 layer=0x5f7a2b51bd30
[BrushEngine::stampEraser] cx=186.0 cy=358.0 m_eraser=0x5f7a1ec70c58
[GradualEraser::stamp] cx=186.0 cy=358.0 r=6 total=113 skipped_zero=113 erased=0
[GradualEraser::verify] center(186,358) rgba=(0,0,0,0)
[BrushEngine::stampEraser] cx=187.0 cy=358.0 m_eraser=0x5f7a1ec70c58
[GradualEraser::stamp] cx=187.0 cy=358.0 r=6 total=113 skipped_zero=113 erased=0
[GradualEraser::verify] center(187,358) rgba=(0,0,0,0)
[BrushEngine::stampEraser] cx=187.0 cy=358.0 m_eraser=0x5f7a1ec70c58
[GradualEraser::stamp] cx=187.0 cy=358.0 r=6 total=113 skipped_zero=113 erased=0
[GradualEraser::verify] center(187,358) rgba=(0,0,0,0)
[CANVAS_UPDATE] recompositing (frameDirty=1 canvasDirty=0)
[CANVAS_UPDATE] sample pixel (187,358): rgba=(0,0,0,0)
[MOUSE_MOVE] drawing=true tool=1 drawing at (532.0,440.0)
[handleDrawing] tool=1 brushType=4 eraserSize=12.0 eraserOp=1.00 layer=0x5f7a2b51bd30
[BrushEngine::stampEraser] cx=187.0 cy=358.0 m_eraser=0x5f7a1ec70c58
[GradualEraser::stamp] cx=187.0 cy=358.0 r=6 total=113 skipped_zero=113 erased=0
[GradualEraser::verify] center(187,358) rgba=(0,0,0,0)
[BrushEngine::stampEraser] cx=188.0 cy=358.0 m_eraser=0x5f7a1ec70c58
[GradualEraser::stamp] cx=188.0 cy=358.0 r=6 total=113 skipped_zero=113 erased=0
[GradualEraser::verify] center(188,358) rgba=(0,0,0,0)
[BrushEngine::stampEraser] cx=188.0 cy=358.0 m_eraser=0x5f7a1ec70c58
[GradualEraser::stamp] cx=188.0 cy=358.0 r=6 total=113 skipped_zero=113 erased=0
[GradualEraser::verify] center(188,358) rgba=(0,0,0,0)
[CANVAS_UPDATE] recompositing (frameDirty=1 canvasDirty=0)
[CANVAS_UPDATE] sample pixel (188,358): rgba=(0,0,0,0)
[MOUSE_MOVE] drawing=true tool=1 drawing at (532.0,440.0)
[handleDrawing] tool=1 brushType=4 eraserSize=12.0 eraserOp=1.00 layer=0x5f7a2b51bd30
[BrushEngine::stampEraser] cx=188.0 cy=358.0 m_eraser=0x5f7a1ec70c58
[GradualEraser::stamp] cx=188.0 cy=358.0 r=6 total=113 skipped_zero=113 erased=0
[GradualEraser::verify] center(188,358) rgba=(0,0,0,0)
[BrushEngine::stampEraser] cx=188.0 cy=358.0 m_eraser=0x5f7a1ec70c58
[GradualEraser::stamp] cx=188.0 cy=358.0 r=6 total=113 skipped_zero=113 erased=0
[GradualEraser::verify] center(188,358) rgba=(0,0,0,0)
[BrushEngine::stampEraser] cx=188.0 cy=358.0 m_eraser=0x5f7a1ec70c58
[GradualEraser::stamp] cx=188.0 cy=358.0 r=6 total=113 skipped_zero=113 erased=0
[GradualEraser::verify] center(188,358) rgba=(0,0,0,0)
[MOUSE_MOVE] drawing=true tool=1 drawing at (532.0,439.0)
[handleDrawing] tool=1 brushType=4 eraserSize=12.0 eraserOp=1.00 layer=0x5f7a2b51bd30
[BrushEngine::stampEraser] cx=188.0 cy=358.0 m_eraser=0x5f7a1ec70c58
[GradualEraser::stamp] cx=188.0 cy=358.0 r=6 total=113 skipped_zero=113 erased=0
[GradualEraser::verify] center(188,358) rgba=(0,0,0,0)
[BrushEngine::stampEraser] cx=188.0 cy=357.0 m_eraser=0x5f7a1ec70c58
[GradualEraser::stamp] cx=188.0 cy=357.0 r=6 total=113 skipped_zero=113 erased=0
[GradualEraser::verify] center(188,357) rgba=(0,0,0,0)
[BrushEngine::stampEraser] cx=188.0 cy=357.0 m_eraser=0x5f7a1ec70c58
[GradualEraser::stamp] cx=188.0 cy=357.0 r=6 total=113 skipped_zero=113 erased=0
[GradualEraser::verify] center(188,357) rgba=(0,0,0,0)
[CANVAS_UPDATE] recompositing (frameDirty=1 canvasDirty=0)
[CANVAS_UPDATE] sample pixel (188,357): rgba=(0,0,0,0)
[MOUSE_MOVE] drawing=true tool=1 drawing at (532.0,438.0)
[handleDrawing] tool=1 brushType=4 eraserSize=12.0 eraserOp=1.00 layer=0x5f7a2b51bd30
[BrushEngine::stampEraser] cx=188.0 cy=357.0 m_eraser=0x5f7a1ec70c58
[GradualEraser::stamp] cx=188.0 cy=357.0 r=6 total=113 skipped_zero=113 erased=0
[GradualEraser::verify] center(188,357) rgba=(0,0,0,0)
[BrushEngine::stampEraser] cx=188.0 cy=356.0 m_eraser=0x5f7a1ec70c58
[GradualEraser::stamp] cx=188.0 cy=356.0 r=6 total=113 skipped_zero=113 erased=0
[GradualEraser::verify] center(188,356) rgba=(0,0,0,0)
[BrushEngine::stampEraser] cx=188.0 cy=356.0 m_eraser=0x5f7a1ec70c58
[GradualEraser::stamp] cx=188.0 cy=356.0 r=6 total=113 skipped_zero=113 erased=0
[GradualEraser::verify] center(188,356) rgba=(0,0,0,0)
[MOUSE_MOVE] drawing=true tool=1 drawing at (532.0,437.0)
[handleDrawing] tool=1 brushType=4 eraserSize=12.0 eraserOp=1.00 layer=0x5f7a2b51bd30
[BrushEngine::stampEraser] cx=188.0 cy=356.0 m_eraser=0x5f7a1ec70c58
[GradualEraser::stamp] cx=188.0 cy=356.0 r=6 total=113 skipped_zero=113 erased=0
[GradualEraser::verify] center(188,356) rgba=(0,0,0,0)
[BrushEngine::stampEraser] cx=188.0 cy=355.0 m_eraser=0x5f7a1ec70c58
[GradualEraser::stamp] cx=188.0 cy=355.0 r=6 total=113 skipped_zero=113 erased=0
[GradualEraser::verify] center(188,355) rgba=(0,0,0,0)
[BrushEngine::stampEraser] cx=188.0 cy=355.0 m_eraser=0x5f7a1ec70c58
[GradualEraser::stamp] cx=188.0 cy=355.0 r=6 total=113 skipped_zero=113 erased=0
[GradualEraser::verify] center(188,355) rgba=(0,0,0,0)
[MOUSE_MOVE] drawing=true tool=1 drawing at (532.0,436.0)
[handleDrawing] tool=1 brushType=4 eraserSize=12.0 eraserOp=1.00 layer=0x5f7a2b51bd30
[BrushEngine::stampEraser] cx=188.0 cy=355.0 m_eraser=0x5f7a1ec70c58
[GradualEraser::stamp] cx=188.0 cy=355.0 r=6 total=113 skipped_zero=113 erased=0
[GradualEraser::verify] center(188,355) rgba=(0,0,0,0)
[BrushEngine::stampEraser] cx=188.0 cy=354.0 m_eraser=0x5f7a1ec70c58
[GradualEraser::stamp] cx=188.0 cy=354.0 r=6 total=113 skipped_zero=113 erased=0
[GradualEraser::verify] center(188,354) rgba=(0,0,0,0)
[BrushEngine::stampEraser] cx=188.0 cy=354.0 m_eraser=0x5f7a1ec70c58
[GradualEraser::stamp] cx=188.0 cy=354.0 r=6 total=113 skipped_zero=113 erased=0
[GradualEraser::verify] center(188,354) rgba=(0,0,0,0)
[MOUSE_MOVE] drawing=true tool=1 drawing at (532.0,435.0)
[handleDrawing] tool=1 brushType=4 eraserSize=12.0 eraserOp=1.00 layer=0x5f7a2b51bd30
[BrushEngine::stampEraser] cx=188.0 cy=354.0 m_eraser=0x5f7a1ec70c58
[GradualEraser::stamp] cx=188.0 cy=354.0 r=6 total=113 skipped_zero=113 erased=0
[GradualEraser::verify] center(188,354) rgba=(0,0,0,0)
[BrushEngine::stampEraser] cx=188.0 cy=353.0 m_eraser=0x5f7a1ec70c58
[GradualEraser::stamp] cx=188.0 cy=353.0 r=6 total=113 skipped_zero=113 erased=0
[GradualEraser::verify] center(188,353) rgba=(0,0,0,0)
[BrushEngine::stampEraser] cx=188.0 cy=353.0 m_eraser=0x5f7a1ec70c58
[GradualEraser::stamp] cx=188.0 cy=353.0 r=6 total=113 skipped_zero=113 erased=0
[GradualEraser::verify] center(188,353) rgba=(0,0,0,0)
[MOUSE_MOVE] drawing=true tool=1 drawing at (532.0,434.0)
[handleDrawing] tool=1 brushType=4 eraserSize=12.0 eraserOp=1.00 layer=0x5f7a2b51bd30
[BrushEngine::stampEraser] cx=188.0 cy=353.0 m_eraser=0x5f7a1ec70c58
[GradualEraser::stamp] cx=188.0 cy=353.0 r=6 total=113 skipped_zero=113 erased=0
[GradualEraser::verify] center(188,353) rgba=(0,0,0,0)
[BrushEngine::stampEraser] cx=188.0 cy=352.0 m_eraser=0x5f7a1ec70c58
[GradualEraser::stamp] cx=188.0 cy=352.0 r=6 total=113 skipped_zero=113 erased=0
[GradualEraser::verify] center(188,352) rgba=(0,0,0,0)
[BrushEngine::stampEraser] cx=188.0 cy=352.0 m_eraser=0x5f7a1ec70c58
[GradualEraser::stamp] cx=188.0 cy=352.0 r=6 total=113 skipped_zero=113 erased=0
[GradualEraser::verify] center(188,352) rgba=(0,0,0,0)
[CANVAS_UPDATE] recompositing (frameDirty=1 canvasDirty=0)
[CANVAS_UPDATE] sample pixel (188,352): rgba=(0,0,0,0)
[MOUSE_MOVE] drawing=true tool=1 drawing at (532.0,433.0)
[handleDrawing] tool=1 brushType=4 eraserSize=12.0 eraserOp=1.00 layer=0x5f7a2b51bd30
[BrushEngine::stampEraser] cx=188.0 cy=352.0 m_eraser=0x5f7a1ec70c58
[GradualEraser::stamp] cx=188.0 cy=352.0 r=6 total=113 skipped_zero=113 erased=0
[GradualEraser::verify] center(188,352) rgba=(0,0,0,0)
[BrushEngine::stampEraser] cx=188.0 cy=351.0 m_eraser=0x5f7a1ec70c58
[GradualEraser::stamp] cx=188.0 cy=351.0 r=6 total=113 skipped_zero=113 erased=0
[GradualEraser::verify] center(188,351) rgba=(0,0,0,0)
[BrushEngine::stampEraser] cx=188.0 cy=351.0 m_eraser=0x5f7a1ec70c58
[GradualEraser::stamp] cx=188.0 cy=351.0 r=6 total=113 skipped_zero=113 erased=0
[GradualEraser::verify] center(188,351) rgba=(0,0,0,0)
[MOUSE_MOVE] drawing=true tool=1 drawing at (532.0,432.0)
[handleDrawing] tool=1 brushType=4 eraserSize=12.0 eraserOp=1.00 layer=0x5f7a2b51bd30
[BrushEngine::stampEraser] cx=188.0 cy=351.0 m_eraser=0x5f7a1ec70c58
[GradualEraser::stamp] cx=188.0 cy=351.0 r=6 total=113 skipped_zero=113 erased=0
[GradualEraser::verify] center(188,351) rgba=(0,0,0,0)
[BrushEngine::stampEraser] cx=188.0 cy=350.0 m_eraser=0x5f7a1ec70c58
[GradualEraser::stamp] cx=188.0 cy=350.0 r=6 total=113 skipped_zero=113 erased=0
[GradualEraser::verify] center(188,350) rgba=(0,0,0,0)
[BrushEngine::stampEraser] cx=188.0 cy=350.0 m_eraser=0x5f7a1ec70c58
[GradualEraser::stamp] cx=188.0 cy=350.0 r=6 total=113 skipped_zero=113 erased=0
[GradualEraser::verify] center(188,350) rgba=(0,0,0,0)
[MOUSE_MOVE] drawing=true tool=1 drawing at (532.0,431.0)
[handleDrawing] tool=1 brushType=4 eraserSize=12.0 eraserOp=1.00 layer=0x5f7a2b51bd30
[BrushEngine::stampEraser] cx=188.0 cy=350.0 m_eraser=0x5f7a1ec70c58
[GradualEraser::stamp] cx=188.0 cy=350.0 r=6 total=113 skipped_zero=113 erased=0
[GradualEraser::verify] center(188,350) rgba=(0,0,0,0)
[BrushEngine::stampEraser] cx=188.0 cy=349.0 m_eraser=0x5f7a1ec70c58
[GradualEraser::stamp] cx=188.0 cy=349.0 r=6 total=113 skipped_zero=113 erased=0
[GradualEraser::verify] center(188,349) rgba=(0,0,0,0)
[BrushEngine::stampEraser] cx=188.0 cy=349.0 m_eraser=0x5f7a1ec70c58
[GradualEraser::stamp] cx=188.0 cy=349.0 r=6 total=113 skipped_zero=113 erased=0
[GradualEraser::verify] center(188,349) rgba=(0,0,0,0)
[MOUSE_MOVE] drawing=true tool=1 drawing at (532.0,430.0)
[handleDrawing] tool=1 brushType=4 eraserSize=12.0 eraserOp=1.00 layer=0x5f7a2b51bd30
[BrushEngine::stampEraser] cx=188.0 cy=349.0 m_eraser=0x5f7a1ec70c58
[GradualEraser::stamp] cx=188.0 cy=349.0 r=6 total=113 skipped_zero=113 erased=0
[GradualEraser::verify] center(188,349) rgba=(0,0,0,0)
[BrushEngine::stampEraser] cx=188.0 cy=348.0 m_eraser=0x5f7a1ec70c58
[GradualEraser::stamp] cx=188.0 cy=348.0 r=6 total=113 skipped_zero=113 erased=0
[GradualEraser::verify] center(188,348) rgba=(0,0,0,0)
[BrushEngine::stampEraser] cx=188.0 cy=348.0 m_eraser=0x5f7a1ec70c58
[GradualEraser::stamp] cx=188.0 cy=348.0 r=6 total=113 skipped_zero=113 erased=0
[GradualEraser::verify] center(188,348) rgba=(0,0,0,0)
[MOUSE_MOVE] drawing=true tool=1 drawing at (532.0,429.0)
[handleDrawing] tool=1 brushType=4 eraserSize=12.0 eraserOp=1.00 layer=0x5f7a2b51bd30
[BrushEngine::stampEraser] cx=188.0 cy=348.0 m_eraser=0x5f7a1ec70c58
[GradualEraser::stamp] cx=188.0 cy=348.0 r=6 total=113 skipped_zero=113 erased=0
[GradualEraser::verify] center(188,348) rgba=(0,0,0,0)
[BrushEngine::stampEraser] cx=188.0 cy=347.0 m_eraser=0x5f7a1ec70c58
[GradualEraser::stamp] cx=188.0 cy=347.0 r=6 total=113 skipped_zero=113 erased=0
[GradualEraser::verify] center(188,347) rgba=(0,0,0,0)
[BrushEngine::stampEraser] cx=188.0 cy=347.0 m_eraser=0x5f7a1ec70c58
[GradualEraser::stamp] cx=188.0 cy=347.0 r=6 total=113 skipped_zero=113 erased=0
[GradualEraser::verify] center(188,347) rgba=(0,0,0,0)
[CANVAS_UPDATE] recompositing (frameDirty=1 canvasDirty=0)
[CANVAS_UPDATE] sample pixel (188,347): rgba=(0,0,0,0)
[MOUSE_MOVE] drawing=true tool=1 drawing at (532.0,428.0)
[handleDrawing] tool=1 brushType=4 eraserSize=12.0 eraserOp=1.00 layer=0x5f7a2b51bd30
[BrushEngine::stampEraser] cx=188.0 cy=347.0 m_eraser=0x5f7a1ec70c58
[GradualEraser::stamp] cx=188.0 cy=347.0 r=6 total=113 skipped_zero=113 erased=0
[GradualEraser::verify] center(188,347) rgba=(0,0,0,0)
[BrushEngine::stampEraser] cx=188.0 cy=346.0 m_eraser=0x5f7a1ec70c58
[GradualEraser::stamp] cx=188.0 cy=346.0 r=6 total=113 skipped_zero=113 erased=0
[GradualEraser::verify] center(188,346) rgba=(0,0,0,0)
[BrushEngine::stampEraser] cx=188.0 cy=346.0 m_eraser=0x5f7a1ec70c58
[GradualEraser::stamp] cx=188.0 cy=346.0 r=6 total=113 skipped_zero=113 erased=0
[GradualEraser::verify] center(188,346) rgba=(0,0,0,0)
[MOUSE_MOVE] drawing=true tool=1 drawing at (532.0,426.0)
[handleDrawing] tool=1 brushType=4 eraserSize=12.0 eraserOp=1.00 layer=0x5f7a2b51bd30
[BrushEngine::stampEraser] cx=188.0 cy=346.0 m_eraser=0x5f7a1ec70c58
[GradualEraser::stamp] cx=188.0 cy=346.0 r=6 total=113 skipped_zero=113 erased=0
[GradualEraser::verify] center(188,346) rgba=(0,0,0,0)
[BrushEngine::stampEraser] cx=188.0 cy=344.0 m_eraser=0x5f7a1ec70c58
[GradualEraser::stamp] cx=188.0 cy=344.0 r=6 total=113 skipped_zero=113 erased=0
[GradualEraser::verify] center(188,344) rgba=(0,0,0,0)
[BrushEngine::stampEraser] cx=188.0 cy=344.0 m_eraser=0x5f7a1ec70c58
[GradualEraser::stamp] cx=188.0 cy=344.0 r=6 total=113 skipped_zero=113 erased=0
[GradualEraser::verify] center(188,344) rgba=(0,0,0,0)
[MOUSE_MOVE] drawing=true tool=1 drawing at (532.0,425.0)
[handleDrawing] tool=1 brushType=4 eraserSize=12.0 eraserOp=1.00 layer=0x5f7a2b51bd30
[BrushEngine::stampEraser] cx=188.0 cy=344.0 m_eraser=0x5f7a1ec70c58
[GradualEraser::stamp] cx=188.0 cy=344.0 r=6 total=113 skipped_zero=113 erased=0
[GradualEraser::verify] center(188,344) rgba=(0,0,0,0)
[BrushEngine::stampEraser] cx=188.0 cy=343.0 m_eraser=0x5f7a1ec70c58
[GradualEraser::stamp] cx=188.0 cy=343.0 r=6 total=113 skipped_zero=113 erased=0
[GradualEraser::verify] center(188,343) rgba=(0,0,0,0)
[BrushEngine::stampEraser] cx=188.0 cy=343.0 m_eraser=0x5f7a1ec70c58
[GradualEraser::stamp] cx=188.0 cy=343.0 r=6 total=113 skipped_zero=113 erased=0
[GradualEraser::verify] center(188,343) rgba=(0,0,0,0)
[MOUSE_MOVE] drawing=true tool=1 drawing at (532.0,424.0)
[handleDrawing] tool=1 brushType=4 eraserSize=12.0 eraserOp=1.00 layer=0x5f7a2b51bd30
[BrushEngine::stampEraser] cx=188.0 cy=343.0 m_eraser=0x5f7a1ec70c58
[GradualEraser::stamp] cx=188.0 cy=343.0 r=6 total=113 skipped_zero=113 erased=0
[GradualEraser::verify] center(188,343) rgba=(0,0,0,0)
[BrushEngine::stampEraser] cx=188.0 cy=342.0 m_eraser=0x5f7a1ec70c58
[GradualEraser::stamp] cx=188.0 cy=342.0 r=6 total=113 skipped_zero=113 erased=0
[GradualEraser::verify] center(188,342) rgba=(0,0,0,0)
[BrushEngine::stampEraser] cx=188.0 cy=342.0 m_eraser=0x5f7a1ec70c58
[GradualEraser::stamp] cx=188.0 cy=342.0 r=6 total=113 skipped_zero=113 erased=0
[GradualEraser::verify] center(188,342) rgba=(0,0,0,0)
[MOUSE_MOVE] drawing=true tool=1 drawing at (532.0,423.0)
[handleDrawing] tool=1 brushType=4 eraserSize=12.0 eraserOp=1.00 layer=0x5f7a2b51bd30
[BrushEngine::stampEraser] cx=188.0 cy=342.0 m_eraser=0x5f7a1ec70c58
[GradualEraser::stamp] cx=188.0 cy=342.0 r=6 total=113 skipped_zero=113 erased=0
[GradualEraser::verify] center(188,342) rgba=(0,0,0,0)
[BrushEngine::stampEraser] cx=188.0 cy=341.0 m_eraser=0x5f7a1ec70c58
[GradualEraser::stamp] cx=188.0 cy=341.0 r=6 total=113 skipped_zero=113 erased=0
[GradualEraser::verify] center(188,341) rgba=(0,0,0,0)
[BrushEngine::stampEraser] cx=188.0 cy=341.0 m_eraser=0x5f7a1ec70c58
[GradualEraser::stamp] cx=188.0 cy=341.0 r=6 total=113 skipped_zero=113 erased=0
[GradualEraser::verify] center(188,341) rgba=(0,0,0,0)
[CANVAS_UPDATE] recompositing (frameDirty=1 canvasDirty=0)
[CANVAS_UPDATE] sample pixel (188,341): rgba=(0,0,0,0)
[MOUSE_MOVE] drawing=true tool=1 drawing at (532.0,422.0)
[handleDrawing] tool=1 brushType=4 eraserSize=12.0 eraserOp=1.00 layer=0x5f7a2b51bd30
[BrushEngine::stampEraser] cx=188.0 cy=341.0 m_eraser=0x5f7a1ec70c58
[GradualEraser::stamp] cx=188.0 cy=341.0 r=6 total=113 skipped_zero=113 erased=0
[GradualEraser::verify] center(188,341) rgba=(0,0,0,0)
[BrushEngine::stampEraser] cx=188.0 cy=340.0 m_eraser=0x5f7a1ec70c58
[GradualEraser::stamp] cx=188.0 cy=340.0 r=6 total=113 skipped_zero=113 erased=0
[GradualEraser::verify] center(188,340) rgba=(0,0,0,0)
[BrushEngine::stampEraser] cx=188.0 cy=340.0 m_eraser=0x5f7a1ec70c58
[GradualEraser::stamp] cx=188.0 cy=340.0 r=6 total=113 skipped_zero=113 erased=0
[GradualEraser::verify] center(188,340) rgba=(0,0,0,0)
[MOUSE_MOVE] drawing=true tool=1 drawing at (532.0,421.0)
[handleDrawing] tool=1 brushType=4 eraserSize=12.0 eraserOp=1.00 layer=0x5f7a2b51bd30
[BrushEngine::stampEraser] cx=188.0 cy=340.0 m_eraser=0x5f7a1ec70c58
[GradualEraser::stamp] cx=188.0 cy=340.0 r=6 total=113 skipped_zero=113 erased=0
[GradualEraser::verify] center(188,340) rgba=(0,0,0,0)
[BrushEngine::stampEraser] cx=188.0 cy=339.0 m_eraser=0x5f7a1ec70c58
[GradualEraser::stamp] cx=188.0 cy=339.0 r=6 total=113 skipped_zero=113 erased=0
[GradualEraser::verify] center(188,339) rgba=(0,0,0,0)
[BrushEngine::stampEraser] cx=188.0 cy=339.0 m_eraser=0x5f7a1ec70c58
[GradualEraser::stamp] cx=188.0 cy=339.0 r=6 total=113 skipped_zero=113 erased=0
[GradualEraser::verify] center(188,339) rgba=(0,0,0,0)
[MOUSE_MOVE] drawing=true tool=1 drawing at (532.0,420.0)
[handleDrawing] tool=1 brushType=4 eraserSize=12.0 eraserOp=1.00 layer=0x5f7a2b51bd30
[BrushEngine::stampEraser] cx=188.0 cy=339.0 m_eraser=0x5f7a1ec70c58
[GradualEraser::stamp] cx=188.0 cy=339.0 r=6 total=113 skipped_zero=113 erased=0
[GradualEraser::verify] center(188,339) rgba=(0,0,0,0)
[BrushEngine::stampEraser] cx=188.0 cy=338.0 m_eraser=0x5f7a1ec70c58
[GradualEraser::stamp] cx=188.0 cy=338.0 r=6 total=113 skipped_zero=113 erased=0
[GradualEraser::verify] center(188,338) rgba=(0,0,0,0)
[BrushEngine::stampEraser] cx=188.0 cy=338.0 m_eraser=0x5f7a1ec70c58
[GradualEraser::stamp] cx=188.0 cy=338.0 r=6 total=113 skipped_zero=113 erased=0
[GradualEraser::verify] center(188,338) rgba=(0,0,0,0)
[CANVAS_UPDATE] recompositing (frameDirty=1 canvasDirty=0)
[CANVAS_UPDATE] sample pixel (188,338): rgba=(0,0,0,0)
[MOUSE_MOVE] drawing=true tool=1 drawing at (532.0,419.0)
[handleDrawing] tool=1 brushType=4 eraserSize=12.0 eraserOp=1.00 layer=0x5f7a2b51bd30
[BrushEngine::stampEraser] cx=188.0 cy=338.0 m_eraser=0x5f7a1ec70c58
[GradualEraser::stamp] cx=188.0 cy=338.0 r=6 total=113 skipped_zero=113 erased=0
[GradualEraser::verify] center(188,338) rgba=(0,0,0,0)
[BrushEngine::stampEraser] cx=188.0 cy=337.0 m_eraser=0x5f7a1ec70c58
[GradualEraser::stamp] cx=188.0 cy=337.0 r=6 total=113 skipped_zero=113 erased=0
[GradualEraser::verify] center(188,337) rgba=(0,0,0,0)
[BrushEngine::stampEraser] cx=188.0 cy=337.0 m_eraser=0x5f7a1ec70c58
[GradualEraser::stamp] cx=188.0 cy=337.0 r=6 total=113 skipped_zero=113 erased=0
[GradualEraser::verify] center(188,337) rgba=(0,0,0,0)
[CANVAS_UPDATE] recompositing (frameDirty=1 canvasDirty=0)
[CANVAS_UPDATE] sample pixel (188,337): rgba=(0,0,0,0)
[MOUSE_MOVE] drawing=true tool=1 drawing at (532.0,420.0)
[handleDrawing] tool=1 brushType=4 eraserSize=12.0 eraserOp=1.00 layer=0x5f7a2b51bd30
[BrushEngine::stampEraser] cx=188.0 cy=337.0 m_eraser=0x5f7a1ec70c58
[GradualEraser::stamp] cx=188.0 cy=337.0 r=6 total=113 skipped_zero=113 erased=0
[GradualEraser::verify] center(188,337) rgba=(0,0,0,0)
[BrushEngine::stampEraser] cx=188.0 cy=338.0 m_eraser=0x5f7a1ec70c58
[GradualEraser::stamp] cx=188.0 cy=338.0 r=6 total=113 skipped_zero=113 erased=0
[GradualEraser::verify] center(188,338) rgba=(0,0,0,0)
[BrushEngine::stampEraser] cx=188.0 cy=338.0 m_eraser=0x5f7a1ec70c58
[GradualEraser::stamp] cx=188.0 cy=338.0 r=6 total=113 skipped_zero=113 erased=0
[GradualEraser::verify] center(188,338) rgba=(0,0,0,0)
[CANVAS_UPDATE] recompositing (frameDirty=1 canvasDirty=0)
[CANVAS_UPDATE] sample pixel (188,338): rgba=(0,0,0,0)
[MOUSE_MOVE] drawing=true tool=1 drawing at (532.0,421.0)
[handleDrawing] tool=1 brushType=4 eraserSize=12.0 eraserOp=1.00 layer=0x5f7a2b51bd30
[BrushEngine::stampEraser] cx=188.0 cy=338.0 m_eraser=0x5f7a1ec70c58
[GradualEraser::stamp] cx=188.0 cy=338.0 r=6 total=113 skipped_zero=113 erased=0
[GradualEraser::verify] center(188,338) rgba=(0,0,0,0)
[BrushEngine::stampEraser] cx=188.0 cy=339.0 m_eraser=0x5f7a1ec70c58
[GradualEraser::stamp] cx=188.0 cy=339.0 r=6 total=113 skipped_zero=113 erased=0
[GradualEraser::verify] center(188,339) rgba=(0,0,0,0)
[BrushEngine::stampEraser] cx=188.0 cy=339.0 m_eraser=0x5f7a1ec70c58
[GradualEraser::stamp] cx=188.0 cy=339.0 r=6 total=113 skipped_zero=113 erased=0
[GradualEraser::verify] center(188,339) rgba=(0,0,0,0)
[MOUSE_MOVE] drawing=true tool=1 drawing at (532.0,422.0)
[handleDrawing] tool=1 brushType=4 eraserSize=12.0 eraserOp=1.00 layer=0x5f7a2b51bd30
[BrushEngine::stampEraser] cx=188.0 cy=339.0 m_eraser=0x5f7a1ec70c58
[GradualEraser::stamp] cx=188.0 cy=339.0 r=6 total=113 skipped_zero=113 erased=0
[GradualEraser::verify] center(188,339) rgba=(0,0,0,0)
[BrushEngine::stampEraser] cx=188.0 cy=340.0 m_eraser=0x5f7a1ec70c58
[GradualEraser::stamp] cx=188.0 cy=340.0 r=6 total=113 skipped_zero=113 erased=0
[GradualEraser::verify] center(188,340) rgba=(0,0,0,0)
[BrushEngine::stampEraser] cx=188.0 cy=340.0 m_eraser=0x5f7a1ec70c58
[GradualEraser::stamp] cx=188.0 cy=340.0 r=6 total=113 skipped_zero=113 erased=0
[GradualEraser::verify] center(188,340) rgba=(0,0,0,0)
[MOUSE_MOVE] drawing=true tool=1 drawing at (531.0,423.0)
[handleDrawing] tool=1 brushType=4 eraserSize=12.0 eraserOp=1.00 layer=0x5f7a2b51bd30
[BrushEngine::stampEraser] cx=188.0 cy=340.0 m_eraser=0x5f7a1ec70c58
[GradualEraser::stamp] cx=188.0 cy=340.0 r=6 total=113 skipped_zero=113 erased=0
[GradualEraser::verify] center(188,340) rgba=(0,0,0,0)
[BrushEngine::stampEraser] cx=187.0 cy=341.0 m_eraser=0x5f7a1ec70c58
[GradualEraser::stamp] cx=187.0 cy=341.0 r=6 total=113 skipped_zero=113 erased=0
[GradualEraser::verify] center(187,341) rgba=(0,0,0,0)
[BrushEngine::stampEraser] cx=187.0 cy=341.0 m_eraser=0x5f7a1ec70c58
[GradualEraser::stamp] cx=187.0 cy=341.0 r=6 total=113 skipped_zero=113 erased=0
[GradualEraser::verify] center(187,341) rgba=(0,0,0,0)
[MOUSE_MOVE] drawing=true tool=1 drawing at (531.0,424.0)
[handleDrawing] tool=1 brushType=4 eraserSize=12.0 eraserOp=1.00 layer=0x5f7a2b51bd30
[BrushEngine::stampEraser] cx=187.0 cy=341.0 m_eraser=0x5f7a1ec70c58
[GradualEraser::stamp] cx=187.0 cy=341.0 r=6 total=113 skipped_zero=113 erased=0
[GradualEraser::verify] center(187,341) rgba=(0,0,0,0)
[BrushEngine::stampEraser] cx=187.0 cy=342.0 m_eraser=0x5f7a1ec70c58
[GradualEraser::stamp] cx=187.0 cy=342.0 r=6 total=113 skipped_zero=113 erased=0
[GradualEraser::verify] center(187,342) rgba=(0,0,0,0)
[BrushEngine::stampEraser] cx=187.0 cy=342.0 m_eraser=0x5f7a1ec70c58
[GradualEraser::stamp] cx=187.0 cy=342.0 r=6 total=113 skipped_zero=113 erased=0
[GradualEraser::verify] center(187,342) rgba=(0,0,0,0)
[CANVAS_UPDATE] recompositing (frameDirty=1 canvasDirty=0)
[CANVAS_UPDATE] sample pixel (187,342): rgba=(0,0,0,0)
[MOUSE_MOVE] drawing=true tool=1 drawing at (531.0,425.0)
[handleDrawing] tool=1 brushType=4 eraserSize=12.0 eraserOp=1.00 layer=0x5f7a2b51bd30
[BrushEngine::stampEraser] cx=187.0 cy=342.0 m_eraser=0x5f7a1ec70c58
[GradualEraser::stamp] cx=187.0 cy=342.0 r=6 total=113 skipped_zero=113 erased=0
[GradualEraser::verify] center(187,342) rgba=(0,0,0,0)
[BrushEngine::stampEraser] cx=187.0 cy=343.0 m_eraser=0x5f7a1ec70c58
[GradualEraser::stamp] cx=187.0 cy=343.0 r=6 total=113 skipped_zero=113 erased=0
[GradualEraser::verify] center(187,343) rgba=(0,0,0,0)
[BrushEngine::stampEraser] cx=187.0 cy=343.0 m_eraser=0x5f7a1ec70c58
[GradualEraser::stamp] cx=187.0 cy=343.0 r=6 total=113 skipped_zero=113 erased=0
[GradualEraser::verify] center(187,343) rgba=(0,0,0,0)
[CANVAS_UPDATE] recompositing (frameDirty=1 canvasDirty=0)
[CANVAS_UPDATE] sample pixel (187,343): rgba=(0,0,0,0)
[MOUSE_MOVE] drawing=true tool=1 drawing at (531.0,426.0)
[handleDrawing] tool=1 brushType=4 eraserSize=12.0 eraserOp=1.00 layer=0x5f7a2b51bd30
[BrushEngine::stampEraser] cx=187.0 cy=343.0 m_eraser=0x5f7a1ec70c58
[GradualEraser::stamp] cx=187.0 cy=343.0 r=6 total=113 skipped_zero=113 erased=0
[GradualEraser::verify] center(187,343) rgba=(0,0,0,0)
[BrushEngine::stampEraser] cx=187.0 cy=344.0 m_eraser=0x5f7a1ec70c58
[GradualEraser::stamp] cx=187.0 cy=344.0 r=6 total=113 skipped_zero=113 erased=0
[GradualEraser::verify] center(187,344) rgba=(0,0,0,0)
[BrushEngine::stampEraser] cx=187.0 cy=344.0 m_eraser=0x5f7a1ec70c58
[GradualEraser::stamp] cx=187.0 cy=344.0 r=6 total=113 skipped_zero=113 erased=0
[GradualEraser::verify] center(187,344) rgba=(0,0,0,0)
[CANVAS_UPDATE] recompositing (frameDirty=1 canvasDirty=0)
[CANVAS_UPDATE] sample pixel (187,344): rgba=(0,0,0,0)
[MOUSE_MOVE] drawing=true tool=1 drawing at (530.0,426.0)
[handleDrawing] tool=1 brushType=4 eraserSize=12.0 eraserOp=1.00 layer=0x5f7a2b51bd30
[BrushEngine::stampEraser] cx=187.0 cy=344.0 m_eraser=0x5f7a1ec70c58
[GradualEraser::stamp] cx=187.0 cy=344.0 r=6 total=113 skipped_zero=113 erased=0
[GradualEraser::verify] center(187,344) rgba=(0,0,0,0)
[BrushEngine::stampEraser] cx=186.0 cy=344.0 m_eraser=0x5f7a1ec70c58
[GradualEraser::stamp] cx=186.0 cy=344.0 r=6 total=113 skipped_zero=113 erased=0
[GradualEraser::verify] center(186,344) rgba=(0,0,0,0)
[BrushEngine::stampEraser] cx=186.0 cy=344.0 m_eraser=0x5f7a1ec70c58
[GradualEraser::stamp] cx=186.0 cy=344.0 r=6 total=113 skipped_zero=113 erased=0
[GradualEraser::verify] center(186,344) rgba=(0,0,0,0)
[CANVAS_UPDATE] recompositing (frameDirty=1 canvasDirty=0)
[CANVAS_UPDATE] sample pixel (186,344): rgba=(0,0,0,0)
[MOUSE_MOVE] drawing=true tool=1 drawing at (530.0,425.0)
[handleDrawing] tool=1 brushType=4 eraserSize=12.0 eraserOp=1.00 layer=0x5f7a2b51bd30
[BrushEngine::stampEraser] cx=186.0 cy=344.0 m_eraser=0x5f7a1ec70c58
[GradualEraser::stamp] cx=186.0 cy=344.0 r=6 total=113 skipped_zero=113 erased=0
[GradualEraser::verify] center(186,344) rgba=(0,0,0,0)
[BrushEngine::stampEraser] cx=186.0 cy=343.0 m_eraser=0x5f7a1ec70c58
[GradualEraser::stamp] cx=186.0 cy=343.0 r=6 total=113 skipped_zero=113 erased=0
[GradualEraser::verify] center(186,343) rgba=(0,0,0,0)
[BrushEngine::stampEraser] cx=186.0 cy=343.0 m_eraser=0x5f7a1ec70c58
[GradualEraser::stamp] cx=186.0 cy=343.0 r=6 total=113 skipped_zero=113 erased=0
[GradualEraser::verify] center(186,343) rgba=(0,0,0,0)
[MOUSE_MOVE] drawing=true tool=1 drawing at (530.0,424.0)
[handleDrawing] tool=1 brushType=4 eraserSize=12.0 eraserOp=1.00 layer=0x5f7a2b51bd30
[BrushEngine::stampEraser] cx=186.0 cy=343.0 m_eraser=0x5f7a1ec70c58
[GradualEraser::stamp] cx=186.0 cy=343.0 r=6 total=113 skipped_zero=113 erased=0
[GradualEraser::verify] center(186,343) rgba=(0,0,0,0)
[BrushEngine::stampEraser] cx=186.0 cy=342.0 m_eraser=0x5f7a1ec70c58
[GradualEraser::stamp] cx=186.0 cy=342.0 r=6 total=113 skipped_zero=113 erased=0
[GradualEraser::verify] center(186,342) rgba=(0,0,0,0)
[BrushEngine::stampEraser] cx=186.0 cy=342.0 m_eraser=0x5f7a1ec70c58
[GradualEraser::stamp] cx=186.0 cy=342.0 r=6 total=113 skipped_zero=113 erased=0
[GradualEraser::verify] center(186,342) rgba=(0,0,0,0)
[CANVAS_UPDATE] recompositing (frameDirty=1 canvasDirty=0)
[CANVAS_UPDATE] sample pixel (186,342): rgba=(0,0,0,0)
[MOUSE_MOVE] drawing=true tool=1 drawing at (530.0,422.0)
[handleDrawing] tool=1 brushType=4 eraserSize=12.0 eraserOp=1.00 layer=0x5f7a2b51bd30
[BrushEngine::stampEraser] cx=186.0 cy=342.0 m_eraser=0x5f7a1ec70c58
[GradualEraser::stamp] cx=186.0 cy=342.0 r=6 total=113 skipped_zero=113 erased=0
[GradualEraser::verify] center(186,342) rgba=(0,0,0,0)
[BrushEngine::stampEraser] cx=186.0 cy=340.0 m_eraser=0x5f7a1ec70c58
[GradualEraser::stamp] cx=186.0 cy=340.0 r=6 total=113 skipped_zero=113 erased=0
[GradualEraser::verify] center(186,340) rgba=(0,0,0,0)
[BrushEngine::stampEraser] cx=186.0 cy=340.0 m_eraser=0x5f7a1ec70c58
[GradualEraser::stamp] cx=186.0 cy=340.0 r=6 total=113 skipped_zero=113 erased=0
[GradualEraser::verify] center(186,340) rgba=(0,0,0,0)
[MOUSE_MOVE] drawing=true tool=1 drawing at (530.0,421.0)
[handleDrawing] tool=1 brushType=4 eraserSize=12.0 eraserOp=1.00 layer=0x5f7a2b51bd30
[BrushEngine::stampEraser] cx=186.0 cy=340.0 m_eraser=0x5f7a1ec70c58
[GradualEraser::stamp] cx=186.0 cy=340.0 r=6 total=113 skipped_zero=113 erased=0
[GradualEraser::verify] center(186,340) rgba=(0,0,0,0)
[BrushEngine::stampEraser] cx=186.0 cy=339.0 m_eraser=0x5f7a1ec70c58
[GradualEraser::stamp] cx=186.0 cy=339.0 r=6 total=113 skipped_zero=113 erased=0
[GradualEraser::verify] center(186,339) rgba=(0,0,0,0)
[BrushEngine::stampEraser] cx=186.0 cy=339.0 m_eraser=0x5f7a1ec70c58
[GradualEraser::stamp] cx=186.0 cy=339.0 r=6 total=113 skipped_zero=113 erased=0
[GradualEraser::verify] center(186,339) rgba=(0,0,0,0)
[MOUSE_MOVE] drawing=true tool=1 drawing at (530.0,420.0)
[handleDrawing] tool=1 brushType=4 eraserSize=12.0 eraserOp=1.00 layer=0x5f7a2b51bd30
[BrushEngine::stampEraser] cx=186.0 cy=339.0 m_eraser=0x5f7a1ec70c58
[GradualEraser::stamp] cx=186.0 cy=339.0 r=6 total=113 skipped_zero=113 erased=0
[GradualEraser::verify] center(186,339) rgba=(0,0,0,0)
[BrushEngine::stampEraser] cx=186.0 cy=338.0 m_eraser=0x5f7a1ec70c58
[GradualEraser::stamp] cx=186.0 cy=338.0 r=6 total=113 skipped_zero=113 erased=0
[GradualEraser::verify] center(186,338) rgba=(0,0,0,0)
[BrushEngine::stampEraser] cx=186.0 cy=338.0 m_eraser=0x5f7a1ec70c58
[GradualEraser::stamp] cx=186.0 cy=338.0 r=6 total=113 skipped_zero=113 erased=0
[GradualEraser::verify] center(186,338) rgba=(0,0,0,0)
[MOUSE_MOVE] drawing=true tool=1 drawing at (530.0,419.0)
[handleDrawing] tool=1 brushType=4 eraserSize=12.0 eraserOp=1.00 layer=0x5f7a2b51bd30
[BrushEngine::stampEraser] cx=186.0 cy=338.0 m_eraser=0x5f7a1ec70c58
[GradualEraser::stamp] cx=186.0 cy=338.0 r=6 total=113 skipped_zero=113 erased=0
[GradualEraser::verify] center(186,338) rgba=(0,0,0,0)
[BrushEngine::stampEraser] cx=186.0 cy=337.0 m_eraser=0x5f7a1ec70c58
[GradualEraser::stamp] cx=186.0 cy=337.0 r=6 total=113 skipped_zero=113 erased=0
[GradualEraser::verify] center(186,337) rgba=(0,0,0,0)
[BrushEngine::stampEraser] cx=186.0 cy=337.0 m_eraser=0x5f7a1ec70c58
[GradualEraser::stamp] cx=186.0 cy=337.0 r=6 total=113 skipped_zero=113 erased=0
[GradualEraser::verify] center(186,337) rgba=(0,0,0,0)
[MOUSE_MOVE] drawing=true tool=1 drawing at (530.0,418.0)
[handleDrawing] tool=1 brushType=4 eraserSize=12.0 eraserOp=1.00 layer=0x5f7a2b51bd30
[BrushEngine::stampEraser] cx=186.0 cy=337.0 m_eraser=0x5f7a1ec70c58
[GradualEraser::stamp] cx=186.0 cy=337.0 r=6 total=113 skipped_zero=113 erased=0
[GradualEraser::verify] center(186,337) rgba=(0,0,0,0)
[BrushEngine::stampEraser] cx=186.0 cy=336.0 m_eraser=0x5f7a1ec70c58
[GradualEraser::stamp] cx=186.0 cy=336.0 r=6 total=113 skipped_zero=113 erased=0
[GradualEraser::verify] center(186,336) rgba=(0,0,0,0)
[BrushEngine::stampEraser] cx=186.0 cy=336.0 m_eraser=0x5f7a1ec70c58
[GradualEraser::stamp] cx=186.0 cy=336.0 r=6 total=113 skipped_zero=113 erased=0
[GradualEraser::verify] center(186,336) rgba=(0,0,0,0)
[MOUSE_MOVE] drawing=true tool=1 drawing at (530.0,417.0)
[handleDrawing] tool=1 brushType=4 eraserSize=12.0 eraserOp=1.00 layer=0x5f7a2b51bd30
[BrushEngine::stampEraser] cx=186.0 cy=336.0 m_eraser=0x5f7a1ec70c58
[GradualEraser::stamp] cx=186.0 cy=336.0 r=6 total=113 skipped_zero=113 erased=0
[GradualEraser::verify] center(186,336) rgba=(0,0,0,0)
[BrushEngine::stampEraser] cx=186.0 cy=335.0 m_eraser=0x5f7a1ec70c58
[GradualEraser::stamp] cx=186.0 cy=335.0 r=6 total=113 skipped_zero=113 erased=0
[GradualEraser::verify] center(186,335) rgba=(0,0,0,0)
[BrushEngine::stampEraser] cx=186.0 cy=335.0 m_eraser=0x5f7a1ec70c58
[GradualEraser::stamp] cx=186.0 cy=335.0 r=6 total=113 skipped_zero=113 erased=0
[GradualEraser::verify] center(186,335) rgba=(0,0,0,0)
[CANVAS_UPDATE] recompositing (frameDirty=1 canvasDirty=0)
[CANVAS_UPDATE] sample pixel (186,335): rgba=(0,0,0,0)
[MOUSE_MOVE] drawing=true tool=1 drawing at (530.0,416.0)
[handleDrawing] tool=1 brushType=4 eraserSize=12.0 eraserOp=1.00 layer=0x5f7a2b51bd30
[BrushEngine::stampEraser] cx=186.0 cy=335.0 m_eraser=0x5f7a1ec70c58
[GradualEraser::stamp] cx=186.0 cy=335.0 r=6 total=113 skipped_zero=113 erased=0
[GradualEraser::verify] center(186,335) rgba=(0,0,0,0)
[BrushEngine::stampEraser] cx=186.0 cy=334.0 m_eraser=0x5f7a1ec70c58
[GradualEraser::stamp] cx=186.0 cy=334.0 r=6 total=113 skipped_zero=113 erased=0
[GradualEraser::verify] center(186,334) rgba=(0,0,0,0)
[BrushEngine::stampEraser] cx=186.0 cy=334.0 m_eraser=0x5f7a1ec70c58
[GradualEraser::stamp] cx=186.0 cy=334.0 r=6 total=113 skipped_zero=113 erased=0
[GradualEraser::verify] center(186,334) rgba=(0,0,0,0)
[MOUSE_MOVE] drawing=true tool=1 drawing at (530.0,415.0)
[handleDrawing] tool=1 brushType=4 eraserSize=12.0 eraserOp=1.00 layer=0x5f7a2b51bd30
[BrushEngine::stampEraser] cx=186.0 cy=334.0 m_eraser=0x5f7a1ec70c58
[GradualEraser::stamp] cx=186.0 cy=334.0 r=6 total=113 skipped_zero=113 erased=0
[GradualEraser::verify] center(186,334) rgba=(0,0,0,0)
[BrushEngine::stampEraser] cx=186.0 cy=333.0 m_eraser=0x5f7a1ec70c58
[GradualEraser::stamp] cx=186.0 cy=333.0 r=6 total=113 skipped_zero=113 erased=0
[GradualEraser::verify] center(186,333) rgba=(0,0,0,0)
[BrushEngine::stampEraser] cx=186.0 cy=333.0 m_eraser=0x5f7a1ec70c58
[GradualEraser::stamp] cx=186.0 cy=333.0 r=6 total=113 skipped_zero=113 erased=0
[GradualEraser::verify] center(186,333) rgba=(0,0,0,0)
[MOUSE_MOVE] drawing=true tool=1 drawing at (530.0,414.0)
[handleDrawing] tool=1 brushType=4 eraserSize=12.0 eraserOp=1.00 layer=0x5f7a2b51bd30
[BrushEngine::stampEraser] cx=186.0 cy=333.0 m_eraser=0x5f7a1ec70c58
[GradualEraser::stamp] cx=186.0 cy=333.0 r=6 total=113 skipped_zero=113 erased=0
[GradualEraser::verify] center(186,333) rgba=(0,0,0,0)
[BrushEngine::stampEraser] cx=186.0 cy=332.0 m_eraser=0x5f7a1ec70c58
[GradualEraser::stamp] cx=186.0 cy=332.0 r=6 total=113 skipped_zero=113 erased=0
[GradualEraser::verify] center(186,332) rgba=(0,0,0,0)
[BrushEngine::stampEraser] cx=186.0 cy=332.0 m_eraser=0x5f7a1ec70c58
[GradualEraser::stamp] cx=186.0 cy=332.0 r=6 total=113 skipped_zero=113 erased=0
[GradualEraser::verify] center(186,332) rgba=(0,0,0,0)
[MOUSE_MOVE] drawing=true tool=1 drawing at (530.0,413.0)
[handleDrawing] tool=1 brushType=4 eraserSize=12.0 eraserOp=1.00 layer=0x5f7a2b51bd30
[BrushEngine::stampEraser] cx=186.0 cy=332.0 m_eraser=0x5f7a1ec70c58
[GradualEraser::stamp] cx=186.0 cy=332.0 r=6 total=113 skipped_zero=113 erased=0
[GradualEraser::verify] center(186,332) rgba=(0,0,0,0)
[BrushEngine::stampEraser] cx=186.0 cy=331.0 m_eraser=0x5f7a1ec70c58
[GradualEraser::stamp] cx=186.0 cy=331.0 r=6 total=113 skipped_zero=113 erased=0
[GradualEraser::verify] center(186,331) rgba=(0,0,0,0)
[BrushEngine::stampEraser] cx=186.0 cy=331.0 m_eraser=0x5f7a1ec70c58
[GradualEraser::stamp] cx=186.0 cy=331.0 r=6 total=113 skipped_zero=113 erased=0
[GradualEraser::verify] center(186,331) rgba=(0,0,0,0)
[MOUSE_MOVE] drawing=true tool=1 drawing at (530.0,412.0)
[handleDrawing] tool=1 brushType=4 eraserSize=12.0 eraserOp=1.00 layer=0x5f7a2b51bd30
[BrushEngine::stampEraser] cx=186.0 cy=331.0 m_eraser=0x5f7a1ec70c58
[GradualEraser::stamp] cx=186.0 cy=331.0 r=6 total=113 skipped_zero=113 erased=0
[GradualEraser::verify] center(186,331) rgba=(0,0,0,0)
[BrushEngine::stampEraser] cx=186.0 cy=330.0 m_eraser=0x5f7a1ec70c58
[GradualEraser::stamp] cx=186.0 cy=330.0 r=6 total=113 skipped_zero=113 erased=0
[GradualEraser::verify] center(186,330) rgba=(0,0,0,0)
[BrushEngine::stampEraser] cx=186.0 cy=330.0 m_eraser=0x5f7a1ec70c58
[GradualEraser::stamp] cx=186.0 cy=330.0 r=6 total=113 skipped_zero=113 erased=0
[GradualEraser::verify] center(186,330) rgba=(0,0,0,0)
[CANVAS_UPDATE] recompositing (frameDirty=1 canvasDirty=0)
[CANVAS_UPDATE] sample pixel (186,330): rgba=(0,0,0,0)
[MOUSE_MOVE] drawing=true tool=1 drawing at (529.0,411.0)
[handleDrawing] tool=1 brushType=4 eraserSize=12.0 eraserOp=1.00 layer=0x5f7a2b51bd30
[BrushEngine::stampEraser] cx=186.0 cy=330.0 m_eraser=0x5f7a1ec70c58
[GradualEraser::stamp] cx=186.0 cy=330.0 r=6 total=113 skipped_zero=113 erased=0
[GradualEraser::verify] center(186,330) rgba=(0,0,0,0)
[BrushEngine::stampEraser] cx=185.0 cy=329.0 m_eraser=0x5f7a1ec70c58
[GradualEraser::stamp] cx=185.0 cy=329.0 r=6 total=113 skipped_zero=113 erased=0
[GradualEraser::verify] center(185,329) rgba=(0,0,0,0)
[BrushEngine::stampEraser] cx=185.0 cy=329.0 m_eraser=0x5f7a1ec70c58
[GradualEraser::stamp] cx=185.0 cy=329.0 r=6 total=113 skipped_zero=113 erased=0
[GradualEraser::verify] center(185,329) rgba=(0,0,0,0)
[MOUSE_MOVE] drawing=true tool=1 drawing at (529.0,410.0)
[handleDrawing] tool=1 brushType=4 eraserSize=12.0 eraserOp=1.00 layer=0x5f7a2b51bd30
[BrushEngine::stampEraser] cx=185.0 cy=329.0 m_eraser=0x5f7a1ec70c58
[GradualEraser::stamp] cx=185.0 cy=329.0 r=6 total=113 skipped_zero=113 erased=0
[GradualEraser::verify] center(185,329) rgba=(0,0,0,0)
[BrushEngine::stampEraser] cx=185.0 cy=328.0 m_eraser=0x5f7a1ec70c58
[GradualEraser::stamp] cx=185.0 cy=328.0 r=6 total=113 skipped_zero=113 erased=0
[GradualEraser::verify] center(185,328) rgba=(0,0,0,0)
[BrushEngine::stampEraser] cx=185.0 cy=328.0 m_eraser=0x5f7a1ec70c58
[GradualEraser::stamp] cx=185.0 cy=328.0 r=6 total=113 skipped_zero=113 erased=0
[GradualEraser::verify] center(185,328) rgba=(0,0,0,0)
[MOUSE_MOVE] drawing=true tool=1 drawing at (529.0,409.0)
[handleDrawing] tool=1 brushType=4 eraserSize=12.0 eraserOp=1.00 layer=0x5f7a2b51bd30
[BrushEngine::stampEraser] cx=185.0 cy=328.0 m_eraser=0x5f7a1ec70c58
[GradualEraser::stamp] cx=185.0 cy=328.0 r=6 total=113 skipped_zero=113 erased=0
[GradualEraser::verify] center(185,328) rgba=(0,0,0,0)
[BrushEngine::stampEraser] cx=185.0 cy=327.0 m_eraser=0x5f7a1ec70c58
[GradualEraser::stamp] cx=185.0 cy=327.0 r=6 total=113 skipped_zero=113 erased=0
[GradualEraser::verify] center(185,327) rgba=(0,0,0,0)
[BrushEngine::stampEraser] cx=185.0 cy=327.0 m_eraser=0x5f7a1ec70c58
[GradualEraser::stamp] cx=185.0 cy=327.0 r=6 total=113 skipped_zero=113 erased=0
[GradualEraser::verify] center(185,327) rgba=(0,0,0,0)
[MOUSE_MOVE] drawing=true tool=1 drawing at (529.0,408.0)
[handleDrawing] tool=1 brushType=4 eraserSize=12.0 eraserOp=1.00 layer=0x5f7a2b51bd30
[BrushEngine::stampEraser] cx=185.0 cy=327.0 m_eraser=0x5f7a1ec70c58
[GradualEraser::stamp] cx=185.0 cy=327.0 r=6 total=113 skipped_zero=113 erased=0
[GradualEraser::verify] center(185,327) rgba=(0,0,0,0)
[BrushEngine::stampEraser] cx=185.0 cy=326.0 m_eraser=0x5f7a1ec70c58
[GradualEraser::stamp] cx=185.0 cy=326.0 r=6 total=113 skipped_zero=113 erased=0
[GradualEraser::verify] center(185,326) rgba=(0,0,0,0)
[BrushEngine::stampEraser] cx=185.0 cy=326.0 m_eraser=0x5f7a1ec70c58
[GradualEraser::stamp] cx=185.0 cy=326.0 r=6 total=113 skipped_zero=113 erased=0
[GradualEraser::verify] center(185,326) rgba=(0,0,0,0)
[MOUSE_MOVE] drawing=true tool=1 drawing at (529.0,407.0)
[handleDrawing] tool=1 brushType=4 eraserSize=12.0 eraserOp=1.00 layer=0x5f7a2b51bd30
[BrushEngine::stampEraser] cx=185.0 cy=326.0 m_eraser=0x5f7a1ec70c58
[GradualEraser::stamp] cx=185.0 cy=326.0 r=6 total=113 skipped_zero=113 erased=0
[GradualEraser::verify] center(185,326) rgba=(0,0,0,0)
[BrushEngine::stampEraser] cx=185.0 cy=325.0 m_eraser=0x5f7a1ec70c58
[GradualEraser::stamp] cx=185.0 cy=325.0 r=6 total=113 skipped_zero=113 erased=0
[GradualEraser::verify] center(185,325) rgba=(0,0,0,0)
[BrushEngine::stampEraser] cx=185.0 cy=325.0 m_eraser=0x5f7a1ec70c58
[GradualEraser::stamp] cx=185.0 cy=325.0 r=6 total=113 skipped_zero=113 erased=0
[GradualEraser::verify] center(185,325) rgba=(0,0,0,0)
[MOUSE_MOVE] drawing=true tool=1 drawing at (529.0,406.0)
[handleDrawing] tool=1 brushType=4 eraserSize=12.0 eraserOp=1.00 layer=0x5f7a2b51bd30
[BrushEngine::stampEraser] cx=185.0 cy=325.0 m_eraser=0x5f7a1ec70c58
[GradualEraser::stamp] cx=185.0 cy=325.0 r=6 total=113 skipped_zero=113 erased=0
[GradualEraser::verify] center(185,325) rgba=(0,0,0,0)
[BrushEngine::stampEraser] cx=185.0 cy=324.0 m_eraser=0x5f7a1ec70c58
[GradualEraser::stamp] cx=185.0 cy=324.0 r=6 total=113 skipped_zero=112 erased=1
[GradualEraser::verify] center(185,324) rgba=(0,0,0,0)
[BrushEngine::stampEraser] cx=185.0 cy=324.0 m_eraser=0x5f7a1ec70c58
[GradualEraser::stamp] cx=185.0 cy=324.0 r=6 total=113 skipped_zero=113 erased=0
[GradualEraser::verify] center(185,324) rgba=(0,0,0,0)
[MOUSE_MOVE] drawing=true tool=1 drawing at (529.0,405.0)
[handleDrawing] tool=1 brushType=4 eraserSize=12.0 eraserOp=1.00 layer=0x5f7a2b51bd30
[BrushEngine::stampEraser] cx=185.0 cy=324.0 m_eraser=0x5f7a1ec70c58
[GradualEraser::stamp] cx=185.0 cy=324.0 r=6 total=113 skipped_zero=113 erased=0
[GradualEraser::verify] center(185,324) rgba=(0,0,0,0)
[BrushEngine::stampEraser] cx=185.0 cy=323.0 m_eraser=0x5f7a1ec70c58
[GradualEraser::stamp] cx=185.0 cy=323.0 r=6 total=113 skipped_zero=111 erased=2
[GradualEraser::verify] center(185,323) rgba=(0,0,0,0)
[BrushEngine::stampEraser] cx=185.0 cy=323.0 m_eraser=0x5f7a1ec70c58
[GradualEraser::stamp] cx=185.0 cy=323.0 r=6 total=113 skipped_zero=113 erased=0
[GradualEraser::verify] center(185,323) rgba=(0,0,0,0)
[CANVAS_UPDATE] recompositing (frameDirty=1 canvasDirty=0)
[CANVAS_UPDATE] sample pixel (185,323): rgba=(255,101,50,255)
[MOUSE_MOVE] drawing=true tool=1 drawing at (529.0,404.0)
[handleDrawing] tool=1 brushType=4 eraserSize=12.0 eraserOp=1.00 layer=0x5f7a2b51bd30
[BrushEngine::stampEraser] cx=185.0 cy=323.0 m_eraser=0x5f7a1ec70c58
[GradualEraser::stamp] cx=185.0 cy=323.0 r=6 total=113 skipped_zero=113 erased=0
[GradualEraser::verify] center(185,323) rgba=(0,0,0,0)
[BrushEngine::stampEraser] cx=185.0 cy=322.0 m_eraser=0x5f7a1ec70c58
[GradualEraser::stamp] cx=185.0 cy=322.0 r=6 total=113 skipped_zero=112 erased=1
[GradualEraser::verify] center(185,322) rgba=(0,0,0,0)
[BrushEngine::stampEraser] cx=185.0 cy=322.0 m_eraser=0x5f7a1ec70c58
[GradualEraser::stamp] cx=185.0 cy=322.0 r=6 total=113 skipped_zero=113 erased=0
[GradualEraser::verify] center(185,322) rgba=(0,0,0,0)
[MOUSE_MOVE] drawing=true tool=1 drawing at (529.0,403.0)
[handleDrawing] tool=1 brushType=4 eraserSize=12.0 eraserOp=1.00 layer=0x5f7a2b51bd30
[BrushEngine::stampEraser] cx=185.0 cy=322.0 m_eraser=0x5f7a1ec70c58
[GradualEraser::stamp] cx=185.0 cy=322.0 r=6 total=113 skipped_zero=113 erased=0
[GradualEraser::verify] center(185,322) rgba=(0,0,0,0)
[BrushEngine::stampEraser] cx=185.0 cy=321.0 m_eraser=0x5f7a1ec70c58
[GradualEraser::stamp] cx=185.0 cy=321.0 r=6 total=113 skipped_zero=113 erased=0
[GradualEraser::verify] center(185,321) rgba=(0,0,0,0)
[BrushEngine::stampEraser] cx=185.0 cy=321.0 m_eraser=0x5f7a1ec70c58
[GradualEraser::stamp] cx=185.0 cy=321.0 r=6 total=113 skipped_zero=113 erased=0
[GradualEraser::verify] center(185,321) rgba=(0,0,0,0)
[MOUSE_MOVE] drawing=true tool=1 drawing at (529.0,402.0)
[handleDrawing] tool=1 brushType=4 eraserSize=12.0 eraserOp=1.00 layer=0x5f7a2b51bd30
[BrushEngine::stampEraser] cx=185.0 cy=321.0 m_eraser=0x5f7a1ec70c58
[GradualEraser::stamp] cx=185.0 cy=321.0 r=6 total=113 skipped_zero=113 erased=0
[GradualEraser::verify] center(185,321) rgba=(0,0,0,0)
[BrushEngine::stampEraser] cx=185.0 cy=320.0 m_eraser=0x5f7a1ec70c58
[GradualEraser::stamp] cx=185.0 cy=320.0 r=6 total=113 skipped_zero=113 erased=0
[GradualEraser::verify] center(185,320) rgba=(0,0,0,0)
[BrushEngine::stampEraser] cx=185.0 cy=320.0 m_eraser=0x5f7a1ec70c58
[GradualEraser::stamp] cx=185.0 cy=320.0 r=6 total=113 skipped_zero=113 erased=0
[GradualEraser::verify] center(185,320) rgba=(0,0,0,0)
[MOUSE_MOVE] drawing=true tool=1 drawing at (529.0,401.0)
[handleDrawing] tool=1 brushType=4 eraserSize=12.0 eraserOp=1.00 layer=0x5f7a2b51bd30
[BrushEngine::stampEraser] cx=185.0 cy=320.0 m_eraser=0x5f7a1ec70c58
[GradualEraser::stamp] cx=185.0 cy=320.0 r=6 total=113 skipped_zero=113 erased=0
[GradualEraser::verify] center(185,320) rgba=(0,0,0,0)
[BrushEngine::stampEraser] cx=185.0 cy=319.0 m_eraser=0x5f7a1ec70c58
[GradualEraser::stamp] cx=185.0 cy=319.0 r=6 total=113 skipped_zero=113 erased=0
[GradualEraser::verify] center(185,319) rgba=(0,0,0,0)
[BrushEngine::stampEraser] cx=185.0 cy=319.0 m_eraser=0x5f7a1ec70c58
[GradualEraser::stamp] cx=185.0 cy=319.0 r=6 total=113 skipped_zero=113 erased=0
[GradualEraser::verify] center(185,319) rgba=(0,0,0,0)
[CANVAS_UPDATE] recompositing (frameDirty=1 canvasDirty=0)
[CANVAS_UPDATE] sample pixel (185,319): rgba=(255,101,50,255)
[MOUSE_MOVE] drawing=true tool=1 drawing at (528.0,400.0)
[handleDrawing] tool=1 brushType=4 eraserSize=12.0 eraserOp=1.00 layer=0x5f7a2b51bd30
[BrushEngine::stampEraser] cx=185.0 cy=319.0 m_eraser=0x5f7a1ec70c58
[GradualEraser::stamp] cx=185.0 cy=319.0 r=6 total=113 skipped_zero=113 erased=0
[GradualEraser::verify] center(185,319) rgba=(0,0,0,0)
[BrushEngine::stampEraser] cx=184.0 cy=318.0 m_eraser=0x5f7a1ec70c58
[GradualEraser::stamp] cx=184.0 cy=318.0 r=6 total=113 skipped_zero=113 erased=0
[GradualEraser::verify] center(184,318) rgba=(0,0,0,0)
[BrushEngine::stampEraser] cx=184.0 cy=318.0 m_eraser=0x5f7a1ec70c58
[GradualEraser::stamp] cx=184.0 cy=318.0 r=6 total=113 skipped_zero=113 erased=0
[GradualEraser::verify] center(184,318) rgba=(0,0,0,0)
[CANVAS_UPDATE] recompositing (frameDirty=1 canvasDirty=0)
[CANVAS_UPDATE] sample pixel (184,318): rgba=(255,101,50,255)
[MOUSE_MOVE] drawing=true tool=1 drawing at (528.0,399.0)
[handleDrawing] tool=1 brushType=4 eraserSize=12.0 eraserOp=1.00 layer=0x5f7a2b51bd30
[BrushEngine::stampEraser] cx=184.0 cy=318.0 m_eraser=0x5f7a1ec70c58
[GradualEraser::stamp] cx=184.0 cy=318.0 r=6 total=113 skipped_zero=113 erased=0
[GradualEraser::verify] center(184,318) rgba=(0,0,0,0)
[BrushEngine::stampEraser] cx=184.0 cy=317.0 m_eraser=0x5f7a1ec70c58
[GradualEraser::stamp] cx=184.0 cy=317.0 r=6 total=113 skipped_zero=113 erased=0
[GradualEraser::verify] center(184,317) rgba=(0,0,0,0)
[BrushEngine::stampEraser] cx=184.0 cy=317.0 m_eraser=0x5f7a1ec70c58
[GradualEraser::stamp] cx=184.0 cy=317.0 r=6 total=113 skipped_zero=113 erased=0
[GradualEraser::verify] center(184,317) rgba=(0,0,0,0)
[MOUSE_MOVE] drawing=true tool=1 drawing at (527.0,399.0)
[handleDrawing] tool=1 brushType=4 eraserSize=12.0 eraserOp=1.00 layer=0x5f7a2b51bd30
[BrushEngine::stampEraser] cx=184.0 cy=317.0 m_eraser=0x5f7a1ec70c58
[GradualEraser::stamp] cx=184.0 cy=317.0 r=6 total=113 skipped_zero=113 erased=0
[GradualEraser::verify] center(184,317) rgba=(0,0,0,0)
[BrushEngine::stampEraser] cx=183.0 cy=317.0 m_eraser=0x5f7a1ec70c58
[GradualEraser::stamp] cx=183.0 cy=317.0 r=6 total=113 skipped_zero=113 erased=0
[GradualEraser::verify] center(183,317) rgba=(0,0,0,0)
[BrushEngine::stampEraser] cx=183.0 cy=317.0 m_eraser=0x5f7a1ec70c58
[GradualEraser::stamp] cx=183.0 cy=317.0 r=6 total=113 skipped_zero=113 erased=0
[GradualEraser::verify] center(183,317) rgba=(0,0,0,0)
[CANVAS_UPDATE] recompositing (frameDirty=1 canvasDirty=0)
[CANVAS_UPDATE] sample pixel (183,317): rgba=(255,101,50,255)
[MOUSE_MOVE] drawing=true tool=1 drawing at (527.0,398.0)
[handleDrawing] tool=1 brushType=4 eraserSize=12.0 eraserOp=1.00 layer=0x5f7a2b51bd30
[BrushEngine::stampEraser] cx=183.0 cy=317.0 m_eraser=0x5f7a1ec70c58
[GradualEraser::stamp] cx=183.0 cy=317.0 r=6 total=113 skipped_zero=113 erased=0
[GradualEraser::verify] center(183,317) rgba=(0,0,0,0)
[BrushEngine::stampEraser] cx=183.0 cy=316.0 m_eraser=0x5f7a1ec70c58
[GradualEraser::stamp] cx=183.0 cy=316.0 r=6 total=113 skipped_zero=113 erased=0
[GradualEraser::verify] center(183,316) rgba=(0,0,0,0)
[BrushEngine::stampEraser] cx=183.0 cy=316.0 m_eraser=0x5f7a1ec70c58
[GradualEraser::stamp] cx=183.0 cy=316.0 r=6 total=113 skipped_zero=113 erased=0
[GradualEraser::verify] center(183,316) rgba=(0,0,0,0)
[CANVAS_UPDATE] recompositing (frameDirty=1 canvasDirty=0)
[CANVAS_UPDATE] sample pixel (183,316): rgba=(0,0,0,0)
[MOUSE_MOVE] drawing=true tool=1 drawing at (526.0,398.0)
[handleDrawing] tool=1 brushType=4 eraserSize=12.0 eraserOp=1.00 layer=0x5f7a2b51bd30
[BrushEngine::stampEraser] cx=183.0 cy=316.0 m_eraser=0x5f7a1ec70c58
[GradualEraser::stamp] cx=183.0 cy=316.0 r=6 total=113 skipped_zero=113 erased=0
[GradualEraser::verify] center(183,316) rgba=(0,0,0,0)
[BrushEngine::stampEraser] cx=182.0 cy=316.0 m_eraser=0x5f7a1ec70c58
[GradualEraser::stamp] cx=182.0 cy=316.0 r=6 total=113 skipped_zero=113 erased=0
[GradualEraser::verify] center(182,316) rgba=(0,0,0,0)
[BrushEngine::stampEraser] cx=182.0 cy=316.0 m_eraser=0x5f7a1ec70c58
[GradualEraser::stamp] cx=182.0 cy=316.0 r=6 total=113 skipped_zero=113 erased=0
[GradualEraser::verify] center(182,316) rgba=(0,0,0,0)
[MOUSE_MOVE] drawing=true tool=1 drawing at (526.0,399.0)
[handleDrawing] tool=1 brushType=4 eraserSize=12.0 eraserOp=1.00 layer=0x5f7a2b51bd30
[BrushEngine::stampEraser] cx=182.0 cy=316.0 m_eraser=0x5f7a1ec70c58
[GradualEraser::stamp] cx=182.0 cy=316.0 r=6 total=113 skipped_zero=113 erased=0
[GradualEraser::verify] center(182,316) rgba=(0,0,0,0)
[BrushEngine::stampEraser] cx=182.0 cy=317.0 m_eraser=0x5f7a1ec70c58
[GradualEraser::stamp] cx=182.0 cy=317.0 r=6 total=113 skipped_zero=113 erased=0
[GradualEraser::verify] center(182,317) rgba=(0,0,0,0)
[BrushEngine::stampEraser] cx=182.0 cy=317.0 m_eraser=0x5f7a1ec70c58
[GradualEraser::stamp] cx=182.0 cy=317.0 r=6 total=113 skipped_zero=113 erased=0
[GradualEraser::verify] center(182,317) rgba=(0,0,0,0)
[MOUSE_MOVE] drawing=true tool=1 drawing at (525.0,399.0)
[handleDrawing] tool=1 brushType=4 eraserSize=12.0 eraserOp=1.00 layer=0x5f7a2b51bd30
[BrushEngine::stampEraser] cx=182.0 cy=317.0 m_eraser=0x5f7a1ec70c58
[GradualEraser::stamp] cx=182.0 cy=317.0 r=6 total=113 skipped_zero=113 erased=0
[GradualEraser::verify] center(182,317) rgba=(0,0,0,0)
[BrushEngine::stampEraser] cx=181.0 cy=317.0 m_eraser=0x5f7a1ec70c58
[GradualEraser::stamp] cx=181.0 cy=317.0 r=6 total=113 skipped_zero=113 erased=0
[GradualEraser::verify] center(181,317) rgba=(0,0,0,0)
[BrushEngine::stampEraser] cx=181.0 cy=317.0 m_eraser=0x5f7a1ec70c58
[GradualEraser::stamp] cx=181.0 cy=317.0 r=6 total=113 skipped_zero=113 erased=0
[GradualEraser::verify] center(181,317) rgba=(0,0,0,0)
[MOUSE_MOVE] drawing=true tool=1 drawing at (525.0,400.0)
[handleDrawing] tool=1 brushType=4 eraserSize=12.0 eraserOp=1.00 layer=0x5f7a2b51bd30
[BrushEngine::stampEraser] cx=181.0 cy=317.0 m_eraser=0x5f7a1ec70c58
[GradualEraser::stamp] cx=181.0 cy=317.0 r=6 total=113 skipped_zero=113 erased=0
[GradualEraser::verify] center(181,317) rgba=(0,0,0,0)
[BrushEngine::stampEraser] cx=181.0 cy=318.0 m_eraser=0x5f7a1ec70c58
[GradualEraser::stamp] cx=181.0 cy=318.0 r=6 total=113 skipped_zero=113 erased=0
[GradualEraser::verify] center(181,318) rgba=(0,0,0,0)
[BrushEngine::stampEraser] cx=181.0 cy=318.0 m_eraser=0x5f7a1ec70c58
[GradualEraser::stamp] cx=181.0 cy=318.0 r=6 total=113 skipped_zero=113 erased=0
[GradualEraser::verify] center(181,318) rgba=(0,0,0,0)
[MOUSE_MOVE] drawing=true tool=1 drawing at (525.0,401.0)
[handleDrawing] tool=1 brushType=4 eraserSize=12.0 eraserOp=1.00 layer=0x5f7a2b51bd30
[BrushEngine::stampEraser] cx=181.0 cy=318.0 m_eraser=0x5f7a1ec70c58
[GradualEraser::stamp] cx=181.0 cy=318.0 r=6 total=113 skipped_zero=113 erased=0
[GradualEraser::verify] center(181,318) rgba=(0,0,0,0)
[BrushEngine::stampEraser] cx=181.0 cy=319.0 m_eraser=0x5f7a1ec70c58
[GradualEraser::stamp] cx=181.0 cy=319.0 r=6 total=113 skipped_zero=113 erased=0
[GradualEraser::verify] center(181,319) rgba=(0,0,0,0)
[BrushEngine::stampEraser] cx=181.0 cy=319.0 m_eraser=0x5f7a1ec70c58
[GradualEraser::stamp] cx=181.0 cy=319.0 r=6 total=113 skipped_zero=113 erased=0
[GradualEraser::verify] center(181,319) rgba=(0,0,0,0)
[MOUSE_MOVE] drawing=true tool=1 drawing at (524.0,401.0)
[handleDrawing] tool=1 brushType=4 eraserSize=12.0 eraserOp=1.00 layer=0x5f7a2b51bd30
[BrushEngine::stampEraser] cx=181.0 cy=319.0 m_eraser=0x5f7a1ec70c58
[GradualEraser::stamp] cx=181.0 cy=319.0 r=6 total=113 skipped_zero=113 erased=0
[GradualEraser::verify] center(181,319) rgba=(0,0,0,0)
[BrushEngine::stampEraser] cx=180.0 cy=319.0 m_eraser=0x5f7a1ec70c58
[GradualEraser::stamp] cx=180.0 cy=319.0 r=6 total=113 skipped_zero=113 erased=0
[GradualEraser::verify] center(180,319) rgba=(0,0,0,0)
[BrushEngine::stampEraser] cx=180.0 cy=319.0 m_eraser=0x5f7a1ec70c58
[GradualEraser::stamp] cx=180.0 cy=319.0 r=6 total=113 skipped_zero=113 erased=0
[GradualEraser::verify] center(180,319) rgba=(0,0,0,0)
[MOUSE_MOVE] drawing=true tool=1 drawing at (524.0,403.0)
[handleDrawing] tool=1 brushType=4 eraserSize=12.0 eraserOp=1.00 layer=0x5f7a2b51bd30
[BrushEngine::stampEraser] cx=180.0 cy=319.0 m_eraser=0x5f7a1ec70c58
[GradualEraser::stamp] cx=180.0 cy=319.0 r=6 total=113 skipped_zero=113 erased=0
[GradualEraser::verify] center(180,319) rgba=(0,0,0,0)
[BrushEngine::stampEraser] cx=180.0 cy=321.0 m_eraser=0x5f7a1ec70c58
[GradualEraser::stamp] cx=180.0 cy=321.0 r=6 total=113 skipped_zero=113 erased=0
[GradualEraser::verify] center(180,321) rgba=(0,0,0,0)
[BrushEngine::stampEraser] cx=180.0 cy=321.0 m_eraser=0x5f7a1ec70c58
[GradualEraser::stamp] cx=180.0 cy=321.0 r=6 total=113 skipped_zero=113 erased=0
[GradualEraser::verify] center(180,321) rgba=(0,0,0,0)
[CANVAS_UPDATE] recompositing (frameDirty=1 canvasDirty=0)
[CANVAS_UPDATE] sample pixel (180,321): rgba=(255,101,50,255)
[MOUSE_MOVE] drawing=true tool=1 drawing at (523.0,403.0)
[handleDrawing] tool=1 brushType=4 eraserSize=12.0 eraserOp=1.00 layer=0x5f7a2b51bd30
[BrushEngine::stampEraser] cx=180.0 cy=321.0 m_eraser=0x5f7a1ec70c58
[GradualEraser::stamp] cx=180.0 cy=321.0 r=6 total=113 skipped_zero=113 erased=0
[GradualEraser::verify] center(180,321) rgba=(0,0,0,0)
[BrushEngine::stampEraser] cx=179.0 cy=321.0 m_eraser=0x5f7a1ec70c58
[GradualEraser::stamp] cx=179.0 cy=321.0 r=6 total=113 skipped_zero=113 erased=0
[GradualEraser::verify] center(179,321) rgba=(0,0,0,0)
[BrushEngine::stampEraser] cx=179.0 cy=321.0 m_eraser=0x5f7a1ec70c58
[GradualEraser::stamp] cx=179.0 cy=321.0 r=6 total=113 skipped_zero=113 erased=0
[GradualEraser::verify] center(179,321) rgba=(0,0,0,0)
[MOUSE_MOVE] drawing=true tool=1 drawing at (523.0,404.0)
[handleDrawing] tool=1 brushType=4 eraserSize=12.0 eraserOp=1.00 layer=0x5f7a2b51bd30
[BrushEngine::stampEraser] cx=179.0 cy=321.0 m_eraser=0x5f7a1ec70c58
[GradualEraser::stamp] cx=179.0 cy=321.0 r=6 total=113 skipped_zero=113 erased=0
[GradualEraser::verify] center(179,321) rgba=(0,0,0,0)
[BrushEngine::stampEraser] cx=179.0 cy=322.0 m_eraser=0x5f7a1ec70c58
[GradualEraser::stamp] cx=179.0 cy=322.0 r=6 total=113 skipped_zero=113 erased=0
[GradualEraser::verify] center(179,322) rgba=(0,0,0,0)
[BrushEngine::stampEraser] cx=179.0 cy=322.0 m_eraser=0x5f7a1ec70c58
[GradualEraser::stamp] cx=179.0 cy=322.0 r=6 total=113 skipped_zero=113 erased=0
[GradualEraser::verify] center(179,322) rgba=(0,0,0,0)
[MOUSE_MOVE] drawing=true tool=1 drawing at (523.0,405.0)
[handleDrawing] tool=1 brushType=4 eraserSize=12.0 eraserOp=1.00 layer=0x5f7a2b51bd30
[BrushEngine::stampEraser] cx=179.0 cy=322.0 m_eraser=0x5f7a1ec70c58
[GradualEraser::stamp] cx=179.0 cy=322.0 r=6 total=113 skipped_zero=113 erased=0
[GradualEraser::verify] center(179,322) rgba=(0,0,0,0)
[BrushEngine::stampEraser] cx=179.0 cy=323.0 m_eraser=0x5f7a1ec70c58
[GradualEraser::stamp] cx=179.0 cy=323.0 r=6 total=113 skipped_zero=113 erased=0
[GradualEraser::verify] center(179,323) rgba=(0,0,0,0)
[BrushEngine::stampEraser] cx=179.0 cy=323.0 m_eraser=0x5f7a1ec70c58
[GradualEraser::stamp] cx=179.0 cy=323.0 r=6 total=113 skipped_zero=113 erased=0
[GradualEraser::verify] center(179,323) rgba=(0,0,0,0)
[MOUSE_MOVE] drawing=true tool=1 drawing at (521.0,406.0)
[handleDrawing] tool=1 brushType=4 eraserSize=12.0 eraserOp=1.00 layer=0x5f7a2b51bd30
[BrushEngine::stampEraser] cx=179.0 cy=323.0 m_eraser=0x5f7a1ec70c58
[GradualEraser::stamp] cx=179.0 cy=323.0 r=6 total=113 skipped_zero=113 erased=0
[GradualEraser::verify] center(179,323) rgba=(0,0,0,0)
[BrushEngine::stampEraser] cx=177.0 cy=324.0 m_eraser=0x5f7a1ec70c58
[GradualEraser::stamp] cx=177.0 cy=324.0 r=6 total=113 skipped_zero=113 erased=0
[GradualEraser::verify] center(177,324) rgba=(0,0,0,0)
[BrushEngine::stampEraser] cx=177.0 cy=324.0 m_eraser=0x5f7a1ec70c58
[GradualEraser::stamp] cx=177.0 cy=324.0 r=6 total=113 skipped_zero=113 erased=0
[GradualEraser::verify] center(177,324) rgba=(0,0,0,0)
[MOUSE_MOVE] drawing=true tool=1 drawing at (521.0,407.0)
[handleDrawing] tool=1 brushType=4 eraserSize=12.0 eraserOp=1.00 layer=0x5f7a2b51bd30
[BrushEngine::stampEraser] cx=177.0 cy=324.0 m_eraser=0x5f7a1ec70c58
[GradualEraser::stamp] cx=177.0 cy=324.0 r=6 total=113 skipped_zero=113 erased=0
[GradualEraser::verify] center(177,324) rgba=(0,0,0,0)
[BrushEngine::stampEraser] cx=177.0 cy=325.0 m_eraser=0x5f7a1ec70c58
[GradualEraser::stamp] cx=177.0 cy=325.0 r=6 total=113 skipped_zero=113 erased=0
[GradualEraser::verify] center(177,325) rgba=(0,0,0,0)
[BrushEngine::stampEraser] cx=177.0 cy=325.0 m_eraser=0x5f7a1ec70c58
[GradualEraser::stamp] cx=177.0 cy=325.0 r=6 total=113 skipped_zero=113 erased=0
[GradualEraser::verify] center(177,325) rgba=(0,0,0,0)
[MOUSE_MOVE] drawing=true tool=1 drawing at (520.0,408.0)
[handleDrawing] tool=1 brushType=4 eraserSize=12.0 eraserOp=1.00 layer=0x5f7a2b51bd30
[BrushEngine::stampEraser] cx=177.0 cy=325.0 m_eraser=0x5f7a1ec70c58
[GradualEraser::stamp] cx=177.0 cy=325.0 r=6 total=113 skipped_zero=113 erased=0
[GradualEraser::verify] center(177,325) rgba=(0,0,0,0)
[BrushEngine::stampEraser] cx=176.0 cy=326.0 m_eraser=0x5f7a1ec70c58
[GradualEraser::stamp] cx=176.0 cy=326.0 r=6 total=113 skipped_zero=113 erased=0
[GradualEraser::verify] center(176,326) rgba=(0,0,0,0)
[BrushEngine::stampEraser] cx=176.0 cy=326.0 m_eraser=0x5f7a1ec70c58
[GradualEraser::stamp] cx=176.0 cy=326.0 r=6 total=113 skipped_zero=113 erased=0
[GradualEraser::verify] center(176,326) rgba=(0,0,0,0)
[CANVAS_UPDATE] recompositing (frameDirty=1 canvasDirty=0)
[CANVAS_UPDATE] sample pixel (176,326): rgba=(255,101,50,255)
[MOUSE_MOVE] drawing=true tool=1 drawing at (520.0,409.0)
[handleDrawing] tool=1 brushType=4 eraserSize=12.0 eraserOp=1.00 layer=0x5f7a2b51bd30
[BrushEngine::stampEraser] cx=176.0 cy=326.0 m_eraser=0x5f7a1ec70c58
[GradualEraser::stamp] cx=176.0 cy=326.0 r=6 total=113 skipped_zero=113 erased=0
[GradualEraser::verify] center(176,326) rgba=(0,0,0,0)
[BrushEngine::stampEraser] cx=176.0 cy=327.0 m_eraser=0x5f7a1ec70c58
[GradualEraser::stamp] cx=176.0 cy=327.0 r=6 total=113 skipped_zero=113 erased=0
[GradualEraser::verify] center(176,327) rgba=(0,0,0,0)
[BrushEngine::stampEraser] cx=176.0 cy=327.0 m_eraser=0x5f7a1ec70c58
[GradualEraser::stamp] cx=176.0 cy=327.0 r=6 total=113 skipped_zero=113 erased=0
[GradualEraser::verify] center(176,327) rgba=(0,0,0,0)
[MOUSE_MOVE] drawing=true tool=1 drawing at (519.0,410.0)
[handleDrawing] tool=1 brushType=4 eraserSize=12.0 eraserOp=1.00 layer=0x5f7a2b51bd30
[BrushEngine::stampEraser] cx=176.0 cy=327.0 m_eraser=0x5f7a1ec70c58
[GradualEraser::stamp] cx=176.0 cy=327.0 r=6 total=113 skipped_zero=113 erased=0
[GradualEraser::verify] center(176,327) rgba=(0,0,0,0)
[BrushEngine::stampEraser] cx=175.0 cy=328.0 m_eraser=0x5f7a1ec70c58
[GradualEraser::stamp] cx=175.0 cy=328.0 r=6 total=113 skipped_zero=113 erased=0
[GradualEraser::verify] center(175,328) rgba=(0,0,0,0)
[BrushEngine::stampEraser] cx=175.0 cy=328.0 m_eraser=0x5f7a1ec70c58
[GradualEraser::stamp] cx=175.0 cy=328.0 r=6 total=113 skipped_zero=113 erased=0
[GradualEraser::verify] center(175,328) rgba=(0,0,0,0)
[MOUSE_MOVE] drawing=true tool=1 drawing at (519.0,411.0)
[handleDrawing] tool=1 brushType=4 eraserSize=12.0 eraserOp=1.00 layer=0x5f7a2b51bd30
[BrushEngine::stampEraser] cx=175.0 cy=328.0 m_eraser=0x5f7a1ec70c58
[GradualEraser::stamp] cx=175.0 cy=328.0 r=6 total=113 skipped_zero=113 erased=0
[GradualEraser::verify] center(175,328) rgba=(0,0,0,0)
[BrushEngine::stampEraser] cx=175.0 cy=329.0 m_eraser=0x5f7a1ec70c58
[GradualEraser::stamp] cx=175.0 cy=329.0 r=6 total=113 skipped_zero=113 erased=0
[GradualEraser::verify] center(175,329) rgba=(0,0,0,0)
[BrushEngine::stampEraser] cx=175.0 cy=329.0 m_eraser=0x5f7a1ec70c58
[GradualEraser::stamp] cx=175.0 cy=329.0 r=6 total=113 skipped_zero=113 erased=0
[GradualEraser::verify] center(175,329) rgba=(0,0,0,0)
[CANVAS_UPDATE] recompositing (frameDirty=1 canvasDirty=0)
[CANVAS_UPDATE] sample pixel (175,329): rgba=(255,101,50,255)
[MOUSE_MOVE] drawing=true tool=1 drawing at (519.0,412.0)
[handleDrawing] tool=1 brushType=4 eraserSize=12.0 eraserOp=1.00 layer=0x5f7a2b51bd30
[BrushEngine::stampEraser] cx=175.0 cy=329.0 m_eraser=0x5f7a1ec70c58
[GradualEraser::stamp] cx=175.0 cy=329.0 r=6 total=113 skipped_zero=113 erased=0
[GradualEraser::verify] center(175,329) rgba=(0,0,0,0)
[BrushEngine::stampEraser] cx=175.0 cy=330.0 m_eraser=0x5f7a1ec70c58
[GradualEraser::stamp] cx=175.0 cy=330.0 r=6 total=113 skipped_zero=113 erased=0
[GradualEraser::verify] center(175,330) rgba=(0,0,0,0)
[BrushEngine::stampEraser] cx=175.0 cy=330.0 m_eraser=0x5f7a1ec70c58
[GradualEraser::stamp] cx=175.0 cy=330.0 r=6 total=113 skipped_zero=113 erased=0
[GradualEraser::verify] center(175,330) rgba=(0,0,0,0)
[MOUSE_MOVE] drawing=true tool=1 drawing at (518.0,413.0)
[handleDrawing] tool=1 brushType=4 eraserSize=12.0 eraserOp=1.00 layer=0x5f7a2b51bd30
[BrushEngine::stampEraser] cx=175.0 cy=330.0 m_eraser=0x5f7a1ec70c58
[GradualEraser::stamp] cx=175.0 cy=330.0 r=6 total=113 skipped_zero=113 erased=0
[GradualEraser::verify] center(175,330) rgba=(0,0,0,0)
[BrushEngine::stampEraser] cx=174.0 cy=331.0 m_eraser=0x5f7a1ec70c58
[GradualEraser::stamp] cx=174.0 cy=331.0 r=6 total=113 skipped_zero=113 erased=0
[GradualEraser::verify] center(174,331) rgba=(0,0,0,0)
[BrushEngine::stampEraser] cx=174.0 cy=331.0 m_eraser=0x5f7a1ec70c58
[GradualEraser::stamp] cx=174.0 cy=331.0 r=6 total=113 skipped_zero=113 erased=0
[GradualEraser::verify] center(174,331) rgba=(0,0,0,0)
[MOUSE_MOVE] drawing=true tool=1 drawing at (518.0,414.0)
[handleDrawing] tool=1 brushType=4 eraserSize=12.0 eraserOp=1.00 layer=0x5f7a2b51bd30
[BrushEngine::stampEraser] cx=174.0 cy=331.0 m_eraser=0x5f7a1ec70c58
[GradualEraser::stamp] cx=174.0 cy=331.0 r=6 total=113 skipped_zero=113 erased=0
[GradualEraser::verify] center(174,331) rgba=(0,0,0,0)
[BrushEngine::stampEraser] cx=174.0 cy=332.0 m_eraser=0x5f7a1ec70c58
[GradualEraser::stamp] cx=174.0 cy=332.0 r=6 total=113 skipped_zero=113 erased=0
[GradualEraser::verify] center(174,332) rgba=(0,0,0,0)
[BrushEngine::stampEraser] cx=174.0 cy=332.0 m_eraser=0x5f7a1ec70c58
[GradualEraser::stamp] cx=174.0 cy=332.0 r=6 total=113 skipped_zero=113 erased=0
[GradualEraser::verify] center(174,332) rgba=(0,0,0,0)
[CANVAS_UPDATE] recompositing (frameDirty=1 canvasDirty=0)
[CANVAS_UPDATE] sample pixel (174,332): rgba=(255,101,50,255)
[MOUSE_MOVE] drawing=true tool=1 drawing at (517.0,414.0)
[handleDrawing] tool=1 brushType=4 eraserSize=12.0 eraserOp=1.00 layer=0x5f7a2b51bd30
[BrushEngine::stampEraser] cx=174.0 cy=332.0 m_eraser=0x5f7a1ec70c58
[GradualEraser::stamp] cx=174.0 cy=332.0 r=6 total=113 skipped_zero=113 erased=0
[GradualEraser::verify] center(174,332) rgba=(0,0,0,0)
[BrushEngine::stampEraser] cx=173.0 cy=332.0 m_eraser=0x5f7a1ec70c58
[GradualEraser::stamp] cx=173.0 cy=332.0 r=6 total=113 skipped_zero=113 erased=0
[GradualEraser::verify] center(173,332) rgba=(0,0,0,0)
[BrushEngine::stampEraser] cx=173.0 cy=332.0 m_eraser=0x5f7a1ec70c58
[GradualEraser::stamp] cx=173.0 cy=332.0 r=6 total=113 skipped_zero=113 erased=0
[GradualEraser::verify] center(173,332) rgba=(0,0,0,0)
[MOUSE_MOVE] drawing=true tool=1 drawing at (517.0,415.0)
[handleDrawing] tool=1 brushType=4 eraserSize=12.0 eraserOp=1.00 layer=0x5f7a2b51bd30
[BrushEngine::stampEraser] cx=173.0 cy=332.0 m_eraser=0x5f7a1ec70c58
[GradualEraser::stamp] cx=173.0 cy=332.0 r=6 total=113 skipped_zero=113 erased=0
[GradualEraser::verify] center(173,332) rgba=(0,0,0,0)
[BrushEngine::stampEraser] cx=173.0 cy=333.0 m_eraser=0x5f7a1ec70c58
[GradualEraser::stamp] cx=173.0 cy=333.0 r=6 total=113 skipped_zero=113 erased=0
[GradualEraser::verify] center(173,333) rgba=(0,0,0,0)
[BrushEngine::stampEraser] cx=173.0 cy=333.0 m_eraser=0x5f7a1ec70c58
[GradualEraser::stamp] cx=173.0 cy=333.0 r=6 total=113 skipped_zero=113 erased=0
[GradualEraser::verify] center(173,333) rgba=(0,0,0,0)
[CANVAS_UPDATE] recompositing (frameDirty=1 canvasDirty=0)
[CANVAS_UPDATE] sample pixel (173,333): rgba=(0,0,0,0)
[MOUSE_MOVE] drawing=true tool=1 drawing at (517.0,414.0)
[handleDrawing] tool=1 brushType=4 eraserSize=12.0 eraserOp=1.00 layer=0x5f7a2b51bd30
[BrushEngine::stampEraser] cx=173.0 cy=333.0 m_eraser=0x5f7a1ec70c58
[GradualEraser::stamp] cx=173.0 cy=333.0 r=6 total=113 skipped_zero=113 erased=0
[GradualEraser::verify] center(173,333) rgba=(0,0,0,0)
[BrushEngine::stampEraser] cx=173.0 cy=332.0 m_eraser=0x5f7a1ec70c58
[GradualEraser::stamp] cx=173.0 cy=332.0 r=6 total=113 skipped_zero=113 erased=0
[GradualEraser::verify] center(173,332) rgba=(0,0,0,0)
[BrushEngine::stampEraser] cx=173.0 cy=332.0 m_eraser=0x5f7a1ec70c58
[GradualEraser::stamp] cx=173.0 cy=332.0 r=6 total=113 skipped_zero=113 erased=0
[GradualEraser::verify] center(173,332) rgba=(0,0,0,0)
[CANVAS_UPDATE] recompositing (frameDirty=1 canvasDirty=0)
[CANVAS_UPDATE] sample pixel (173,332): rgba=(255,101,50,255)
[MOUSE_MOVE] drawing=true tool=1 drawing at (518.0,413.0)
[handleDrawing] tool=1 brushType=4 eraserSize=12.0 eraserOp=1.00 layer=0x5f7a2b51bd30
[BrushEngine::stampEraser] cx=173.0 cy=332.0 m_eraser=0x5f7a1ec70c58
[GradualEraser::stamp] cx=173.0 cy=332.0 r=6 total=113 skipped_zero=113 erased=0
[GradualEraser::verify] center(173,332) rgba=(0,0,0,0)
[BrushEngine::stampEraser] cx=174.0 cy=331.0 m_eraser=0x5f7a1ec70c58
[GradualEraser::stamp] cx=174.0 cy=331.0 r=6 total=113 skipped_zero=113 erased=0
[GradualEraser::verify] center(174,331) rgba=(0,0,0,0)
[BrushEngine::stampEraser] cx=174.0 cy=331.0 m_eraser=0x5f7a1ec70c58
[GradualEraser::stamp] cx=174.0 cy=331.0 r=6 total=113 skipped_zero=113 erased=0
[GradualEraser::verify] center(174,331) rgba=(0,0,0,0)
[MOUSE_MOVE] drawing=true tool=1 drawing at (518.0,412.0)
[handleDrawing] tool=1 brushType=4 eraserSize=12.0 eraserOp=1.00 layer=0x5f7a2b51bd30
[BrushEngine::stampEraser] cx=174.0 cy=331.0 m_eraser=0x5f7a1ec70c58
[GradualEraser::stamp] cx=174.0 cy=331.0 r=6 total=113 skipped_zero=113 erased=0
[GradualEraser::verify] center(174,331) rgba=(0,0,0,0)
[BrushEngine::stampEraser] cx=174.0 cy=330.0 m_eraser=0x5f7a1ec70c58
[GradualEraser::stamp] cx=174.0 cy=330.0 r=6 total=113 skipped_zero=113 erased=0
[GradualEraser::verify] center(174,330) rgba=(0,0,0,0)
[BrushEngine::stampEraser] cx=174.0 cy=330.0 m_eraser=0x5f7a1ec70c58
[GradualEraser::stamp] cx=174.0 cy=330.0 r=6 total=113 skipped_zero=113 erased=0
[GradualEraser::verify] center(174,330) rgba=(0,0,0,0)
[CANVAS_UPDATE] recompositing (frameDirty=1 canvasDirty=0)
[CANVAS_UPDATE] sample pixel (174,330): rgba=(255,101,50,255)
[MOUSE_MOVE] drawing=true tool=1 drawing at (519.0,411.0)
[handleDrawing] tool=1 brushType=4 eraserSize=12.0 eraserOp=1.00 layer=0x5f7a2b51bd30
[BrushEngine::stampEraser] cx=174.0 cy=330.0 m_eraser=0x5f7a1ec70c58
[GradualEraser::stamp] cx=174.0 cy=330.0 r=6 total=113 skipped_zero=113 erased=0
[GradualEraser::verify] center(174,330) rgba=(0,0,0,0)
[BrushEngine::stampEraser] cx=175.0 cy=329.0 m_eraser=0x5f7a1ec70c58
[GradualEraser::stamp] cx=175.0 cy=329.0 r=6 total=113 skipped_zero=113 erased=0
[GradualEraser::verify] center(175,329) rgba=(0,0,0,0)
[BrushEngine::stampEraser] cx=175.0 cy=329.0 m_eraser=0x5f7a1ec70c58
[GradualEraser::stamp] cx=175.0 cy=329.0 r=6 total=113 skipped_zero=113 erased=0
[GradualEraser::verify] center(175,329) rgba=(0,0,0,0)
[MOUSE_MOVE] drawing=true tool=1 drawing at (519.0,410.0)
[handleDrawing] tool=1 brushType=4 eraserSize=12.0 eraserOp=1.00 layer=0x5f7a2b51bd30
[BrushEngine::stampEraser] cx=175.0 cy=329.0 m_eraser=0x5f7a1ec70c58
[GradualEraser::stamp] cx=175.0 cy=329.0 r=6 total=113 skipped_zero=113 erased=0
[GradualEraser::verify] center(175,329) rgba=(0,0,0,0)
[BrushEngine::stampEraser] cx=175.0 cy=328.0 m_eraser=0x5f7a1ec70c58
[GradualEraser::stamp] cx=175.0 cy=328.0 r=6 total=113 skipped_zero=113 erased=0
[GradualEraser::verify] center(175,328) rgba=(0,0,0,0)
[BrushEngine::stampEraser] cx=175.0 cy=328.0 m_eraser=0x5f7a1ec70c58
[GradualEraser::stamp] cx=175.0 cy=328.0 r=6 total=113 skipped_zero=113 erased=0
[GradualEraser::verify] center(175,328) rgba=(0,0,0,0)
[MOUSE_MOVE] drawing=true tool=1 drawing at (520.0,410.0)
[handleDrawing] tool=1 brushType=4 eraserSize=12.0 eraserOp=1.00 layer=0x5f7a2b51bd30
[BrushEngine::stampEraser] cx=175.0 cy=328.0 m_eraser=0x5f7a1ec70c58
[GradualEraser::stamp] cx=175.0 cy=328.0 r=6 total=113 skipped_zero=113 erased=0
[GradualEraser::verify] center(175,328) rgba=(0,0,0,0)
[BrushEngine::stampEraser] cx=176.0 cy=328.0 m_eraser=0x5f7a1ec70c58
[GradualEraser::stamp] cx=176.0 cy=328.0 r=6 total=113 skipped_zero=113 erased=0
[GradualEraser::verify] center(176,328) rgba=(0,0,0,0)
[BrushEngine::stampEraser] cx=176.0 cy=328.0 m_eraser=0x5f7a1ec70c58
[GradualEraser::stamp] cx=176.0 cy=328.0 r=6 total=113 skipped_zero=113 erased=0
[GradualEraser::verify] center(176,328) rgba=(0,0,0,0)
[MOUSE_MOVE] drawing=true tool=1 drawing at (520.0,409.0)
[handleDrawing] tool=1 brushType=4 eraserSize=12.0 eraserOp=1.00 layer=0x5f7a2b51bd30
[BrushEngine::stampEraser] cx=176.0 cy=328.0 m_eraser=0x5f7a1ec70c58
[GradualEraser::stamp] cx=176.0 cy=328.0 r=6 total=113 skipped_zero=113 erased=0
[GradualEraser::verify] center(176,328) rgba=(0,0,0,0)
[BrushEngine::stampEraser] cx=176.0 cy=327.0 m_eraser=0x5f7a1ec70c58
[GradualEraser::stamp] cx=176.0 cy=327.0 r=6 total=113 skipped_zero=113 erased=0
[GradualEraser::verify] center(176,327) rgba=(0,0,0,0)
[BrushEngine::stampEraser] cx=176.0 cy=327.0 m_eraser=0x5f7a1ec70c58
[GradualEraser::stamp] cx=176.0 cy=327.0 r=6 total=113 skipped_zero=113 erased=0
[GradualEraser::verify] center(176,327) rgba=(0,0,0,0)
[CANVAS_UPDATE] recompositing (frameDirty=1 canvasDirty=0)
[CANVAS_UPDATE] sample pixel (176,327): rgba=(255,101,50,255)
[MOUSE_MOVE] drawing=true tool=1 drawing at (521.0,408.0)
[handleDrawing] tool=1 brushType=4 eraserSize=12.0 eraserOp=1.00 layer=0x5f7a2b51bd30
[BrushEngine::stampEraser] cx=176.0 cy=327.0 m_eraser=0x5f7a1ec70c58
[GradualEraser::stamp] cx=176.0 cy=327.0 r=6 total=113 skipped_zero=113 erased=0
[GradualEraser::verify] center(176,327) rgba=(0,0,0,0)
[BrushEngine::stampEraser] cx=177.0 cy=326.0 m_eraser=0x5f7a1ec70c58
[GradualEraser::stamp] cx=177.0 cy=326.0 r=6 total=113 skipped_zero=113 erased=0
[GradualEraser::verify] center(177,326) rgba=(0,0,0,0)
[BrushEngine::stampEraser] cx=177.0 cy=326.0 m_eraser=0x5f7a1ec70c58
[GradualEraser::stamp] cx=177.0 cy=326.0 r=6 total=113 skipped_zero=113 erased=0
[GradualEraser::verify] center(177,326) rgba=(0,0,0,0)
[MOUSE_MOVE] drawing=true tool=1 drawing at (521.0,407.0)
[handleDrawing] tool=1 brushType=4 eraserSize=12.0 eraserOp=1.00 layer=0x5f7a2b51bd30
[BrushEngine::stampEraser] cx=177.0 cy=326.0 m_eraser=0x5f7a1ec70c58
[GradualEraser::stamp] cx=177.0 cy=326.0 r=6 total=113 skipped_zero=113 erased=0
[GradualEraser::verify] center(177,326) rgba=(0,0,0,0)
[BrushEngine::stampEraser] cx=177.0 cy=325.0 m_eraser=0x5f7a1ec70c58
[GradualEraser::stamp] cx=177.0 cy=325.0 r=6 total=113 skipped_zero=113 erased=0
[GradualEraser::verify] center(177,325) rgba=(0,0,0,0)
[BrushEngine::stampEraser] cx=177.0 cy=325.0 m_eraser=0x5f7a1ec70c58
[GradualEraser::stamp] cx=177.0 cy=325.0 r=6 total=113 skipped_zero=113 erased=0
[GradualEraser::verify] center(177,325) rgba=(0,0,0,0)
[MOUSE_MOVE] drawing=true tool=1 drawing at (522.0,407.0)
[handleDrawing] tool=1 brushType=4 eraserSize=12.0 eraserOp=1.00 layer=0x5f7a2b51bd30
[BrushEngine::stampEraser] cx=177.0 cy=325.0 m_eraser=0x5f7a1ec70c58
[GradualEraser::stamp] cx=177.0 cy=325.0 r=6 total=113 skipped_zero=113 erased=0
[GradualEraser::verify] center(177,325) rgba=(0,0,0,0)
[BrushEngine::stampEraser] cx=178.0 cy=325.0 m_eraser=0x5f7a1ec70c58
[GradualEraser::stamp] cx=178.0 cy=325.0 r=6 total=113 skipped_zero=113 erased=0
[GradualEraser::verify] center(178,325) rgba=(0,0,0,0)
[BrushEngine::stampEraser] cx=178.0 cy=325.0 m_eraser=0x5f7a1ec70c58
[GradualEraser::stamp] cx=178.0 cy=325.0 r=6 total=113 skipped_zero=113 erased=0
[GradualEraser::verify] center(178,325) rgba=(0,0,0,0)
[MOUSE_MOVE] drawing=true tool=1 drawing at (522.0,406.0)
[handleDrawing] tool=1 brushType=4 eraserSize=12.0 eraserOp=1.00 layer=0x5f7a2b51bd30
[BrushEngine::stampEraser] cx=178.0 cy=325.0 m_eraser=0x5f7a1ec70c58
[GradualEraser::stamp] cx=178.0 cy=325.0 r=6 total=113 skipped_zero=113 erased=0
[GradualEraser::verify] center(178,325) rgba=(0,0,0,0)
[BrushEngine::stampEraser] cx=178.0 cy=324.0 m_eraser=0x5f7a1ec70c58
[GradualEraser::stamp] cx=178.0 cy=324.0 r=6 total=113 skipped_zero=113 erased=0
[GradualEraser::verify] center(178,324) rgba=(0,0,0,0)
[BrushEngine::stampEraser] cx=178.0 cy=324.0 m_eraser=0x5f7a1ec70c58
[GradualEraser::stamp] cx=178.0 cy=324.0 r=6 total=113 skipped_zero=113 erased=0
[GradualEraser::verify] center(178,324) rgba=(0,0,0,0)
[CANVAS_UPDATE] recompositing (frameDirty=1 canvasDirty=0)
[CANVAS_UPDATE] sample pixel (178,324): rgba=(255,101,50,255)
[MOUSE_MOVE] drawing=true tool=1 drawing at (523.0,404.0)
[handleDrawing] tool=1 brushType=4 eraserSize=12.0 eraserOp=1.00 layer=0x5f7a2b51bd30
[BrushEngine::stampEraser] cx=178.0 cy=324.0 m_eraser=0x5f7a1ec70c58
[GradualEraser::stamp] cx=178.0 cy=324.0 r=6 total=113 skipped_zero=113 erased=0
[GradualEraser::verify] center(178,324) rgba=(0,0,0,0)
[BrushEngine::stampEraser] cx=179.0 cy=322.0 m_eraser=0x5f7a1ec70c58
[GradualEraser::stamp] cx=179.0 cy=322.0 r=6 total=113 skipped_zero=113 erased=0
[GradualEraser::verify] center(179,322) rgba=(0,0,0,0)
[BrushEngine::stampEraser] cx=179.0 cy=322.0 m_eraser=0x5f7a1ec70c58
[GradualEraser::stamp] cx=179.0 cy=322.0 r=6 total=113 skipped_zero=113 erased=0
[GradualEraser::verify] center(179,322) rgba=(0,0,0,0)
[CANVAS_UPDATE] recompositing (frameDirty=1 canvasDirty=0)
[CANVAS_UPDATE] sample pixel (179,322): rgba=(255,101,50,255)
[MOUSE_MOVE] drawing=true tool=1 drawing at (523.0,405.0)
[handleDrawing] tool=1 brushType=4 eraserSize=12.0 eraserOp=1.00 layer=0x5f7a2b51bd30
[BrushEngine::stampEraser] cx=179.0 cy=322.0 m_eraser=0x5f7a1ec70c58
[GradualEraser::stamp] cx=179.0 cy=322.0 r=6 total=113 skipped_zero=113 erased=0
[GradualEraser::verify] center(179,322) rgba=(0,0,0,0)
[BrushEngine::stampEraser] cx=179.0 cy=323.0 m_eraser=0x5f7a1ec70c58
[GradualEraser::stamp] cx=179.0 cy=323.0 r=6 total=113 skipped_zero=113 erased=0
[GradualEraser::verify] center(179,323) rgba=(0,0,0,0)
[BrushEngine::stampEraser] cx=179.0 cy=323.0 m_eraser=0x5f7a1ec70c58
[GradualEraser::stamp] cx=179.0 cy=323.0 r=6 total=113 skipped_zero=113 erased=0
[GradualEraser::verify] center(179,323) rgba=(0,0,0,0)
[CANVAS_UPDATE] recompositing (frameDirty=1 canvasDirty=0)
[CANVAS_UPDATE] sample pixel (179,323): rgba=(255,101,50,255)
[MOUSE_BTN] x=523.0 y=405.0 btn=0 pressed=0 tool=1 drawing=1 moving=0
[MOUSE_UP_CLEANUP] drawing=false
